:020000041000EA
:10000000002008205B0100101B0100101D010010E2
:100010001101001011010010110100101101001058
:100020001901001019010010190100101F01001022
:10003000110100101901001021010010230100100E
:100040001101001011010010110100101101001028
:100050001101001011010010110100101101001018
:100060001101001011010010110100101101001008
:1000700011010010110100101101001011010010F8
:1000800011010010110100101101001011010010E8
:1000900011010010110100101101001011010010D8
:1000A00011010010110100101101001011010010C8
:1000B00011010010110100101101001011010010B8
:1000C00011010010110100101101001011010010A8
:1000D0001101001011010010110100101101001098
:1000E0001101001011010010110100101101001088
:1000F0001101001011010010110100101101001078
:100100001101001011010010110100101101001067
:10011000EFF30580103800BE00BE00BE00BE00BE7A
:1001200000BE00BEF2EB8871100301103003011015
:100130009C01001090A31AE7D3DEFFFF42012110BB
:10014000FF010000F40D0100793512AB00201E49BB
:10015000086006C881F3088810474FF050400068D7
:1001600008B10020F3E70DA40ECC002902D000F066
:1001700012F8F9E71549164A002000E001C1914242
:10018000FCD114498847144988471449884700BE60
:10019000FDE701C901C29A42FBD370473003011049
:1001A000100100200C0D00202C0F01100000082071
:1001B000000008202C0F011000100820001008205B
:1001C000000000007047000008ED00E00C0D00206A
:1001D000E41200202D350010D9020010F134001077
:1001E0000E234FF00102F0B542EC40302F488369F6
:1001F000D90622D42E492F4D2F4F304EDFF8D0C0D4
:10020000DFF8D0E00368DA05DCB202D53A680132E3
:100210003A601A0502D53368013333600B882A88A7
:100220000133DBB292B29A422DD00A8892B20EF814
:1002300002400B808369DB06E4D51C48204A8369B1
:10024000204C990613D4204D0BE013889BB2EB5C35
:10025000DBB2036013880133DBB2138083699B0632
:1002600005D41188238889B29BB29942EDD11288B6
:10027000238892B29BB29A420ED00E234FF0000216
:1002800042EC4030F0BDDCF800300133CCF80030F7
:100290008369DC06B6D5D0E75021044B0B4A99633D
:1002A0005B6B03F038035363E7E700BF00000740D0
:1002B000D8120020DA1200205C100020A8100020C4
:1002C000DE120020DC120020CC11002000100740BC
:1002D0004C100020CC1000202DE9F04F1020C7B0AA
:1002E00000F032FB4FF00105102345EC44304FF095
:1002F000000444EC40300E2000F026FB0E2345ECB9
:10030000443044EC40300D2000F01EFB0D2345EC42
:10031000443044EC4030B04D0221002000F0F6FAA9
:100320000221012000F0F2FA4FF4E131284600F0FA
:10033000A1FF0023012204460821284601F01CF8F1
:100340000121284601F050F82120A44900F0BAFB11
:100350000121212000F0A0FB5022AA636B6BA04F6B
:10036000A04803F03803A4F5E1314FF4E1327B6398
:1003700081FB0001002308F097FE8021CDE90040B9
:100380004FF4E133984A06A803F046F89DF8181098
:10039000002900F085824FF0700C944C944EDFF8E9
:1003A000948206A8238832880133DBB292B293424A
:1003B00000F07082228892B208F802102380C5F8FB
:1003C00038C06B6B03F038037B636B6B03F0070380
:1003D0007B6310F8011F0029E4D1864B864A9B6A93
:1003E000DFF830921360854A854DDFF84CB2DFF8B4
:1003F0004CA213600D234FF0010242EC40307D4BC4
:10040000D3F828C02A88BBF8003092B29BB29A4237
:1004100000F088807B4B704F1978CDF80CC010E04D
:100420000A2A32D03E2905D8764B09F8012001313D
:10043000C9B219702A88BBF8003092B29BB29A42B6
:100440006ED02B889BB21AF803202B88D2B20133CE
:10045000DBB22B80238830880133DBB280B2834249
:1004600011D04FF0700C208880B208F80020238053
:10047000C7F838C07B6B5A4803F0380343637B6B83
:1004800003F0070343630D2ACAD1002309F80130A2
:1004900019B900215B4B1970CCE7D9F800305A4AE2
:1004A000934200F0DD80D9F80030584A934200F0C2
:1004B0002381D9F80030554A934200F07B8154499A
:1004C00054480DF1170326AA03F032FE012800F06C
:1004D000B08120215048DFF800C1DFF804E1238813
:1004E00032880133DBB292B2934200F0B3802288AB
:1004F00092B208F8021023807023CCF83830DCF870
:10050000343003F03803CEF83430DCF8343003F004
:100510000703CEF8343010F8011F0029DFD1B8E707
:10052000DDF80CC0354B1B68ACEB03013B4B1B7873
:10053000002B00F02A814FF47A73394A2E4F10684D
:100540003A6800FB03F3ACEB02029A42C0F0288148
:10055000344AC7F800C0137883F0010313701022E7
:1005600043EC4020304B994230D9244BC3F800C0B3
:100570002E4BCDE90030802163462D4A26A802F09B
:100580004BFF9DF8981009B34FF0700E124FDFF833
:1005900050C026A8238832880133DBB292B293423E
:1005A0004ED0228892B208F802102380C7F838E0B3
:1005B0007B6B03F03803CCF834307B6B03F007031C
:1005C000CCF8343010F8011F0029E3D10D234FF08F
:1005D000000242EC40300DE700000740E10100104E
:1005E0000010074040420F0018910010DC1200205C
:1005F000DE12002000000B40D0120020D412002098
:10060000DA120020E21200206765742073657420FE
:10061000A491001068100020F89000103806002007
:100620003C060020E01200203F420F009491001091
:10063000B8910010CC110020D8120020CC1000205E
:1006400010F8011F0029A5D10D234FF0000242EC44
:100650004030CFE610F8011F00297FF440AF18E7C3
:10066000924B934A1B6893427FF41DAF914B1B88BA
:10067000732B7FF418AFEFF3108072B68E4B8F4A56
:100680008F491B681268096880F31088CDE9002142
:1006900026A880218B4A02F0BFFE9DF89810002901
:1006A0003FF4F7AEDFF858C2DFF858E226A82388F7
:1006B00032880133DBB292B2934218D0228892B2D0
:1006C00008F8021023807023CCF83830DCF834307E
:1006D00003F03803CEF83430DCF8343003F007038D
:1006E000CEF8343010F8011F0029E0D1D1E610F81F
:1006F000011F0029DBD1CCE66C4B734A1B68934287
:100700007FF4D7AE46F66F636A4A12889A427FF446
:10071000D0AE6E4B1B78002B7FF4CBAE01236C491F
:1007200010220B706B490B7043EC402020216A4B68
:100730006A4A9B6A6A48DFF8C8C1DFF8C8E11360FB
:10074000238832880133DBB292B2934218D02288D8
:1007500092B208F8021023807023CCF83830DCF80D
:10076000343003F03803CEF83430DCF8343003F0A2
:100770000703CEF8343010F8011F0029E0D188E6D5
:1007800010F8011F0029DBD183E6564B99427FF612
:100790001DAF554BC3F800C0544B1868544BE8E6E6
:1007A000504B99423FF6E1AE0D234FF0000242EC70
:1007B00040301FE63D4B444A1B6893427FF47FAEB6
:1007C0003C4B4C4A1B6893427FF479AE002340496E
:1007D00010220B703F490B7043EC40202021404811
:1007E000DFF81CC1DFF81CE1238832880133DBB25B
:1007F00092B2934218D0228892B208F80210238055
:100800007023CCF83830DCF8343003F03803CEF8FD
:100810003430DCF8343003F00703CEF8343010F80D
:10082000011F0029E0D134E610F8011F0029DBD1B7
:100830002FE6269B002B3FF44CAE20212B4A284864
:10084000DFF8BCC0DFF8BCE01360238832880133D6
:10085000DBB292B2934218D0228892B208F802100A
:1008600023807023CCF83830DCF8343003F03803C0
:10087000CEF83430DCF8343003F00703CEF83430EF
:1008800010F8011F0029E0D103E610F8011F00292C
:10089000DBD1FEE510F8011F00297FF483AD9CE554
:1008A000154C164EDFF8608097E500BF6C100020F5
:1008B0007374617470100020A81000205C10002078
:1008C0004C100020589100106C65642072100020BC
:1008D00038060020E012002000000B40D01200205B
:1008E000F09000103F420F00D41200203C06002080
:1008F000A09100106F666600DC120020DE1200205E
:100900000000074000100740CC11002010B44FF445
:1009100080740C4B53F8202003EB8003C00082F05E
:10092000400200F1804003F5805C02F0C00200F557
:10093000203003F54053CCF8002041601C605DF886
:10094000044B70470480034030B44FF0000343EC85
:10095000440043EC400005254FF480740B4BC2006B
:1009600053F8201003EB800081F0400102F1804336
:1009700003F5203301F0C00200F5805100F540502E
:100980000A605D60046030BC704700BF04800340B3
:100990000FB400B583B0049C074802F0EDFE3CB1F3
:1009A00005A92046019102F071FD044802F0E4FE21
:1009B000012002F083FD00BFE49100104891001077
:1009C00070B58646EFF3108572B6124CD4E8CF6F3F
:1009D0000120002EFAD1C4E8460F002EF6D1BFF355
:1009E0005F8F4FF0010CC80801F007030CFA03F306
:1009F0001EF800C01CEA030608D14CEA030C0EF8EE
:100A000000C0C4E88F6F85F3108870BD1046FFF7F3
:100A1000BFFF00BF0B100020044A1078431CDBB25C
:100A2000182B28BF10231370704700BF400600200A
:100A30004FF0E022936843F000539360704700BF8B
:100A40000021044B03F12002C3E88F1F01339342BE
:100A5000FAD17047001000204FF0E0234FF08032B1
:100A6000C3F80024C3F80424C3F80824C3F80C24F2
:100A7000C3F81024C3F81424C3F81824C3F81C24A2
:100A8000C3F82024C3F82424C3F82824C3F82C2452
:100A9000C3F8302462B67047012300F01F02934070
:100AA000400941B1800000F1604000F56140C0F8AC
:100AB000803103607047024A203042F8203070478E
:100AC00000E100E010B5EFF3108C72B6114BD3E8E3
:100AD000CF4F0122002CFAD1C3E8442F002CF6D1CD
:100AE000BFF35F8F0C4A103092680C4C52F82020F4
:100AF000A24201D091420BD1074A926842F82010DD
:100B0000BFF35F8F0022C3E88F2F8CF3108810BDD6
:100B100000F094FD0910002000ED00E0110100102C
:100B2000014B0B44036070470010002070B5104C5F
:100B3000104DAC420ED2FF26236863B1FFF76CFF65
:100B400001462046FFF7ECFFA680BFF35F8F083415
:100B5000AC42F1D370BDFFF75FFF01462046FFF7BF
:100B6000DFFF2671BFF35F8F0834AC42E4D370BD62
:100B7000040D00200C0D002040BF00200021704714
:100B80002DE9F04F87B0EFF30583DBB2103B9A08F5
:100B900016BF8E498E4901220D460591012103F0B1
:100BA000030301FA03F8C3468A4803EB820250F8B4
:100BB000224005F541529800039004F1080AC2F85A
:100BC00004800194019BB3F90860C5F83CB0002E85
:100BD00076DA9B881B0400F12881019C2369EFF3DE
:100BE000108272B6D3E8CF0F01210028FAD1C3E8F2
:100BF000401F0028F6D1BFF35F8F4FF6FF76A08825
:100C00000021236900B2A680C3E88F1F82F31088F9
:100C100088422BDBA6466769A8460446BEF9083021
:100C200004EB440607EBC602002BD446D2E902507F
:100C300013DBF146029404E037F93E309446002B72
:100C400009DB03EB430E07EBCE02D2E90241A542DA
:100C500070EB0101F0DACE46029CACF8004037F9A7
:100C6000364027F83630002CD8DA4546019BB3F9D8
:100C70000830002BC0F2D980019A03EB430352697C
:100C8000A96A02EBC303039A9E68A8180269A6EB3F
:100C9000010C521A9445DF6803D32B6A13EA0B0F39
:100CA00000D10661019B9B79002B4DD1284600F0B5
:100CB0009DFAB042B94185DA40BF07B0BDE8F08F78
:100CC000D3F8148006EB460908EBC907BB68284631
:100CD000FC68029300F08AFA029B9842A1412DDB46
:100CE000D7E90431022B77D001987A88B0F908004F
:100CF00092B242EA0040984702460B4652EA03018C
:100D000070D0002B80F2B0800299B1EB020E64EB40
:100D1000030C38F93930C7E902EC002B0EDB019ADD
:100D2000506903EB430200EBC202D2E90271BE45F7
:100D30007CEB01044FEA430280F2A280019B9B8876
:100D400018047FF54AAF91E74FF0000E019880F844
:100D500006E0B0F90830D446591CA7D0CDF808B049
:100D6000049502E05A1CAC462CD0426903EB4301C7
:100D700002EBC105B5F802801C4618F4004F32F9A9
:100D80003130EFD00569ACF80030EFF3108872B65F
:100D9000D5E8CFBF5FF00109BBF1000FF8D1C5E87E
:100DA0004B9FBBF1000FF3D1BFF35F8FB0F8029000
:100DB000056922F831904480C5E88FEF88F31088E8
:100DC0005A1CD2D1DDF808B0049D6FE700800B40BB
:100DD00000000B40AC10002008460B6904919847B6
:100DE000002836D138F83930019C23812369EFF38C
:100DF000108272B6D3E8CF0F01210028FAD1C3E8E0
:100E0000401F0028F6D1BFF35F8F6388216928F85F
:100E1000393000236680C1E88F3F82F31088019B40
:100E20009B8818047FF5D9AE20E7059DD846284653
:100E300000F0DCF9039CAB6A2C44216900F100400E
:100E4000C91AC31A8B4208D2206140BF07B0BDE85F
:100E5000F08F0499D1E9002350E72B6A13EA080FB9
:100E60007FF42AAF2061F0E728460493029200F055
:100E7000BDF9029A049B10EB020E43EB010C48E70C
:100E8000019C029524F8083F25460BE030F93230EA
:100E90002546002B0DDB03EB430200EBC202D2E937
:100EA00002715A00BE451A447CEB010100EBC204FA
:100EB000ECDA2A4628F83930019B16809B88029D7F
:100EC00018047FF58AAED1E62DE9F84F324C25693A
:100ED0000DB1BDE8F88FDFF8D8800321404600F05F
:100EE00073F90326C4F80C80FFF796FD4FF0504CC1
:100EF0002A4B267003442361DCF800300F21637015
:100F0000636961801D834FF00405A3F878504FF0AA
:100F10000505A3F890504FF00605A3F8A8504FF030
:100F200007050E214FF6FF72A3F8C05008274FF0B7
:100F30000A0E4FF00C0C4FF001090D204FF0020B80
:100F40004FF0090A4FF00B05A3F868111449A2806D
:100F5000A3F808E1A3F838C1A3F85001A160A3F8F1
:100F600048B01A80A3F8F0A0A3F82051A3F830905D
:100F7000A3F86060A3F8D8700A4B30460A49C8F855
:100F80002070DC60FFF79EFD49463046FFF784FD88
:100F9000064B1F64BDE8F88F4406002000100020B7
:100FA000FFFF1000AC100020810B001000200B4050
:100FB00000000B400146F0B50069EFF3108772B6F0
:100FC000D0E8CF5F0124002DFAD1C0E8454F002DB5
:100FD000F6D1BFF35F8FB1F902E04C690EEB4E0C16
:100FE000BEF1000F4FEACC0504EBCC0C3DDB605B9F
:100FF000002648800869C0E88F6F87F31088BCF826
:101000000200CCE902230130C0F30E00012838BFF2
:101010000120059BACF80200CCF81030069B40EA9A
:101020000E40CCF814300B69EFF3108272B6D3E89F
:10103000CFCF0127BCF1000FF9D1C3E84C7FBCF141
:10104000000FF4D1BFF35F8F8B886353A1F804E0E6
:101050000B69C3E88F6F82F310880122CB6809788F
:1010600003F501538A405A60F0BD00230A69C2E8C3
:101070008F3F87F310884FF0FF30F0BD0346408963
:10108000B0EB214F37DD58690A1402EB420210B56C
:1010900000EBC2001C69EFF3108C72B6D4E8CFEFFE
:1010A0000122BEF1000FF9D1C4E84E2FBEF1000FAE
:1010B000F4D1BFF35F8F428889B292B28A4207D0DF
:1010C00000221B69C3E88F2F8CF31088002010BD0D
:1010D00042F4004242800121002218699971C0E85F
:1010E0008F2F8CF310881C78DA68084602F50153BC
:1010F000A140596010BD0020704700BF2DE9F043AA
:1011000005460C4683B0EFF30586F6B266B12B4B6D
:10111000586AA04225D39B6AAB422BD2001B18BF52
:10112000012003B0BDE8F083254FD7F80C9097F865
:101130000080484600F05AF808F1040859F82830B1
:101140001B1A281A64EB0101984271F1000115DBAA
:101150001A4B5A6AA24208D220BF184B586AA042C2
:10116000D9D2002003B0BDE8F0839B6AAB4201D224
:10117000A242F1D0012003B0BDE8F08300F03EF8B8
:10118000854264EB01010029C1DB0E4B3846CDE9F5
:1011900000362A462346FFF70DFF011EB7DD074B39
:1011A0005A6AA24204D39B6AAB4202D2A24200D145
:1011B00020BF0348FFF762FFA9E700BF00000B4014
:1011C00044060020790B001010B4054B054C064A6C
:1011D000A04214BF1846581C5DF8044BFFF7F0BB43
:1011E0002010002000800B40F49100100346416A5B
:1011F0000A46986A596A8A42FAD17047034B596A7B
:101200000A46986A596A9142FAD1704700000B4029
:1012100010B4174A536A9C46946A536A6345FAD1DC
:10122000001959414FF0000228BF01220346CAB1FC
:101230000F4B596A4B1C08BF0B4608D04FF0FF31CB
:101240000B460B48426A8A42FCD38A4207D1084ABD
:1012500002E0506A884202D1906A9842F9D35DF860
:10126000044B7047024A526A9142EAD8EDE700BF48
:1012700000000B40F8B5054606200E4600F048F980
:10128000002842D0354A3648954214BF4FF080625C
:101290004FF00062334B344902601A608C6832EAC6
:1012A0000404FBD12D4B4FF48071EB1AB3FA83F396
:1012B0002E4A5B09062022F8131000F029F9C3001A
:1012C000B3FBF6F30133DA0920D14026012169622C
:1012D000AA622F6BFB0722D42B46002253F82C1F47
:1012E000062003F5805422602F6300F011F940F2CC
:1012F000013103228000B0FBF6F0EB6A83F070034B
:1013000003F07E0323602963AA64F8BD4FF6FE71E3
:101310008A421BD922464FF6FF71154ED7E740F29D
:10132000013205F540531A636B6AAC6A062004EB80
:10133000831400F0EDF80F4BA402A3FB0023DB0A9B
:101340000021B4FBF3F0FFF763FFC5E7C3F34503E8
:10135000114603EB82161A46B9E700BF008007402A
:10136000002002400030024000000240CC12002069
:10137000C0FF3F00757B2B8F013A0539D200F8B5CD
:10138000054642EA411443B1A3F10103B3FA83F3E2
:101390005B0944EA830343F002042E6BF3070AD48B
:1013A0002B4653F82C2F624002F06E0203F5805357
:1013B0001A602E63F8BD40F2013205F540531A63FE
:1013C0006B6AAF6A062007EB831700F0A1F8054BA4
:1013D000BF02A3FB0030C00A0021B7FBF0F0FFF70B
:1013E00017FFDDE7757B2B8FF8B5066B0546F30716
:1013F0004FEA01140AD42B4653F82C2F544004F022
:10140000100403F580531C602E63F8BD40F20132D6
:1014100000F540531A636B6AAF6A062007EB831727
:1014200000F076F8054BBF02A3FB0030C00A002194
:10143000B7FBF0F0FFF7ECFEDDE700BF757B2B8F0D
:1014400000EB400C4FEA8C0C0CF1804C0CF5803C0E
:10145000F0B51646DCF80420051FB2F5803F38BF12
:101460004FF48032EDB238BFCCF80420012D2AD9D8
:101470004FF40067254C0CF54052176054F82020BB
:10148000B2B9DCF80020012D82EA461202F0E00237
:101490000CF5805632602AD94FF4006144F82030B0
:1014A0004FF480330CF500521160CCF80430F0BDDD
:1014B0006769B7FBF2FE0EF1010E0EEB4E0EBEF1A8
:1014C000030EFCD2DDE70129D2D103240CF54052F2
:1014D0001460DCF80820D207FBD5DCF800200B4CA8
:1014E00082EA461202F0E0020CF5805632600122D8
:1014F000DCF800504D4005F00305356002FA01F1BB
:10150000DCF808200A42FBD0C6E700BF2410002008
:10151000014B53F8200070472410002070B4039D45
:1015200004682D0345EA03451B4B002CB3FBF1F384
:10153000B2FBF3F61FDB194A194B904214BF4FF46C
:1015400080424FF40042174C1A6003F580531A6032
:10155000A36832EA0303FBD1212200F54053043390
:10156000016086601A600268002AFCDA0822C56001
:101570001A6070BC7047036803F03F038B42DAD1F6
:101580008368C3F30B03B342D5D1C36803F4EE23DE
:10159000AB42D0D1EDE700BF001BB7000080054093
:1015A0000020024000000240012300EB40008000C8
:1015B00000F1804000F5841041600360704700BF77
:1015C0000023DB8A002242E800F2520201D41021FB
:1015D00018470421184700BF034AD2F82838002BC7
:1015E000FBD0BFF35F8F704700000E400021044B1B
:1015F000044ABFF35F8F43F8041B9342F9D170474D
:101600000C080E402C080E4010B44FF48D704FF4AF
:101610002A64064A064B07491460D0601960536873
:10162000002BFCDA5DF8044B704700BF00800440DB
:1016300000A0044000B0FA00704700BF08B50148A0
:10164000FFF7A6F91892001038B5054C054DAC42CD
:1016500004D254F8043B9847AC42FAD338BD00BFDB
:10166000B0900010F090001010B40748074C084BE1
:10167000084A094904601A608B6832EA0303FBD107
:101680005DF8044B704700BF002002407F3BEFEF46
:1016900000300240F6FFF30300000240044BDB6C15
:1016A000B3F5004F03D14FF48022024BDA64704748
:1016B00000001150002011504FF0E022044BD2F8EE
:1016C000881D0B43C2F8883D10EE3004704700BF00
:1016D000030330006FF06041044B054A19609368C2
:1016E000DB4333F06043FAD1704700BF0030024063
:1016F0000000024010B545F25320FFF761FFBDE83E
:10170000104003460420184710B545F25320FFF758
:1017100057FFBDE81040034601201847FFF790B976
:1017200038B51349134C144D641AA408442C2246AE
:1017300028BF44222846920002F000FF432C14D810
:101740000E4AC4F144000ED005EB8403410803EBBC
:10175000C101C3E9002208339942FAD1C30704D575
:1017600020F00100044445F82420054B9D6038BD5D
:1017700000000010100100100000002011010010F6
:1017800000ED00E0002370B52B4C82B0C4F884302B
:10179000FFF73AFF0122294BDA63636C012BFCD17E
:1017A0000321264A244B11639C6B012CFCD1022699
:1017B000052521460523224A22480096FFF7AEFE62
:1017C00021462B46204A21480095FFF7A7FE00221C
:1017D000042031461E4BFFF733FE214628460022E7
:1017E0001C4BFFF72DFE0022082011461A4BFFF775
:1017F00027FE002209201146174BFFF721FE002289
:1018000006201146134BFFF71BFE0022114B072049
:101810001146FFF715FE0420FFF77AFE00240F4B58
:10182000A3FB0035AD0CE0B229460134FFF7BCFE46
:10183000062CF8D102B070BD00000140003001401C
:10184000002F685900000540008C86470080054045
:10185000001BB70080D1F008006CDC0283DE1B4364
:1018600086B003B451FC0804CDE9020151FC09041F
:10187000CDE9040151EC0A04CDE9060103BCF047AF
:10188000BDE800504EEC00C4BDE800504EEC01C471
:10189000BDE800504EEC02C400BD000000B5FFF7EB
:1018A000DFFF02E010FE30F4F8D441EC100443EC0A
:1018B000112400EE010410EE010480EE200451EC2E
:1018C0001004704700B5FFF7CBFF02E010FE30F4C4
:1018D000F8D441EC100443EC112400EE010410EEA6
:1018E000210480EE200451EC3004704700B5FFF76E
:1018F000B7FF02E010FE30F4F8D410B541EC10044C
:1019000043EC112451EC040453EC0524A0FB024CDD
:101910005FF0000EE0FB03CEE1FB02CE4CEC204476
:101920000024E1FB03E444EC30E480EE200451ECBD
:10193000500410BD00B5FFF793FF02E010FE30F435
:10194000F8D441EC100443EC112451EC2104A0FB29
:1019500001126FEA820252FB100052FB12F252FB9C
:101960001000A0EBD07C53EC04245CFB13F153EC8F
:101970001524A1FB022001FB030053EC4424A2EB3D
:10198000000050FB1CF24FEA111312EB017043EB05
:10199000E27140EA515020EA915020F0070053ECE8
:1019A0007524A0FB023C53EC752400FB03CC01FB27
:1019B00002CC53EC0424ACEB824C40EA5C70A0F106
:1019C000010041EC400480EE200451EC70047047AB
:1019D00000B5FFF745FF02E010FE30F4F8D441EC0B
:1019E000100480EE220410EEB204704700B5FFF739
:1019F00037FF02E010FE30F4F8D440EC700400EE43
:101A0000010410EE210480EE200451EC30047047F4
:101A100000B5FFF725FF02E010FE30F4F8D440ECEB
:101A2000600400EE010410EE210480EE200451EC6D
:101A30003004704700B5FFF713FF02E010FE30F4EA
:101A4000F8D441EC800400EE010410EE010480EEB5
:101A5000400410EE1304704700B5FFF701FF02E0E9
:101A600010FE30F4F8D441EC800400EE010410EED6
:101A7000010480EE400410EE3304704700B5FFF718
:101A8000EFFE02E010FE30F4F8D441EC100443EC19
:101A9000112400EE010410EE3004C0F30070704712
:101AA00000B5FFF7DDFE02E010FE30F4F8D441ECA3
:101AB000100443EC112400EE010410EE3004C0F3D6
:101AC0008070704700B5FFF7CBFE02E010FE30F4E7
:101AD000F8D443EC102441EC110400EE010410EEA4
:101AE00030F48CBF01200020704700BF00B5FFF725
:101AF000B7FE02E010FE30F4F8D443EC102441ECC1
:101B0000110400EE010410EE30F42CBF012000207F
:101B1000704700BF00B5FFF7A3FE02E010FE30F4EF
:101B2000F8D441EC100443EC112400EE010410EE53
:101B300030F42CBF01200020704700BF00B5FFF734
:101B40008FFE02E010FE30F4F8D441EC100443ECB8
:101B5000112400EE010410EE30F48CBF01200020AF
:101B6000704700BF0022002950DA404261EB41017A
:101B7000C9B1B1FA81F30B3B17D4D3F1200C30FA81
:101B80000CFC9840994051EA0C011A44524202F26E
:101B9000324201EB025141F0004140F2FE739A42A1
:101BA00038BF704721E011467EE003F1210310FAAF
:101BB00003FCA3F1010301FA03FCC3F1200320FAA3
:101BC00003F021FA03F140EA0C00A3EB020202F257
:101BD000324214D050F1000041EB025141F000417B
:101BE00040F2FE739A4238BF70474FF00001A8BF21
:101BF000C7F6F0714FF00000704700217047EBD33B
:101C000050F1000020F00100E6E70022B9B1B1FA7E
:101C100081F30B3B16D4D3F1200C30FA0CFC984026
:101C2000994051EA0C011A44524202F2324201EB4D
:101C3000025140F2FE739A4238BF704720E01146CD
:101C400000F066B803F1210310FA03FCA3F10103CD
:101C500001FA03FCC3F1200320FA03F021FA03F197
:101C600040EA0C00A3EB020202F2324212D050F121
:101C7000000041EB025140F2FE739A4238BF7047B8
:101C80004FF00001A8BFC7F6F0714FF00000704799
:101C900000217047EDD350F1000020F00100E8E78B
:101CA000002880F235804042B0FA80F30B3B11D41B
:101CB000984001EB0302524202F2124200EB025141
:101CC00041F000414FF0000040F2FE739A4238BFED
:101CD000704713E0C3F1000330FA03FCC3F12002A4
:101CE0009040A3EB010202F212420CEB025141F0D0
:101CF000004140F2FE739A4238BF70474FF00041F6
:101D0000A8BFCFF6F0714FF0000070470021704778
:101D100060B3B0FA80F30B3B0FD4984001EB0302A1
:101D2000524202F2124200EB02514FF0000040F228
:101D3000FE739A4238BF704710E05B4230FA03FCF2
:101D4000C3F120029040A3EB010202F212420CEB1D
:101D5000025140F2FE739A4238BF70474FF00001C3
:101D6000A8BFC7F6F0714FF0000070470021704720
:101D70000022A2F232425FEA215CACF10103A1EB46
:101D800003515B0513F5800F32D212EB535210D47E
:101D90000B2A36DA9140D2F1200330FA03F31943CB
:101DA0009040BCF1000FA8BF7047404261EB410179
:101DB000704720320EDD01FA02F3D2F12002D14049
:101DC000D0401843BCF1000FA8BF7047404261EB00
:101DD00041017047524282F3050231FA02F00021BC
:101DE000BCF1000FA8BF7047404261EB4101704752
:101DF00002D000200021704750EA013118BF4FF097
:101E0000000C6FF0004101EBDC716FEAEC70704781
:101E100010B5044601F006FD28B10346034A2344E9
:101E2000934200D810BD0248FEF7B2FD0000082022
:101E30002492001010B50C4601F0BAFF28B10346F9
:101E4000034A2344934200D810BD0248FEF7A0FD88
:101E5000000008202492001001F0ECBC9A4238BF28
:101E600088547047704700BF2DE9F04F83B0994602
:101E7000DDE90DAB0F9B884611469A07074616D140
:101E8000DA453AD20C460D46ABEB0A060E44224622
:101E90004B46414620200134B847B442F7D1294689
:101EA000BAF1000F08D1204603B0BDE8F08F0C4610
:101EB000BAF1000F10D00E4655460C9B2E449A44A2
:101EC0000191721B4B46013D41461AF8010D344603
:101ED000B847002DF5D101990F9B9B07E3D5651AF3
:101EE000AB45E0D922464B46414620200135B84754
:101EF0005D4504F10104F5D3D5E7BAF1000FDAD15D
:101F00000C46D0E72DE9F04F0F9FDDF824E017F0E5
:101F1000020F0A9C9DF82C900E9DDDE90C8629D1BC
:101F2000002D6FD1B44225D2202C07F0010B00F018
:101F3000128104F1FF3C4FF0300AF44401E0202C00
:101F40007AD00134A6420CF801AFF8D8BBF1000FEB
:101F500010D0AC420ED2202C74D004F1FF3C4FF0D4
:101F6000300AF44401E0202C29D00134AC420CF8B2
:101F700001AFF8D117F0100F3AD017F4806F28D1C5
:101F80001CBBB8F1100F00F0CA80B8F1020F00F0CE
:101F9000D48030248EF800400124B9F1000F67D1BD
:101FA0007E0740F1AA802B260EF804600134CDE9AB
:101FB0000B57CDE909E4BDE8F04FFFF755BFFC062C
:101FC00040F189807C0535D42024A6426AD0AC42F9
:101FD00068D0B8F1100F00F08780B8F1020F5AD026
:101FE000202CE4D0264601344FF0300C0EF806C009
:101FF000202CD2D1CDE90B57CDE909E4BDE8F04F53
:10200000FFF732BF17F0010B3ED0B9F1000F47D1F7
:1020100017F00C0F44D1B4429BD2202C89D1202D33
:1020200010D8FC0657D57C0555D4202E00F0B98079
:10203000202D10D02024CCE7BBF1000F00F0A580AC
:10204000202DBCD9FC0646D57C0544D4202E00F0BA
:10205000A880202D3FD12C461F26B8F1100F7FD02D
:10206000B8F1020FC0D14FF0620C0EF806C0B7E70E
:102070002D260EF804600134CDE90B57CDE909E4B3
:10208000BDE8F04FFFF7F0BEB442BFF473AF202CB1
:102090007FF44FAFD6E7202C89D026460134E2E703
:1020A000013DB8E7661ED8D1B8F1100F64D0B8F181
:1020B000020F7FF46EAF62268EF800603026444631
:1020C0008EF80160B9F1000F3FF46AAFD0E7B8F1C4
:1020D000100F7FF46CAF2024CDE90B57CDE909E454
:1020E000BDE8F04FFFF7C0BEBE060ED4202CF2D0E4
:1020F00078260EF80460013472E73E077FF557AF8B
:1021000020260EF80460013451E7202CE3D04FF074
:10211000580C0EEB040686F800C0013460E7BE06DA
:1021200017D558248EF8004030248EF80140022440
:10213000B9F1000F3FF434AF9AE762248EF8004003
:1021400030248EF801400224B9F1000F3FF428AF8B
:102150008EE77824F2E7BBF1000F7FF462AF71E7FE
:1021600017F0200F0CBF4FF0780C4FF0580CA61E44
:102170000EF806C0013C35E7BC06EAD558248EF8B7
:10218000004030248EF80140DDE717F0100F3FF4D7
:102190000EAF17F4806F9AD1202E7FF418AF1F2650
:1021A0005BE734461F2658E700B9704701F0A2BA32
:1021B0002DE9F04F9FB09DED287BDDE92AA558EC75
:1021C000177B83461E460D91109243463A46384689
:1021D00041468DED087B2C9CFFF754FC002840F015
:1021E000D880384641464FF0FF32754BFFF7AAFCC6
:1021F000002840F0CE80384641464FF0FF326FF461
:102200008013FFF763FC002840F0C380DDE9087805
:102210000022384641460023FFF758FC002840F0D2
:10222000C081CDE90A78DDE90A2390461F4614F4FF
:10223000806308BF4FF0060A139304F4006258EA63
:102240000703119240F0C080002A00F0A2819FEDA8
:102250005A7B00278DED0E7B4FF00009BA45CCBFAD
:10226000AAEB070A4FF0000A4F46C8BF0AF1FF3A2F
:1022700044F480644D4594BF4FF00008A5EB090875
:1022800014F00203119304D0B9F1000F18BF4FF0FE
:1022900000083FB1DDE90A01DDE90E23FFF74EFB3F
:1022A000CDE90A01DDE9080100220023FFF70EFC59
:1022B00030B1DDE90A01024601F10043CDE90A230C
:1022C0009DED0A7BCDE902A8DDF834A024F400637B
:1022D00004938DED007B334651465846109A00F02A
:1022E00097F98046B9F1000F4FD014F0200F024645
:1022F00000F1010433460CBF652045205146D84704
:1023000009F1FF3087EAE77C0DF1580900224B46BE
:10231000DFF8B080ACEBE77C4FEAD77E01E0202A03
:1023200010D0E246A8FB0C71C90801EB8107ACEBA9
:1023300047073037BAF1090F8C4602F1010203F862
:10234000017BECD805230590069300200A230D9FFE
:10235000CDE90330CDE9012E3346224639465846B1
:10236000CDF80090FFF7CEFD119B80466BB1109B1E
:10237000C41AA54209D942463346394620200134C1
:10238000D847A54208F10108F5D840461FB0BDE87E
:10239000F08F9DED087B33465846109A0D998DEDD0
:1023A000287BCDE92B54CDF8A8A01FB0BDE8F04F95
:1023B00000F02EB9AFF30080000000000000000024
:1023C000FFFFEF7FCDCCCCCCC7F30A50A0F2FF309B
:1023D000FFF710FB8AA3D3E90023FFF78BFA8AA348
:1023E000D3E90023FFF75EFAC7F31307CDE90E0127
:1023F00047F07F51404600227B4B41F44011FFF7EC
:1024000065FA6BA3D3E90023FFF774FA02460B4683
:10241000DDE90E01FFF746FAFFF710FB0746FFF76D
:10242000E9FA65A3D3E9002380468946FFF762FAFB
:1024300000226E4BFFF736FAFFF700FB03464946D2
:10244000404612935EA3D3E90023FFF753FA804678
:1024500012988946FFF7CEFA5BA3D3E90023FFF772
:1024600049FA02460B4640464946FFF72FFA024614
:102470000B4680468946FFF73DFA42464B46CDE97A
:102480000E0140464946FFF70DFA0022CDE914013E
:10249000DDE90E01564BFFF751FA0022554BFFF7CD
:1024A00001FA02460B46DDE90E01FFF747FA00226A
:1024B000514BFFF7F7F902460B46DDE90E01FFF736
:1024C0003DFA42464B468046894600204FF0804107
:1024D000FFF7FCF902460B4640464946FFF7E2F992
:1024E00002460B46DDE91401FFF728FA0022434BB0
:1024F000FFF7D8F9129B002203F2FF3C4FEA0C537E
:10250000FFF7F8F980468946DDE90A0142464B4665
:10251000CDE90E89FFF7DAFA68BB4346494607F171
:102520006302C62A119A8CBF4FF005094FF00409C7
:10253000002A3FF49FAE0B433FF48EAEDDE90A0163
:1025400023A3D3E90023FFF7E9FA48B1DDE90A0143
:1025500021A3D3E90023FFF7B9FA00287FF47CAE6A
:10256000BAF1000F3FF486AE139B002B3FF482AE0E
:102570000AF1FF3A7EE600221E4B40464946FFF72D
:10258000DDF90A4601460346CDE90E12013F114628
:10259000C5E79FED137B17464FF004098DED0E7BC9
:1025A00068E608F100430A970B933CE6AFF300801E
:1025B00061436F63A787D23F71A379094F930A40A4
:1025C0001655B5BBB16B0240EF39FAFE422EE63F1D
:1025D0002D431CEBE2361A3F0000000080842E41A0
:1025E00000000000000000000000F83F0000E03F95
:1025F00000002C4000002440000018400000F03F84
:10260000FB799F501344D33FB3C8608B288AC63FE1
:102610002DE9F04F97B0DDE92089CDE90401DDE92E
:10262000224BCDE90623404642464B464946DDF85B
:1026300090A0FFF727FA002840F0C58140464946A0
:102640004FF0FF326FF48013FFF740FA002840F09C
:102650001D81404649464FF0FF32C14BFFF772FAE9
:10266000002840F0E380B8A3D3E900234046494660
:10267000FFF768FA002840F0CB80B5A3D3E9002328
:1026800040464946FFF722FA002840F0C180404604
:10269000494600220023FFF719FA002840F0E080A5
:1026A0001AF480650D9000F0E980092C40F29681C3
:1026B0000EAB1A460C9330210023A4F10905013317
:1026C000202B02F8011BA4EB030600F03A81AB4279
:1026D000F5D19FED9D7B8DED087B49464046FFF788
:1026E000ADF90446FFF786F902460B4640464946D7
:1026F000FFF7ECF8DDE90823FFF7FCF802460B468C
:10270000CDE90A23FFF7ACF90746FFF785F9024642
:102710000B46DDE90A01FFF7D9F802460B46CDE981
:102720000A2300228F4BFFF70DFA002800F0DB8010
:1027300001373846FFF770F9DDE90823FFF7EEF9B6
:1027400008B100270134002E40F0B1802046FFF789
:1027500051F902460B4640464946FFF7B7F80022BA
:10276000804B06460F46FFF7B1F940B9304639466F
:1027700000227C4BFFF7E6F9002800F015810C9B46
:10278000691E7948194410E080FB0462C3EBA20380
:1027900003EB8302A4EB420404F1300201351C4632
:1027A00001F8012F002B00F0AB80202D4FEAE473DD
:1027B000EAD10AF00303012B1CD1BBF1000F19D0A1
:1027C0000D9B002B40F0F9801AF00C0F40F0F580C3
:1027D000AB4540F2D380202D0BD030220C996B1EDC
:1027E0000B4401355D4503F8012F00F08D80202D4D
:1027F000F7D12025DDE90623DDE904010C9CCDE9B4
:1028000002BA01950094FFF72FFB17B0BDE8F08FD7
:10281000CDE92089DDE90623DDE90401CDE923BA0C
:10282000229417B0BDE8F04FFFF7C2BC4F4DCDF872
:102830008CA00AF0040ABAF1000F4D4C18BF2C46C8
:10284000DDE90623DDE9040120940CBF0324042400
:10285000CDF888B0219417B0BDE8F04FFFF704BB66
:102860004B46424600200021FFF730F801231AF4BE
:102870008065804689460D937FF417AF9FED367BC8
:102880000EAB06268DED087B0C9326E70424DDE9CC
:102890000623DDE90401374DCDF88CA0CDF888B0D2
:1028A0002095219417B0BDE8F04FFFF7DDBA0C9BDF
:1028B000681EDFF8C4C018440DE0ACFB0721C9084E
:1028C00001EB8102A7EB42023032092F00F8012F01
:1028D00027D90F461D46202D05F1010306F1FF36CD
:1028E000EBD120254BE70022DDE90A011D4BFFF764
:1028F000EDF800287FF427AF002F5AD1013722E7E7
:102900000AF00303012B75D0202D3FF473AF0D9B0C
:10291000BBB32D2205F158036B4403F8202C01357D
:1029200068E7202BDDD0AEB30C9A1E44154430224C
:1029300001E0B3422ED00133202B05F8012FF8D14E
:10294000CFE71D46C5E600BF0000000065CDCD41C4
:102950000000000065CDCDC10000000080842E4144
:10296000FFFFEF7F0000E03F676666667C92001025
:10297000849200108C920010CDCCCCCC202D3FF452
:1029800039AF1AF0040F0DD11AF0080F3FF432AF2F
:102990002022BFE72E2103F158026A4402F8201CCE
:1029A0005D1CECE62B22B5E7E3077FF5E8AE0134CA
:1029B000E5E6FA077FF5C7AEA0E70BF1FF3BAB45B5
:1029C0003FF609AFA0E70324DDE90623DDE90401B2
:1029D0000A4DCDF88CA0CDF888B061E7084B2646AB
:1029E00003EBC40393ED007B0EAB8DED087B00255C
:1029F0000C9372E6BBF1000F86D0E1E688920010DE
:102A0000909400102DE9F04F9A469BB0249C964D6F
:102A10000B94964C0B1E18BF834625609AF8000055
:102A2000934C0A9308BFA3460992002800F0BC8289
:102A30004FF000090AE04A46099B0A9909F1010989
:102A4000D8479AF80000002800F0CE8025280AF127
:102A5000010AF0D10023524612F8010BA0F1200127
:102A600010290AD8DFE801F04009093C09090909E1
:102A700009090938093409093000A0F13001092990
:102A800040F28C802A2800F0F58000210C912E283D
:102A900000F099800027A0F1680112292DD8DFE805
:102AA00011F057012C0051012C0045012C002C0085
:102AB0002C002C002C002C002C0027002C002C00BB
:102AC0002C002C002C002700924643F00103C2E7A3
:102AD000924643F00203BEE7924643F00403BAE78E
:102AE000924643F01003B6E7924643F00803B2E77C
:102AF0009AF8010043F4807301326728924600F28D
:102B00008280242840F2C680A0F12502422A00F2E9
:102B1000C180DFE812F05F01BF00BF00BF00BF004F
:102B2000BF00BF00BF00BF00BF00BF00BF00BF00AD
:102B3000BF00BF00BF00BF00BF00BF00BF00BF009D
:102B4000BF00BF00BF00BF00BF00BF00BF00BF008D
:102B5000BF00BF00BF00260145012601BF00BF0026
:102B6000BF00BF00BF00BF00BF00BF00BF00BF006D
:102B7000BF00BF00BF00BF00BF00BF00D301BF0048
:102B8000BF00BF00BF00BF00BF00BF00BF00BF004D
:102B9000D3016701D301260145012601002100E090
:102BA000013201EB810100EB410110789246A0F166
:102BB0003004092CA1F13001F2D92E280C9102F138
:102BC00001027FF467AF9AF801001146A0F13006C8
:102BD000092E43F4806340F231812A2800F03E81BF
:102BE00092460027013256E74C46099B994501D38E
:102BF00003F1FF394A460020099B0A99D84720462D
:102C00001BB0BDE8F08FA0F16902D2B20F2A41D803
:102C1000012649F2410196400E4040F001810A2A06
:102C20003FD0072A36D10B9C54F8042B002A00F021
:102C3000288143F021010DF1480E704603E0202E5B
:102C400000F029811A4602F00F052B46092D94BF8A
:102C5000303337330F2A00F8013B06F101064FEA03
:102C60001213ECD817E100BF052A001064100020F1
:102C7000651E00100B9C9AF8010054F8045B924604
:102C8000002DBDBF694243F002030C910C950B94DB
:102C90000132FCE64A46099B0A9909F10109D84725
:102CA000CFE60B9951F8048B98F800201046002FBE
:102CB00040F0E18072B16FF0010C0CF1010C46465E
:102CC000C44401E0664503D016F8014F002CF9D149
:102CD000A6EB080613F4806C02D0BE4228BF3E4625
:102CE00013F0020400F08781002A00F02B81BCF170
:102CF000000F00F041810B940D964A46DDE909541E
:102D00000E464F4408E02B462146D84718F8010FDD
:102D100009F1010910B14A464F45F4D131460B9CE7
:102D20000D9E002C40F00E810B918AE69AF801006E
:102D30006C287FF4DFAE9AF8020043F440730AF186
:102D40000302DAE69AF8010043F400730132D4E694
:102D50009AF80100682800F0208143F080030132D6
:102D6000CBE6672800F0E780472800F0008145287F
:102D700000F0FF800B9C04930C9B0734CDE9027399
:102D800024F007031C46DDE90931F4E802674A46EE
:102D90005846CDE900670B94FFF70AFA814650E6E2
:102DA00046280B9C08BF43F0200304930C9B073478
:102DB000CDE9027324F007031C46DDE90931F4E88C
:102DC00002674A465846CDE900670B94FFF720FC9E
:102DD000814636E64A462520099B0A9909F10109F0
:102DE000D8472EE60B9A9C0702F1040709F1010669
:102DF00040F1E6801078099B4A460A99D8470C9B17
:102E0000012B40F22C81DDE90954994432462B46CE
:102E1000214620200136D8474E45F7D10B9710E6C2
:102E20006F2800F08B8040F26581782800F00881DF
:102E30004FF00A0823F01003C44647E0002707EBD1
:102E4000870700EB4700A0F1300711F8010FA0F150
:102E50003002092AF3D98A464A1C1CE60B9C9AF8D0
:102E6000020054F8047B0AF1020A0AF101020B94F1
:102E700027EAE7770FE6002A3FF42CAF07F1FF3C83
:102E80001BE723F0100113F4806241F021013FF4AD
:102E9000D2AE0DF1480E08231020059300234A46B8
:102EA000CDE9023006915846DDE90931CDE900E669
:102EB0000497FFF727F80B948146C2E5582879D08C
:102EC000622840F051824FF00208C44613F480603B
:102ED0006DD123F00C0313F4007240F0C2800B9903
:102EE00004310D9113F4807140F02E825E060B9A2E
:102EF00040F1AA801278002A40F0DA8023F0100313
:102F0000002800F0D58011460DF1480E06930C9B69
:102F1000CDF80CC0CDE90473019100234A46029319
:102F20005846DDE90931CDF800E0FEF7EBFF0D9BD7
:102F300081460B9385E543F400631BE74FF00808D7
:102F4000C446C3E70C9B4C46B3427FF6EDAE0F463A
:102F50004B44A3EB0609DDE90965224633462946C1
:102F600020200134D8474C45F7D13946DCE643F4FC
:102F7000006343F02003FDE60F460B94DDE909549E
:102F80004A462B462146D84718F8010F09F1010996
:102F90000028F5D139460B9CC3E69AF8020043F0AD
:102FA000C0030AF10302A8E5044681461DE623F0AA
:102FB0000D0390E74FF0100843F02003C44685E767
:102FC0000C9B012B45D9DDE909544E4609F1FF3828
:102FD000984432462B46214620200136D8474645A4
:102FE000F7D10C9B324699440B9B1878DDE90931E7
:102FF000D8470B9725E50C9BB34240F2EE81CDE913
:103000000D48DDE9095488464B449E1BCDF82CC081
:103010004A462B462146202009F10109D847B145EF
:10302000F6D14146DDF838800C9BDDF82CC00D9CB4
:1030300098F800205E1C1046002A7FF458AE73E614
:103040004FF01008C44641E71D064CBF12881268B5
:1030500051E713464A461878DDE90931D847B146A9
:10306000DCE60B9C073424F007042246656852F81E
:10307000084B0B9254EA050240F02C8123F0100318
:10308000002800F0278100260DF1480E06930C9BC6
:103090004A46CDE904730023CDE900E6CDF80CC023
:1030A00002935846DDE90931FEF72CFF8146C8E45A
:1030B00013F0200F14BF412061200DF1480E764619
:1030C000A0F10A0803E020293FF420AF2246B2FB1A
:1030D000FCF40CFB1425E8B2092D00F130058ABF81
:1030E0004044E8B2C0B2624506F8010B01F10101AB
:1030F000E9D20BE723F0100269280D9240F06F81AE
:1031000013F4806204D04FF4806223F011030D9316
:103110000D9B13F4007640D10B9B03F104080D9B2B
:1031200013F4807040F09880590640F1C6800B9BE4
:1031300019780C46CB0F002900F0B98022460DF11A
:10314000480E74461646DFF8A0C201E020280FD0D2
:103150003546ACFB0621C90801EB8102A6EB420211
:103160003032092D0E4600F1010004F8012BEDD894
:103170000D9ACDE9010306920C9ACDE904720A2357
:103180004A4603935846DDE90931CDF800E0FEF7E1
:10319000B9FECDF82C80814653E40B9C073424F013
:1031A000070421460846636850F8081BDC0F0B90A3
:1031B00051EA030000F0C3800A46191E48DB13469B
:1031C0000DF1480EF4460026CDE90E94DFF8188282
:1031D00001E0202E2DD05A1842F10002A8FB02591E
:1031E00029F0030505EB9905521B1C469B1A61F15A
:1031F000000508464FF0CC3101FB03F108FB051137
:10320000A3FB08531944052305F00109A9FB033961
:103210009B180A2C03F130034FEA550570F10000AA
:103220000CF8013B06F1010645EAC1734FEA510172
:10323000CFD2DDE90E940D9B4A4606930C9BCDE957
:103240000164CDE904730A23CDF800E0039328E775
:10325000524261EB4101B2E70B9B1968CB0F002989
:1032600000F0AB8081EAE172A2EBE1720DF1480E51
:103270007046DFF874C101E0202E10D01546ACFB7B
:103280000241C90801EB8104A2EB440404F13002BD
:10329000092D00F8012B06F101060A46ECD80D9A1B
:1032A000CDE9016306920C9ACDE9047267E7002A22
:1032B0003FF445AF0DF1480E5AE713F0800F0B9B1A
:1032C00000F08180B3F9001081EAE174A4EBE174AD
:1032D000A4B22FE713F0200F14BF412261220DF199
:1032E000480E0A3ACDE90D97CDF844B0002677464E
:1032F000F3469146CDE90F3C03E0202E17D004465B
:103300000D46294642460023204605F0C9FED2B2AA
:10331000092A02F1300388BF02EB09034445DBB2FE
:1033200075F1000507F8013B06F10106E5D2DE461E
:10333000DDE90D97DDE90F3CDDF844B0A6E6002A93
:1033400047D1134611463BE70B990968A1B923F011
:10335000100388B10DF1480E06930C9BCDF80CC0FC
:10336000CDE904730192D8E513F480627FF4CBAE0B
:1033700023F010030D93CBE613F0200F14BF412070
:1033800061200DF1480E7646A0F10A0802E0202ADD
:10339000E2D02146B1FBFCF40CFB1415E8B2092D78
:1033A00000F130058ABF4044E8B2C0B2614506F87A
:1033B000010B02F10102EAD2CEE7002A3FF456AF38
:1033C0000DF1480E6BE7196881EAE174A4EBE17432
:1033D000B0E600260DF1480E2DE701362BE64FF042
:1033E0000A081346C44671E5CDCCCCCC0EB410B55A
:1033F00085B007AC54F8043B01464FF0FF3200940F
:1034000004480394FFF7FEFA05B0BDE8104003B08E
:10341000704700BF5D1E001084460CB410B584B028
:1034200006AC54F8043B0A460094614604480394F1
:10343000FFF7E8FA04B0BDE8104002B0704700BFE3
:103440005D1E00100FB410B50E4B84B006A91C68A9
:1034500051F8043B03915CB100914FF0FF3202A997
:103460000948A047012004B0BDE8104004B07047EF
:10347000184600F081F9204604B0BDE8104004B0C1
:10348000704700BF64100020A921001010B5094B3F
:1034900084B01C684CB1034600914FF0FF3203A981
:1034A0000548A047012004B010BD00F065F9204692
:1034B00004B010BD64100020A921001000BEFDE77B
:1034C000704700BF074A0346106838B106490344F5
:1034D0008B428CBF4FF0FF301360704703490846A2
:1034E0001160F3E76010002000000820E4120020C3
:1034F00008B5FFF7E3FF00BF9C46144600B50B4636
:103500000246614683B044B1054D064801940095DA
:10351000FFF798FF0120FFF7D1FF034D2C46F4E79A
:1035200094920010A49200104891001038B5064CF7
:10353000064DFEF789F8AC4204D254F8043B984794
:10354000AC42FAD338BD00BFF0900010F0900010EC
:103550000368084611461847437D2DE9F047814628
:103560000F461646002B43D0002A3BDD037D00208A
:103570004D1E014615F8012FDFF884800A2A01F15B
:1035800001040ED0A6421CD02B782146A3F10D03D6
:10359000B3FA83F315F8012F5B090A2A01F101043C
:1035A000F0D1002BEED18142A1EB000138441BDCAD
:1035B00002214046D9F800309847A64208D020465C
:1035C000E2E7864204DD311AD9F8003038449847E2
:1035D000374417F8013CA3F10D03B3FA83F35B09F9
:1035E00089F81430BDE8F087D9F800309847DFE754
:1035F0003846D9F800301146BDE8F047184700BFFB
:10360000E09400102DE9F04782B00D4692469946AD
:103610000746FDF7F3FD4FF0FF366FF000442F4AE9
:10362000821841F10003964274EB03013CBF32461D
:1036300023462B4805F030FD6B1C804603D13846ED
:1036400000F0F2FF0546274B274E1C68274BB9F1C7
:10365000000F18BF1E46B4B1BAF1000F1AD1DFF83F
:10366000909001E0246974B12368002BFAD0D9F856
:1036700000300BB19C42F5D120462A463946B0476E
:103680002469002CF0D1B8F1000F1FD1284602B0F8
:10369000BDE8F0874FF00A0ADFF8549002E0246991
:1036A000002CF0D02368002BF9D0D9F800300BB1F2
:1036B000A342F4D12A4639462046B047012220468B
:1036C0000DF107018DF807A0B047E8E7044805F0C1
:1036D000DFFC284602B0BDE8F08700BF40420F0083
:1036E000040D0020501000205135001059350010F5
:1036F00058100020F0B583B006468DF80700FDF79E
:103700007DFD4FF0FF356FF00044174A821841F1FC
:103710000003954274EB03013CBF23462A4613483D
:1037200005F0BAFC124B07461C689CB1114D01E034
:1037300024697CB12368002BFAD02B680BB19C4222
:10374000F6D1204601220DF10701FFF705FF24699C
:10375000002CEFD117B9304603B0F0BD034805F097
:1037600097FC304603B0F0BD40420F00040D00202E
:10377000501000205810002038B5044600F054FFC7
:10378000012305461A4620462946FFF73BFF084B12
:103790001C682CB163682BB198472469002CF9D1BF
:1037A000284638BD2469002CF4D1284638BD00BF16
:1037B0005010002038B5A1FB021434BB00F042F8D1
:1037C000054630B350F8042C22F00302043A242AB0
:1037D0000CD8132A0FD91B2AC0E9004412D9242A75
:1037E000C0E9024418D000F1100205E0214600F0C3
:1037F0004BFD284638BD024600232846C2E9003367
:10380000936038BD00F10802F6E700F0A1FD0C233B
:1038100003600025284638BD00F11802C0E90444C1
:10382000EAE700BF024B0146186800F00BB800BF82
:10383000700A0020024B0146186800F07FBF00BFED
:10384000700A002001F10B03162B2DE9F04F0746FB
:1038500083B023D8102900F2AF8000F09DFA102524
:1038600018230220BC4E33445C68A3F10802944242
:1038700000F080816368384623F00303D4E9021224
:103880002344CA6091605A68083442F001025A60C9
:1038900000F088FA204603B0BDE8F08F002B23F03B
:1038A0000705C0F28980A94200F2868000F074FA10
:1038B000B5F5FC7FC0F0B4816B0A00F08180042B69
:1038C00000F27E81AB0903F1390003F1380EC30029
:1038D000A14E3344A3F1080C5C68A44507D10DE068
:1038E000002AE16880F232818C450C4606D063687C
:1038F00023F003035A1B0F2AF2DD7046DFF87082B3
:103900003469444500F0E780636823F0030CACEBB6
:1039100005030F2B00F39481002BC6E9048880F285
:103920008381BCF5007FD6F804E080F029814FEA5E
:10393000DC0301224FEA5C1C013302FA0CF256F858
:1039400033104EEA020E06EBC302083AC6F804E052
:10395000C4E9021246F83340CC6083104FF0010CEA
:103960000CFA03FCF44531D81CEA0E0F07D120F005
:1039700003004FEA4C0C04301CEA0E0FF9D006EBA2
:10398000C00A8146D646DEF80C300BE05A681C4669
:10399000DB6822F00302511B0F2900F31D8100296F
:1039A00080F231819E45F1D109F101090EF1080E35
:1039B00019F0030FE7D167E10C233B60002469E7AE
:1039C0004FF4007340204FF03F0E81E7B468636806
:1039D00023F00309A9EB05030F2B02DDA94580F0B5
:1039E000A4805E4B08201B6803F1100804EB090358
:1039F000009300F0B3FC5A4AA8448346136801338D
:103A000005D008F1FF384342804403EA08084146E4
:103A1000384600F08BFCB0F1FF3F8246504A79D027
:103A2000009B83425AD9B44274D14E4B0BF1FF3CF8
:103A3000186800EB080EC3F800E01168013100F0CF
:103A40007381009AAAEB020272441A601AF007020C
:103A5000CDE9002300F04281C2F1080238469244C9
:103A60005A44D04408EA0C01521A02EA0C0B594697
:103A700000F05CFC421C019B00F06E81A0EB0A0090
:103A800000EB0B08196848F00102B442C6F808A020
:103A90005944CAF80420196032D0B9F10F0F40F22E
:103AA0000C816068A9F10C024FF0050C22F00702AE
:103AB00000F0010010430F2A606004EB0200C0E92F
:103AC00001CC1DD904F108013846009300F036FE00
:103AD000009B196814E0D6F804E03EE7214B0BF197
:103AE000FF3C196841448E461960A6D1009810EA3F
:103AF0000C0FA2D109EB0803B26843F00103536035
:103B0000194B1A688A4238BF1960184B1A688A42E2
:103B100038BF1960B468626822F00302531B0F2B90
:103B200040F3CE80954200F2CB80621945F001054A
:103B300043F00103083444F8045C3846B260536033
:103B400000F030F9204603B0BDE8F08FA2682344AE
:103B50003846D1608A6096E668060020C40E0020D0
:103B60005C060020940E0020BC0E0020C00E002039
:103B700070060020DC68A3427FF47CAE0230BDE614
:103B8000BCF5206F4FEA5C226CD3142A00F2B98096
:103B900002F15C035B32DB00F118F35808399942FB
:103BA00003D191E09B68994204D05A6822F0030245
:103BB0006245F7D8D968C4E902318C60DC60CCE694
:103BC000142B56D9542B00F2A5802B0B03F16F0058
:103BD00003F16E0EC3007BE6D4F808C038466719BF
:103BE00045F001056560CCF80C30C3F808C041F021
:103BF0000103C6E90477C7E902887B60A150083455
:103C000000F0D0F846E622443846516841F0010100
:103C1000516054F8082FD3609A6000F0C3F839E679
:103C2000E80805F108031DE6A44438460834DCF82A
:103C3000043043F00103CCF8043000F0B3F829E677
:103C4000621943F0010145F0010538466560C6E997
:103C50000422C2E90288516044F80C30083400F0B4
:103C6000A1F817E64FEA9C1202F139033832DB0063
:103C700092E703F15C0003F15B0EC30028E65AF8FB
:103C80000839534540F0858010F0030F00F1FF30F4
:103C9000F5D1736823EA0C0373604FEA4C0C0CF106
:103CA000FF329A4204D391E64FEA4C0C09F1040921
:103CB0001CEA030FF8D0484661E60123CAF8043035
:103CC000384600F06FF879E692104FF0010C0CFACC
:103CD00002F24EEA020EC6F804E06CE70AEB0802B4
:103CE000384602EA0C02ABEB020B0BEA0C0B59460E
:103CF00000F01CFB431C019B7FF4C0AEDDF800B05C
:103D0000C0E6542A13D84FEA1C3202F16F036E3218
:103D1000DB0041E7B3F5AA7F13D8EB0B03F1780082
:103D200003F1770EC300D3E5C2F800A08EE6B2F52A
:103D3000AA7F19D84FEADC3202F178037732DB0030
:103D40002AE740F25452934219D8AB0C03F17D009C
:103D500003F17C0EC300BBE5009A4FF0000B083A5C
:103D60009044A8EB0A088DE640F254539A420CD8CE
:103D70004FEA9C4202F17D037C32DB000CE74FF4FA
:103D80007E737F204FF07E0EA2E54FF47E737E227D
:103D900002E7736881E700BF014800F0CBBB00BFBA
:103DA000900E0020014800F0C7BB00BF900E00201D
:103DB000024B0A460146186800F002B8700A00205B
:103DC0002DE9F04F164683B0002900F09E800C4686
:103DD00006F10B058046FFF7DFFF54F8040C162DA3
:103DE000A4F1080920F0030762D810220023154629
:103DF000B542C0F0A280002B40F09F80974261DA6C
:103E0000DFF828B309EB0701DBF80830D1F804C06C
:103E10008B4200F097802CF001030B445B68DB07BA
:103E200068D42CF0030C07EB0C03934245DAC3076C
:103E300012D454F8083CA9EB030ADAF8043023F052
:103E4000030084440CEB070B5A4540F3FE8007EB5C
:103E5000000B5A4540F3D48031464046FFF7F2FC50
:103E60000646002800F0298154F8043CA0F108021D
:103E700023F001034B44934200F0B1803A1F242AFF
:103E800000F2DF80132A00F2B08003462246116858
:103E900019605168596092689A602146404600F066
:103EA0004DFC4046FFF77EFF304603B0BDE8F08F83
:103EB00025F007052A46EB0F9AE71F46D1E90223B2
:103EC000D3609A60781BD9F8043009EB07020F28F9
:103ED00003F001031FD83B43C9F80430536843F093
:103EE0000103536026464046FFF75CFF304603B0AF
:103EF000BDE8F08FC307AFD454F8083CA9EB030A20
:103F0000DAF8043023F00300A1E7114603B0BDE85E
:103F1000F04FFFF797BC2B4309EB050140F0010080
:103F2000C9F80430083141F8040C4046536843F0A6
:103F30000103536000F002FCD4E70C23C8F8003002
:103F40000026D3E72CF0030C05F110010CEB07035E
:103F50008B4280F29280C0073FF57EAF54F8083C58
:103F6000A9EB030ADAF8043023F0030084440CEBD5
:103F7000070399423FF76BAF3A1F5646DAF80C1029
:103F800056F8080F242AC160886000F2B080132A16
:103F900040F2AB8021681B2ACAF808106168CAF891
:103FA0000C1000F2AB8008340AF110022168116095
:103FB00061685160A16891605B1B0AEB0502404695
:103FC00043F00103CBF808205360DAF8043003F023
:103FD00001032B43CAF80430FFF7E4FE86E750F8EC
:103FE000043C23F003031F446CE723681B2A03608F
:103FF0006368436036D804F1080200F1080346E71D
:104000003A1F5646DAF80C30242A56F8081FCB60BF
:10401000996022D8132A1ED923681B2ACAF80830AF
:104020006368CAF80C303CD808340AF110032268DF
:104030001A6062685A60A2689A6034465F46D14648
:1040400040E7214600F0A0F827E7D1E902133A1F24
:10405000CB609960D5E73346E9E72146304600F06A
:1040600093F8EAE7A368242A8360E368C36028D052
:1040700004F1100200F1100309E75B1B09EB0502D4
:104080004046264643F00103CBF80820536054F81D
:10409000043C03F001032B4344F8043CFFF782FE89
:1040A00024E7A368242ACAF81030E368CAF8143059
:1040B00010D010340AF11803B9E74046FFF772FE3A
:1040C0003EE7236904F1180203616369436100F16B
:1040D0001803DCE623691834CAF8183054F8043C95
:1040E000CAF81C300AF12003A1E732465EE72146F8
:1040F0003046019300F048F8019B5DE7A168242A4F
:10410000CAF81010E168CAF8141003D010340AF18C
:1041100018024BE722691834CAF8182054F8042C06
:10412000CAF81C200AF1200240E700BF6806002000
:104130000EB430B59CB04FF401721FACADF8142032
:10414000029054F8045B069000F06EFA0B490023CD
:1041500003902A460A914FF6FF71079008480E9384
:1041600013932346ADF8161002A90068019400F0DD
:104170008DFC1CB0BDE8304003B070478541001095
:10418000700A00200020704788420ED98B188342A5
:104190000BD900EB020C002A6ED0624613F801CD59
:1041A000994202F801CDF9D170470F2A0FD8034682
:1041B00002F1FF3C002A5FD00CF1010C013B8C4462
:1041C00011F8012B614503F8012FF9D1704740EA3E
:1041D00001039B0751D1A2F1100301F1200C70B52E
:1041E00023F00F0501F1100E00F110041B09AC447F
:1041F0005EF8105C0EF1100E103444F8205C5EF88E
:104200001C5C44F81C5C5EF8185C44F8185C5EF8B2
:10421000145CE64544F8145CEAD1013312F00C0F4B
:1042200002F00F0C01EB031100EB031329D0ACF1EA
:10423000040C1C1F8E462CF003064FEA9C0C1E44F7
:104240005EF8045B44F8045FB442F9D10CF1010458
:1042500002F0030203EB840301EB840102F1FF3C53
:104260004AB10CF1010C013B8C4411F8012B614562
:1042700003F8012FF9D170BD704702F1FF3C0346EE
:104280009AE76246EAE700BF70B5860747D0541E3A
:10429000002A3ED0CAB2034601E0013C39D303F8FC
:1042A000012B9D07F9D1032C2CD9CDB20F2C05EB96
:1042B000052505EB054535D9A4F1100C03F1100EC9
:1042C0001A462CF00F064FEA1C1CB644C2E90055F2
:1042D000C2E9025510327245F8D10CF1010214F016
:1042E0000C0F04F00F0C03EB021213D0ACF104031B
:1042F00023F003030433134442F8045B9342FBD1DD
:104300000CF003042CB1C9B21C4403F8011BA342F6
:10431000FBD170BD64461346002CF4D1F9E7034687
:104320001446C0E71A46A446E0E700BF38B50022AD
:10433000064D044608462A60FFF7C4F8431C00D027
:1043400038BD2B68002BFBD0236038BD54100020F3
:10435000014B1868704700BF700A0020082802D17E
:104360004FF48050704708B5FFF7F2FF162203465E
:104370004FF0FF301A6008BD80EA010C1CF0030FFB
:1043800037D110F0030C20F0030021F0030150F8A6
:10439000042B08BF51F8043B0ED08CF0030C6FF0D7
:1043A0007F434FEACC0C23FA0CFC51F8043B42EA61
:1043B0000C0243EA0C0300BFA2F1013C9A4201BF88
:1043C0002CEA020C1CF0803F50F8042B51F8043BFF
:1043D000F2D04FEA02604FEA1222012828BFB0EB68
:1043E000036F08BF1B0AF4D003F0FF03000EC01ACE
:1043F000704710F0030F0AD010F8012B11F8013BA1
:10440000012A28BF9A42F4D0A2EB030070474DF86E
:10441000045D50F8042B01F0030521F0030151F86D
:10442000043B022D26D04DD822F07F45B5EB132F4B
:10443000A2F1013C2CEA020C0DD11CF0803C08BF1B
:1044400051F8043B0AD185EA0205B5EB036F0CD1A4
:1044500050F8042BE8E74FEA13235BE03CF07F4C75
:1044600054D10B784FEA126554E04FEA126503F01D
:10447000FF034FE04FEA0245A2F1013C4FEA154528
:104480002CEA020CB5EB134F18D11CF0803C08BF8E
:1044900051F8043B07D185EA0205B5EB034F09D17A
:1044A00050F8042BE6E75FEA0C4C2FD10B884FEA5B
:1044B00012452FE04FEA03434FEA12454FEA1343F8
:1044C00028E000BF02F0FF05B5EB136FA2F1013C3D
:1044D0002CEA020C0DD11CF0803C08BF51F8043BC3
:1044E0000AD185EA0205B5EB032F0AD150F8042B57
:1044F000E8E74FEA13630DE012F0FF0F06D051F822
:10450000043B4FEA122523F07F4303E04FF0000005
:1045100020BC704705F0FF0203F0FF00012828BF10
:10452000904204BF2D0A1B0AF4D0A2EB000020BC6D
:10453000704700BF704700BF704700BF844641EA24
:10454000000313F0030349D1403A23D30B680360FF
:104550004B6843608B688360CB68C3600B69036101
:104560004B6943618B698361CB69C3610B6A0362E9
:104570004B6A43628B6A8362CB6AC3620B6B0363D1
:104580004B6B43638B6B8363CB6BC36340304031B6
:10459000403ADBD230320BD30B6803604B68436088
:1045A0008B688360CB68C36010301031103AF3D24F
:1045B0000C3205D351F8043B40F8043B043AF9D2DD
:1045C000043208D0D2071CBF11F8013B00F8013BB0
:1045D00001D30B8803806046704700BF082A13D3BD
:1045E0008B07B1D010F00303AED0C3F10403D21A8D
:1045F000DB071CBF11F8013B00F8013BA4D331F8E5
:10460000023B20F8023B9FE7043AD9D3013A11F864
:10461000013B00F8013BF9D20B7803704B784370F3
:104620008B7883706046704720F0030110F0030020
:10463000C0F1000051F8043B00F1040C4FEACC0C2F
:104640006FF000021CBF22FA0CF213434FF0010C72
:104650004CEA0C2C4CEA0C4CA3EB0C0222EA0302B1
:1046600012EACC1204BF51F8043B0430F4D0C2F17A
:10467000000102EA0102B2FA82F2C2F11F0200EB6B
:10468000D20070472DE9F8430646DFF8AC800820D9
:104690008946FFF763FE05463046FFF77DFBD8F8F5
:1046A00008305F6827F00307A7F11104A4EB0904A1
:1046B0002C44B4FBF5F4013C05FB04F4A54208DCF2
:1046C00000213046FFF732FED8F808303B449842CC
:1046D00005D03046FFF766FB0020BDE8F883614255
:1046E0003046FFF723FE01300FD03F1B104AD8F8A9
:1046F0000830304647F001075F6013681B1B1360EA
:10470000FFF750FB0120BDE8F88300213046FFF79A
:104710000DFED8F80820831A0F2BDADD43F00103D1
:1047200003495360034B1B68C01A0860D1E700BF00
:10473000940E00205C0600206806002000297CD032
:104740002DE9F0410C468046FFF726FB764F54F8E2
:10475000043CA4F10805BE6823F001016818426812
:10476000864222F0030200F08380DE0700EB020C99
:10477000426033D454F8084CDCF8043007F1080CDC
:104780002D1B214403F00103AC68644564D0D5F8C7
:104790000CE0C4F80CE0CEF80840002B00F081805B
:1047A00041F001036B600160B1F5007F22D2CB08BC
:1047B0000122490901338A4079680A4357F83310C6
:1047C0007A6007EBC302083AC5E9021247F8335092
:1047D000CD604046BDE8F041FFF7E4BADCF80430B4
:1047E000DB072BD541F00103B1F5007F44F8043C11
:1047F0000160DCD3B1F5206F4FEA512353D28B090E
:1048000003F1390003F13802C300F818FB580838E7
:10481000984203D161E09B68984204D05A6822F024
:1048200003028A42F7D8D868C5E90230856040465D
:10483000DD60BDE8F041FFF7B5BA7047114407F1FC
:10484000080C836863453FD0C268DA60936041F02A
:1048500001036B606950A7E7002B5FD10A44D0E9E0
:104860000213CB60996042F001036B60AA50B0E77D
:10487000DB070A4407D454F8083CED1A1A44D5E97A
:104880000213CB60996042F001036B60274BBD605F
:104890001B6893429DD8264B40461968FFF7F2FEED
:1048A00097E71144CDE7142B08D9542B1DD80B0BD7
:1048B00003F16F0003F16E02C300A6E703F15C0091
:1048C00003F15B02C300A0E741F00103C7E904550F
:1048D000C5E902CC6B6069507BE70121921001FAB7
:1048E00002F279680A437A609EE7B3F5AA7F06D898
:1048F000CB0B03F1780003F17702C30085E740F2A8
:104900005452934206D88B0C03F17D0003F17C02D4
:10491000C3007AE74FF47E737E2276E741F001030D
:104920006B60016055E700BF68060020600600204C
:10493000C40E002038B54B1C1AD093891446526817
:10494000CDB223F02003A381236BA3B1636B934209
:1049500009DD23685A1E226003F8015C6368013395
:104960006360284638BD214602F08EFE0028F0D054
:104970004FF0FF35F5E7236921682BB18B4203D255
:1049800011F8013CAB420ED0234604F14000C4E9CB
:104990000E120321012220632846616303F8425F5F
:1049A000C4E9003238BD01390132C4E90012D8E748
:1049B00010B50C46096B69B104F14003994201D06E
:1049C000FFF7BCFE0020E36B2063636013B1A36BB1
:1049D000236010BDA289002123694FF0FF3042F00F
:1049E00020026160A281F3E72DE9F04F834685B094
:1049F00002FB03F00E9C0193A0B388460646D4E95F
:104A00000015A84223D94FF0000904F1400ACDE96E
:104A1000020240462A46FFF791FD2168236B584663
:104A20004F19A8441946C4F8049027603746761BEE
:104A3000DBB1534501D0FFF781FEE06BC4F8309045
:104A4000606090B1A16BB04205462160E1D332466F
:104A50004046FFF773FD0198D4E90032921B3344BE
:104A6000C4E9003205B0BDE8F08FDDE90202A38998
:104A7000284443F02003C01BA3810023B0FBF2F0C5
:104A80002269C4E9002305B0BDE8F08F2DE9F04F9D
:104A9000ADF5377D8A4602AFFB62B1F90C309D045B
:104AA000C7E9120206D44A6E43F4005322F40052BE
:104AB0008B814A660822002107F15800FFF7E4FBCA
:104AC0004FF0000EF146C7F838E0C7F81CE0C7F811
:104AD00034E0C7F840E0C7F828E09A4BD3F8E44048
:104AE00002F08CFE07F15802034607F154010092D0
:104AF000FA6CB86CA04700284BDBFB6C0246034401
:104B0000FB647B6DA3B3012852D0252B59D000281C
:104B1000E3D0FB6C01389E1ADAF804301A463418D8
:104B2000751E002A15DDDAF80030691C6A781878DD
:104B3000013390421CD1DAF804208C42CAF80030CC
:104B400002F1FF32CAF8042000F0F680002A0D4678
:104B5000E9DC5146B86CFFF72BFF0028E3D03B6C33
:104B6000002B01F01482BAF80C305A0601F10F82C2
:104B7000BB6B43B1BB6B18683B6C013300F03381F6
:104B800008B1FDF769F9386C07F53577BD46BDE822
:104B9000F08F4FF6FD730822002107F158007B6566
:104BA000FFF772FBFB6C0133FB647B6D002BDFD0E6
:104BB000654AD25C140700F1A6850122252B104618
:104BC000A7D10024FE6C25463178A1F1250306F11A
:104BD000010B552BCCD80FF2080C5CF823F000BF6A
:104BE000F35B0010714B0010714B0010714B001003
:104BF000714B0010CF5B0010714B0010714B001017
:104C0000714B0010714B0010714B00108159001056
:104C100081590010815900108159001081590010EC
:104C200081590010815900108159001081590010DC
:104C300081590010714B0010714B0010714B001026
:104C4000714B0010714B0010714B0010714B001034
:104C50009B590010714B0010F1550010394E001097
:104C60009B5900109B5900109B590010714B00106C
:104C7000714B0010714B0010714B0010294E001049
:104C8000714B0010714B00100F560010714B00104B
:104C9000714B0010714B00109D560010714B0010AD
:104CA000714B0010714B0010714B0010BD5900107A
:104CB000714B0010714B0010BB5B0010714B00106A
:104CC000714B0010714B0010714B0010714B0010B4
:104CD0009B590010714B0010F55500103D4E00100F
:104CE0009B5900109B5900109B590010A35B0010AA
:104CF000FB5B0010294E0010714B00108B5B001005
:104D00004F5B00106B5B001013560010ED5B001042
:104D1000714B0010714B0010A15600101D4E001079
:104D2000DF5B0010714B0010714B0010BD5900107B
:104D3000714B00101D4E001002354D44A5EB0609C5
:104D4000CBE600BF980B002059950010012D04F010
:104D5000100238BF012514F001037A6441F0AF81DD
:104D60007A6C002A41F07B82D7F82C80240658F810
:104D7000046B41F18B82002E3FF4FAAE2846FDF71A
:104D800047F80246002801F00281BB6B3060B3F89F
:104D900006B09C88A345C1F0C6824FF6F6737864CE
:104DA0009C4220D80834BB6BA1001868FDF742F87C
:104DB000C8B1BB6B7A6C9C801860B96B0BF10103B6
:104DC00040F82B60CB801146CDF800A02B46012285
:104DD000B86CFFF709FE0446002841F0A7823B6C3F
:104DE000002B41F0AD82BB6BDE8818687EB10024D9
:104DF000051F8146A04655F8043F01341868FDF7A9
:104E00002BF82B68A642C3F80080F4D148464FF037
:104E1000FF333B6400287FF4B4AEB4E623077FF48D
:104E2000A7AE71785E46D0E621077FF4A1AE717817
:104E300044F002045E46C8E644F00104A44B032695
:104E4000BB620A237B63DAF80430002B00F3EB83A8
:104E50005146B86CFFF7ACFD00287FF480AEC7F870
:104E60004CB0600641F1F181731E032B3FF66EAF2B
:104E7000DFE813F02902DA0130010400B86C44F4D1
:104E8000F06802F0C1FC03683B626B1EB3F5AE7FB5
:104E900040F23E876FF4AE7405EB040C40F25D15F2
:104EA00007F5B87B0023C7F80CC05C467B64FB6346
:104EB0003B63BB61C7F824B0C7E90433DAF80010DC
:104EC0000A78A2F12B034E2B50D8DFE813F03C03F5
:104ED0004F003C034F004F0080039D009D009D004C
:104EE0009D009D009D009D009D009D004F004F0076
:104EF0004F004F004F004F004F002A039A009A00C6
:104F00009A00630358034F004F0043034F004F00C4
:104F10004F004F0011034F00F1024F004F004F00B0
:104F2000EA024F004F004F00D50235034F004F00FB
:104F30004F004F004F004F004F002A039A009A0085
:104F40009A00630358034F004F0043034F004F0084
:104F50004F004F0011034F00F1024F004F004F0070
:104F6000EA024F004F004F00D502350318F4007FCE
:104F700067D0386A0378934263D183460026C7E935
:104F800001545546C24606E029609BF8000091F89E
:104F900000E086451BD11BF8010F3446C84601319D
:104FA000013609F10109002800F09D866868013882
:104FB00000286860E8DC2946B86CFFF7F9FC30B9D6
:104FC00029689BF8000091F800E08645E3D043464D
:104FD000D046AA462246BC689146D7E9085B7C6267
:104FE0002E443B623446BE6C14F8011D52463046D6
:104FF000FFF7A0FCA542F7D13B6A7C6AA3EB090945
:1050000021E018F4006F1CD0FB6B796C5B1818D191
:1050100028F4C0787B64FB6304F8012B013DDAF8C7
:10502000043009F10109013B002BCAF8043040F3B8
:105030005F83DAF800300133CAF80030002D7FF4C6
:105040003DAFD7F824B03B6B0BB128F48078FB6BF5
:10505000013B012B41F2C1807B6C013B062B40F2EE
:105060005E8618F4807F00F06E8418F4806F41F043
:10507000C78014F8011C01F0DF03452B40F05C856C
:10508000651E09F1FF395246B86CFFF753FC18F062
:1050900010037FF422AD2B707B69002B40F09487C6
:1050A00000225946B86C02F0BFF9FB6A18F0010FF4
:1050B000024605460E4603F1040400F066861B68AE
:1050C000C3E900563B6CFC6201333B6405E500BF5D
:1050D000417500106B1E44F45864B3F5AE7F40F286
:1050E000AA836FF4AE72A91840F25D1507F5B87B7C
:1050F0004FF000087A6B5E46CB46D146C246B046BA
:10510000F963D9F8000090F800C0ACF12B034D2BE7
:1051100062D8DFE813F04F0261004F0261006100C6
:10512000C802AB01AB01AB01AB01AB01AB01AB0101
:10513000550255026100610061006100610061007B
:1051400061004E004E004E004E004E004E006100C9
:105150006100610061006100610061006100610047
:105160006100610061006100610061006100610037
:105170004302610061006100610061006100610043
:1051800061004E004E004E004E004E004E00610089
:105190006100610061006100610061006100610007
:1051A00061006100610061006100610061006100F7
:1051B00043020A2A10DD24F4386406F801CBD9F83A
:1051C0000430013B002BC9F8043040F387820130E2
:1051D000C9F80000013D94D14346E105D0467A6309
:1051E000CA46D9469B4605D59E4200F213845E45C9
:1051F0003FF4BEAC14F0100211D17B6B5946BD6A6E
:105200003270B86CA847FB6AA20603F1040540F1AE
:10521000E2831B6818603B6CFD6201333B64A6EBC4
:105220000B064644B14458E4002D04F0100208BFB8
:105230004FF0FF35E00740F10083002A40F01D8564
:10524000FE6A210656F804BB40F1CC867A64BBF1B5
:10525000000F3FF48DAC8020FCF7DAFD7A6C03463A
:10526000002800F08D87B96BCBF80000CC88B1F82E
:105270000480444580F0AF850868B96B9E4640F8CD
:1052800024B04FF0200C0134FE62CC80DAF800101C
:10529000DFF8BC83097818F8016016F0080600F002
:1052A000C283002A7FF419AC1A60A3EB0E03991095
:1052B00001318C4503D9BBF1000F40F01F863B6CD8
:1052C00001333B6409E4002D04F0100308BF4FF0E4
:1052D000FF35E0073B6340F13682D7F82CB0002B56
:1052E00040F0D3845BF8043B21063B6240F18186A9
:1052F000002B3FF43DAC8020FCF78AFD804600285F
:1053000000F03E873B6A1860BB6BDC889A88944249
:1053100080F07B8518683B6AC7F82C8040F8243001
:105320000134BB6BDC8020237B62C7F818B00024FB
:10533000FE69CB467D6402F061FAA0423FF40FACF7
:10534000032E07F16009DAE9003202F1FF3213F8A7
:10535000011BCAF8042007F5B872CAF800301155CD
:1053600004F1010403D1D9F80030042B04D0082241
:1053700000214846FEF788FFCDF8009007F5B87287
:1053800023464146B86C02F0C1FB421C06463FF47E
:10539000E6AB002840F082840346C8F800000822EB
:1053A000002107F16800FB63FEF76EFFFB6BB86C32
:1053B00007F150011A46A34BD3F8E0301D4607F120
:1053C0006803A84701280CBF97F85030002307F165
:1053D0007002D35C002B00F01486032EA34400F06F
:1053E00066847B6C013B7B643B6BBBB908F10408B2
:1053F000F86A7D6AA8EB0004B5EBA40F0ED83B6AEF
:1054000063B1E900FCF716FDF862002800F0B886E9
:1054100069003B6A00EB040879621860DAF804302E
:105420000024002B40F34F847B6C002B83D1D946A2
:10543000D7F818B0FE613B6BA3B9C8F80030FB6A1F
:105440007A6AA8EB03018B1001339A4207D93C6AB0
:105450002CB104312068FCF7EDFC00B120603B6CFE
:1054600001333B64C7F82CB0FFF737BB764B24F40D
:10547000386433F91220A0E608F41863B3F5807F8E
:105480007FF4DFAD3B6B012B7FF4DBAD302328F4E1
:105490008078013D04F8013B002348F400683B6339
:1054A000BAE57B6C062B7FF4CCAD07237B64B3E5B8
:1054B00018F4006F3FF4C5AD08F4A063B3F5806F36
:1054C00007D018F4806F3FF4BCAD3B6B002B00F0AD
:1054D000938618F4007F04D13B6BB9695B1AC7E966
:1054E000044328F47868002348F4C0783B6393E5CC
:1054F000FB6B002B40F07F823B6B002B40F07B82EC
:1055000008F4E063B3F5E06F00F092857B6C012B4B
:1055100002D0042B7FF495AD7B6C0133DBB27B644E
:105520007AE518F4006F40F03B82FB6B012B7FF4AF
:1055300088AD0223FB636FE57B6C072B7FF481ADA5
:1055400008237B6468E518F0800F3FF47AAD28F0FB
:10555000800861E57B6C002B40F044823B6B002BA4
:1055600040F0408208F4E063B3F5E06F00F0688536
:105570000023D7F824B07B6400233B6367E518F46D
:10558000006F40F014827B6C022B7FF45AAD032332
:105590007B6441E518F4006F8ED035E504F4C063F8
:1055A000B3F5007F7FF418AE24F40074102244F4A5
:1055B000A06402E623067FF50FAE24F08004FCE52C
:1055C000214B33F91220082A3FF7F5AD04E618F411
:1055D000807F3FF419AD3B6B28F0800801333B63BB
:1055E000FB68002B3FF41AADFB68013BFB6016E53E
:1055F00044F0010444F040040026C7F84CB0DAF847
:105600000430002B3FF72DACD7F84CB020E444F029
:1056100001040E4B0326BB6208237B63DAF80430D7
:10562000002B7FF715ACDAF80020DFF82480137820
:1056300018F80330190740F115854346D0469A46BD
:105640000FE000BF980B0020E49400108576001056
:1056500059950010C8F8002013781AF803301B077A
:1056600017D5D8F8043009F101090132013B002BAC
:10567000C8F80430EEDC4146B86CFFF799F9002811
:1056800040F04A83D8F8002013781AF803301B073B
:10569000E7D4C246C7F84CB0FFF7E6BB44F00104BC
:1056A0000226FFF7D0BB23057FF587AD12B944F47E
:1056B00000740822610500F18A81FB6B24F4607498
:1056C00013B1013B0135FB63D9F804300AF1010A3B
:1056D000013B002BC9F804303FF779AD4946B86C5F
:1056E0007A64FFF765F97A6C00283FF473AD73E5CF
:1056F0005146B86CFFF75CF900287FF4A2AC002D8E
:105700007FF4DCAB9DE4DAF80420BC6C11E0DAF83D
:105710000030BD491A7801338A5C10077FF5DDA996
:10572000DAF8042009F10109CAF80030013ACAF890
:105730000420002AEBDC51462046FFF739F9002807
:10574000E5D0FFF7CAB93B6B002B40F05E82FB6AE5
:1057500053F8042B3B6314F080031646FA6300F001
:105760003D84002A3FF404AA2020FCF751FB0446A4
:10577000002800F00C84BB6B3060B3F80480DE8836
:10578000464580F056831868FB6B40F8263001369A
:10579000BB6BDE802023DAF8000007F1700201788D
:1057A000515C00293FF4E4A9F96B2646C7F82C9018
:1057B0009046B1F1000B994618BF4FF0010B07E07E
:1057C000DAF80000027818F80220002A00F0C682F9
:1057D000DAF80420411C013ACAE90012027804F800
:1057E000012BA21B4A457A6410D33046BBF1000F4F
:1057F0000CD04FEA49094946FCF71CFB0646002835
:1058000000F0C5837A6CFB6B84181860013D00F0D2
:10581000A582DAF80420002AD2DC5146B86CFFF7E2
:10582000C7F80028CCD0B4424B46D7F82C903FF4B0
:1058300096A9A61B98E2002158E4002A40F06A834A
:10584000FA6A14F0800452F8043B7B64FA6300F0B7
:10585000B0831C46002B3FF48BA92020FCF7D8FA1C
:105860000646002800F09383BB6B2060B3F80480E9
:10587000DC88444580F0988218687B6C4FF0010BFF
:1058800040F824300134BB6BDC802023DAF80000C0
:10589000DFF87481017818F80110090700F1998286
:1058A00042463446314698462E464B469146DAF8F3
:1058B00004200D46013ACAF80420421CCAF8002010
:1058C000027805F8012B2A1B42453A6312D3204681
:1058D000BBF1000F0ED04FEA4808FB624146FCF7CF
:1058E000A9FA0446002800F052837B6C3A6B1860DA
:1058F0008518FB6A013E0CD0DAF80420002A40F338
:10590000A783DAF800002946027819F80220120766
:10591000CDD59946291B43462E46894401310020A6
:105920008B42307008D9BBF1000F05D07C6C206829
:10593000FCF780FA00B120603B6C01333B64FB6BE9
:10594000FB62FFF7CAB818F010037FF4C6A82370F3
:1059500008F4C063B3F5806F7FF49EABBB693A6B0C
:1059600093423FF49DAB9A1A07F2C32327499C4206
:1059700028BF07F2C2242046FDF738FDFFF790BB91
:1059800014F08F0F7FF4F4A805EB850501EB4505B6
:1059900071785E46303DFFF718B90426FFF753BA19
:1059A000FB6B796C5B187FF4C0ADFFF731BBFB6B11
:1059B000796C5B187FF4E7ADFFF72ABB44F4007401
:1059C000134B0326BB6210237B63FFF73CBA24F41E
:1059D000B064FFF7F2BB210740F14C82FB6A1B6801
:1059E000187018E47B6C032B3FF496AD052B3FF445
:1059F00093ADFFF726BBFB6B022B7FF487AD032330
:105A0000FB63FFF709BB00BF59950010D49200104B
:105A10008576001016F8011C5246B86C013EFEF760
:105A200089FFFFF7E4BBC7F824B0C7F82080A84679
:105A3000D7F81CB01D46C7F830E0C7F83CC07A6400
:105A400001F0DCFEB0423FF48AA8BBF1030F07F17E
:105A50006804DAE9003202F1FF3213F8011BCAF8D8
:105A6000042007F5B872CAF80030915506F1010616
:105A700002D12368042B04D0082200212046FEF71F
:105A800003FC0094334607F5B8722946B86C02F05F
:105A90003DF8B0F1FF3F83463FF461A8002800F0D5
:105AA000118210F1020F2CD0286802F059F800285A
:105AB00040F06B83BBF1030FB14402D12368042B88
:105AC00001D008F1FF387E6C002E40F07082043562
:105AD000386BFB6B2C1AB3EBA40F00F268827A6A66
:105AE000002A00F06482D900FCF7A4F9014638636B
:105AF000002800F04583FB6B051958007B6AF863AA
:105B00001960DAF80430002B40F3B082DAF8003084
:105B10003A6A1B78D35C1B0702D4B8F1000F8FD10F
:105B2000C7F81CB02B46D7F824B0D7F830E0D7F828
:105B30003CC07A6CFFF7B5BB5246B86CFEF7FAFE74
:105B4000A9F10209A51E14F8021CFFF79CBA14F073
:105B50008F037FF40DA8B96B002900F02F827178B4
:105B600044F080045E46FFF730B8E00600F118818B
:105B7000FB6A210753F8042B40F1BA8182F80090A8
:105B8000FB62C7F84CB0FEF7A8BF21077EF4F0AF68
:105B900071786C2900F0628144F001045E46FFF7E1
:105BA00014B823077EF4E4AF7178682900F05C81B3
:105BB00044F004045E46FFF708B8594607F1700048
:105BC00000F014FC44F040040126F86417E5254376
:105BD0007EF4CEAF717810245E46FEF7F6BFC24B5E
:105BE0000326BB620A237B63FFF72DB944F40874D4
:105BF000E6E6C7F84CB0FEF78ABFBC4B0326C7F8F1
:105C00004CB0BB6200237B63F9E4DAF8003007F1A3
:105C100070021978515C00293EF4AAAF0133012DBE
:105C2000CAF80030DAF8043003F1FF33CAF8043060
:105C30003FF4F8AABC6C904614E0DAF800301A7809
:105C4000013318F80220002A3FF4ECAA0136CAF802
:105C50000030DAF80430B54203F1FF33CAF80430FB
:105C60003FF4E0AA002BE8DC51462046FEF7A0FEF8
:105C70000028E2D0B144FEF730BF4FF0000C07F12E
:105C80005403E646E346FFF701BB002307F1540245
:105C90007B629046FB623B62FFF747BB831C0DD0E3
:105CA000D8F800305D1C7FF47AABFFF790BBD9F8D1
:105CB0000030042B7FF495ABFFF796BBDAF8043085
:105CC000002B3FF738AB5146B86CFEF771FE002849
:105CD0003FF4AAABD946FE61D7F818B0002C3FF4C8
:105CE000AAABFEF73CBFBC683246396A2046C7F80B
:105CF0001880D046AA467D6801F040FDBB6928F4B3
:105D00002078013D044699463B6BBB61FFF787B99C
:105D10004FF0000CFFF7C4B8C246FEF720BF7B6C03
:105D2000022B40F27C82032B3FF49BA97B6C1E1F4D
:105D3000F6B2F5437E6426462544BC6C16F8011D78
:105D400052462046FEF7F6FDAE42F7D1344609F141
:105D5000FF397E6CA9EB0609FFF783B9A61B4B46FA
:105D6000D7F82C903EF404AF711C00228B422270B5
:105D700003D9BBF1000F40F0AD80B1443B6C01335F
:105D80003B643B6BFB62FEF7A8BEFB6A18F0020F98
:105D9000D3F800B000F08980CBE90056FFF792B944
:105DA000C7F84CB0FEF799BE4FF6F67188453FF63E
:105DB0001AA808F10808BB6B4FEA88011868FCF7BD
:105DC00039F800283FF40FA8BB6BA3F804801860D3
:105DD00053E50121A3E54FF6F671FA63786488452F
:105DE00000F2CE8108F10808BB6B4FEA8801186801
:105DF000FCF720F8002800F0C381BB6BFA6BA3F816
:105E0000048018607B6CFFF738BA4FF6F6739A423D
:105E100000F2B68102F10806BB6BB1001868FCF70E
:105E200009F8002800F0AC81BB6B9E801860FFF77A
:105E300072BA4FF6F67398453EF6D5AF08F10808EA
:105E4000BB6B4FEA88011868FBF7F4FF00283EF4AB
:105E5000CAAFBB6BA3F80480186095E4B17844F036
:105E600002040236FEF7B1BEB17844F008040236EF
:105E7000FEF7ABBE620700F1858014F0010240F02E
:105E80001581A30740F11281174BB96AB86C99428A
:105E90007B6B594600F0D18101F06EFD0B46FA6A2A
:105EA0001168C1E90003FFF7B6B90B46FBF7EAFD3D
:105EB000002875D128463146FBF78EFDCBF800004F
:105EC000FFF700B9286001F04BFE002840F05D812B
:105ED000B144F6E5FC6B2068FBF7ACFF00283FF40B
:105EE0004CAF206049E700BF857600104175001077
:105EF000660740F1D180A2F8009041E6191DDBF859
:105F00000000FBF797FF00283FF4D9A9CBF8000069
:105F1000FFF7D5B9DAF80030DFF89C831A7818F863
:105F2000022014073EF5D9AD0133012DCAF8003027
:105F3000DAF8043003F1FF33CAF8043000F081814D
:105F40000124BE6C13E0DAF800301A78013318F837
:105F50000220100713D40134CAF80030DAF80430F4
:105F6000A54203F1FF33CAF8043000F0A580002BEE
:105F7000E9DC51463046FEF71BFD0028E3D0A14482
:105F8000FEF7ABBDFB6A1B681880FFF744B9BB6B1B
:105F9000002B7EF428AF4FF0FF333B64FEF7F3BDD8
:105FA000C44801F0FBFDCBF80000FFF78BB80026DA
:105FB000A7E57E6CA34623467C6467E482B0CDE906
:105FC000023302ABBB63CAE53C690A230022B86C0A
:105FD000611C01F0B5FA7B69C21AC5E4FC6BFB6376
:105FE000FFF7D9BB5B46944696469346FE62FFF7A1
:105FF0004DB93B6BD7F820807B62FB623B62FFF7B9
:1060000094B9D946FE61D7F818B02646002C3FF463
:1060100012AA07F5B873BD6C1C19013E524614F85C
:10602000011D2846FEF786FC002EF6D1FFF703BAC5
:10603000012328F4F068FB6300233B63FEF7ECBF09
:10604000012328F4F0687B6400233B63FEF7E4BF80
:106050005146B86C3B63FEF7ABFC3B6B00283FF44A
:1060600050AC56E4C7F84CB0FEF7FEBE5146B86CD3
:10607000FEF79EFC00283FF449ADC7F81CB02B4644
:10608000D7F824B0D7F830E0D7F83CC07A6C002EAF
:106090007EF465ADFFF705B9E5070AD4A40708D576
:1060A0004FEAE971C2F80090516069E5FB6AFFF7B9
:1060B000B0B8C2F8009063E5A944FEF70EBDFB6AD4
:1060C000002A40F0C68053F804BB24063B6300F16D
:1060D000F580D846D7F844B05B46DC46C7F83CB0FC
:1060E00000269B46644601F089FBB0423EF437AD82
:1060F000DAE90032013A13F8011BCAF8042007F567
:10610000B872CAF80030731C915507F16806FA6935
:10611000032A02D13268042A06D008220021304620
:10612000FB62FEF7B1F8FB6A009607F5B8724146CC
:10613000B86CFB6201F0EAFC0246F861501C3EF4C8
:106140000EADFB6A002A40F0048199447B6C013D4E
:10615000002B40F00C81C8F80030A8EB0406BBEB24
:10616000A60F00F23781FB6B002B00F03381204635
:106170004FEACB01FBF75EFE0446002840F0248185
:106180004FF0FF333B64FEF7F3BCC7F81CB02B465F
:10619000D7F824B0D7F830E0D7F83CC07A6C002E9E
:1061A0003FF47FA807F5B871C7F84490FD63F04647
:1061B0008C19E146BD6C3A63013E524614F8011D4C
:1061C0002846FEF7B7FB002EF6D1CC46FB6BC64641
:1061D000D7F844903A6BFFF764B85C455E467EF6AC
:1061E000C7ACBD6C14F8011D52462846FEF7A2FB51
:1061F000B442F7D1FEF7BCBCD7F824B0FFF7BCB966
:106200005C455E467EF6B4ACBD6C14F8011D52468A
:106210002846FEF78FFBB442F7D1FEF7A9BC5C45D8
:106220007EF6A6AC5D4614F8011D5246B86CFEF72A
:1062300081FBAC42F7D1FEF79BBC01F065FC0B463D
:106240002DE609F10109FEF748BCD7F84CB0FFF77D
:10625000EAB93B6300239C469B4698463EE71C46B2
:10626000DAE900239D4202EB030152DDCAF8001077
:106270005146B86C1C44ED1AFEF79AFB0028EFD08B
:10628000002C3EF46CACA144FEF727BCCDF800A076
:106290002B4631460122B86CFEF7A6FB04460028C7
:1062A0003EF45DAC3B6CA144C7F82C8001333B64E9
:1062B000FEF713BC4891001059950010BBF1000F78
:1062C0003EF456AC8020FBF7A3FD804600283FF447
:1062D00057AFBB6BCBF80000DE889C88A64236D354
:1062E0004FF6F6739C423FF64BAF0834BB6BA100F0
:1062F0001868FBF79FFD00283FF442AFBB6B9C8002
:106300001860BB6BC44640F826B00136DE802023FF
:10631000E4E65B1B2A442C44CAF80430A144CAF8C2
:106320000020FEF7DABB1868FEF747BD8542B9D9F1
:1063300001463068FBF77EFD0028B3D03060B1E73E
:10634000BAF80C305B067EF515ACFEF74CBD18684C
:10635000D7E7FA69911C23D0032A994402D1336804
:10636000042B00D0013D7B6C002B3FF4F6AEDAF835
:1063700004300026002B19DD002D7FF4B4AE5B46FF
:10638000A446D7F83CB0A8EB0C01B3EBA10F02D99F
:10639000BBF1000F21D17B6C002B7FF4F2ACEDE45C
:1063A000DAF804201E46002A3FF79DAE5146B86C2D
:1063B000FEF7FEFA0028DFD05B46A446D7F83CB0D3
:1063C000002EE0D0FEF7CBBBFB6B00EB06084FEADC
:1063D0004B0B186008F10408C9E7DBF80000FBF775
:1063E00029FD0028D7D0CBF80000D4E770B50C7891
:1063F00084465E2C24D00023481C9E4600220CF5C7
:10640000807163F3070263F30F2263F3174263F3B0
:106410001F62634643F8042B8B42FBD174B18EF0AC
:106420000101451C0CF8041015F8013C2D2B0ED071
:106430005D2B0AD01BB11C462846F2E7013870BD1F
:106440000123881C4C789E46D8E7284670BD90F8FA
:1064500001E0BEF15D0F15D0744513DC661C0230FF
:106460000CEB060202F8011BA2EB0C03013B9E455C
:10647000F8DCAEEB04030235013B7445A8BF0023F2
:106480009C19D1E72D242846CBE700BF000000006F
:106490002DE9F04F88469FB00021834607920022E5
:1064A0001A910021CDE9041242461746199212F8BA
:1064B000019BB9F12D0F5FD801A151F829F000BF60
:1064C0000D6600107965001079650010796500107F
:1064D0007965001079650010796500107965001004
:1064E00079650010AB640010AB640010AB64001061
:1064F000AB640010AB640010796500107965001082
:1065000079650010796500107965001079650010D3
:1065100079650010796500107965001079650010C3
:1065200079650010796500107965001079650010B3
:1065300079650010796500107965001079650010A3
:10654000AB64001079650010796500107965001062
:106550007965001079650010796500107965001083
:106560007965001079650010796500107B6B00106B
:1065700079650010936B001000220892B9F1300F7A
:106580007ED000230A93A9F13003092B00F2348452
:10659000002538462E462C460130082C05EB850296
:1065A00004F1010406EB8601199090F80090CCBF2D
:1065B00003EB420503EB4106A9F13003092BEBD9AC
:1065C0000122A34901F09AF858BB199BA2460990F1
:1065D0005A1C19925B78A3F13002092A09D80130BC
:1065E00091461999002A40F0D4844B1C19934B789A
:1065F000F1E74FF0010923F02002452A40F0B7826D
:1066000044EA00030A9A134340F05082079B002695
:1066100000270BB1C3F80080304639461FB0BDE8F3
:10662000F08F29F0200200204B46A246452A8146E1
:10663000099000F03B820E90002C35D10A9A02435B
:1066400040F08382B9F1000FE0D1692B00F0CC84D7
:1066500000F31F83492B00F0C7844E2BD6D17D4910
:1066600019A801F0C7FE0028D0D0199B1B78282B51
:1066700000F08385784801F08BFA06460F4666E203
:106680007A7802F0DF02582A00F03F840137199728
:1066900097F80090B9F1300FF8D0B9F1000F00F081
:1066A000548201230A936EE7099ABAF1000F08BFDA
:1066B000A2460E9B102C3046A046A3EB0203A8BFB7
:1066C0004FF010080D93FBF7A7F9092C02460B4673
:1066D000CDE9042317DD614B03EBC80353E9122313
:1066E000FBF708F902460B462846CDE90423FBF7E1
:1066F00093F902460B46DDE90401FBF7D3F80F2CB2
:10670000CDE9040124DC0D9B002B00F0B5830D9B2B
:1067100040F3AD82162B40F38484C4F125030D9A17
:10672000934215DBC4F10F044C4D05EBC401DDE9C8
:106730000423D1E90001FBF7DDF80D9B1C1B05EBE1
:10674000C405D5E90023FBF7D5F806460F46FEE160
:10675000A4EB08030D9A9D18002D40F32B8215F031
:106760000F000AD03D4901EBC001DDE90423D1E966
:106770000001FBF7BFF8CDE9040135F00F034BD062
:10678000B3F59A7F00F35A84102B4FEA231540F398
:10679000B385DFF8DCE04FF0000C0A96F046E146E6
:1067A0007646DDE9042315F0010F1046194607D09F
:1067B000D8E90023FBF79EF84FF0010C02460B4688
:1067C0006D1009F1010908F10808012DEBD1B64659
:1067D0000A9EBCF1000F01D0CDE90423059B0EEB0E
:1067E000C901A3F154730593DDE90423D1E9000144
:1067F000FBF780F81A4B0A460B40CDE90401194912
:106800008B4200F21B8418498B4240F2C9844FF03E
:10681000FF32164BCDE9042300230C932346524646
:1068200039465846009601F077FF1590002800F091
:1068300005840E9A099B9B1A0D9A002A22EAE2729D
:10684000A8BF002314920E9300239A460993EBE00D
:10685000DC920010EC9200104891001040020110F0
:106860000000F07F0000A07C0000907CFFFFEF7F25
:1068700018020110D21A1F2AA4EB020400F37C8232
:106880000123002593401E46A0444C440C9BA14587
:1068900098444B46A8BF23464345A8BF4346002B18
:1068A00004DDE41AA8EB0308A9EB03090E9B002BF7
:1068B00000F30382002C00F319820D9B002B00F3E0
:1068C0004C82B8F1000F00F33C82B9F1000F08DDF3
:1068D00051464A46584602F005F98246002800F023
:1068E00039823A461A99584602F092F909900028DE
:1068F00000F03082099A0023D168D3600F9151468D
:1069000002F064F90028C0F27984DDF8149000F0F8
:10691000E7835146099802F023FB00224FF08043A1
:1069200004460D46FBF7E6F8002800F0B6810F9B01
:10693000002B40F02882049B002B40F01283C9F307
:106940001303002B40F09B820022954B20462946E2
:10695000FBF7BCF8002840F0BA830022914B204698
:106960002946FAF7C7FF0A460146109002F1004394
:10697000CDE912121193DFF834828B4B09EA080833
:106980009845DDE9104500F00A820C9B1BB3B8F175
:10699000D46F20D880A3D3E90023DDE91201FBF7EF
:1069A000A9F8A0B1DDE91201FBF75AF8012838BFB8
:1069B0000120FBF731F80F9BCDE91201002B40F0CD
:1069C000E38201F1004316901793DDE9164505F1C6
:1069D000D663A3EB0805DDE90A0102F0D9F9024606
:1069E0000B4620462946FAF785FFDDE90A23FAF728
:1069F00059FF0C46CDE904016C4B2340434503D1BC
:106A00000C9B002B00F05C821A99584601F028FE7E
:106A10003946584601F024FE5146584601F020FE02
:106A20000999584601F01CFE159C5846616801F012
:106A3000F1FD0746002800F08D81226904F10C0168
:106A40000C3002329200FDF779FD1CAB58460193E1
:106A50001BAB9DED047B009353EC172B8DED0A7B54
:106A600002F01EFA1A90002800F0498101215846D0
:106A700001F0FEFE8246002800F06C811B9B002B7B
:106A8000C0F259810E9ADDF8508003EB02090C9A8E
:106A90001C9C9B1A464A2344C4F13604013B934292
:106AA000FFF6E8AE012300251E46EDE6DDF8648022
:106AB00008F10103199398F801302B2B00F099810C
:106AC0002D2B57D14FF0010E08F10203199398F8BE
:106AD0000230A3F1300CBCF1090F00F24881199A81
:106AE000302B0C920BD1013219921378302BFAD043
:106AF000A3F131010C92082939D8A3F1300C0C9B79
:106B0000591C19915B78A3F13002092A00F28182A5
:106B100001310CEB8C0C199103EB4C0C0B78ACF1A4
:106B2000300CA3F13002092AF2D90C9A891A0829EB
:106B300040F36F8244F61F620E92BEF1000F3FF4E5
:106B40007BAD0E9A52420E9276E500260027079AF8
:106B50000AB1199B1360089B002B3FF45DAD07F150
:106B6000004330461F4639461FB0BDE8F08F002273
:106B70000E9261E54FF0000EABE7002208927A1CFE
:106B8000199297F80190B9F1000F3FF43FAD174605
:106B9000F4E401220892F2E70000C0FFFFFFDF41AA
:106BA0000000F03F0000E03F0000E07F0000F07FC9
:106BB00002FCFFFF3FF430AE6D4215F00F020AD029
:106BC000B74B03EBC203DDE90401D3E90023FAF775
:106BD000B5FECDE904012D113FF41EAE1F2D40DCA2
:106BE00015F01003DFF8D4824FF0000C18BF6A23B1
:106BF0000C93DDE9042315F0010F1046194607D068
:106C0000D8E90023FAF776FE4FF0010C02460B4656
:106C10006D1008F10808EED1BCF1000F01D0CDE9EC
:106C200004230C9BA3B1DDE90401C1F30A52C2F1B4
:106C30006B03002B0ADD1F2B40F382830020342BD3
:106C4000049040F3B8834FF05C7305936A230C9370
:106C500000220023DDE90401FAF726FF00283FF4B3
:106C6000DDAD222300260027CBF800306FE7163376
:106C7000FFF66EAD099B0E9A9A1A894B03EBC2037D
:106C8000DDE90401D3E90023FAF758FE06460F4672
:106C90005DE76E2B3FF4E3ACB8E4824B2046294617
:106CA0000022FAF727FE0F9BCDE91201002B71D1CC
:106CB00001F10043109011935DE651461A46584683
:106CC00001F0B6FE8246002844D001461A9A584682
:106CD00001F0FCFD00283DD00F9058461A9901F0B4
:106CE000BFFC0F9B002C1A937FF7E7AD22461A9941
:106CF000584601F0F7FE1A9000287FF4DEADB94641
:106D0000054622230026684FCBF800302946584616
:106D100001F0A6FC4946584601F0A2FC51465846EF
:106D200001F09EFC1599584601F09AFC09995846C5
:106D300001F096FC0BE7149ADDF83890A2EB0308FB
:106D4000A5E639464246584601F0CCFE07460028E3
:106D50007FF4BBADB9461A9DD3E73946149A58461D
:106D600001F066FE074600287FF4ABADF2E7002293
:106D7000CDF864800E925FE44C4AD31A012202FAE5
:106D800003F5164680E59FED427B8DED107B8DED82
:106D9000127BF0E59DED127B8DED107BEBE5A9F10B
:106DA0005473DFF804910593DDE904452046294634
:106DB00001F0EEFFDDE91023FAF79CFD2B46224699
:106DC000FAF770FD3A4B01EA09099945CDE904014A
:106DD00040F2D68003F15473DDE90A01994202D1F1
:106DE00006460136B6D04FF0FF33324CCDE90434BD
:106DF0000AE64FF0000E67E601222F49384600F000
:106E00007DFC824658B14FF0000A4B465546564627
:106E100050465446D146CDF824A0FFF7ECBB199953
:106E20004B1C19934B78302B40F04F818A1C104635
:106E3000199201320378302BF9D0401A0138A3F1AE
:106E40003102082A0FD8199F0026A3F13009012426
:106E5000431C39463546099306EB8606002009EBAC
:106E60004606FFF7C2BB00224FF001091646144642
:106E700015460992FFF7BFBBDDE9046767E69FEDA2
:106E8000067B8DED107B9FED027B8DED127B72E515
:106E9000000000000000F03F000000000000F0BF14
:106EA000400201100000E03F0000F07FE2FBFFFF26
:106EB000FFFF9F7CFFFFEF7FDC92001030950010FA
:106EC000DDE9125628463146FAF752FFFAF74AFE34
:106ED0000B46024631462846FAF7F8FC049D0F9E01
:106EE000C4F3130C04462E430D4656EA0C0326D178
:106EF000C0A3D3E90023FAF7E9FD00283FF484ADED
:106F0000B946DDE904671A9D00E7029319A9089BB9
:106F10005846AF4A01931AAB00931BAB00F09CFF9D
:106F200010F00F0504463FF410AE062D40F08A80A5
:106F30007B1C0022002600270892199307E69CA3D9
:106F4000D3E90023FAF7C2FD0028D9D1204629460B
:106F500099A3D3E90023FAF7F5FD00283FF454ADD7
:106F6000CEE7049B012B8AD1B9F1000F87D1B94636
:106F70001A9C2223254600260027CBF80030C5E6C0
:106F800001F15474059437E59DED127B8DED167B70
:106F90001BE5012840F33B8204EB000E0C900EF140
:106FA000FF3C02E0460064450BD0082C06EB86004F
:106FB00004F10104F6DD05EB8503102CD8BF5D005C
:106FC000F1E70C987446099BBCF1080F0344099340
:106FD0007FF742AF102C4FF00000DCBF05EB8505BA
:106FE00002EB4505FFF701BB7A4919A801F002FA47
:106FF00000283FF40BAB199B19A87749013B199363
:1070000001F0F8F910B9199B013319930026734F59
:107010009DE544F61F629445A8BF9446CDF838C05C
:107020008BE50D986E4901EBC001DDE90423D1E940
:107030000001FAF75FFC06460F4688E52223CBF8ED
:107040000030E3E71A9A3AB135211CA801F0B6FFE7
:1070500058461A9901F004FB013D1B9B042D00F2D8
:10706000D981DFE805F0032C291E030003F2334227
:107070001C9B04931D9B23F4801343EA0253059346
:10708000E20502D543F000430593544A1A40DDE976
:107090000467002A7FF45BADFDF75AF922230360F1
:1070A00055E54FF0FF326FF00043CDE90423E305CF
:1070B0007FF5E2AE059BE5E7484B0593F7E7DDE991
:1070C0001C121D9BCDE90412DAE75046B7E69FED8E
:1070D0003C7B8DED107B9FED3C7B8DED127B4AE47C
:1070E0004B460F98B646B946AC463E49C3F3130229
:1070F000DDE90A67002800F0B5808A4200F00A81C5
:10710000A5BB049A1EEA020F33D0304639460493D9
:1071100001F03EFE0C9B002B00F02581049BC3F385
:107120000A53C3F16B0CBCF1000F40F365812E4C88
:10713000002204EB0C53FAF7DDFB02460B46304607
:107140003946FAF7AFFB06460F4630463946274B1D
:107150000022FAF7CFFB214B06460F460B40002BCF
:107160007FF4D1AE2223CBF80030CCE61CEA030F2B
:10717000CBD10C9B002BE8D1C5E619A81CAA1C4951
:1071800001F052F905287FF475AA1D9B43F0FF43D7
:1071900043F4E00305931C9B0493DDE90467D6E404
:1071A00002F154730593FFF737BB00BFAFF30080C4
:1071B0009535A094FFFFDF3F35E5AF350000E03F98
:1071C000000000000000E0BF000000000000E03F01
:1071D0001C950010E0920010E49200100000F07F77
:1071E00040020110FFFF0F000000F03F0000503987
:1071F000089500109535A094FFFFCF3F0F9BB9462F
:10720000DDE90401DDE90A670343B2D1C1F31303E9
:10721000002BAED121F00044240D2405B4F1D66F2B
:107220002546A6D9099A536913B91369012BA0DD24
:1072300009990122584601F055FC5146099001F088
:10724000C5FC002895DD0C9BD3B1A5F580136FEA32
:1072500013536FEA035305934FF0FF330493DDE9B3
:10726000046772E7D2B9DDE904452246002C49D112
:107270000C9A002A40F08E8025F00044240D24054D
:10728000A4F580141A9D6FEA14536FEA0353059313
:107290004FF0FF330493DDE9046737E5ADBB049A93
:1072A0001EEA020F3FF465AF30463946049301F001
:1072B0006FFD0C9B002B00F08680049BC3F30A53E8
:1072C000C3F16B0CBCF1000F40F39E80524C0022C6
:1072D00004EB0C53FAF70EFB02460B4630463946D8
:1072E000FAF7F4FA0022002306460F46FAF7DCFB11
:1072F00000283FF42AAF3BE64FF00009DFF824E115
:10730000FFF76CBABCF1000FCAD01CEA030F3FF4C0
:1073100030AFC9E70C9A049CD2B1404A1A40B2F18E
:10732000D46F15D8100D4FF0FF31C0F16B008140C4
:107330008C4227D0002D62D01D423FF406AFE4E618
:107340004FF0FF3202FA03F3049A1A4004927DE4EC
:10735000621C12D0BCF1000F7FF408AF14EA0E0FCC
:107360003FF407AFD1E602460B4630463946FAF7FE
:1073700099FA1A9D06460F46C8E4294A934234D02A
:1073800001321A4002F58013059300230493DDE9CE
:107390000467EEE6214D1D40B5F1D66F3FF655AFBF
:1073A000B5F15C7F3FF6D1AE22231A9D002600275F
:1073B000CBF80030AAE4C2F14B024FF0FF33934008
:1073C0000B40059342E402460B4630463946FAF735
:1073D0007DFA1A9C0022002306460F462546FAF73E
:1073E00063FB00283FF492ACC3E522231A9D0026DC
:1073F0000A4FCBF8003089E402460B469FE614EAB8
:107400000E0F3FF4A2AE80E602460B4666E7A446A6
:107410000134D8E5002333E60000F03F0000F07FA0
:10742000FFFFEF7F18020110014BFFF731B800BFDB
:10743000980B00202DE9F04F82468E463F48754656
:107440001EF801BB10F80B4014F00804F7D1BBF193
:107450002D0F5BD0BBF12B0F6FF0004904BF9EF8DE
:1074600000B005F1020E33F0100010D1BBF1300F67
:1074700004D0002B5ED10A231F4609E09EF80000CD
:1074800000F0DF0058284ED0002B53D108231F46B0
:107490000025B9FBF7F6284607FB16980EE0ABF17E
:1074A000370C63451DDD002D04DB864202D321D15C
:1074B000E0451FDA4FF0FF351EF801BBABF1300C91
:1074C000BCF1090FEDD9ABF1410CBCF1190FE6D9B4
:1074D000ABF1610CBCF1190F03D8ABF1570C63454C
:1074E000E1DC6B1C0AD004B140420AB1CDB9116095
:1074F000BDE8F08F07FB00C00125DDE72223CAF8B5
:1075000000305AB10EF1FF314846F0E79EF800B066
:107510004FF0004905F1020E0124A4E74846BDE8FA
:10752000F08F8146EEE710239EF801B00EF1020EB7
:107530001F46ADE710231F46AAE700BF599500106C
:10754000242B03D8012B01D0FFF774BF10B5FCF733
:10755000FFFE16230360002010BD00BF2DE9F04799
:1075600080460C464548264614F801EB10F80EC03C
:107570001CF0080CF7D1BEF12D0F5BD0BEF12B0F24
:107580003AD0654633F010003ED04FF0FF379A46B0
:10759000B7FBF3F703FB07F96FEA0909002630464A
:1075A0000EE0AEF1370C63451DDD002E04DBB84262
:1075B00002D833D1CC4531DD4FF0FF3614F801EB62
:1075C000AEF1300CBCF1090FEDD9AEF1410CBCF1BC
:1075D000190FE6D9AEF1610CBCF1190F03D8AEF169
:1075E000570C6345E1DC731C1CD005B140420AB165
:1075F000F6B91160BDE8F08733F0100094F800E0B0
:10760000654606F10204C0D1BEF1300F17D06BBB46
:107610000A234FF005091A4F9A46BFE700FB0AC03C
:107620000126CBE722233046C8F80030002AE1D0FB
:10763000611EDEE794F800E00125B41CA2E7207883
:1076400000F0DF00582807D083B908234FF007095E
:107650006FF060479A46A1E7102394F801E04FF0DD
:107660000F0902346FF070479A4697E710234FF0E6
:107670000F096FF070479A4690E700BF59950010C8
:1076800099999919FFF76ABF2DE9F0410C46096BEA
:1076900004F14003994214D0666B77003A46FCF738
:1076A0008FFB054630B300EB0608014632464046E4
:1076B000FCF744FFC4F80080C4E90C570020BDE883
:1076C000F0814FF48061FCF7BDF898B194F8422046
:1076D0004FF48061206300F2FD33616380F8FF2383
:1076E00094F8412080F8FE2394F8402080F8FD2390
:1076F0002360E3E74FF0FF30E1E700BFCAB3844601
:107700000B4630B504460843800719D09CF80000AA
:107710000C78A04212D150B3012A28D0E64603E0EB
:107720001CEB030F23D010B31EF8010F11F8014F0B
:10773000A2EB0E03A04203F1FF33F1D0001B30BDDA
:10774000032A07D8E2E7043A11D01EF0803F0ED199
:10775000032A10D92068194653F8045BA446A0F107
:10776000013E0434A8422EEA000EECD0CEE7002001
:1077700030BD10467047A4461946C7E740EA0103EA
:107780009B0710B4044601D1032A1CD801F1FF3C29
:1077900007E01CF8011F501E03F8011B41B102460F
:1077A0001C462346002AF4D120465DF8044B70475E
:1077B000F8B1A01803F8011B8342FBD1002CF3D1D0
:1077C0005DF8044B70478C4604E0043A44F8040B1F
:1077D000032A0CD9DCF8000061460CF1040CA0F17E
:1077E000013323EA000313F0803FEED0CEE7614679
:1077F000CCE71846002CD7D1E2E700BF014B93F845
:1078000028017047980B002000487047880C002022
:107810002DE9F04F924685B089461E460D46554AE1
:107820000390294615F8014B135D13F00803F8D1B6
:107830002D2C7CD02B2C4ED04FF0FF3102936FF0CB
:107840000043CDE9001336F0100851D037464FEA17
:10785000E6783A464346DDE9000101F021FC0023C9
:1078600083468E4618461946A44613E0ACF1370409
:10787000A6421FDD002B09DB83457EEB010305D308
:107880008E4508BF83453BD1A24239DA4FF0FF3322
:1078900015F801CBACF13004092CE9D9ACF1410465
:1078A000192CE3D9ACF16104192C03D8ACF15704BD
:1078B000A642DFDC5A1C2FD0029A12B1404261EB83
:1078C0004101BAF1000F03D0002B48D1CAF8009053
:1078D00005B0BDE8F08F4FF0FF30029336F010088E
:1078E0006FF000432C7801F10205CDE90003ADD122
:1078F000302C25D0002E3AD10A27B0463E46A8E7C4
:1079000000FB08F307FB0133A0FB07010B44201821
:1079100043EBE4710123BBE72223039A1360BAF11E
:10792000000F17D005F1FF39DDE90001CEE74FF078
:107930000047009301232C788D1CCDE9017382E769
:107940002B7803F0DF03582B0CD086B90827B046FC
:107950003E467EE7DDE9000105B0BDE8F08FCDE9E8
:107960000001DFE710276C7802353E4671E71027EB
:107970003E466EE759950010FFF74ABF2DE9F04FDC
:1079800085B08B461E460D4601925D4A03902946FE
:1079900015F8014B135D13F00803F8D12D2C00F0FE
:1079A00082802B2C51D0029336F0100A54D04FEA2B
:1079B000E67A32464FF0FF304FF0FF315346B14682
:1079C00001F06EFB32460746884653464FF0FF30C3
:1079D0004FF0FF3101F064FB94460022104611463F
:1079E00013E0A4F137039E421FDD002A09DB874222
:1079F00078EB010205D3414508BFB8423BD163454E
:107A000039DD4FF0FF3215F8014BA4F13003092B9B
:107A1000E9D9A4F14103192BE3D9A4F16103192B8E
:107A200003D8A4F157039E42DFDC531C30D0029BE5
:107A300013B1404261EB4101019B1BB182BB019B31
:107A4000C3F800B005B0BDE8F08F36F0100A2C780E
:107A5000029301F10205AAD1302C29D0002E44D185
:107A60004FF00A09B2464FF0050C4FF09937DFF896
:107A700094804E46B1E709FB01F100FB0A11A9FB16
:107A80000002114418184FF0010241EBE371BAE70C
:107A90002223039910460B601146019B002BD1D085
:107AA00005F1FF3BCBE701232C788D1C02937BE78C
:107AB0002B7803F0DF03582B0BD0B6B94FF0080931
:107AC000B2464FF0070C4FF0FF376FF060484E465C
:107AD00083E74FF010096C784FF00F0C02354FF030
:107AE000FF376FF070484E4677E74FF010094FF0C0
:107AF0000F0C4FF0FF376FF070484E466DE700BF38
:107B00005995001099999919FFF738BF70B582B04F
:107B10000446069D55B11048D0F8E4606AB120468D
:107B20000095B047431C10D002B070BD00F1F405C1
:107B30000948D0F8E460002AF1D10123114620461B
:107B4000064A0095B047431CEED100228A232A60E2
:107B5000236002B070BD00BF980B00204891001058
:107B6000002100F001B800BF10B500F0C1F80446D4
:107B700000F0F0F8A0F11A03DBB2022B01D80120CB
:107B800010BDA4F1090004288CBF0020012010BD05
:107B900000200149704700BF0000F87F004870478F
:107BA0000000C07F0229C0F307235FFA80FC25D0C4
:107BB000032903D083F080038CF0800C03F1500282
:107BC000D2B21F2A0BD903F13002D2B2242A3BD8F9
:107BD0004FF2A64290422CD94FF0FF3070474CF63E
:107BE000D3729042F8D8B03BACF1A10C384AC3EB49
:107BF000C3130CEB430332F813007047BCF19E0F24
:107C000011D90CF1230C80225FFA8CFC9F2B94BFBE
:107C1000703B503302EB4302D3B203F15002D2B2B5
:107C20001F2AD0D8DBE7ACF17E0C7F225FFA8CFCF8
:107C3000ECE7D03BACF1A10C264AC3EBC3130CEB31
:107C4000430332F813007047A13B072BC4D8DFE889
:107C500003F0382E241D17120D04BCF1C00FBBD841
:107C60001D4AACF1A10332F813007047BCF1F10FCB
:107C7000B2D81A4A1CE0BCF1D80FADD8184A17E0A8
:107C8000BCF1F60FA8D80CF540507047BCF1F30FCB
:107C9000A2D842F6A07060447047124B634413F8B8
:107CA000A13C002B98D04FF66060604470470E4AAC
:107CB000ACF1A10332F81300002808BF4FF0FF30E9
:107CC00070470A4AACF1A10332F81300704700BFB5
:107CD000D8B000105C96001004C8001044C8001012
:107CE000E8C8001058C90010B4C9001070CA0010CC
:107CF00038B50546B9B101F5957412492046FCF72F
:107D00003BFB28B928460121BDE83840FFF74ABFB0
:107D10000D492046FCF730FB38B928460221BDE862
:107D20003840FFF73FBF094CE7E709492046FCF719
:107D300023FB28B928460321BDE83840FFF732BFAE
:107D4000284638BD3493001038930010C20C002030
:107D500040930010154B984226D840F6F90C70B5A8
:107D60004FF0000E124D03E004F1010EF44519DB53
:107D70001CEB0E0248BF013222F00103541003EB4A
:107D8000620305EB43015B004A784E88898842EA2A
:107D9000062211448842E7D8904204F1FF3CE5D323
:107DA000E85C70BDFF2070BDFF207047EF010E0042
:107DB0002CCB00102DE9F0410469B4EB611F05DC08
:107DC0000023036100234361BDE8F08100F1140545
:107DD0004E1111F01F0C05EB840E05EB860321D02C
:107DE000043355F82610CCF120089E4521FA0CF1F9
:107DF0002DD92F461A6802FA08F20A4347F8042BD5
:107E000053F8041B9E4521FA0CF1F3D8A31B9B00E9
:107E1000053B9B08013305EB830445F8231071B142
:107E200004340CE09E45CBD900F1100253F8041B3A
:107E30009E4542F8041FF9D8A41B05EB8404631B7C
:107E4000AC424FEAA3030361BCD0BDE8F0814161BD
:107E50000029B5D02C46E3E72DE9F04F8A4685B0DE
:107E6000096803938B78302BCDE9002040F0EE8138
:107E7000CA1C137814460132302BFAD0A4EB010946
:107E8000A9F10209DFF8108318F80330002B00F085
:107E9000D3802378002718F803303D46002B00F0EC
:107EA0006D81264616F8013F18F80330002BF9D1F2
:107EB0000122B8493046FFF721FC8346002843D011
:107EC0003278002D00F0A381AB1B4FEA830B02F048
:107ED000DF023546502A43D0CAF80060002F54D143
:107EE0002A1B3946013A072A03DD52100131072ABD
:107EF000FBDC019800F08EFB8246002800F06A82CD
:107F000000F11406A542029640F2CC810027B94642
:107F10000CE03A4604372B78AC4218F8033003F0F3
:107F20000F0303FA02F349EA030940D015F8013DB3
:107F30002E2B01D1AC4231D9202FEAD1002246F8B4
:107F4000049B04279146E6E7002D00F0708132780B
:107F5000AB1B354602F0DF024FEA830B502ABBD140
:107F60006A782B2A00F051812D2A40F0C58001202B
:107F7000AA78AE1C18F802104A1E182A40F2C480D3
:107F80002E46CAF80060002FAAD0B9F1000F0CBF2E
:107F900006250025284605B0BDE8F08F01227D4961
:107FA0002846FFF7ABFB0028C6D1AC42BED1029BEE
:107FB000484646F8049BF61AB610CAF810607601D7
:107FC00000F002FC009B361A1C68A64277DCC0F267
:107FD00020810027009B9A685A45C0F25881009B77
:107FE0005A685A454BDDA2EB0B0B5C4500F3A780AA
:107FF000DB68022B00F0F980032B00F06A81012B73
:1080000040F0F7805C4540F0F480012C08D0611E00
:10801000504601F001F8002800F0EB80009B5A6800
:108020000399012362250A60029ACAF8103013608E
:108030000E9BC3F800A0ADE7012256492046FFF78A
:108040005DFB0746002840F09B806378651C18F8AC
:108050000320002A00F09680302B2C4640F044810B
:1080600014F8013F302BFBD018F803304FF0010912
:10807000B3FA83F77F09002B7FF413AF7EE001256D
:108080009FB1009BDA68022A00F08880032A00F082
:108090008980012A07D1B90705D5029B1A681743C1
:1080A000FA0700F1838045F010050E9B2846C3F8BF
:1080B00000A0039BC3F800B005B0BDE8F08F361BED
:1080C0005046314600F0A8FF074678B1711E029B6A
:1080D00001274A1153F8220001F01F0207FA02F2A9
:1080E000024203D0B94200F3E780022731465046EE
:1080F000B344FFF75FFE6DE718F802106E1C002016
:108100004A1E182A3FF63CAF72781039013618F82B
:10811000022002F1FF3CBCF1180F0CD801EB8101E9
:1081200016F8013F02EB4102A2F1100118F80320FA
:10813000531E182BF2D900B149428B44CCE60BF107
:10814000FF36002F40F0AC80002E40F0AF8073115E
:10815000029A06F01F06594652F823200123504682
:10816000A4EB0B04B3400225134218BF47F00207EB
:10817000FFF720FE009BD3F804B081E7264697E680
:108180002378254603F0DF03502B00F09E80CAF8C9
:108190000050FAE6DC920010080101100F9BC3F1B9
:1081A00001030F930F9B002B3FF47DAF029B002632
:1081B000DAF8107098461A464FEA870903EB8700F1
:1081C00003E0904242F8046C44D9944652F8041BF0
:1081D0004B1CF6D00131022DCCF800107DD014F0EC
:1081E0001F0440F0AB8021255FE70F9B002B3FF47D
:1081F00017AF50250198514600F032FA00230E9A2D
:108200002846136005B0BDE8F08F0020B0E6AB460D
:108210005DE6A61B5146019800273246ABEB060BE4
:1082200000F060FC00F1140382460293D2E67278FB
:10823000751C18F802102E4600293FF448AE16F8B7
:10824000012F18F80230002BF9D13DE68C1C4FF0BD
:10825000000917E6DAF80820974248DA7A1C01216B
:108260000AEB8707022DCAF81020DDF80880796133
:1082700033D0002A6FDC0022CAF810200022CAF88E
:108280001420009B0BF1010B9A685A45ABDA51465A
:10829000019800F0E5F900230E9AA325136079E612
:1082A000012754E7029E4FF0000980E63146504610
:1082B00000F0B2FE07464AE7B11E504600F0ACFEA1
:1082C00000283FF412AF032710E74FF0000B0127FF
:1082D00046E60F9B002B8CD0A2E6009B1A68013A61
:1082E000A24263D02225E0E64FF00109D9E5DAF891
:1082F00004100198013100F08DF9064600286FD076
:10830000DAF810200AF10C010C3006F114080232E0
:108310009200FCF713F951460198B24600F0A0F91B
:1083200031690120022D01EB000206EB810132616F
:108330004861D2D09742BFF652AF9AE7C144C4F128
:10834000200459F8040C00F03FFAA042BFF64BAFEE
:10835000DAF810208DE708EB82000AF11804DAF849
:108360001420A0424FEA52022CD94546236842EA23
:10837000C37245F8042B54F8042BA0424FEA520272
:10838000F4D8A0EB0A0119398908013148F82120F5
:1083900008EB810102B10431A1EB080241454FEA2B
:1083A000A202CAF810207FF46CAF67E7621104F0F4
:1083B0001F0458F822100122A2400A4214BF2125AE
:1083C000222572E6C8F800200AB14146E3E7CAF860
:1083D000102053E70246054BE4210548FBF78CF8D3
:1083E0000246024B84210248FBF786F848930010AE
:1083F0005C93001010B504688646013409E014F857
:10840000013BA3F1410CBCF1190F98BF20339342FB
:1084100007D111F8012B002AF1D10120CEF800403C
:1084200010BD002010BD00BF09682DE9F04F4B11B1
:1084300085B011F01F01044602EB8303029140F066
:108440009A80181F19462568002641F8046C0135EA
:108450002B78002B00F0A780B44601910646864693
:10846000DFF88081E1466746E346AA460146039469
:1084700018F8030000285CD1202B00F28E804F45B5
:1084800020DD76451AD9BCF1070F17DCCCF10804C2
:10849000DEF800307046CDF800E0A400C4F1200CF6
:1084A000A646446804FA0CF51D4324FA0EF3056051
:1084B00040F8043F8642F4D8DDF800E0724551D31D
:1084C0004FF0080C1AF8013F002BD1D10846019952
:1084D000002F68D0B64502D2BCF1070F67DD7245A8
:1084E0004CD2141F734653F8045B834244F8045F74
:1084F000F9D9A0EB0E03441C0EF1010E23F0030387
:108500000433A64588BF04230024134443F8044BD6
:108510008342FBD951F8044C1CB106E050F8043DED
:108520001BB98242FAD101230360052005B0BDE8E2
:10853000F08F0CF1010C0137BCF1080F08DCDEF8FC
:1085400000301B0100F00F001843CEF80000B9E71F
:108550007245B7D24EF804BC0023AEF1040E4FF0C2
:10856000010CEFE7AEF104064EF804BCB9464FF03B
:10857000000CB646A6E7191D184664E7029B51F8A1
:10858000044C002BC8D0C3F120034FF0FF3525FA6F
:1085900003F31C4041F8044CBEE7292B084655461E
:1085A0000199039C1BD0042005B0BDE8F08FCCF1ED
:1085B0000803DEF8004077469B002546C3F12008FB
:1085C0009C467B6803FA08F42C4323FA0CF53C60C4
:1085D00047F8045FBE42F4D8724582D3CEE7013536
:1085E000256075E70801011082B049B15AB16BB13D
:1085F00013780B601278101E18BF012002B070476C
:1086000001A9002AF3D1104602B070476FF00100B3
:10861000F4E700BF38B5436C05460C464BB153F840
:10862000240080B1026843F824200023C0E903330A
:1086300038BD21220421FBF7BDF8034668640028F9
:10864000EDD1002038BD0121284601FA04F56A1D4C
:108650009200FBF7AFF80028F3D0C0E90145E4E74A
:1086600031B1436C4A6853F82200086043F8221085
:10867000704700BF2DE9F04107460E461C460D69C4
:1086800001F1140E0020DEF8001001308BB285429B
:108690004FEA114102FB03434FEA134C9BB202FB2A
:1086A00001CC03EB0C434FEA1C444EF8043BEADCDC
:1086B0003CB1B368AB4207DD06EB850301355C6175
:1086C00035613046BDE8F081716838460131FFF709
:1086D000A1FF8046A8B1326906F10C010C300232CC
:1086E0009200FBF72BFF7B6C726853F8221031600D
:1086F00043F82260464606EB850301355C6135612F
:10870000DFE70246024BBA210248FAF7F5FE00BF46
:1087100048930010C89300102DE9F8431E461746F1
:108720000833264A0C46092E82FB03124FEAE373F4
:108730000546C3EB620338DD4FF0010C00214FEA20
:108740004C0C01316345FADC2846FFF763FF014614
:1087500068B3089B092F43614FF00103036112DCEA
:108760000A340927BE420BDDF61B264414F8013BF0
:108770000A222846303BFFF77DFFB4420146F5D17F
:108780000846BDE8F88304F109093C44C84618F8D6
:10879000013B0A222846303BFFF76CFFA04501460B
:1087A000F5D1A7F108044C44DCE70021CCE70246F0
:1087B000034BD3210348FAF79FFE00BF398EE338FD
:1087C00048930010C8930010B0F5803F034618D2BC
:1087D00003041020B3F1807F01D208301B02B3F1F3
:1087E000805F01D204301B01B3F1804F03D3002B13
:1087F00006DB013070479B0005D45B0005D42020C8
:1088000070470020E6E7023070470330704700BF32
:108810000368014613F0070207D0DA071FD4980750
:1088200021D55B0801200B60704798B2A0B11046BB
:10883000DAB20AB908301B0A1A0701D104301B0941
:108840009A0701D102309B08DA0703D45B0800F1D4
:10885000010006D00B6070471B0C1020E8E70020D9
:108860007047202070479B0802200B60704700BFB4
:1088700038B5436C04460D464BB15868B0B1026838
:108880005A60002201234561C0E9032338BD21223B
:108890000421FAF78FFF034660640028EDD1094BED
:1088A000002240F245110848FAF726FE1C22012159
:1088B0002046FAF77FFF0028F1D001220223C0E909
:1088C0000123DEE748930010C89300102DE9F04F14
:1088D000D1F8108085B015690E469246A84505DB93
:1088E0002A46534645468A4690461E4605EB0804EE
:1088F000DAE90113A342B8BF0131FFF78BFE00286C
:1089000000F08B8000F1140707EB840E774505D249
:108910003B46002243F8042B9E45FBD814360AF14F
:10892000140906EB880809EB8505464568D2A5EBD6
:108930000A030AF1150ACDF808E0AE46153B039488
:1089400023F00303043355452CBF9B464FF0040B23
:10895000824605E0090C2CD1B04507F104074CD93B
:1089600056F8041B8DB2002DF4D0CC463C460023B3
:1089700001965CF8040B216886B2E6458AB24FEA9C
:10898000104005FB06224FEA11411A4405FB001175
:1089900001EB124192B24FEA114342EA014244F81C
:1089A000042BE6D8019E47F80B3056F8041C090C3E
:1089B000D2D03B68002248463D461C469446028879
:1089C0009BB201FB02C202EB144243EA024345F8A8
:1089D000043B50F8043B2C684FEA134C7045A3B29B
:1089E00001FB0C3303EB12434FEA134CE7D3B045C2
:1089F00047F80B3007F10407B2D85046DDE902E42E
:108A0000002C02DC05E0013C03D05EF8043D002BA5
:108A1000F9D0046105B0BDE8F08F0246024B4FF477
:108A2000B1710248FAF768FD48930010C89300102E
:108A300012F003032DE9F041144607462CD10D46F0
:108A4000A4101CD03E6C86B3E3074FF0000806D498
:108A5000641014D03068A8B10646E307F8D5324652
:108A600029463846FFF732FF35B17B6C696853F809
:108A700021202A6043F8215064100546EAD1284697
:108A8000BDE8F081324631463846FFF71FFF3060BF
:108A90000646C0F80080E0E7013B0F4A52F8232069
:108AA0000023FFF7E7FD0546CAE701213846FFF737
:108AB000B1FD064640B1012340F27122C0E9043203
:108AC000002338640360BFE70246044B40F24511BF
:108AD0000348FAF711FD00BF080201104893001087
:108AE000C89300102DE9F0470C46904606464FEA21
:108AF00062192769A36807EB621749687D1C9D42CC
:108B000003DD5B0001319D42FBDC3046FFF782FD57
:108B1000002850D0B9F1000F00F1140C0EDD09F15E
:108B20000502634600214FEA820E00EB820243F801
:108B3000041B9342FBD1AEF114039C4404F11403D3
:108B4000216918F01F0803EB81012BD0C8F120091F
:108B5000E6464FF0000A1A6802FA08F242EA0A02F0
:108B60004EF8042B53F8042B994222FA09FAF2D852
:108B70000B1B04F11502153B23F003030433914250
:108B800038BF04234CF803A0BAF1000F00D13D46D2
:108B9000736C6268056153F82210216043F822402B
:108BA000BDE8F087ACF1040C53F8042B99424CF863
:108BB000042FF9D8EBE70246024B4FF4EF7102485D
:108BC000FAF79AFC48930010C893001084460B698A
:108BD0000069C01A16D10CF1140C14310CEB83028D
:108BE00001EB830310B401E0944508D252F8044D20
:108BF00053F8041D8C42F7D005D24FF0FF305DF8DA
:108C0000044B7047704701205DF8044B704700BF6C
:108C10002DE9F04F15460A6983B088462B69D21AB0
:108C2000002A40F08B8001F1140605F1140101EBDC
:108C3000830106EB830302E09E4280F0828053F8BA
:108C4000044D51F8042D9442F6D078D32B460024DD
:108C5000454698466968FFF7DDFC002800F08C80E7
:108C60002E6905F1140B08F1140ED8F8103000F13C
:108C7000140A05F110020EEB83094FF0000C0BEB08
:108C800086015746C460CDF804B05EF8044B52F834
:108C9000045F1FFA84FBF145ABB24FEA1444A3EB27
:108CA0000B03C4EB1544634404EB23449BB24FEA2B
:108CB000244C43EA044347F8043BE6D8A9EB0804F4
:108CC00008F11508DDF804B0C145A4F1150434BF5E
:108CD0004FF000084FF00108A408B8F1000F04F1AC
:108CE00001024FEA820208BF04220BEB0205524444
:108CF000A94231D917462C4654F8043B1FFA83F891
:108D0000A1424FEA134E6344C4449BB20EEB2C4C79
:108D100043EA0C434FEA2C4C47F8043BECD80139AA
:108D2000491B21F003010A4423B952F8043D013ED6
:108D3000002BFAD0066103B0BDE8F08F86DA01247B
:108D400088E70021FFF766FC78B101220023C0E923
:108D5000042303B0BDE8F08FB8F1000F4FEA84049C
:108D600008BF00240AEB0402DEE70246064B40F28D
:108D700037210648FAF7C0FB0246034B40F2452173
:108D80000248FAF7B9FB00BF48930010C8930010DF
:108D9000114B0B40A3F15073002B03DD0022194649
:108DA000104670475B42B3F1A07F4FEA235106DAC9
:108DB0004FF4002300220B41104619467047143926
:108DC0001E2904DD012200231046194670474FF08A
:108DD0000042CA40F7E700BF0000F07F2DE9F041F4
:108DE000026900F1140707EB820252F8046CA2F149
:108DF00004083046FFF7E8FCC0F120030A280B60A6
:108E000035DD4745A0F10B011BD252F8083C31B3C8
:108E1000C1F1200C8E40A2F1080023FA0CF48B4023
:108E2000874246EA040646F07F5545F440151AD2BB
:108E300052F80C2C294622FA0CF213431846BDE8CE
:108E4000F0810B280AD006FA01F1002341F07F558A
:108E5000184645F440152946BDE8F081002346F048
:108E60007F5545F4401518462946BDE8F081C0F10C
:108E70000B03474526FA03F141F07F5545F44015B1
:108E800009D3002200F11503294606FA03F3134320
:108E90001846BDE8F08152F8082CDA40F2E700BF2E
:108EA000F0B5012183B016461F46FFF7B3FB054618
:108EB000002849D0C7F30A54C7F313030CB143F495
:108EC0008013002E019315D101A8FFF7A1FC019991
:108ED000012200F1200369612A611CB3A4F233442A
:108EE000C3F135001C44089B1C60099B1860284690
:108EF00003B0F0BD68460096FFF78AFC019A03466E
:108F000000B3C0F1200102FA01F1C24000980192C1
:108F10000143002AC5E905120CBF012202222A6181
:108F2000002CDBD1A3F23243089805EB82010360E9
:108F30000869FFF749FC099BC0EB421018602846FE
:108F400003B0F0BD0099E4E70246034B40F20F3155
:108F50000248FAF7D1FA00BF48930010C8930010F6
:108F60002DE9F04383B0884681466946FFF736FF16
:108F700004460D46404601A9FFF730FFD9F81030EE
:108F8000D8F81020A3EB020CDDE900329B1A03EBAA
:108F90004C13002B0BDD05EB03573D4602460B46F9
:108FA00020462946F8F7CAFC03B0BDE8F083C3EBBE
:108FB000033301EB03594946F0E700BF013902F1E1
:108FC00014034FEA611C116903EB81010CF1010CE0
:108FD0008B4200EB8C0C16D210B5A0F1040E53F8A6
:108FE000044B99424EF8044FF9D88B1A153B23F0E5
:108FF000030304331844844504D9002340F8043B98
:109000008445FBD810BD844505D9002340F8043BB6
:109010008445FBD87047704703694A111430934266
:1090200009DA00EB830302E053F8042DAAB9834266
:10903000FAD80020704700EB8203F8DD11F01F0121
:10904000F5D010B450F8224024FA01F28A4094423C
:1090500009D001205DF8044B70470120704753F898
:10906000042D002AF5D18342F9D800205DF8044B85
:10907000704700BF034649B1FF2A02D801200A7099
:1090800070478A224FF0FF301A60704708467047D9
:109090005FF800F0150200205FF800F0A901002041
:1090A0005FF800F0FD0200205FF800F05D02002094
:1090B000F5160010691600109D1600108517001097
:1090C000D5160010ED1500101D170010D915001051
:1090D0002D0B001021170010C90E001039160010BA
:1090E00009170010B9160010310A0010590A0010B3
:1090F000206F6B0D0A000000206572726F723A20BB
:10910000636F6D616E646F20646573636F6E6F6310
:1091100069646F0D0A0000000D0A55415254206C1D
:10912000697374613A206E6F6D696E616C3D25756F
:10913000207265616C3D2575206572726F723D25E8
:109140006C642070706D0D0A00000000676574206B
:1091500073746174730000006F76657272756E735C
:109160003D256C75206672616D696E675F65727210
:109170006F72733D256C75206465736361727461F1
:10918000646F733D256C750D0A00000073657420D3
:109190006C6564206F6E0000736574206C656420DC
:1091A0006F66660073657420706572696F646F2006
:1091B00025752025630000005B256C752075735DA7
:1091C0002074617265615F6C6F67206C65643D251A
:1091D0007320706572696F646F3D256C75206D73C7
:1091E0000D0A00000A2A2A2A2050414E4943202A0B
:1091F0002A2A0A00486172647761726520616C6195
:10920000726D20256420616C726561647920636CE5
:1092100061696D6564000000486172642061737368
:10922000657274004F7574206F66206D656D6F7286
:109230007900000052656C6561736500626F6F7440
:10924000325F77323571303830000000302E310017
:10925000322E332E310000007069636F320000003F
:109260005345315F50365F4551335F554E4F0000D7
:10927000536570203136203230323600666E692BED
:1092800000000000666E69006E616E00666E692DFA
:10929000000000002C2066756E6374696F6E3A20C2
:1092A00000000000617373657274696F6E2022257F
:1092B0007322206661696C65643A2066696C65207A
:1092C000222573222C206C696E6520256425732568
:1092D000730A000065256C64000000002E00000089
:1092E0006E660000696E697479000000616E0000AE
:1092F0004C435F434F4C4C41544500004C435F434B
:1093000054595045000000004C435F4D4F4E4554AA
:10931000415259004C435F4E554D45524943000060
:109320004C435F54494D45004C435F4D45535341B9
:10933000474553004A495300534A4953000000002F
:109340004555434A5000000042616C6C6F632073C6
:109350007563636565646564000000002F566F6C7B
:10936000756D65732F646174612F6A656E6B696ECC
:10937000732F776F726B73706163652F474E552D36
:10938000746F6F6C636861696E2F61726D2D31331C
:109390002F7372632F6E65776C69622D63796777BF
:1093A000696E2F6E65776C69622F6C6962632F73CB
:1093B00074646C69622F6764746F612D676574688B
:1093C00065782E63000000002F566F6C756D657315
:1093D0002F646174612F6A656E6B696E732F776F8E
:1093E000726B73706163652F474E552D746F6F6C90
:1093F000636861696E2F61726D2D31332F737263F3
:109400002F6E65776C69622D63796777696E2F6E51
:1094100065776C69622F6C6962632F7374646C6921
:10942000622F6D707265632E63000000060052505B
:10943000D3F075423492001006005250E182887FCA
:109440003C920010060052503ABCA9114C920010F8
:1094500006005250ABB360535092001006005250B9
:10946000BBFF3CB65892001006005250861C030207
:1094700060920010060052505422A29D709200107B
:1094800005005250DE65F468400F01100000000036
:10949000000000000000F03F000000000000244039
:1094A00000000000000059400000000000408F4014
:1094B000000000000088C34000000000006AF8407F
:1094C0000000000080842E4100000000D0126341A3
:1094D0000000000084D797410000000065CDCD4119
:1094E0000D0A00000A00010002000300040005004C
:1094F00006000700080009000A000B000C000D0020
:109500000E000F001000000034000000CEFBFFFF33
:10951000CB03000001000000000000003500000047
:10952000CEFBFFFFCB0300000100000000000000A5
:10953000BC89D897B2D29C3C33A7A8D523F6493929
:109540003DA7F444FD0FA5329D978CCF08BA5B254B
:10955000436FAC64280668110020202020202020C2
:1095600020202828282828202020202020202020D3
:1095700020202020202020202088101010101010E3
:10958000101010101010101010040404040404042F
:1095900004040410101010101010414141414141C9
:1095A00001010101010101010101010101010101AB
:1095B00001010101101010101010424242424242BB
:1095C000020202020202020202020202020202027B
:1095D0000202020210101010200000000000000023
:1095E000000000000000000000000000000000007B
:1095F000000000000000000000000000000000006B
:10960000000000000000000000000000000000005A
:10961000000000000000000000000000000000004A
:10962000000000000000000000000000000000003A
:10963000000000000000000000000000000000002A
:10964000000000000000000000000000000000001A
:109650000000000000000000000000000C5F104E41
:10966000154E2A4E314E364E3C4E3F4E424E564ED1
:10967000584E824E854E6B8C8A4E12820D5F8E4EF6
:109680009E4E9F4EA04EA24EB04EB34EB64ECE4E04
:10969000CD4EC44EC64EC24ED74EDE4EED4EDF4EC0
:1096A000F74E094F5A4F304F5B4F5D4F574F474F63
:1096B000764F884F8F4F984F7B4F694F704F914F28
:1096C0006F4F864F964F1851D44FDF4FCE4FD84F24
:1096D000DB4FD14FDA4FD04FE44FE54F1A502850AF
:1096E00014502A50255005501C4FF64F2150295038
:1096F0002C50FE4FEF4F1150065043504750036718
:109700005550505048505A5056506C5078508050D8
:109710009A508550B450B250C950CA50B350C2503C
:10972000D650DE50E550ED50E350EE50F950F55074
:109730000951015102511651155114511A5121511B
:109740003A5137513C513B513F51405152514C518C
:1097500054516251F87A69516A516E518051825167
:10976000D8568C5189518F519151935195519651A1
:10977000A451A651A251A951AA51AB51B351B15113
:10978000B251B051B551BD51C551C951DB51E05134
:109790005586E951ED51F051F551FE5104520B52ED
:1097A00014520E5227522A522E52335239524F52CD
:1097B00044524B524C525E5254526A527452695245
:1097C00073527F527D528D529452925271528852EE
:1097D0009152A88FA78FAC52AD52BC52B552C15214
:1097E000CD52D752DE52E352E652ED98E052F35298
:1097F000F552F852F9520653085338750D53105369
:109800000F5315531A5323532F5331533353385394
:10981000405346534553174E49534D53D6515E530B
:1098200069536E5318597B53775382539653A05301
:10983000A653A553AE53B053B653C353127CD99617
:10984000DF53FC66EE71EE53E853ED53FA530154C7
:109850003D5440542C542D543C542E5436542954C9
:109860001D544E548F5475548E545F547154775414
:10987000705492547B54805476548454905486543B
:10988000C754A254B854A554AC54C454C854A85492
:10989000AB54C254A454BE54BC54D854E554E654FA
:1098A0000F551455FD54EE54ED54FA54E254395505
:1098B000405563554C552E555C5545555655575595
:1098C000385533555D5599558055AF548A559F5538
:1098D0007B557E5598559E55AE557C558355A9555B
:1098E0008755A855DA55C555DF55C455DC55E4559F
:1098F000D4551456F7551656FE55FD551B56F955B9
:109900004E565056DF7134563656325638566B56D0
:1099100064562F566C566A56865680568A56A056FE
:1099200094568F56A556AE56B656B456C256BC5629
:10993000C156C356C056C856CE56D156D356D75622
:10994000EE56F9560057FF560457095708570B575C
:109950000D57135718571657C7551C5726573757C3
:1099600038574E573B5740574F576957C05788573E
:1099700061577F5789579357A057B357A457AA5792
:10998000B057C357C657D457D257D3570A58D6578C
:10999000E3570B5819581D587258215862584B58A4
:1099A0007058C06B52583D5879588558B9589F58CF
:1099B000AB58BA58DE58BB58B858AE58C558D358EB
:1099C000D158D758D958D858E558DC58E458DF58FA
:1099D000EF58FA58F958FB58FC58FD5802590A59E3
:1099E00010591B59A66825592C592D5932593859E7
:1099F0003E59D27A555950594E595A595859625967
:109A0000605967596C596959785981599D595E4F08
:109A1000AB4FA359B259C659E859DC598D59D95998
:109A2000DA59255A1F5A115A1C5A095A1A5A405AB9
:109A30006C5A495A355A365A625A6A5A9A5ABC5A14
:109A4000BE5ACB5AC25ABD5AE35AD75AE65AE95AB5
:109A5000D65AFA5AFB5A0C5B0B5B165B325BD05A38
:109A60002A5B365B3E5B435B455B405B515B555B12
:109A70005A5B5B5B655B695B705B735B755B785BBB
:109A800088657A5B805B835BA65BB85BC35BC75B07
:109A9000C95BD45BD05BE45BE65BE25BDE5BE55B12
:109AA000EB5BF05BF65BF35B055C075C085C0D5CF5
:109AB000135C205C225C285C385C395C415C465C51
:109AC0004E5C535C505C4F5C715B6C5C6E5C624ED8
:109AD000765C795C8C5C915C945C9B59AB5CBB5C08
:109AE000B65CBC5CB75CC55CBE5CC75CD95CE95C61
:109AF000FD5CFA5CED5C8C5DEA5C0B5D155D175DF1
:109B00005C5D1F5D1B5D115D145D225D1A5D195D5D
:109B1000185D4C5D525D4E5D4B5D6C5D735D765DB9
:109B2000875D845D825DA25D9D5DAC5DAE5DBD5D6A
:109B3000905DB75DBC5DC95DCD5DD35DD25DD65D29
:109B4000DB5DEB5DF25DF55D0B5E1A5E195E115E2D
:109B50001B5E365E375E445E435E405E4E5E575E21
:109B6000545E5F5E625E645E475E755E765E7A5EE0
:109B7000BC9E7F5EA05EC15EC25EC85ED05ECF5EF0
:109B8000D65EE35EDD5EDA5EDB5EE25EE15EE85EEF
:109B9000E95EEC5EF15EF35EF05EF45EF85EFE5E42
:109BA000035F095F5D5F5C5F0B5F115F165F295F9D
:109BB0002D5F385F415F485F4C5F4E5F2F5F515FA5
:109BC000565F575F595F615F6D5F735F775F835F5C
:109BD000825F7F5F8A5F885F915F875F9E5F995F2B
:109BE000985FA05FA85FAD5FBC5FD65FFB5FE45F7F
:109BF000F85FF15FDD5FB360FF5F21606060196057
:109C0000106029600E6031601B6015602B6026605B
:109C10000F603A605A6041606A6077605F604A60D6
:109C200046604D6063604360646042606C606B607E
:109C3000596081608D60E76083609A6084609B609A
:109C4000966097609260A7608B60E160B860E060AA
:109C5000D360B460F05FBD60C660B560D8604D6130
:109C600015610661F660F7600061F460FA600361F7
:109C70002161FB60F1600D610E6147613E61286109
:109C800027614A613F613C612C6134613D61426101
:109C9000446173617761586159615A616B617461A4
:109CA0006F61656171615F615D615361756199614A
:109CB00096618761AC6194619A618A619161AB61DF
:109CC000AE61CC61CA61C961F761C861C361C66137
:109CD000BA61CB61797FCD61E661E361F661FA61DA
:109CE000F461FF61FD61FC61FE610062086209626E
:109CF0000D620C6214621B621E6221622A622E6275
:109D000030623262336241624E625E6263625B6203
:109D1000606268627C62826289627E629262936241
:109D20009662D46283629462D762D162BB62CF6270
:109D3000FF62C662D464C862DC62CC62CA62C2627C
:109D4000C7629B62C9620C63EE62F16227630263C1
:109D50000863EF62F56250633E634D631C644F63BA
:109D600096638E638063AB637663A3638F6389635B
:109D70009F63B5636B636963BE63E963C063C66376
:109D8000E363C963D263F663C46316643464066430
:109D90001364266436641D65176428640F64676461
:109DA0006F6476644E642A6595649364A564A964BF
:109DB0008864BC64DA64D264C564C764BB64D86474
:109DC000C264F164E7640982E064E164AC62E36464
:109DD000EF642C65F664F464F264FA640065FD6473
:109DE00018651C650565246523652B653465356537
:109DF0003765366538654B754865566555654D65FB
:109E000058655E655D6572657865826583658A8B78
:109E10009B659F65AB65B765C365C665C165C46570
:109E2000CC65D265DB65D965E065E165F165726792
:109E30000A660366FB6573673566366634661C66BC
:109E40004F664466496641665E665D66646667663F
:109E500068665F6662667066836688668E66896617
:109E6000846698669D66C166B966C966BE66BC664C
:109E7000C466B866D666DA66E0663F66E666E96698
:109E8000F066F566F7660F6716671E672667276731
:109E900038972E673F673667416738673767466789
:109EA0005E67606759676367646789677067A967FA
:109EB0007C676A678C678B67A667A1678567B767EA
:109EC000EF67B467EC67B367E967B867E467DE67B5
:109ED000DD67E267EE67B967CE67C667E7679C6ACA
:109EE0001E684668296840684D6832684E68B368E5
:109EF0002B685968636877687F689F688F68AD686A
:109F000094689D689B688368AE6AB9687468B56830
:109F1000A068BA680F698D687E680169CA680869B7
:109F2000D86822692669E1680C69CD68D468E76859
:109F3000D568366912690469D768E3682569F968E4
:109F4000E068EF6828692A691A6923692169C66887
:109F5000796977695C6978696B6954697E696E694A
:109F6000396974693D695969306961695E695D691A
:109F700081696A69B269AE69D069BF69C169D3692B
:109F8000BE69CE69E85BCA69DD69BB69C369A76957
:109F90002E6A9169A0699C699569B469DE69E8696E
:109FA000026A1B6AFF690A6BF969F269E769056A67
:109FB000B1691E6AED69146AEB690A6A126AC16ABC
:109FC000236A136A446A0C6A726A366A786A476A54
:109FD000626A596A666A486A386A226A906A8D6A51
:109FE000A06A846AA26AA36A976A1786BB6AC36A70
:109FF000C26AB86AB36AAC6ADE6AD16ADF6AAA6A00
:10A00000DA6AEA6AFB6A056B1686FA6A126B166BE5
:10A01000319B1F6B386B376BDC76396BEE98476B77
:10A02000436B496B506B596B546B5B6B5F6B616B34
:10A03000786B796B7F6B806B846B836B8D6B986BAC
:10A04000956B9E6BA46BAA6BAB6BAF6BB26BB16B7A
:10A05000B36BB76BBC6BC66BCB6BD36BDF6BEC6B53
:10A06000EB6BF36BEF6BBE9E086C136C146C1B6C8C
:10A07000246C236C5E6C556C626C6A6C826C8D6CAB
:10A080009A6C816C9B6C7E6C686C736C926C906C3F
:10A09000C46CF16CD36CBD6CD76CC56CDD6CAE6CF4
:10A0A000B16CBE6CBA6CDB6CEF6CD96CEA6C1F6D7A
:10A0B0004D88366D2B6D3D6D386D196D356D336D79
:10A0C000126D0C6D636D936D646D5A6D796D596D84
:10A0D0008E6D956DE46F856DF96D156E0A6EB56DBB
:10A0E000C76DE66DB86DC66DEC6DDE6DCC6DE86D5F
:10A0F000D26DC56DFA6DD96DE46DD56DEA6DEE6DFD
:10A100002D6E6E6E2E6E196E726E5F6E3E6E236ECB
:10A110006B6E2B6E766E4D6E1F6E436E3A6E4E6E8C
:10A12000246EFF6E1D6E386E826EAA6E986EC96EBA
:10A13000B76ED36EBD6EAF6EC46EB26ED46ED56E9A
:10A140008F6EA56EC26E9F6E416F116F4C70EC6E7C
:10A15000F86EFE6E3F6FF26E316FEF6E326FCC6E47
:10A160003E6F136FF76E866F7A6F786F816F806FB7
:10A170006F6F5B6FF36F6D6F826F7C6F586F8E6F59
:10A18000916FC26F666FB36FA36FA16FA46FB96F4A
:10A19000C66FAA6FDF6FD56FEC6FD46FD86FF16F9A
:10A1A000EE6FDB6F09700B70FA6F117001700F703A
:10A1B000FE6F1B701A70746F1D7018701F703070F6
:10A1C0003E7032705170637099709270AF70F17020
:10A1D000AC70B870B370AE70DF70CB70DD70D970DA
:10A1E0000971FD701C711971657155718871667105
:10A1F00062714C7156716C718F71FB7184719571C4
:10A20000A871AC71D771B971BE71D271C971D471B5
:10A21000CE71E071EC71E771F571FC71F971FF714C
:10A220000D7210721B7228722D722C723072327283
:10A230003B723C723F72407246724B72587274723B
:10A240007E7282728172877292729672A272A77205
:10A25000B972B272C372C672C472CE72D272E27234
:10A26000E072E172F972F7720F5017730A731C7380
:10A2700016731D7334732F73297325733E734E73D6
:10A280004F73D89E57736A7368737073787375735E
:10A290007B737A73C873B373CE73BB73C073E57388
:10A2A000EE73DE73A27405746F742574F8733274E0
:10A2B0003A7455743F745F74597441745C74697472
:10A2C000707463746A7476747E748B749E74A774ED
:10A2D000CA74CF74D474F173E074E374E774E974EE
:10A2E000EE74F274F074F174F874F7740475037515
:10A2F00005750C750E750D75157513751E7526751E
:10A300002C753C7544754D754A7549755B75467578
:10A310005A756975647567756B756D757875767541
:10A320008675877574758A758975827594759A7541
:10A330009D75A575A375C275B375C375B575BD75E6
:10A34000B875BC75B175CD75CA75D275D975E3751B
:10A35000DE75FE75FF75FC750176F075FA75F275A0
:10A36000F3750B760D7609761F76277620762176A3
:10A3700022762476347630763B7647764876467673
:10A380005C76587661766276687669766A76677604
:10A390006C7670767276767678767C768076837652
:10A3A00088768B768E769676937699769A76B07650
:10A3B000B476B876B976BA76C276CD76D676D276D7
:10A3C000DE76E176E576E776EA762F86FB76087725
:10A3D00007770477297724771E77257726771B77E9
:10A3E0003777387747775A7768776B775B77657712
:10A3F0007F777E7779778E778B779177A0779E7747
:10A40000B077B677B977BF77BC77BD77BB77C777BB
:10A41000CD77D777DA77DC77E377EE77FC770C7850
:10A420001278267920782A7945788E78747886781B
:10A430007C789A788C78A378B578AA78AF78D17838
:10A44000C678CB78D478BE78BC78C578CA78EC78F2
:10A45000E778DA78FD78F478077912791179197943
:10A460002C792B794079607957795F795A795579C8
:10A4700053797A797F798A799D79A7794B9FAA79DF
:10A48000AE79B379B979BA79C979D579E779EC79BF
:10A49000E179E379087A0D7A187A197A207A1F7AA5
:10A4A0008079317A3B7A3E7A377A437A577A497A99
:10A4B000617A627A697A9D9F707A797A7D7A887AF0
:10A4C000977A957A987A967AA97AC87AB07AB67A8B
:10A4D000C57AC47ABF7A8390C77ACA7ACD7ACF7A9E
:10A4E000D57AD37AD97ADA7ADD7AE17AE27AE67ABB
:10A4F000ED7AF07A027B0F7B0A7B067B337B187B3D
:10A50000197B1E7B357B287B367B507B7A7B047BDB
:10A510004D7B0B7B4C7B457B757B657B747B677BC5
:10A52000707B717B6C7B6E7B9D7B987B9F7B8D7B37
:10A530009C7B9A7B8B7B927B8F7B5D7B997BCB7BA0
:10A54000C17BCC7BCF7BB47BC67BDD7BE97B117C85
:10A55000147CE67BE57B607C007C077C137CF37BD2
:10A56000F77B177C0D7CF67B237C277C2A7C1F7C69
:10A57000377C2B7C3D7C4C7C437C547C4F7C407CEA
:10A58000507C587C5F7C647C567C657C6C7C757CE4
:10A59000837C907CA47CAD7CA27CAB7CA17CA87CE1
:10A5A000B37CB27CB17CAE7CB97CBD7CC07CC57C0C
:10A5B000C27CD87CD27CDC7CE27C3B9BEF7CF27C56
:10A5C000F47CF67CFA7C067D027D1C7D157D0A7D7F
:10A5D000457D4B7D2E7D327D3F7D357D467D737D76
:10A5E000567D4E7D727D687D6E7D4F7D637D937D52
:10A5F000897D5B7D8F7D7D7D9B7DBA7DAE7DA37DDD
:10A60000B57DC77DBD7DAB7D3D7EA27DAF7DDC7D13
:10A61000B87D9F7DB07DD87DDD7DE47DDE7DFB7DD9
:10A62000F27DE17D057E0A7E237E217E127E317ED3
:10A630001F7E097E0B7E227E467E667E3B7E357EB9
:10A64000397E437E377E327E3A7E677E5D7E567EE1
:10A650005E7E597E5A7E797E6A7E697E7C7E7B7EB6
:10A66000837ED57D7D7EAE8F7F7E887E897E8C7E4B
:10A67000927E907E937E947E967E8E7E9B7E9C7E46
:10A68000387F3A7F457F4C7F4D7F4E7F507F517F93
:10A69000557F547F587F5F7F607F687F697F677FCA
:10A6A000787F827F867F837F887F877F8C7F947F80
:10A6B0009E7F9D7F9A7FA37FAF7FB27FB97FAE7F62
:10A6C000B67FB87F718BC57FC67FCA7FD57FD47FA9
:10A6D000E17FE67FE97FF37FF97FDC9806800480E5
:10A6E0000B801280188019801C80218028803F8078
:10A6F0003B804A804680528058805A805F806280CA
:10A700006880738072807080768079807D807F80A1
:10A710008480868085809B8093809A80AD809051D4
:10A72000AC80DB80E580D980DD80C480DA80D68093
:10A730000981EF80F1801B81298123812F814B8149
:10A740008B9646813E8153815181FC8071816E815F
:10A75000658166817481838188818A81808182811B
:10A76000A0819581A481A3815F819381A981B0811A
:10A77000B581BE81B881BD81C081C281BA81C981E4
:10A78000CD81D181D981D881C881DA81DF81E08111
:10A79000E781FA81FB81FE810182028205820782C4
:10A7A0000A820D821082168229822B82388233829D
:10A7B0004082598258825D825A825F8264826282BC
:10A7C00068826A826B822E827182778278827E8230
:10A7D0008D829282AB829F82BB82AC82E182E382D5
:10A7E000DF82D282F482F382FA8293830383FB8234
:10A7F000F982DE820683DC820983D9823583348341
:10A8000016833283318340833983508345832F837A
:10A810002B831783188385839A83AA839F83A283BC
:10A82000968323838E8387838A837C83B583738314
:10A830007583A0838983A883F4831384EB83CE83F9
:10A84000FD830384D8830B84C183F7830784E0836B
:10A85000F2830D8422842084BD8338840685FB83A3
:10A860006D842A843C845A85848477846B84AD8487
:10A870006E848284698446842C846F8479843584D0
:10A88000CA846284B984BF849F84D984CD84BB8404
:10A89000DA84D084C184C684D684A1842185FF84CF
:10A8A000F484178518852C851F8515851485FC84EF
:10A8B0004085638558854885418502864B85558549
:10A8C0008085A485888591858A85A8856D859485F0
:10A8D0009B85EA8587859C8577857E859085C9855A
:10A8E000BA85CF85B985D085D585DD85E585DC85BB
:10A8F000F9850A8613860B86FE85FA8506862286EA
:10A900001A8630863F864D86554E54865F8667860A
:10A9100071869386A386A986AA868B868C86B68640
:10A92000AF86C486C686B086C9862388AB86D486A1
:10A93000DE86E986EC86DF86DB86EF861287068771
:10A94000088700870387FB86118709870D87F986AB
:10A950000A8734873F8737873B87258729871A8768
:10A9600060875F8778874C874E87748757876887AB
:10A970006E875987538763876A870588A2879F8771
:10A980008287AF87CB87BD87C087D087D696AB87B6
:10A99000C487B387C787C687BB87EF87F287E087FF
:10A9A0000F880D88FE87F687F7870E88D287118873
:10A9B0001688158822882188318836883988278822
:10A9C0003B8844884288528859885E8862886B88B0
:10A9D00081887E889E8875887D88B58872888288FF
:10A9E00097889288AE889988A2888D88A488B08834
:10A9F000BF88B188C388C488D488D888D988DD88BE
:10AA0000F9880289FC88F488E888F28804890C892E
:10AA10000A89138943891E8925892A892B894189B5
:10AA200044893B89368938894C891D8960895E89CA
:10AA3000668964896D896A896F89748977897E8955
:10AA4000838988898A8993899889A189A989A6890E
:10AA5000AC89AF89B289BA89BD89BF89C089DA89D1
:10AA6000DC89DD89E789F489F889038A168A108AE6
:10AA70000C8A1B8A1D8A258A368A418A5B8A528AF9
:10AA8000468A488A7C8A6D8A6C8A628A858A828A2A
:10AA9000848AA88AA18A918AA58AA68A9A8AA38A80
:10AAA000C48ACD8AC28ADA8AEB8AF38AE78AE48A80
:10AAB000F18A148BE08AE28AF78ADE8ADB8A0C8BC1
:10AAC000078B1A8BE18A168B108B178B208B338B9D
:10AAD000AB97268B2B8B3E8B288B418B4C8B4F8BD4
:10AAE0004E8B498B568B5B8B5A8B6B8B5F8B6C8B36
:10AAF0006F8B748B7D8B808B8C8B8E8B928B938BDF
:10AB0000968B998B9A8B3A8C418C3F8C488C4C8CD1
:10AB10004E8C508C558C628C6C8C788C7A8C828CA0
:10AB2000898C858C8A8C8D8C8E8C948C7C8C988C6A
:10AB30001D62AD8CAA8CBD8CB28CB38CAE8CB68CE5
:10AB4000C88CC18CE48CE38CDA8CFD8CFA8CFB8C89
:10AB5000048D058D0A8D078D0F8D0D8D108D4E9FE7
:10AB6000138DCD8C148D168D678D6D8D718D738DBC
:10AB7000818D998DC28DBE8DBA8DCF8DDA8DD68D9A
:10AB8000CC8DDB8DCB8DEA8DEB8DDF8DE38DFC8D58
:10AB9000088E098EFF8D1D8E1E8E108E1F8E428E8A
:10ABA000358E308E348E4A8E478E498E4C8E508E26
:10ABB000488E598E648E608E2A8E638E558E768E68
:10ABC000728E7C8E818E878E858E848E8B8E8A8E01
:10ABD000938E918E948E998EAA8EA18EAC8EB08E0D
:10ABE000C68EB18EBE8EC58EC88ECB8EDB8EE38EAA
:10ABF000FC8EFB8EEB8EFE8E0A8F058F158F128FCB
:10AC0000198F138F1C8F1F8F1B8F0C8F268F338FE5
:10AC10003B8F398F458F428F3E8F4C8F498F468FA8
:10AC20004E8F578F5C8F628F638F648F9C8F9F8F47
:10AC3000A38FAD8FAF8FB78FDA8FE58FE28FEA8F5B
:10AC4000EF8F8790F48F0590F98FFA8F1190159000
:10AC500021900D901E9016900B9027903690359075
:10AC60003990F88F4F905090519052900E9049909B
:10AC70003E90569058905E9068906F907690A8960F
:10AC8000729082907D90819080908A9089908F9030
:10AC9000A890AF90B190B590E290E4904862DB90BC
:10ACA000029112911991329130914A915691589195
:10ACB000639165916991739172918B918991829160
:10ACC000A291AB91AF91AA91B591B491BA91C09173
:10ACD000C191C991CB91D091D691DF91E191DB9156
:10ACE000FC91F591F6911E92FF9114922C9215927F
:10ACF00011925E925792459249926492489295922F
:10AD00003F924B9250929C92969293929B925A921F
:10AD1000CF92B992B792E9920F93FA9244932E93FD
:10AD2000199322931A9323933A9335933B935C930D
:10AD300060937C936E935693B093AC93AD9394933E
:10AD4000B993D693D793E893E593D893C393DD93C0
:10AD5000D093C893E4931A9414941394039407948F
:10AD6000109436942B94359421943A9441945294AF
:10AD700044945B94609462945E946A942992709473
:10AD8000759477947D945A947C947E9481947F9466
:10AD9000829587958A959495969598959995A0957D
:10ADA000A895A795AD95BC95BB95B995BE95CA9547
:10ADB000F66FC395CD95CC95D595D495D695DC9564
:10ADC000E195E595E295219628962E962F96429646
:10ADD0004C964F964B9677965C965E965D965F96F0
:10ADE000669672966C968D96989695969796AA9674
:10ADF000A796B196B296B096B496B696B896B9960E
:10AE0000CE96CB96C996CD964D89DC960D97D59664
:10AE1000F99604970697089713970E9711970F972F
:10AE20001697199724972A97309739973D973E9709
:10AE3000449746974897429749975C9760976497DD
:10AE400066976897D2526B977197799785977C9799
:10AE500081977A9786978B978F9790979C97A897CB
:10AE6000A697A397B397B497C397C697C897CB975E
:10AE7000DC97ED974F9FF297DF7AF697F5970F984B
:10AE80000C9838982498219837983D9846984F9870
:10AE90004B986B986F987098719874987398AA985B
:10AEA000AF98B198B698C498C398C698E998EB98AB
:10AEB0000399099912991499189921991D991E9924
:10AEC000249920992C992E993D993E994299499916
:10AED000459950994B99519952994C9955999799EF
:10AEE0009899A599AD99AE99BC99DF99DB99DD99AF
:10AEF000D899D199ED99EE99F199F299FB99F89930
:10AF0000019A0F9A059AE299199A2B9A379A459ABB
:10AF1000429A409A439A3E9A559A4D9A5B9A579A0A
:10AF20005F9A629A659A649A699A6B9A6A9AAD9ADC
:10AF3000B09ABC9AC09ACF9AD19AD39AD49ADE9AF0
:10AF4000DF9AE29AE39AE69AEF9AEB9AEE9AF49AEB
:10AF5000F19AF79AFB9A069B189B1A9B1F9B229BC0
:10AF6000239B259B279B289B299B2A9B2E9B2F9BC2
:10AF7000329B449B439B4F9B4D9B4E9B519B589BAD
:10AF8000749B939B839B919B969B979B9F9BA09B62
:10AF9000A89BB49BC09BCA9BB99BC69BCF9BD19BD4
:10AFA000D29BE39BE29BE49BD49BE19B3A9CF29B6C
:10AFB000F19BF09B159C149C099C139C0C9C069C7B
:10AFC000089C129C0A9C049C2E9C1B9C259C249CE7
:10AFD000219C309C479C329C469C3E9C5A9C609C89
:10AFE000679C769C789CE79CEC9CF09C099D089D56
:10AFF000EB9C039D069D2A9D269DAF9D239D1F9D35
:10B00000449D159D129D419D3F9D3E9D469D489DA1
:10B010005D9D5E9D649D519D509D599D729D899D34
:10B02000879DAB9D6F9D7A9D9A9DA49DA99DB29D84
:10B03000C49DC19DBB9DB89DBA9DC69DCF9DC29D1F
:10B04000D99DD39DF89DE69DED9DEF9DFD9D1A9E9A
:10B050001B9E1E9E759E799E7D9E819E889E8B9EC8
:10B060008C9E929E959E919E9D9EA59EA99EB89E09
:10B07000AA9EAD9E6197CC9ECE9ECF9ED09ED49E22
:10B08000DC9EDE9EDD9EE09EE59EE89EEF9EF49EA9
:10B09000F69EF79EF99EFB9EFC9EFD9E079F089FD5
:10B0A000B776159F219F2C9F3E9F4A9F529F549F8A
:10B0B000639F5F9F609F619F669F679F6C9F6A9F72
:10B0C000779F729F769F959F9C9FA09F2F58C769DF
:10B0D00059906474DC5199719C4E1655035A3F96F1
:10B0E000C0541B612863F659229075841C83507AE2
:10B0F000AA60E163256EED656684A682F59B936880
:10B100002757A16571629B5BD0597B86F498627D5D
:10B11000BE7D8E9B16629F7CB788895BB55E096396
:10B1200097664868C7958D974F67E54E0A4F4D4F14
:10B130009D4F4950F2563759D459015A095CDF6086
:10B140000F61706113660569BA704F757075FB7990
:10B15000AD7DEF7DC3800E846388028B55907A901D
:10B160003B53954EA54EDF57B280C190EF78004E0D
:10B17000F158A26E3890327A28838B822F9C4151ED
:10B180007053BD54E154E056FB59155FF298EB6DD6
:10B19000E4802D8562967096A096FB970B54F3532E
:10B1A000875BCF70BD7FC28FE8966F535C9DBA7A84
:10B1B000114E9378FC81266E185604551D6B1A8526
:10B1C0003B9CE559A953666DDC748F954256914EB0
:10B1D0004B90F2964F830C99E153B655305B715FFB
:10B1E0002066F3660468386CF36C296D5B74C8766E
:10B1F0004E7A3498F1825B88608AED92B26DAB75BD
:10B20000CA76C599A660018B8A8DB2958E69AD53B9
:10B210008651125730584459B45BF65E2860A963D2
:10B22000F463BF6C146F8E7014715971D5713F73D4
:10B23000017E7682D182978560905B921B9D6958D2
:10B24000BC655A6C2575F9512E596559805FDC5FD4
:10B25000BC62FA652A6A276BB46B8B73C17F56890F
:10B260002C9D0E9DC49EA15C966C7B8304514B5C0F
:10B27000B661C68176686172594EFA4F785369603B
:10B28000296E4F7AF3970B4E1653EE4E554F3D4FA6
:10B29000A14F734FA052EF5309560F59C15AB65BD5
:10B2A000E15BD17987669C67B6674C6BB36C6B705A
:10B2B000C2738D79BE793C7A877BB182DB8204834D
:10B2C0007783EF83D3836687B28A2956A88CE68F6B
:10B2D0004E901E978A86C44FE85C116259723B7586
:10B2E000E581BD82FE86C08CC5961399D599CB4E5B
:10B2F0001A4FE389DE564A58CA58FB5EEB5F2A6054
:10B3000094606260D0611262D0623965419B66666A
:10B31000B068776D70704C758676757DA582F987FB
:10B320008B958E969D8CF151BE521659B354B35BDA
:10B33000165D68618269AF6D8D78CB845788728A9B
:10B34000A793B89A6C6DA899D986A357FF67CE8644
:10B350000E92835287560454D35EE162B9643C680E
:10B360003868BB6B7273BA786B7A9A89D2896B8DA5
:10B37000038FED90A39594966997665BB35C7D69A6
:10B380004D984E989B63207B2B6A7F6AB6680D9C14
:10B390005F6F72529D557060EC623B6D076ED16EAF
:10B3A0005B841089448F144E399CF6531B693A6AAA
:10B3B00084972A685C51C37AB284DC918C935B5683
:10B3C000289D226805833184A57C0852C582E674D5
:10B3D0007E4E834FA051D25B0A52D852E752FB5D9A
:10B3E0009A552A58E6598C5B985BDB5B725E795EF6
:10B3F000A3601F616361BE61DB636265D1675368EF
:10B40000FA683E6B536B576C226F976F456FB07441
:10B410001875E3760B77FF7AA17B217CE97D367F77
:10B42000F07F9D8066829E83B389CC8AAB8C8490AA
:10B43000519493959195A2956596D39728991882E2
:10B44000384E2B54B85CCC5DA9734C763C77A95C24
:10B45000EB7F0B8DC196119854985898014F0E4F61
:10B4600071539C556856FA574759095BC45B905C09
:10B470000C5E7E5ECC5FEE633A67D765E2651F6760
:10B48000CB68C4685F6A305EC56B176C7D6C7F7576
:10B490004879635B007A007DBD5F8F89188AB48C20
:10B4A000778DCC8E1D8FE2980E9A3C9B804E7D50FE
:10B4B000005193599C5B2F628062EC643A6BA072DE
:10B4C00091754779A97FFB87BC8A708BAC63CA836F
:10B4D000A09709540354AB555468586A708A27786A
:10B4E0007567CD9E7453A25B1A8150860690184EE4
:10B4F000454EC74E114FCA533854AE5B135F25609B
:10B5000051653D67426C726CE36C78700374767AB7
:10B51000AE7A087B1A7DFE7C667DE7655B72BB5365
:10B52000455CE85DD262E0621963206E5A86318A1A
:10B53000DD8DF892016FA6795A9BA84EAB4EAC4EAA
:10B540009B4FA04FD1504751F67A7151F651545349
:10B5500021537F53EB53AC558358E15C375F4A5F0F
:10B560002F6050606D601F6359654B6AC16CC27279
:10B57000ED72EF77F880058108824E85F790E193B0
:10B58000FF9757995A9AF04EDD512D5C81666D698F
:10B59000405CF266756989735068817CC550E452DD
:10B5A0004757FE5D2693A465236B3D6B3474817908
:10B5B000BD794B7BCA7DB982CC837F885F89398B0B
:10B5C000D18FD1911F5480925D4E3650E5533A533E
:10B5D000D7729673E977E682AF8EC699C899D299E9
:10B5E00077511A615E86B0557A7A7650D35B479070
:10B5F0008596324EDB6AE791515C485C98639F7A8E
:10B60000936C7497618FAA7A8A718896827C176886
:10B61000707E51686C93F2521B54AB85138AA47FE1
:10B62000CD8EE190665388884179C24FBE50115249
:10B63000445153552D57EA738B575159625F845FBC
:10B64000756076616761A961B2633A646C656F6623
:10B650004268136E66753D7AFB7C4C7D997D4B7E0E
:10B660006B7F0E834A83CD86088A638A668BFD8E44
:10B670001A988F9DB882CE8FE89B87521F62836491
:10B68000C06F999641689150206B7A6C546F747AB0
:10B69000507D4088238A0867F64E39502650655001
:10B6A0007C5138526352A7550F570558CC5AFA5E51
:10B6B000B261F861F36272631C69296A7D72AC72CF
:10B6C0002E7314786F78797D0C77A9808B89198B0C
:10B6D000E28CD28E639075937A965598139A789EE1
:10B6E00043519F53B3537B5E265F1B6E906E8473F2
:10B6F000FE73437D3782008AFA8A50964E4E0B5075
:10B70000E4537C54FA56D159645BF15DAB5E275F1C
:10B7100038624565AF67566ED072CA7CB488A18026
:10B72000E180F0834E86878AE88D3792C7966798C6
:10B73000139F944E924E0D4F485349543E542F5AE6
:10B740008C5FA15F9F60A7688E6A5A7481789E8A19
:10B75000A48A778B90915E4EC99BA44E7C4FAF4FCD
:10B760001950165049516C519F52B952FE529A537A
:10B77000E35311540E5489555157A2577D59545BC8
:10B780005D5B8F5BE55DE75DF75D785E835E9A5E8E
:10B79000B75E185F52604C619762D862A7633B65E1
:10B7A00002664366F4666D6721689768CB695F6CD3
:10B7B0002A6D696D2F6E9D6E327587766C783F7A33
:10B7C000E07C057D187D5E7DB17D15800380AF80B6
:10B7D000B18054818F812A8252834C8861881B8B6F
:10B7E000A28CFC8CCA90759171923F78FC92A495C2
:10B7F0004D9605989999D89A3B9D5B52AB52F75359
:10B800000854D558F762E06F6A8C5F8FB99E4B5130
:10B810003B524A54FD56407A7791609DD29E4473C4
:10B82000096F70811175FD5FDA60A89ADB72BC8FB9
:10B83000646B0398CA4EF0566457BE585A5A6860F3
:10B84000C7610F6606663968B168F76DD5753A7DD0
:10B850006E82429B9B4E504FC95306556F5DE65D0D
:10B86000EE5DFB67996C73740278508A9693DF885B
:10B870005057A75E2B63B550AC508D510067C9542B
:10B880005E58BB59B05B695F4D62A1633D68736BE5
:10B89000086E7D70C7918072157826786D798E65F7
:10B8A000307DDC83C188098F9B966452285750678E
:10B8B0006A7FA18CB45142572A963A588A69B4805B
:10B8C000B2540E5DFC579578FA9D5C4F4A528B54EA
:10B8D0003E6428661467F567847A567B227D2F9331
:10B8E0005C68AD9B397B19538A513752DF5BF66236
:10B8F000AE64E6642D67BA6BA985D1969076D69B27
:10B900004C630693AB9BBF765266094E9850C25368
:10B91000715CE860926463655F68E671CA73237561
:10B92000977B827E9586838BDB8C78911099AC65B2
:10B93000AB668B6BD54ED44E3A4F7F4F3A52F8538D
:10B94000F253E355DB56EB58CB59C959FF59505BBD
:10B950004D5C025E2B5ED75F1D6007632F655C5BED
:10B96000AF65BD65E8659D67626B7B6B0F6C45736A
:10B970004979C179F87C197D2B7DA2800281F38100
:10B9800096895E8A698A668A8C8AEE8AC78CDC8C84
:10B99000CC96FC986F6B8B4E3C4F8D4F5051575B44
:10B9A000FA5B486101634266216BCB6EBB6C3E72F1
:10B9B000BD74D475C1783A790C803380EA8194845F
:10B9C0009E8F506C7F9E0F5F588B2B9DFA7AF88E5E
:10B9D0008D5BEB96034EF153F7573159C95AA45B6F
:10B9E00089607F6E066FBE75EA8C9F5B0085E07B89
:10B9F0007250F4679D82615C4A851E7E0E82995169
:10BA0000045C6863668D9C656E713E79177D058068
:10BA10001D8BCA8E6E90C786AA901F50FA523A5C50
:10BA200053677C7035724C91C8912B93E582C25B51
:10BA3000315FF9603B4ED653885B4B6231678A6B4E
:10BA4000E972E0732E7A6B81A38D5291969912510F
:10BA5000D7536A54FF5B8863396AAC7D0097DA5626
:10BA6000CE536854975B315CDE5DEE4F0161FE6240
:10BA7000326DC079CB79427D4D7ED27FED811F82C0
:10BA8000908446887289908B748E2F8F31904B9161
:10BA90006C91C6969C91C04E4F4F45514153935F58
:10BAA0000E62D467416C0B6E6373267ECD918392D8
:10BAB000D4531959BF5BD16D5D792E7E9B7C7E5826
:10BAC0009F71FA515388F08FCA4FFB5C2566AC77A3
:10BAD000E37A1C82FF99C651AA5FEC656F69896B96
:10BAE000F36D966E646FFE76147DE15D75908791BF
:10BAF0000698E6511D5240629166D9661A6EB65E8E
:10BB0000D27D727FF866AF85F785F88AA952D9533E
:10BB100073598F5E905F5560E4926496B7501F51E1
:10BB2000DD5220534753EC53E854465531551756D0
:10BB30006859BE593C5AB55B065C0F5C115C1A5CD7
:10BB4000845E8A5EE05E705F7F628462DB628C632B
:10BB5000776307660C662D6676667E67A2681F6A45
:10BB6000356ABC6C886D096E586E3C7126716771C0
:10BB7000C77501775D7801796579F079E07A117B95
:10BB8000A77C397D9680D6838B8449855D88F38830
:10BB90001F8A3C8A548A738A618CDE8CA4916692D7
:10BBA0007E9318949C9698970A4E084E1E4E574EB8
:10BBB00097517052CE573458CC58225B385EC560CE
:10BBC000FE6461675667446DB6727375637AB884B4
:10BBD000728BB89120933156F457FE98ED620D693F
:10BBE000966BED71547E77807282E689DF98558777
:10BBF000B18F3B5C384FE14FB54F0755205ADD5BA5
:10BC0000E95BC35F4E612F63B0654B66EE689B696D
:10BC1000786DF16D3375B9751F775E79E679337D8F
:10BC2000E381AF82AA85AA893A8AAB8E9B8F329034
:10BC3000DD910797BA4EC14E03527558EC580B5C14
:10BC40001A753D5C4E810A8AC58F63966D97257B78
:10BC5000CF8A08986291F356A853179039548257A7
:10BC6000255EA863346C8A7061778B7CE07F708876
:10BC700042905491109318938F965E74C49A075D06
:10BC8000695D7065A267A88DDB966E634967196967
:10BC9000C5831798C096FE88846F7A64F85B164E49
:10BCA0002C705D752F66C4513652E252D359815FB4
:10BCB000276010623F6574651F667466F2681668D7
:10BCC000636B056E72721F75DB76BE7C5680F05812
:10BCD000FD887F89A08A938ACB8A1D909291529782
:10BCE000599789650E7A0681BB962D5EDC601A62D3
:10BCF000A56514669067F3774D7A4D7C3E7E0A8188
:10BD0000AC8C648DE18D5F8EA9780752D962A563F2
:10BD1000426498622D8A837AC07BAC8AEA96767DEB
:10BD20000C824987D94E485143536053A35B025C50
:10BD3000165CDD5D26624762B06413683468C96CC6
:10BD4000456D176DD3675C6F4E717D71CB657F7AE2
:10BD5000AD7BDA7D4A7EA87F7A811B823982A685F7
:10BD60006E8ACE8CF58D78907790AD929192839576
:10BD7000AE9B4D528455386F367168518579557E2A
:10BD8000B381CE7C4C565158A85CAA63FE66FD6612
:10BD90005A69D9728F758E750E795679DF79977CCD
:10BDA000207D447D0786348A3B966190209FE75032
:10BDB0007552CC53E2530950AA55EE584F593D7273
:10BDC0008B5B645C1D53E360F3605C6383633F6380
:10BDD000BB63CD64E965F966E35DCD69FD69156F07
:10BDE000E571894EE975F876937ADF7CCF7D9C7D8D
:10BDF0006180498358836C84BC84FB85C588708DC1
:10BE000001906D9097931C97129ACF5097588E611E
:10BE1000D3813585088D2090C34F7450475273539A
:10BE20006F6049635F672C6EB38D1F90D74F5E5C68
:10BE3000CA8CCF659A7D525396887651C363585BFE
:10BE40006B5B0A5C0D6451675C90D64E1A592A5997
:10BE5000706C518A3E551558A559F0605362C16700
:10BE6000358255694096C499289A534F0658FE5B0F
:10BE70001080B15C2F5E855F20604B613462FF668D
:10BE8000F06CDE6ECE807F81D4828B88B88C00907F
:10BE90002E908A96DB9EDB9BE34EF05327592C7B3A
:10BEA0008D914C98F99DDD6E277053534455855BF9
:10BEB00058629E62D362A26CEF6F2274178A389424
:10BEC000C16FFE8A3883E751F886EA53E953464F3B
:10BED0005490B08F6A593181FD5DEA7ABF8FDA687C
:10BEE000378CF872489C3D6AB08A394E58530656D2
:10BEF0006657C562A263E6654E6BE16D5B6EAD7021
:10BF0000ED77EF7AAA7BBB7D3D80C680CB86958A94
:10BF10005B93E356C7583E5FAD659666806AB56B26
:10BF20003775C78A2450E57730571B5F65607A669E
:10BF3000606CF4751A7A6E7FF48118874590B39916
:10BF4000C97B5C75F97A517BC4841090E979927A47
:10BF50003683E15A40772D4EF24E995BE05FBD6229
:10BF60003C66F167E86C6B8677883B8A4E91F3926A
:10BF7000D099176A26702A73E7825784AF8C014ED6
:10BF80004651CB518B55F55B165E335E815E145F77
:10BF9000355F6B5FB45FF2611163A2661D676E6F00
:10BFA00052723A753A777480398178817687BF8A80
:10BFB000DC8A858DF38D9A9277950298E59CC5521F
:10BFC0005763F4761567886CCD73C38CAE93739604
:10BFD000256D9C580E69CC69FD8F9A93DB751A907C
:10BFE0005A580268B463FB69434F2C6FD867BB8F04
:10BFF0002685B47D54933F69706F6A57F7582C5B60
:10C000002C7D2A720A54E391B49DAD4E4E4F5C5084
:10C01000755043529E8C485424589A5B1D5E955E21
:10C02000AD5EF75E1F5F8C60B5623A63D063AF6848
:10C03000406C87788E790B7AE07D4782028AE68AA7
:10C04000448E1390B8902D91D8910E9FE56C586452
:10C05000E2647565F46E84761B7B6990D193BA6E49
:10C06000F254B95FA4644D8FED8F449278516B58B0
:10C070002959555C975EFB6D8F7E1C75BC8CE28EDA
:10C080005B98B9701D4FBF6BB16F3075FB964E5109
:10C09000105435585758AC59605C925F97655C678F
:10C0A000216E7B76DF83ED8C1490FD904D93257887
:10C0B0003A78AA52A65E1F577459126012505A510C
:10C0C000AC51CD5100521055545858585759955BA2
:10C0D000F65C8B5DBC6095622D6471674368BC68DB
:10C0E000DF68D776D86D6F6E9B6D6F70C871535FC8
:10C0F000D8757779497B547B527BD67C717D3052E1
:10C1000063846985E4850E8A048B468C0F8E0390C8
:10C110000F90199476962D98309AD895CD50D55287
:10C120000C5402580E5CA7619E641E6DB377E57ACD
:10C13000F480048453908592E05C079D3F53975FA1
:10C14000B35F9C6D79726377BF79E47BD26BEC72DD
:10C15000AD8A0368616AF851817A34694A5CF69C59
:10C16000EB82C55B49911E7078566F5CC76066654F
:10C170008C6C5A8C419013985154C7660D92485953
:10C18000A39085514D4EEA5199850E8B58707A6374
:10C190004B936269B499047E777557536069DF8E5B
:10C1A000E3965D6C8C4E3C5C105FE98F0253D18C42
:10C1B00089807986FF5EE565734E655182593F5CE3
:10C1C000EE97FB4E8A59CD5F8D8AE16FB079627927
:10C1D000E75B71842B73B171745EF55F7B639A6466
:10C1E000C371987C434EFC5E4B4EDC57A256A9604F
:10C1F000C36F0D7DFD803381BF81B28F9789A48687
:10C20000F45D8A62AD6487897767E26C3E6D36744F
:10C210003478465A757FAD82AC99F34FC35EDD62C8
:10C22000926357656F67C3764C72CC80BA80298F52
:10C230004D910D50F957925A856873696471FD727A
:10C24000B78CF258E08C6A9619907F87E479E7778B
:10C2500029842F4F65525A53CD62CF67CA6C7D76C1
:10C26000947B957C36828485EB8FDD66206F067229
:10C270001B7EAB83C199A69EFD51B17B7278B87BC2
:10C280008780487BE86A615E8C80517560756B5170
:10C2900062928C6E7A769791EA9A104F707F9C62C8
:10C2A0004F7BA595E99C7A565958E486BC96344F45
:10C2B00024524A53CD53DB53065E2C6491657F674D
:10C2C0003E6C4E6C4872AF72ED735475417E2C8299
:10C2D000E985A98CC47BC69169711298EF983D637A
:10C2E00069666A75E476D0784385EE862A535153A1
:10C2F00026548359875E7C5FB26049627962AB6283
:10C300009065D46BCC6CB275AE769178D879CB7DD4
:10C31000777FA580AB88B98ABB8C7F905E97DB98CE
:10C320000B6A387C99503E5CAE5F8767D86B35747A
:10C3300009778E7F3B9FCA67177A39538B75ED9AC1
:10C34000665F9D81F18398803C5FC55F6275467B27
:10C350003C906768EB599B5A107D7E762C8BF54F8D
:10C360006A5F196A376C026FE27468796888558A67
:10C37000798CDF5ECF63C575D279D7822893F2922C
:10C380009C84ED862D9CC1546C5F8C655C6D157032
:10C39000A78CD38C3B984F65F6740D4ED84EE05762
:10C3A0002B59665ACC5BA851035E9C5E1660766280
:10C3B0007765A7656E666E6D3672267B50819A81B1
:10C3C00099825C8BA08CE68C748D1C964496AE4F43
:10C3D000AB64666B1E8261846A85E890015C536978
:10C3E000A8987A8457850F4F6F52A95F455E0D67F5
:10C3F0008F79798107898689F56D175F5562B86CE9
:10C40000CF4E6972929B06523B547456B358A46146
:10C410006E621A716E59897CDE7C1B7DF096876591
:10C420005E80194E754F75514058635E735E0A5FAA
:10C43000C467264E3D8589955B96737C0198FB50B9
:10C44000C1585676A7782552A5771185867B4F501F
:10C4500009594772C77BE87DBA8FD48F4D90BF4F83
:10C46000C952295A015FAD97DD4F1782EA920357EF
:10C470005563696B2B75DC88148F427ADF529358B1
:10C4800055610A62AE66CD6B3F7CE9832350F84F5D
:10C4900005534654315849599D5BF05CEF5C295D6A
:10C4A000965EB16267633E65B9650B67D56CE16CFA
:10C4B000F97032782B7EDE80B3820C84EC840287A4
:10C4C00012892A8A4A8CA690D292FD98F39C6C9D80
:10C4D0004F4EA14E8D5056524A57A8593D5ED85FD7
:10C4E000D95F3F62B4661B67D067D2689251217DE5
:10C4F000AA80A881008B8C8CBF8C7E9232962054AF
:10C500002C981753D5505C53A858B264346767729F
:10C510006677467AE691C352A16C866B00584C5EF2
:10C5200054592C67FB7FE151C6766964E878549BC7
:10C53000BB9ECB57B95927669A67CE6BE954D96928
:10C54000555E9C819567AA9BFE67529C5D68A64ECE
:10C55000E34FC853B9622B67AB6CC48FAD4F6D7E90
:10C56000BF9E074E6261806E2B6F138573542A67DE
:10C57000459BF35D957BAC5CC65B1C874A6ED184A2
:10C58000147A088199598D7C116C2077D9522259DF
:10C5900021715F72DB772797619D0B697F5A185A6B
:10C5A000A5510D547D540E66DF76F78F9892F49C5A
:10C5B000EA595D72C56E4D51C968BF7DEC7D6297C9
:10C5C000BA9E7864216A028384595F5BDB6B1B73BC
:10C5D000F276B27D1780998432512867D99EEE7623
:10C5E0006267FF520599245C3B627E7CB08C4F559C
:10C5F000B6600B7D809501535F4EB6511C593A725F
:10C600003680CE91255FE2778453795F047DAC85D7
:10C61000338A8D8E5697F367AE855394096108610E
:10C62000B96C5276ED8A388F2F55514F2A51C75227
:10C63000CB53A55B7D5EA0608261D6630967DA6734
:10C64000676E8C6D3673377331755079D588988ADB
:10C650004A909190F590C4968D871559884E594F00
:10C660000E4E898A3F8F1098AD507C5E9659B95B0B
:10C67000B85EDA63FA63C164DC664A69D8690B6D37
:10C68000B66E94712875AF7A8A7F00804984C98418
:10C690008189218B0A8E65907D960A997E619162CF
:10C6A000326B836C746DCC7FFC7FC06D857FBA87E5
:10C6B000F8886567B1833C98F7961B6D617D3D8472
:10C6C0006A91714E7553505D046BEB6FCD852D866D
:10C6D000A78929520F54655C4E67A8680674837455
:10C6E000E275CF88E188CC91E29678968B5F87736C
:10C6F000CB7A4E84A06365758952416D9C6E097436
:10C7000059756B78927C8696DC7A8D9FB64F6E61F8
:10C71000C5655C86864EAE4EDA50214ECC51EE5B3E
:10C7200099658168BC6D1F734276AD771C7AE77C92
:10C730006F82D28A7C90CF91759618989B52D17D4A
:10C740002B5098539767CB6DD0713374E8812A8F43
:10C75000A396579C9F9E60744158996D2F7D5E985B
:10C76000E44E364F8B4FB751B152BA5D1C60B27375
:10C770003C79D3823492B796F6960A97979E629F39
:10C78000A666746B1752A352C870C288C95E4B600C
:10C790009061236F49713E7CF47D6F80EE8423901D
:10C7A0002C9342546F9BD36A8970C28CEF8D329761
:10C7B000B452415ACA5E045F17677C6994696A6D16
:10C7C0000F6F6272FC72ED7B01807E804B87CE9092
:10C7D0006D51939E84798B803293D68A2D508C54E0
:10C7E000718A6A6BC48C0781D160A067F29D994EF3
:10C7F000984E109C6B8AC185688500697E6E97781B
:10C8000055810000002502250C251025182514252A
:10C810001C252C25242534253C25012503250F2501
:10C8200013251B251725232533252B253B254B2594
:10C8300020252F25282537253F251D253025252571
:10C84000382542251004110412041304140415049D
:10C85000010416041704180419041A041B041C0408
:10C860001D041E041F0420042104220423042404A4
:10C87000250426042704280429042A042B042C0454
:10C880002D042E042F040000000000000000000012
:10C890000000000000000000000000000000000098
:10C8A0000000000030043104320433043404350441
:10C8B000510436043704380439043A043B043C0478
:10C8C0003D043E043F044004410442044304440444
:10C8D000450446044704480449044A044B044C04F4
:10C8E0004D044E044F0400009103920393039403FC
:10C8F000950396039703980399039A039B039C035C
:10C900009D039E039F03A003A103A303A403A50308
:10C91000A603A703A803A90300000000000000006D
:10C920000000000000000000B103B203B303B40331
:10C93000B503B603B703B803B903BA03BB03BC031B
:10C94000BD03BE03BF03C003C103C303C403C503C8
:10C95000C603C703C803C9030000000000000000AD
:10C9600000000000000000010101010101010101BE
:10C9700001000000000000000101010101010101AE
:10C980000101010101010101010101010101010197
:10C99000010100000000000000010101010101018E
:10C9A0000101010101010101010101010101010177
:10C9B00001010100C625A125A025B325B225BD256D
:10C9C000BC253B20123092219021912193211330DC
:10C9D0000000000000000000000000000000000057
:10C9E00000000000000008220B22862287228222FB
:10C9F00083222A22292200000000000000000000FB
:10CA000000000000000027222822AC00D221D421FF
:10CA10000022032229220000000000000000000084
:10CA2000000000000000000000002022A5221223C8
:10CA300002220722612252226A226B221A223D22FE
:10CA40001D2235222B222C220000000000000000B5
:10CA50000000000000002B2130206F266D266A2682
:10CA600020202120B6002C22000000000000EF252D
:10CA70000030013002300CFF0EFFFB301AFF1BFFAD
:10CA80001FFF01FF9B309C30B40040FFA8003EFF19
:10CA90003E203FFFFD30FE309D309E300330DD4EA6
:10CAA000053006300730FC30142010200FFF3CFF0B
:10CAB0001C3016205CFF26202520182019201C2061
:10CAC0001D2008FF09FF143015303BFF3DFF5BFFC1
:10CAD0005DFF083009300A300B300C300D300E305D
:10CAE0000F30103011300BFF1222B100D700F700C9
:10CAF0001DFF60221CFF1EFF662267221E223422B9
:10CB000042264026B000322033200321A50004FF36
:10CB1000A200A30005FF03FF06FF0AFF20FFA700F6
:10CB200006260526CB25CF25CE25C72500000000EB
:10CB30001F001C2000000000142100000200162429
:10CB4000000000001425000002001528000000006D
:10CB5000112900000000142A00000000182B00001A
:10CB60000000142C00000000102D00000000142E06
:10CB7000000001000C3000000900143A0000010020
:10CB8000183C00000200143F0000010003410000B7
:10CB90001900155B00000000145C00000000115D2E
:10CBA00000000000175E000000000F5F00000000A2
:10CBB000176000000000036100001900157B0000F1
:10CBC0000000187C00000000117D00000000187EAD
:10CBD00000000000007F000020001CA000000000FA
:10CBE00014A10000000016A20000030019A6000016
:10CBF000000014A70000000017A80000000019A9F9
:10CC00000000000006AA0000000013AB00000000B6
:10CC100018AC0000000001AD0000000019AE0000DB
:10CC2000000017AF0000000019B00000000018B1AC
:10CC3000000000000EB20000010017B40000000068
:10CC400003B50000000014B60000010017B8000092
:10CC500000000EB90000000006BA0000000012BB80
:10CC6000000000000EBC0000020014BF0000000025
:10CC700003C00000160018D70000000003D8000011
:10CC8000060004DF0000000003E00000160018F7B3
:10CC90000000000003F800003F000438010000001D
:10CCA000033901000F00044901000000034A01009C
:10CCB0004200048D01000000038E01000C00049B63
:10CCC00001000000039C01000D0004AA0100010006
:10CCD00003AC01000D0004BA0100000006BB010016
:10CCE000000003BC0100010004BE0100000003BFFE
:10CCF0000100000006C00100030003C401000000A1
:10CD000007C50100000003C60100010007C80100BB
:10CD1000000003C90100010007CB0100000003CCA3
:10CD20000100230004F00100000003F101000000F5
:10CD300007F20100000003F301002D0004210200AE
:10CD40000000032202001100043402000500033A2F
:10CD500002001A0004550200000003560200010000
:10CD6000045802000000035902000000045A0200A7
:10CD70000000035B02000100045D0200020003608A
:10CD800002000100046202000000036302000000D0
:10CD90000464020000000365020001000467020051
:10CDA0000000036802000400046D02000100036F2C
:10CDB0000200000004700200000003710200010084
:10CDC00004730200010003750200000004760200F3
:10CDD0000600037D02000000047E020001000380C3
:10CDE0000200000004810200000003820200010032
:10CDF000048402000200038702000500048D020083
:10CE00000400039202000000049302000000069454
:10CE100002000000049502000700039D02000100CB
:10CE2000049F0200100005B00200110017C20200AA
:10CE3000030005C602000B0017D202000D0005E03A
:10CE40000200040017E50200060005EC02000000E5
:10CE500017ED0200000005EE0200000017EF0200CF
:10CE600010000B0003006F00037003000300057443
:10CE700003000000177503000000037603000100A3
:10CE8000057A03000000037B03000200147E030008
:10CE90000000037F030000001784030001000386E5
:10CEA0000300000014870300000003880300020051
:10CEB000038C03000000038E0300010004900300B4
:10CEC000000003910300100003A303000C0004B052
:10CED0000300000003B10300200008D20300020099
:10CEE00003D50300200018F60300000003F7030039
:10CEF000040004FC0300000003FD03008400198209
:10CF0000040000000B83040004000A8804000100F0
:10CF1000038A0400A500033105002500055905001A
:10CF20000000145A050005000460050000000361BC
:10CF30000500250004870500010014890500000094
:10CF4000108A05000000198D05000100168F0500EC
:10CF500000000B9105002C0010BE050000000BBF67
:10CF60000500000014C0050000000BC10500010011
:10CF700014C3050000000BC40500010014C6050021
:10CF800000000BC70500000006D005001A0006EFE0
:10CF90000500030014F30500010001000600050070
:10CFA000180606000200140906000100160B060010
:10CFB0000000140C06000100190E060001000B1001
:10CFC00006000A00141B06000000011C06000000F9
:10CFD000141D06000200062006001F000540060082
:10CFE00000000641060009000B4B060014000C600F
:10CFF00006000900146A06000300066E0600010020
:10D000000B700600000006710600620014D40600D2
:10D01000000006D5060000000BD60600060001DD64
:10D020000600000019DE060000000BDF0600050008
:10D0300005E5060001000BE70600010019E90600FE
:10D0400000000BEA0600030006EE060001000CF0EB
:10D050000600090006FA0600020019FD060001009C
:10D0600006FF06000000140007000D00010F070076
:10D0700000000610070000000B1107000000061258
:10D0800007001D000B3007001A00064D070058006E
:10D090000BA607000A0006B1070000000CC007003D
:10D0A000090006CA070020000BEB0700080005F482
:10D0B0000700010019F60700000014F7070002003E
:10D0C00005FA070000000BFD0700000016FE070030
:10D0D00001000600080015000B1608000300051AE1
:10D0E000080000000B1B08000800052408000000D1
:10D0F0000B25080002000528080000000B29080085
:10D100000400143008000E000640080018000B59F7
:10D1100008000200145E08000000066008000A0013
:10D12000067008001700178808000000068908002C
:10D1300005000190080001000B980800070006A0F8
:10D140000800280005C9080000000BCA08001700E5
:10D1500001E2080000000BE308001F0009030900BA
:10D1600000000604090035000B3A09000000093BE5
:10D17000090000000B3C09000000063D090000000A
:10D18000093E090002000B41090007000949090096
:10D1900003000B4D09000000094E09000100065074
:10D1A000090000000B51090006000658090009009B
:10D1B0000B62090001001464090001000C660900FB
:10D1C00009001470090000000571090000000672D2
:10D1D00009000E000B81090000000982090001000E
:10D1E000068509000700068F090001000693090063
:10D1F000150006AA0900060006B20900000006B6DE
:10D20000090003000BBC0900000006BD0900000076
:10D2100009BE090002000BC10900030009C709008B
:10D22000010009CB090001000BCD0900000006CE6A
:10D230000900000009D70900000006DC0900010010
:10D2400006DF090002000BE2090001000CE60900FC
:10D25000090006F00900010016F2090001000EF4B1
:10D260000900050019FA0900000016FB090000007A
:10D2700006FC0900000014FD090000000BFE090077
:10D2800000000B010A00010009030A000000060566
:10D290000A000500060F0A00010006130A00150027
:10D2A000062A0A00060006320A00010006350A00B6
:10D2B000010006380A0001000B3C0A000000093E8C
:10D2C0000A0002000B410A0001000B470A0001009E
:10D2D0000B4B0A0002000B510A00000006590A001D
:10D2E0000300065E0A0000000C660A0009000B70CD
:10D2F0000A00010006720A0002000B750A00000015
:10D3000014760A0000000B810A00010009830A005C
:10D31000000006850A000800068F0A000200069336
:10D320000A00150006AA0A00060006B20A0001005B
:10D3300006B50A0004000BBC0A00000006BD0A0086
:10D34000000009BE0A0002000BC10A0004000BC75E
:10D350000A00010009C90A00000009CB0A00010007
:10D360000BCD0A00000006D00A00000006E00A000B
:10D3700001000BE20A0001000CE60A00090014F0AB
:10D380000A00000016F10A00000006F90A00000079
:10D390000BFA0A0005000B010B00000009020B004C
:10D3A000010006050B000700060F0B000100061325
:10D3B0000B001500062A0B00060006320B000100C8
:10D3C00006350B0004000B3C0B000000063D0B0073
:10D3D0000000093E0B0000000B3F0B00000009405D
:10D3E0000B0000000B410B00030009470B0001007C
:10D3F000094B0B0001000B4D0B0000000B550B00FF
:10D40000010009570B000000065C0B000100065FDD
:10D410000B0002000B620B0001000C660B00090000
:10D4200019700B00000006710B0000000E720B005B
:10D4300005000B820B00000006830B000000068530
:10D440000B000500068E0B00020006920B00030085
:10D4500006990B000100069C0B000000069E0B00C5
:10D46000010006A30B00010006A80B00020006AE97
:10D470000B000B0009BE0B0001000BC00B000000ED
:10D4800009C10B00010009C60B00020009CA0B000C
:10D4900002000BCD0B00000006D00B00000009D7E6
:10D4A0000B0000000CE60B0009000EF00B00020060
:10D4B00019F30B00050016F90B00000019FA0B0018
:10D4C00000000B000C00000009010C0002000B041E
:10D4D0000C00000006050C000700060E0C00020000
:10D4E00006120C001600062A0C000F000B3C0C0064
:10D4F0000000063D0C0000000B3E0C00020009413C
:10D500000C0003000B460C0002000B4A0C00030049
:10D510000B550C00010006580C000200065D0C00C3
:10D52000000006600C0001000B620C0001000C669C
:10D530000C00090014770C0000000E780C000600A7
:10D54000197F0C00000006800C0000000B810C000D
:10D55000000009820C00010014840C000000068504
:10D560000C000700068E0C00020006920C0016004C
:10D5700006AA0C00090006B50C0004000BBC0C0048
:10D58000000006BD0C00000009BE0C0000000BBF2F
:10D590000C00000009C00C0004000BC60C000000C9
:10D5A00009C70C00010009CA0C0001000BCC0C00DB
:10D5B000010009D50C00010006DD0C00010006E0A9
:10D5C0000C0001000BE20C0001000CE60C0009004D
:10D5D00006F10C00010009F30C0000000B000D0027
:10D5E000010009020D00010006040D000800060EEE
:10D5F0000D00020006120D0028000B3B0D0001007B
:10D60000063D0D000000093E0D0002000B410D001B
:10D61000030009460D000200094A0D0002000B4DEF
:10D620000D000000064E0D000000194F0D00000017
:10D6300006540D00020009570D0000000E580D00A1
:10D640000600065F0D0002000B620D0001000C6673
:10D650000D0009000E700D00080019790D00000082
:10D66000067A0D0005000B810D00000009820D00F7
:10D67000010006850D001100069A0D00170006B383
:10D680000D00080006BD0D00000006C00D000600DC
:10D690000BCA0D00000009CF0D0002000BD20D00D7
:10D6A00002000BD60D00000009D80D0007000CE6A3
:10D6B0000D00090009F20D00010014F40D00000036
:10D6C00006010E002F000B310E00000006320E0086
:10D6D00001000B340E000600163F0E00000006404D
:10D6E0000E00050005460E0000000B470E00070067
:10D6F000144F0E0000000C500E000900145A0E00CA
:10D70000010006810E00010006840E00000006865E
:10D710000E000400068C0E00170006A50E00000087
:10D7200006A70E0009000BB10E00000006B20E00A5
:10D7300001000BB40E00080006BD0E00000006C07C
:10D740000E00040005C60E0000000BC80E00060007
:10D750000CD00E00090006DC0E00030006000F00CE
:10D76000000019010F00020014040F000E0019132D
:10D770000F00000014140F00000019150F00020024
:10D780000B180F000100191A0F0005000C200F00E4
:10D7900009000E2A0F00090019340F0000000B3594
:10D7A0000F00000019360F0000000B370F000000BB
:10D7B00019380F0000000B390F000000153A0F0058
:10D7C0000000113B0F000000153C0F000000113D50
:10D7D0000F000000093E0F00010006400F00070087
:10D7E00006490F0023000B710F000D00097F0F0089
:10D7F00000000B800F00040014850F0000000B8652
:10D800000F00010006880F0004000B8D0F000A00B6
:10D810000B990F00230019BE0F0007000BC60F0065
:10D82000000019C70F00050019CE0F00010014D029
:10D830000F00040019D50F00030014D90F000100D8
:10D84000060010002A00092B100001000B2D10000B
:10D8500003000931100000000B32100005000938E8
:10D86000100000000B3910000100093B10000100FE
:10D870000B3D10000100063F100000000C4010009E
:10D880000900144A10000500065010000500095652
:10D89000100001000B5810000100065A1000030090
:10D8A0000B5E10000200066110000000096210000B
:10D8B0000200066510000100096710000600066EF0
:10D8C000100002000B7110000300067510000C0020
:10D8D0000B82100000000983100001000B8510006E
:10D8E00001000987100005000B8D10000000068E56
:10D8F00010000000098F100000000C9010000900BB
:10D90000099A100002000B9D10000000199E1000E3
:10D91000010003A01000250003C71000000003CD84
:10D920001000000003D010002A0014FB10000000BB
:10D9300005FC1000000003FD1000020006001100AD
:10D940004801064A1200030006501200060006585D
:10D9500012000000065A12000300066012002800A0
:10D96000068A1200030006901200200006B2120080
:10D97000030006B81200060006C01200000006C22E
:10D980001200030006C812000E0006D8120038006C
:10D990000612130003000618130042000B5D13006B
:10D9A00002001460130008000E69130013000680C3
:10D9B00013000F0019901300090003A01300550075
:10D9C00003F8130005001000140000000601140005
:10D9D0006B02196D16000000146E16000000066F31
:10D9E000160010001C8016000000068116001900A9
:10D9F000159B16000000119C1600000006A01600E2
:10DA00004A0014EB160002000DEE1600020006F1AB
:10DA1000160007000600170011000B121700020085
:10DA2000091517000000061F170012000B3217001F
:10DA300001000934170000001435170001000640EA
:10DA4000170011000B5217000100066017000C00B0
:10DA5000066E170002000B72170001000680170007
:10DA600033000BB41700010009B6170000000BB714
:10DA70001700060009BE170007000BC617000000BC
:10DA800009C7170001000BC917000A0014D41700BA
:10DA9000020005D71700000014D81700020016DB9B
:10DAA0001700000006DC170000000BDD1700000067
:10DAB0000CE0170009000EF0170009001400180010
:10DAC00005001006180000001407180003000B0BD7
:10DAD00018000200010E180000000B0F18000000D3
:10DAE0000C10180009000620180022000543180039
:10DAF00000000644180034000680180004000B855E
:10DB0000180001000687180021000BA9180000006A
:10DB100006AA1800000006B018004500060019000B
:10DB20001E000B20190002000923190003000B2717
:10DB3000190001000929190002000930190001002B
:10DB40000B32190000000933190005000B391900C8
:10DB500002001940190000001444190001000C468D
:10DB600019000900065019001D0006701900040074
:10DB7000068019002B0006B0190019000CD01900FE
:10DB800009000EDA1900000019DE19002100060054
:10DB90001A0016000B171A00010009191A000100DB
:10DBA0000B1B1A000000141E1A00010006201A00A8
:10DBB000340009551A0000000B561A0000000957DE
:10DBC0001A0000000B581A0006000B601A00000033
:10DBD00009611A0000000B621A00000009631A00B4
:10DBE00001000B651A000700096D1A0005000B7390
:10DBF0001A0009000B7F1A0000000C801A000900AF
:10DC00000C901A00090014A01A00060005A71A00BB
:10DC1000000014A81A0005000BB01A000D000ABE7F
:10DC20001A0000000BBF1A000F000B001B000300BE
:10DC300009041B00000006051B002E000B341B000E
:10DC4000000009351B0000000B361B000400093BD7
:10DC50001B0000000B3C1B000000093D1B000400E2
:10DC60000B421B00000009431B00010006451B007E
:10DC700007000C501B000900145A1B000600196114
:10DC80001B0009000B6B1B00080019741B00080027
:10DC9000147D1B0001000B801B00010009821B008A
:10DCA000000006831B001D0009A11B0000000BA241
:10DCB0001B00030009A61B0001000BA81B000100AC
:10DCC00009AA1B0000000BAB1B00020006AE1B00E4
:10DCD00001000CB01B00090006BA1B002B000BE66C
:10DCE0001B00000009E71B0000000BE81B000100FF
:10DCF00009EA1B0002000BED1B00000009EE1B00EF
:10DD000000000BEF1B00020009F21B00010014FCD5
:10DD10001B00030006001C00230009241C00070050
:10DD20000B2C1C00070009341C0001000B361C00E2
:10DD30000100143B1C0004000C401C000900064DAF
:10DD40001C0002000C501C000900065A1C001D009B
:10DD500005781C000500147E1C00010003801C00D7
:10DD6000080003901C002A0003BD1C00020014C020
:10DD70001C0007000BD01C00020014D31C00000084
:10DD80000BD41C000C0009E11C0000000BE21C007D
:10DD9000060006E91C0003000BED1C00000006EE67
:10DDA0001C0005000BF41C00000006F51C0001001F
:10DDB00009F71C0000000BF81C00010006FA1C000B
:10DDC000000004001D002B00052C1D003E00046B0C
:10DDD0001D000C0005781D00000003791D000000E7
:10DDE000047A1D000200037D1D000000047E1D005A
:10DDF0000F00038E1D000000048F1D000B00059B0B
:10DE00001D0024000BC01D003F0003001E009500F4
:10DE100004961E000400039B1E000000049C1E00CC
:10DE20000100039E1E000000049F1E00000003A0CE
:10DE30001E00750003181F00050003201F002500A9
:10DE400003481F00050004501F00000003511F007D
:10DE5000000004521F00000003531F000000045480
:10DE60001F00000003551F00000004561F000000A3
:10DE700003571F00000003591F000000035B1F0031
:10DE80000000035D1F000000035F1F001E000380F1
:10DE90001F00070007881F00070003901F000700EE
:10DEA00007981F00070003A01F00070007A81F0016
:10DEB000070003B01F00010004B21F00000003B3FD
:10DEC0001F00000004B41F00000004B61F00010082
:10DED00003B81F00030007BC1F00000017BD1F0090
:10DEE000000003BE1F00000017BF1F00020004C295
:10DEF0001F00000003C31F00000004C41F00000037
:10DF000004C61F00010003C81F00030007CC1F0048
:10DF1000000017CD1F00020003D01F00010004D233
:10DF20001F00010004D61F00010003D81F000300DA
:10DF300017DD1F00020003E01F00010004E21F00C4
:10DF4000020003E51F00000004E61F00010003E8D3
:10DF50001F00040017ED1F00020004F21F00000064
:10DF600003F31F00000004F41F00000004F61F006C
:10DF7000010003F81F00030007FC1F00000017FD4D
:10DF80001F0001001C0020000A00010B20000400FB
:10DF900010102000050014162000010013182000A6
:10DFA0000000121920000000151A20000000131BA9
:10DFB00020000100121D20000000151E200000009E
:10DFC000131F200000001420200007001A28200042
:10DFD00000001B2920000000012A200004001C2F43
:10DFE0002000000014302000080013392000000039
:10DFF000123A20000000143B200003000F3F2000D5
:10E0000001001441200002001844200000001545C2
:10E0100020000000114620000000144720000A00E4
:10E020001852200000001453200000000F5420005C
:10E0300000001455200009001C5F20000000016052
:10E04000200004000166200009000E70200000007E
:10E050000571200000000E7420000500187A2000D1
:10E060000200157D20000000117E20000000057FC9
:10E07000200000000E8020000900188A2000020005
:10E08000158D20000000118E20000000059020005A
:10E090000C0016A0200020000BD020000C000ADD90
:10E0A000200003000BE1200000000AE22000020033
:10E0B0000BE520000B0019002100010008022100DF
:10E0C00000001903210003000807210000001908BF
:10E0D00021000100040A21000000080B21000200B9
:10E0E000040E210001000810210002000413210089
:10E0F0000000191421000000081521000000191665
:10E100002100010018182100000008192100040056
:10E11000191E2100050008242100000019252100F6
:10E120000000032621000000192721000000082814
:10E1300021000000192921000000032A210001000C
:10E14000082C21000100192E21000000042F2100BD
:10E1500000000830210001000332210000000833D4
:10E1600021000000043421000000063521000300D6
:10E17000043921000000193A21000100043C21006B
:10E180000100083E2100010018402100040008455C
:10E1900021000000044621000300194A210000006C
:10E1A000184B21000000194C21000100034E2100F2
:10E1B0000000194F210000000E5021000F000D60DB
:10E1C000210022000383210001000D8521000300AE
:10E1D0000E8921000000198A2100010018902100F9
:10E1E0000400199521000400189A21000100199CCF
:10E1F0002100030018A02100000019A12100010046
:10E2000018A32100000019A42100010018A6210074
:10E21000000019A72100060018AE2100000019AF68
:10E2200021001E0018CE2100010019D0210001009C
:10E2300018D22100000019D32100000018D42100B9
:10E24000000019D521001E0018F421000B0119004F
:10E250002300070015082300000011092300000017
:10E26000150A23000000110B23000000190C2300E5
:10E27000130018202300010019222300060015298D
:10E2800023000000112A23000000192B2300500056
:10E29000187C23000000197D23001D00189B23001B
:10E2A000180019B42300270018DC2300050019E228
:10E2B00023004400194024000A000E6024003B00A3
:10E2C000199C24004D000EEA2400150019002500B9
:10E2D000B60018B72500000019B82500080018C1BD
:10E2E0002500000019C22500350018F82500070098
:10E2F000190026006E00186F260000001970260015
:10E30000F700156827000000116927000000156A52
:10E3100027000000116B27000000156C270000008B
:10E32000116D27000000156E27000000116F2700F7
:10E330000000157027000000117127000000157201
:10E34000270000001173270000001574270000004B
:10E350001175270000000E7627001D001994270074
:10E360002B0018C02700040015C52700000011C6A7
:10E370002700000018C727001E0015E62700000030
:10E3800011E72700000015E82700000011E9270029
:10E39000000015EA2700000011EB2700000015EC33
:10E3A0002700000011ED2700000015EE27000000F7
:10E3B00011EF2700000018F027000F0019002800B7
:10E3C000FF00180029008200158329000000118435
:10E3D0002900000015852900000011862900000091
:10E3E00015872900000011882900000015892900DF
:10E3F0000000118A29000000158B29000000118CF3
:10E4000029000000158D29000000118E2900000050
:10E41000158F290000001190290000001591290096
:10E4200000001192290000001593290000001194AA
:10E430002900000015952900000011962900000010
:10E44000159729000000119829000000189929004B
:10E450003E0015D82900000011D92900000015DA66
:10E460002900000011DB2900000018DC29001F0032
:10E4700015FC2900000011FD2900000018FE2900EC
:10E48000010119002B002F0018302B001400194532
:10E490002B00010018472B000500194D2B0026000A
:10E4A00019762B001F0019972B00680003002C0021
:10E4B000700004712C00000003722C000100047431
:10E4C0002C00000003752C00010004772C000400D0
:10E4D000057C2C000100037E2C00650004E42C0068
:10E4E000000019E52C00050003EB2C0003000BEFE6
:10E4F0002C00020003F22C00010014F92C00030090
:10E500000EFD2C00000014FE2C00010003002D0065
:10E51000250003272D000000032D2D0000000630EC
:10E520002D003700056F2D00000014702D00000035
:10E530000B7F2D00000006802D00160006A02D0088
:10E54000060006A82D00060006B02D00060006B83D
:10E550002D00060006C02D00060006C82D0006008E
:10E5600006D02D00060006D82D0006000BE02D0079
:10E570001F0014002E00010013022E0000001203E1
:10E580002E00000013042E00000012052E000000D3
:10E5900014062E00020013092E000000120A2E009D
:10E5A0000000140B2E000000130C2E000000120DB2
:10E5B0002E000000140E2E00080010172E00000080
:10E5C00014182E000100101A2E000000141B2E003B
:10E5D0000000131C2E000000121D2E000000141E4F
:10E5E0002E00010013202E00000012212E0000003A
:10E5F00015222E00000011232E00000015242E00ED
:10E60000000011252E00000015262E000000112705
:10E610002E00000015282E00000011292E000000F9
:10E62000142A2E000400052F2E00000014302E00A6
:10E630000900103A2E000100143C2E000300104087
:10E640002E00000014412E00000015422E00000094
:10E6500014432E000C0019502E00010014522E00FD
:10E66000020015552E00000011562E00000015570F
:10E670002E00000011582E00000015592E00000039
:10E68000115A2E000000155B2E000000115C2E00B8
:10E690000000105D2E00000019802E001900199B4B
:10E6A0002E00580019002F00D50019F02F000B0084
:10E6B0001C0030000000140130000200190430007A
:10E6C00000000505300000000606300000000D07C0
:10E6D0003000000015083000000011093000000073
:10E6E000150A30000000110B30000000150C30003E
:10E6F0000000110D30000000150E30000000110F59
:10E700003000000015103000000011113000000032
:10E7100019123000010015143000000011153000EE
:10E720000000151630000000111730000000151809
:10E7300030000000111930000000151A30000000F0
:10E74000111B30000000101C30000000151D3000AF
:10E750000000111E300001001920300000000D21C2
:10E76000300008000B2A30000300092E30000100A1
:10E770001030300000000531300004001936300040
:10E7800001000D3830000200053B30000000063C5F
:10E7900030000000143D30000000193E3000010040
:10E7A0000641300055000B9930000100179B3000E6
:10E7B0000100059D30000100069F3000000010A000
:10E7C0003000000006A13000590014FB30000000AA
:10E7D00005FC3000020006FF300000000605310095
:10E7E0002A00063131005D001990310001000E92BF
:10E7F0003100030019963100090006A031001F0006
:10E8000019C03100230006F031000F00190032005A
:10E810001E000E2032000900192A32001D000E4889
:10E82000320007001950320000000E5132000E0075
:10E83000196032001F000E8032000900198A320070
:10E8400026000EB132000E0019C032003F01060052
:10E850003400BF1919C04D003F0006004E0014528D
:10E860000515A00000000616A00076041990A4006B
:10E87000360006D0A400270005F8A400050014FE09
:10E88000A40001000600A5000B01050CA600000075
:10E89000140DA60002000610A6000F000C20A60012
:10E8A0000900062AA60001000340A6002D00066EFE
:10E8B000A60000000B6FA60000000A70A600020070
:10E8C0001473A60000000B74A6000900147EA600B5
:10E8D0000000057FA60000000380A6001B00059C29
:10E8E000A60001000B9EA600010006A0A6004500A0
:10E8F0000DE6A60009000BF0A600010014F2A60028
:10E9000005001700A70016000517A700080017202C
:10E91000A70001000322A7000D000430A70001009A
:10E920000332A7003D000570A70000000471A70096
:10E9300007000379A7000E000588A70000001789CB
:10E94000A7000100038BA7000200048EA7000000AF
:10E95000068FA70000000390A70004000495A700FD
:10E9600000000396A700180004AFA700000003B042
:10E97000A7001A0003D0A700010004D3A7000000DD
:10E9800004D5A700000003D6A700030005F2A700E6
:10E99000020003F5A700010006F7A700000005F834
:10E9A000A700010004FAA700000006FBA70006006C
:10E9B0000B02A80000000603A80002000B06A80036
:10E9C00000000607A80003000B0BA8000000060CBF
:10E9D000A80016000923A80001000B25A8000100CB
:10E9E0000927A80000001928A80003000B2CA80084
:10E9F00000000E30A80005001936A80001001638E6
:10EA0000A80000001939A80000000640A800330043
:10EA10001474A80003000980A80001000682A80061
:10EA2000310009B4A8000F000BC4A800010014CEE7
:10EA3000A80001000CD0A80009000BE0A8001100FC
:10EA400006F2A800050014F8A800020006FBA800C2
:10EA5000000014FCA800000006FDA80001000BFF48
:10EA6000A80000000C00A9000900060AA9001B006C
:10EA70000B26A9000700142EA90001000630A900EA
:10EA800016000B47A9000A000952A9000100145FF3
:10EA9000A90000000660A9001C000B80A90002006C
:10EAA0000983A90000000684A9002E000BB3A90069
:10EAB000000009B4A90001000BB6A900030009BABF
:10EAC000A90001000BBCA900010009BEA9000200B9
:10EAD00014C1A9000C0005CFA90000000CD0A900AA
:10EAE000090014DEA900010006E0A90004000BE5FE
:10EAF000A900000005E6A900000006E7A90008003B
:10EB00000CF0A900090006FAA90004000600AA00FA
:10EB100028000B29AA000500092FAA0001000B31CB
:10EB2000AA0001000933AA0001000B35AA00010068
:10EB30000640AA0002000B43AA0000000644AA00F7
:10EB400007000B4CAA000000094DAA0000000C5061
:10EB5000AA000900145CAA0003000660AA000F00C6
:10EB60000570AA0000000671AA0005001977AA0026
:10EB70000200067AAA000000097BAA0000000B7CB4
:10EB8000AA000000097DAA000000067EAA0031004C
:10EB90000BB0AA00000006B1AA0000000BB2AA0048
:10EBA000020006B5AA0001000BB7AA00010006B9D1
:10EBB000AA0004000BBEAA00010006C0AA000000C3
:10EBC0000BC1AA00000006C2AA00000006DBAA00D2
:10EBD000010005DDAA00000014DEAA00010006E025
:10EBE000AA000A0009EBAA0000000BECAA00010031
:10EBF00009EEAA00010014F0AA00010006F2AA0022
:10EC0000000005F3AA00010009F5AA0000000BF6B8
:10EC1000AA0000000601AB0005000609AB000500D4
:10EC20000611AB0005000620AB0006000628AB006D
:10EC300006000430AB0022000353AB000000045474
:10EC4000AB000600175BAB000000055CAB000300E7
:10EC50000460AB0008000569AB000000176AAB0058
:10EC600001000370AB004F0006C0AB00220009E3B7
:10EC7000AB0001000BE5AB00000009E6AB000100B2
:10EC80000BE8AB00000009E9AB00010014EBAB009E
:10EC9000000009ECAB0000000BEDAB0000000CF035
:10ECA000AB0009000600AC00A32B06B0D70016008D
:10ECB00006CBD70030000200D800FF070600F9009D
:10ECC0006D010670FA0069000400FB0006000413E1
:10ECD000FB000400061DFB0000000B1EFB000000F3
:10ECE000061FFB0009001829FB000000062AFB0094
:10ECF0000C000638FB000400063EFB000000064046
:10ED0000FB0001000643FB0001000646FB006B0010
:10ED100017B2FB00100006D3FB006A01113EFD0094
:10ED20000000153FFD0000001940FD000F000650D7
:10ED3000FD003F000692FD00350019CFFD000000E8
:10ED400006F0FD000B0016FCFD00000019FDFD00A3
:10ED500002000B00FE000F001410FE000600151745
:10ED6000FE0000001118FE0000001419FE00000053
:10ED70000B20FE000F001430FE0000001031FE00DA
:10ED800001000F33FE0001001535FE0000001136B2
:10ED9000FE0000001537FE0000001138FE000000E4
:10EDA0001539FE000000113AFE000000153BFE0080
:10EDB0000000113CFE000000153DFE000000113E69
:10EDC000FE000000153FFE0000001140FE000000A4
:10EDD0001541FE0000001142FE0000001543FE0038
:10EDE00000001144FE0000001445FE00010015471C
:10EDF000FE0000001148FE0000001449FE00030060
:10EE00000F4DFE0002001450FE0002001454FE00DC
:10EE100003001058FE0000001559FE000000115AB2
:10EE2000FE000000155BFE000000115CFE0000000B
:10EE3000155DFE000000115EFE000000145FFE0084
:10EE400002001862FE0000001063FE00000018645B
:10EE5000FE0002001468FE0000001669FE000000BB
:10EE6000146AFE0001000670FE0004000676FE0033
:10EE7000860001FFFE0000001401FF0002001604DE
:10EE8000FF0000001405FF0002001508FF0000004D
:10EE90001109FF000000140AFF000000180BFF001A
:10EEA0000000140CFF000000100DFF000000140E05
:10EEB000FF0001000C10FF000900141AFF00010000
:10EEC000181CFF000200141FFF0001000321FF00B7
:10EED0001900153BFF000000143CFF000000113D2D
:10EEE000FF000000173EFF0000000F3FFF00000082
:10EEF0001740FF0000000341FF001900155BFF00F1
:10EF00000000185CFF000000115DFF000000185EAB
:10EF1000FF000000155FFF0000001160FF0000000F
:10EF20001461FF0000001562FF0000001163FF0084
:10EF300000001464FF0001000666FF000900057070
:10EF4000FF0000000671FF002C00059EFF0001007D
:10EF500006A0FF001E0006C2FF00050006CAFF0053
:10EF6000050006D2FF00050006DAFF00020016E0E9
:10EF7000FF00010018E2FF00000017E3FF0000009F
:10EF800019E4FF00000016E5FF00010019E8FF008A
:10EF9000000018E9FF00030019EDFF00010001F96E
:10EFA000FF00020019FCFF000100060000010B0039
:10EFB000060D00011900062800011200063C0001A0
:10EFC0000100063F00010E00065000010D00068002
:10EFD00000017A001400010102000E0701012C005B
:10EFE0001937010108000D40010134000E750101BF
:10EFF00003001979010110000E8A01010100198C2A
:10F0000001010200199001010C0019A0010100008A
:10F0100019D001012C000BFD010100000680020146
:10F020001C0006A0020130000BE0020100000EE10E
:10F0300002011A00060003011F000E200301030055
:10F04000062D030113000D410301000006420301D8
:10F0500007000D4A030100000650030125000B764E
:10F0600003010400068003011D00149F030100003A
:10F0700006A00301230006C80301070014D0030102
:10F0800000000DD103010400030004014F000650ED
:10F0900004014D000CA00401090003B00401230089
:10F0A00003D80401230006000501270006300501EE
:10F0B0003300146F05010000037005010A00037C92
:10F0C00005010E00038C05010600039405010100F3
:10F0D000039705010A0003A305010E0003B3050110
:10F0E000060003BB050101000600060136010640CB
:10F0F00007011500066007010700058007010500EC
:10F1000005870701290005B207010800060008016C
:10F110000500060808010000060A08012B00063752
:10F1200008010100063C08010000063F0801160026
:10F130001457080100000E58080107000660080176
:10F1400016001977080101000E79080106000680F3
:10F1500008011E000EA70801080006E008011200C1
:10F1600006F4080101000EFB080104000600090175
:10F1700015000E1609010500141F090100000620E4
:10F1800009011900143F0901000006800901370038
:10F190000EBC0901010006BE090101000EC00901F3
:10F1A0000F000ED209012D0006000A0100000B011C
:10F1B0000A0102000B050A0101000B0C0A01030001
:10F1C00006100A01030006150A01020006190A01C9
:10F1D0001C000B380A0102000B3F0A0100000E4020
:10F1E0000A01080014500A01080006600A011C0008
:10F1F0000E7D0A010100147F0A01000006800A0149
:10F200001C000E9D0A01020006C00A01070019C871
:10F210000A01000006C90A011B000BE50A010100F2
:10F220000EEB0A01040014F00A01060006000B01AF
:10F23000350014390B01060006400B0115000E586D
:10F240000B01070006600B0112000E780B0107008E
:10F2500006800B01110014990B0103000EA90B018C
:10F26000060006000C01480003800C01320003C0B8
:10F270000C0132000EFA0C01050006000D012300FE
:10F280000B240D0103000C300D0109000E600E016E
:10F290001E0006800E0129000BAB0E01010010AD0F
:10F2A0000E01000006B00E0101000BFD0E01020070
:10F2B00006000F011C000E1D0F01090006270F019B
:10F2C000000006300F0115000B460F010A000E5119
:10F2D0000F01030014550F01040006700F01110007
:10F2E0000B820F01030014860F01030006B00F010B
:10F2F00014000EC50F01060006E00F0116000900FC
:10F30000100100000B0110010000090210010000B3
:10F310000603100134000B3810010E0014471001D1
:10F3200006000E52100113000C66100109000B704C
:10F33000100100000671100101000B7310010100A3
:10F340000675100100000B7F1001020009821001F8
:10F350000000068310012C0009B0100102000BB35D
:10F360001001030009B7100101000BB910010100E1
:10F3700014BB1001010001BD1001000014BE1001FA
:10F3800003000BC21001000001CD1001000006D0E7
:10F39000100118000CF0100109000B00110102000F
:10F3A0000603110123000B2711010400092C110190
:10F3B00000000B2D110107000C361101090014404B
:10F3C000110103000644110100000945110101006B
:10F3D0000647110100000650110122000B731101B4
:10F3E00000001474110101000676110100000B8069
:10F3F00011010100098211010000068311012F0093
:10F4000009B3110102000BB61101080009BF110177
:10F41000010006C11101030014C5110103000BC94D
:10F420001101030014CD1101000009CE11010000EB
:10F430000BCF110100000CD01101090006DA1101F7
:10F44000000014DB1101000006DC1101000014DDD6
:10F45000110102000EE1110113000600120111005A
:10F46000061312011800092C120102000B2F1201C1
:10F4700002000932120101000B34120100000935AB
:10F48000120100000B3612010100143812010500B0
:10F490000B3E12010000063F120101000B41120158
:10F4A0000000068012010600068812010000068A8C
:10F4B00012010300068F12010E00069F12010900BF
:10F4C00014A91201000006B012012E000BDF120178
:10F4D000000009E0120102000BE3120107000CF02A
:10F4E000120109000B0013010100090213010100C0
:10F4F000060513010700060F13010100061313018F
:10F500001500062A13010600063213010100063514
:10F51000130104000B3B13010100063D1301000021
:10F52000093E130101000B401301000009411301C2
:10F530000300094713010100094B130102000650A3
:10F5400013010000095713010000065D13010400B8
:10F550000962130101000B66130106000B70130111
:10F5600004000600140134000935140102000B38B0
:10F57000140107000940140101000B4214010200AC
:10F580000945140100000B46140100000647140150
:10F590000300144B140104000C5014010900145A08
:10F5A00014010100145D140100000B5E1401000041
:10F5B000065F14010200068014012F0009B0140137
:10F5C00002000BB31401050009B9140100000BBAC5
:10F5D0001401000009BB140103000BBF140101005A
:10F5E00009C1140100000BC21401010006C414017A
:10F5F000010014C61401000006C7140100000CD05D
:10F6000014010900068015012E0009AF1501020042
:10F610000BB21501030009B8150103000BBC15015D
:10F62000010009BE150100000BBF1501010014C146
:10F630001501160006D8150103000BDC15010100A9
:10F64000060016012F000930160102000B331601C7
:10F650000700093B160101000B3D16010000093EA1
:10F66000160100000B3F16010100144116010200B3
:10F670000644160100000C50160109001460160122
:10F680000C00068016012A000BAB1601000009AC25
:10F69000160100000BAD1601000009AE16010100B5
:10F6A0000BB01601050009B6160100000BB71601D4
:10F6B000000006B81601000014B9160100000CC0C5
:10F6C00016010900060017011A000B1D17010200A0
:10F6D0000920170101000B22170103000926170159
:10F6E00000000B27170104000C30170109000E3A27
:10F6F00017010100143C17010200193F1701000017
:10F70000064017010600060018012B00092C1801FD
:10F7100002000B2F180108000938180100000B39EE
:10F7200018010100143B1801000003A018013F005C
:10F730000CE0180109000EEA1801080006FF180184
:10F740000700060919010000060C1901070006153B
:10F7500019010100061819011700093019010500E7
:10F760000937190101000B3B19010100093D19017D
:10F7700000000B3E19010000063F1901000009407E
:10F780001901000006411901000009421901000099
:10F790000B43190100001444190102000C50190117
:10F7A000090006A01901070006AA1901260009D1BF
:10F7B000190102000BD4190103000BDA1901010031
:10F7C00009DC190103000BE01901000006E1190131
:10F7D000000014E21901000006E31901000009E429
:10F7E0001901000006001A0100000B011A010900AE
:10F7F000060B1A0127000B331A01050009391A01FB
:10F800000000063A1A0100000B3B1A010300143FE6
:10F810001A0107000B471A01000006501A010000E8
:10F820000B511A01050009571A0101000B591A0161
:10F830000200065C1A012D000B8A1A010C000997C0
:10F840001A0100000B981A010100149A1A01020013
:10F85000069D1A010000149E1A01040006B01A0148
:10F86000480014001B01090006001C010800060ADC
:10F870001C012400092F1C0100000B301C01060094
:10F880000B381C010500093E1C0100000B3F1C0148
:10F89000000006401C01000014411C0104000C5033
:10F8A0001C0109000E5A1C01120014701C010100F9
:10F8B00006721C011D000B921C01150009A91C01F8
:10F8C00000000BAA1C01060009B11C0100000BB2CC
:10F8D0001C01010009B41C0100000BB51C01010052
:10F8E00006001D01060006081D010100060B1D0192
:10F8F00025000B311D0105000B3A1D0100000B3CDA
:10F900001D0101000B3F1D01060006461D01000000
:10F910000B471D0100000C501D01090006601D0170
:10F92000050006671D010100066A1D011F00098A06
:10F930001D0104000B901D01010009931D01010030
:10F940000B951D01000009961D0100000B971D017C
:10F95000000006981D0100000CA01D01090006E032
:10F960001E0112000BF31E01010009F51E0101002A
:10F9700014F71E0101000B001F01010006021F0108
:10F98000000009031F01000006041F010C000612FD
:10F990001F01210009341F0101000B361F01040063
:10F9A000093E1F0101000B401F01000009411F011A
:10F9B00000000B421F01000014431F010C000C50FB
:10F9C0001F01090006B01F0100000EC01F01140036
:10F9D00019D51F01070016DD1F01030019E11F01E2
:10F9E000100014FF1F0100000600200199030D0004
:10F9F00024016E0014702401040006802401C30059
:10FA000006902F01600014F12F0101000600300163
:10FA10002F04013034010F000B4034010000064177
:10FA2000340105000B4734010E0006004401460274
:10FA300006006801380206406A011E000C606A0177
:10FA40000900146E6A01010006706A014E000CC0C4
:10FA50006A01090006D06A011D000BF06A0104006A
:10FA600014F56A01000006006B012F000B306B01DA
:10FA7000060014376B010400193C6B0103000540BC
:10FA80006B01030014446B01000019456B01000079
:10FA90000C506B0109000E5B6B01060006636B01E5
:10FAA0001400067D6B01120003406E013F000E80C2
:10FAB0006E01160014976E01030006006F014A00E4
:10FAC0000B4F6F01000006506F01000009516F01DC
:10FAD00036000B8F6F01030005936F010C0005E0EA
:10FAE0006F01010014E26F01000005E36F010000E7
:10FAF0000BE46F01000009F06F01010006007001C6
:10FB0000F71706008801D50406008D01080005F0EE
:10FB1000AF01030005F5AF01060005FDAF010100CF
:10FB20000600B00122010632B10100000650B10109
:10FB300002000655B10100000664B1010300067021
:10FB4000B1018B010600BC016A000670BC010C000B
:10FB50000680BC0108000690BC010900199CBC018C
:10FB600000000B9DBC010100149FBC01000001A01E
:10FB7000BC0103000B00CF012D000B30CF0116009C
:10FB80001950CF0173001900D001F5001900D101FF
:10FB900026001929D1013B000965D10101000B673D
:10FBA000D1010200196AD1010200096DD1010500DD
:10FBB0000173D10107000B7BD10107001983D1012B
:10FBC00001000B85D1010600198CD1011D000BAA83
:10FBD000D101030019AED1013C001900D20141004E
:10FBE0000B42D20102001945D20100000EC0D20121
:10FBF00013000EE0D20113001900D30156000E606D
:10FC0000D30118000800D4011900041AD401190006
:10FC10000834D4011900044ED40106000456D4015E
:10FC200011000868D40119000482D4011900089C4D
:10FC3000D4010000089ED401010008A2D4010000F4
:10FC400008A5D401010008A9D401030008AED4011D
:10FC5000070004B6D401030004BBD401000004BDB6
:10FC6000D401060004C5D4010A0008D0D40119004B
:10FC700004EAD40119000804D50101000807D501E0
:10FC80000300080DD50107000816D5010600041E63
:10FC9000D50119000838D5010100083BD501030042
:10FCA0000840D50104000846D5010000084AD501E6
:10FCB00006000452D5011900086CD501190004860C
:10FCC000D501190008A0D501190004BAD501190001
:10FCD00008D4D501190004EED50119000808D60191
:10FCE00019000422D6011900083CD6011900045657
:10FCF000D60119000870D6011900048AD6011B002C
:10FD000008A8D601180018C1D601000004C2D60107
:10FD1000180018DBD601000004DCD601050008E25B
:10FD2000D601180018FBD601000004FCD60118000B
:10FD30001815D70100000416D7010500081CD701CB
:10FD400018001835D70100000436D7011800184FE5
:10FD5000D70100000450D70105000856D70118004C
:10FD6000186FD70100000470D70118001889D70157
:10FD70000000048AD70105000890D701180018A9CF
:10FD8000D701000004AAD701180018C3D70100004A
:10FD900004C4D701050008CAD701000004CBD7016D
:10FDA00000000CCED70131001900D801FF010B0073
:10FDB000DA0136001937DA0103000B3BDA013100B2
:10FDC000196DDA0107000B75DA0100001976DA0106
:10FDD0000D000B84DA0100001985DA010100148797
:10FDE000DA0104000B9BDA0104000BA1DA010E001A
:10FDF0000400DF010900060ADF010000040BDF0137
:10FE000013000425DF0105000B00E00106000B08CC
:10FE1000E00110000B1BE00106000B23E0010100D4
:10FE20000B26E00104000530E0013D000B8FE001EE
:10FE300000000600E1012C000B30E101060005374F
:10FE4000E10106000C40E1010900064EE10100005D
:10FE5000194FE10100000690E2011D000BAEE20126
:10FE6000000006C0E2012B000BECE20103000CF0E5
:10FE7000E201090016FFE201000006D0E4011A00C9
:10FE800005EBE40100000BECE40103000CF0E401DD
:10FE9000090006E0E701060006E8E701030006EDB9
:10FEA000E701010006F0E7010E000600E801C400CA
:10FEB0000EC7E80108000BD0E80106000300E901C5
:10FEC00043000B44E9010600054BE90100000C501A
:10FED000E9010900145EE90101000E71EC013A002C
:10FEE00019ACEC0100000EADEC01020016B0EC0103
:10FEF00000000EB1EC0103000E01ED012C00192EE3
:10FF0000ED0100000E2FED010E000600EE010300D2
:10FF10000605EE011A000621EE0101000624EE019D
:10FF200000000627EE0100000629EE010900063454
:10FF3000EE0103000639EE010000063BEE01000071
:10FF40000642EE0100000647EE0100000649EE0100
:10FF50000000064BEE010000064DEE0102000651C6
:10FF6000EE0101000654EE0100000657EE0100000C
:10FF70000659EE010000065BEE010000065DEE0191
:10FF80000000065FEE0100000661EE01010006645C
:10FF9000EE0100000667EE010300066CEE010600AC
:10FFA0000674EE0103000679EE010300067EEE0101
:10FFB00000000680EE010900068BEE01100006A18C
:10FFC000EE01020006A5EE01040006ABEE011000F2
:10FFD00018F0EE0101001900F0012B001930F001BA
:10FFE000630019A0F0010E0019B1F0010E0019C153
:10FFF000F0010E0019D1F00124000E00F1010C00F7
:020000041001E9
:10000000190DF101A00019E6F1011C001910F2010F
:100010002B001940F20108001950F201010019608B
:10002000F20105001900F301FA0017FBF3010400C7
:100030001900F401D70219DCF601100019F0F601DD
:100040000C001900F7017600197BF7015E0019E03A
:10005000F7010B0019F0F70100001900F8010B007F
:100060001910F80137001950F80109001960F8015A
:1000700027001990F8011D0019B0F80101001900BE
:10008000F90153011960FA010D001970FA010C0011
:100090001980FA0108001990FA012D0019BFFA0120
:1000A000060019CEFA010D0019E0FA01080019F056
:1000B000FA0108001900FB0192001994FB013600B7
:1000C0000CF0FB01090006000002DFA60600A702F3
:1000D00039100640B702DD000620B802811606B0CE
:1000E000CE02301D0600F8021D02060000034A136E
:1000F000065013035F100101000E00000120000EE6
:100100005F000B00010EEF00000000000000000087
:1001100000000000000000000000000000000000DF
:1001200000000000000000000000000000000000CF
:100130000000000000000000101112131415161723
:100140001819000000000000001A1B1C1D1E1F00D3
:10015000000000000000000000000000000000009F
:100160000000000000000000001A1B1C1D1E1F00E4
:10017000000000000000000000000000000000007F
:10018000000000000000000000000000000000006F
:10019000000000000000000000000000000000005F
:1001A000000000000000000000000000000000004F
:1001B000000000000000000000000000000000003F
:1001C000000000000000000000000000000000002F
:1001D000000000000000000000000000000000001F
:1001E000000000000000000000000000000000000F
:1001F00000000000000000000000000000000000FF
:1002000000000000000000000500000019000000D0
:100210007D000000000000000080E03779C341430A
:10022000176E05B5B5B89346F5F93FE9034F384D5C
:10023000321D30F94877825A3CBF737FDD4F157508
:10024000000000000000F03F00000000000024401B
:1002500000000000000059400000000000408F40F6
:10026000000000000088C34000000000006AF84061
:100270000000000080842E4100000000D012634185
:100280000000000084D797410000000065CDCD41FB
:10029000000000205FA00242000000E876483742DC
:1002A000000000A2941A6D42000040E59C30A2427A
:1002B0000000901EC4BCD64200003426F56B0C43EF
:1002C0000080E03779C3414300A0D8855734764396
:1002D00000C84E676DC1AB43003D9160E458E143F7
:1002E000408CB5781DAF154450EFE2D6E41A4B446C
:1002F00092D54D06CFF08044F64AE1C7022DB544B1
:08030000B49DD9794378EA4469
:080308007040FF7F01000000BE
:100310002C94001038940010449400105094001055
:100320005C94001068940010749400108094001085
:100330004FF050412DE9F0474FF000080446914638
:100340009A461F4D1F4E0F682068EFF3108372B658
:10035000D0E8CF1F01220029FAD1C0E8412F00299F
:10036000F6D1BFF35F8F94F90420002A1EDB95F8C5
:1003700000C022685FFA8CFCC2E88F8F20BF83F335
:1003800010882B7863450AD0736A9A45DCD8B26A24
:100390004A4501D29A45D7D00020BDE8F0874846AB
:1003A000514600F055FA0028CED0F5E7002221682A
:1003B0002771C1E88F2F83F310880120BDE8F087F3
:1003C000E112002000000B4030B501460468EFF355
:1003D000108C72B6D4E8CFEF0125BEF1000FF9D131
:1003E000C4E84E5FBEF1000FF4D1BFF35F8F90F908
:1003F0000440002C11DB00210568C5E88F1F8CF339
:1004000010884FF0504C9CF900C0A44501D108461B
:1004100030BDBDE83040FFF78BBF4FF05040006863
:1004200000230A680871C2E88F3F8CF3108801200E
:1004300030BD00BF0368EFF3108172B6D3E8CFCFB1
:100440000122BCF1000FF9D1C3E84C2FBCF1000F21
:10045000F4D1BFF35F8F4FF0FF0C074A80F804C060
:1004600013780133DBB2137000230268C2E88F3FB8
:1004700081F3108840BF7047E11200207BB972B948
:100480000029BEBF00204FF0004106E008BF002851
:100490001CBF6FF000414FF0FF3000F0D7B9ADF155
:1004A000080C6DE904CE002909DB002B1ADB00F0F3
:1004B0004DF8DDF804E0DDE9022304B07047404266
:1004C00061EB4101002B1BDB00F040F8DDF804E09C
:1004D000DDE9022304B0404261EB4101524263EB8B
:1004E00043037047524263EB430300F02FF8DDF8FB
:1004F00004E0DDE9022304B0404261EB41017047B2
:10050000524263EB430300F021F8DDF804E0DDE93B
:10051000022304B0524263EB4303704753B94AB914
:10052000002908BF00281CBF4FF0FF314FF0FF30FB
:1005300000F08CB9ADF1080C6DE904CE00F006F8BE
:10054000DDF804E0DDE9022304B070472DE9F04F47
:10055000099D0E4604460F46002B47D18A42944619
:10056000B2FA82F35AD943B102FA03FCC3F1200272
:100570009F409C4020FA02F217434FEA1C461FFAA4
:100580008CFE220CB7FBF6F106FB117701FB0EF097
:1005900042EA0742904208D91CEB020201F1FF3700
:1005A00002D2904200F23C813946121AA4B2B2FB48
:1005B000F6F006FB102200FB0EFE44EA0244A645BC
:1005C00008D91CEB040400F1FF3202D2A64500F268
:1005D0002A81104640EA0140A4EB0E0400211DB11F
:1005E000DC400023C5E90043BDE8F08F8B4205D90C
:1005F0000DB1C5E9000100210846F5E7B3FA83F122
:1006000000294FD1B342C0F00281824240F2FF8004
:100610000846002DE8D0C5E90047E5E7002B40F08B
:10062000AF808A1A4FEA1C4E1FFA8CF70121B2FBE9
:10063000FEF60EFB1620220C42EA004207FB06F0F3
:1006400090420FD91CEB020206F1FF382CBF4FF08D
:1006500001094FF00009904203D9B9F1000F00F0F1
:10066000DC804646121AA4B2B2FBFEF00EFB10224A
:1006700000FB07F744EA0244A7420FD91CEB04042D
:1006800000F1FF322CBF4FF0010E4FF0000EA742D9
:1006900003D9BEF1000F00F0C9801046E41B40EA08
:1006A00006409CE7C1F120048B4006FA01FC00FAE9
:1006B00001FE22FA04F7E6408A401F4320FA04F3C1
:1006C0004FEA174843EA0C031FFA87FC4FEA134925
:1006D000B6FBF8F008FB106649EA064600FB0CF989
:1006E000B1450ED9BE1900F1FF3A2CBF4FF0010BF6
:1006F0004FF0000BB14503D9BBF1000F00F0A28011
:100700005046A6EB09061FFA83F9B6FBF8F308FB7F
:10071000136603FB0CFC49EA0646B4450ED9BE1924
:1007200003F1FF382CBF4FF001094FF00009B44529
:1007300003D9B9F1000F00F08280434643EA00403C
:10074000A6EB0C06A0FB028C66454346E14602D3AD
:1007500007D1C64505D2B8EB02036CEB070C013894
:10076000E1465DB1BEEB030266EB090606FA04F44E
:1007700022FA01F3CE401C43C5E90046002133E7CD
:1007800002FA03FCC3F1200299409C40D6404FEA94
:100790001C4E20FA02F21FFA8CF7B6FBFEF00A4359
:1007A0000EFB1066110C41EA064100FB07F68E4273
:1007B0000ED91CEB010100F1FF382CBF4FF00109ED
:1007C0004FF000098E4202D9B9F1000F34D04046F3
:1007D000891B92B2B1FBFEF60EFB161142EA0142F2
:1007E00006FB07F191420ED91CEB020206F1FF381D
:1007F0002CBF4FF001094FF00009914202D9B9F125
:10080000000F16D04646521A46EA00410FE7841AF6
:1008100066EB030201201746FBE6023E624421E735
:1008200002396244C1E664440238D3E664440238C3
:1008300034E7023E6244E6E702386144C8E7023B1F
:100840003E447BE702383E445BE700BF704700BF91
:100850005FF800F0FD10001001000000F40100003E
:100860001000000000000000000000000000000078
:100870000000000000000000100D0020FFFFFFFF3F
:100880000000020000000000000000000000000066
:100890006806002068060020700600207006002010
:1008A00078060020780600208006002080060020C0
:1008B0008806002088060020900600209006002070
:1008C0009806002098060020A0060020A006002020
:1008D000A8060020A8060020B0060020B0060020D0
:1008E000B8060020B8060020C0060020C006002080
:1008F000C8060020C8060020D0060020D006002030
:10090000D8060020D8060020E0060020E0060020DF
:10091000E8060020E8060020F0060020F00600208F
:10092000F8060020F806002000070020000700203D
:1009300008070020080700201007002010070020EB
:10094000180700201807002020070020200700209B
:10095000280700202807002030070020300700204B
:1009600038070020380700204007002040070020FB
:1009700048070020480700205007002050070020AB
:10098000580700205807002060070020600700205B
:10099000680700206807002070070020700700200B
:1009A00078070020780700208007002080070020BB
:1009B000880700208807002090070020900700206B
:1009C0009807002098070020A0070020A00700201B
:1009D000A8070020A8070020B0070020B0070020CB
:1009E000B8070020B8070020C0070020C00700207B
:1009F000C8070020C8070020D0070020D00700202B
:100A0000D8070020D8070020E0070020E0070020DA
:100A1000E8070020E8070020F0070020F00700208A
:100A2000F8070020F8070020000800200008002038
:100A300008080020080800201008002010080020E6
:100A40001808002018080020200800202008002096
:100A50002808002028080020300800203008002046
:100A600038080020380800204008002040080020F6
:100A700048080020480800205008002050080020A6
:100A80005808002058080020600800206008002056
:100A90006808002068080020700800207008002006
:100AA00078080020780800208008002080080020B6
:100AB0008808002088080020900800209008002066
:100AC0009808002098080020A0080020A008002016
:100AD000A8080020A8080020B0080020B0080020C6
:100AE000B8080020B8080020C0080020C008002076
:100AF000C8080020C8080020D0080020D008002026
:100B0000D8080020D8080020E0080020E0080020D5
:100B1000E8080020E8080020F0080020F008002085
:100B2000F8080020F8080020000900200009002033
:100B300008090020080900201009002010090020E1
:100B40001809002018090020200900202009002091
:100B50002809002028090020300900203009002041
:100B600038090020380900204009002040090020F1
:100B700048090020480900205009002050090020A1
:100B80005809002058090020600900206009002051
:100B90006809002068090020700900207009002001
:100BA00078090020780900208009002080090020B1
:100BB0008809002088090020900900209009002061
:100BC0009809002098090020A0090020A009002011
:100BD000A8090020A8090020B0090020B0090020C1
:100BE000B8090020B8090020C0090020C009002071
:100BF000C8090020C8090020D0090020D009002021
:100C0000D8090020D8090020E0090020E0090020D0
:100C1000E8090020E8090020F0090020F009002080
:100C2000F8090020F8090020000A0020000A00202E
:100C3000080A0020080A0020100A0020100A0020DC
:100C4000180A0020180A0020200A0020200A00208C
:100C5000280A0020280A0020300A0020300A00203C
:100C6000380A0020380A0020400A0020400A0020EC
:100C7000480A0020480A0020500A0020500A00209C
:100C8000580A0020580A0020600A0020600A00204C
:100C9000780A00200000000000000000C80E0020BC
:100CA000300F0020980F002000000000000000001E
:100CB0000000000000000000000000000000000034
:100CC0000000000000000000000000000000000024
:100CD0000000000000000000000000000000000014
:100CE0000000000000000000000000000000000004
:100CF00000000000000000000000000000000000F4
:100D000000000000000000000000000000000000E3
:100D100000000000000000000000000000000000D3
:100D200000000000000000000000000000000000C3
:100D300001000000000000000E33CDAB34126DE660
:100D4000ECDE05000B0000000000000000000000C9
:100D50000000000000000000000000000000000093
:100D60000000000000000000000000000000000083
:100D70000000000000000000000000000000000073
:100D80000000000000000000000000000000000063
:100D90000000000000000000000000000000000053
:100DA0000000000000000000000000000000000043
:100DB00000000000000000004300000000000000F0
:100DC0000000000000000000000000000000000023
:100DD00000000000000000004300000000000000D0
:100DE0000000000000000000000000000000000003
:100DF00000000000000000004300000000000000B0
:100E000000000000000000000000000000000000E2
:100E1000000000000000000043000000000000008F
:100E200000000000000000000000000000000000C2
:100E3000000000000000000043000000000000006F
:100E400000000000000000000000000000000000A2
:100E5000000000000000000043000000000000004F
:100E60000000000000000000000000000000000082
:100E7000000000000000000043000000000000002F
:100E80000000000000000000000000000000000062
:100E9000000000000000000075900010E9850010BF
:100EA0000000000058950010DC92001048910010DE
:100EB000489100104891001048910010489100108E
:100EC000489100104891001048910010489100107E
:100ED000FFFFFFFFFFFFFFFFFFFFFFFFFFFF000020
:100EE0000100415343494900000000000000000098
:100EF00000000000000000000000000000000000F2
:100F00000000415343494900000000000000000078
:100F100000000000000000000000000000000000D1
:0C0F2000000000000000000000000000C5
:100F2C00D3DEFFFFFE010000FF0100000CF2FEFF0C
:040F3C00793512AB46
:040000051000014D99
:00000001FF
