
/Users/anarojas/Desktop/Sistemas Embebidos 2026/SE1_P6_EQ3_UNO/build/SE1_P6_EQ3_UNO.elf:     file format elf32-littlearm

Sections:
Idx Name          Size      VMA       LMA       File off  Algn
  0 .text         000090f0  10000000  10000000  00001000  2**3
                  CONTENTS, ALLOC, LOAD, READONLY, CODE
  1 .rodata       00007218  100090f0  100090f0  0000a0f0  2**3
                  CONTENTS, ALLOC, LOAD, READONLY, DATA
  2 .ARM.exidx    00000008  10010308  10010308  00011308  2**2
                  CONTENTS, ALLOC, LOAD, READONLY, DATA
  3 .binary_info  00000020  10010310  10010310  00011310  2**2
                  CONTENTS, ALLOC, LOAD, READONLY, DATA
  4 .psram_load   00000000  11000000  11000000  00012f40  2**0
                  CONTENTS
  5 .psram_noload 00000000  11000000  11000000  00012f40  2**0
                  CONTENTS
  6 .xip_ram      00000000  13ffc000  13ffc000  00012f40  2**0
                  CONTENTS
  7 .ram_vector_table 00000110  20000000  20000000  00013000  2**2
                  ALLOC
  8 .uninitialized_data 00000000  20000110  20000110  00012f40  2**0
                  CONTENTS
  9 .data         00000bfc  20000110  10010330  00012110  2**3
                  CONTENTS, ALLOC, LOAD, READONLY, CODE
 10 .tdata        00000000  20000d0c  20000d0c  00012f40  2**0
                  CONTENTS, ALLOC, LOAD, DATA, THREAD_LOCAL
 11 .tbss         00000000  20000d0c  20000d0c  00000000  2**0
                  ALLOC, THREAD_LOCAL
 12 .tbss_space   00000000  20000d0c  20000d0c  00012f40  2**0
                  CONTENTS
 13 .bss          000005d4  20000d10  10010f2c  00013d10  2**3
                  ALLOC
 14 .tls0         00000000  200012e4  200012e4  00012f40  2**0
                  CONTENTS
 15 .tls1         00000000  200012e4  200012e4  00012f40  2**0
                  CONTENTS
 16 .persistent_data 00000000  200012e4  200012e4  00012f40  2**0
                  CONTENTS
 17 .dummy_pre_heap 00000000  200012e4  200012e4  00012f40  2**0
                  CONTENTS
 18 .heap         00000800  200012e4  200012e4  00013000  2**2
                  ALLOC, READONLY
 19 .scratch_x    00000000  20080000  20080000  00012f40  2**0
                  CONTENTS
 20 .scratch_y    00000000  20081000  20081000  00012f40  2**0
                  CONTENTS
 21 .stack_dummy  00000800  20081000  20081000  00013000  2**5
                  ALLOC, READONLY
 22 .flash_end    00000014  10010f2c  10010f2c  00012f2c  2**2
                  CONTENTS, ALLOC, LOAD, READONLY, DATA
 23 .debug_info   00021935  00000000  00000000  00012f40  2**0
                  CONTENTS, READONLY, DEBUGGING, OCTETS
 24 .debug_abbrev 00005657  00000000  00000000  00034875  2**0
                  CONTENTS, READONLY, DEBUGGING, OCTETS
 25 .debug_loclists 00010703  00000000  00000000  00039ecc  2**0
                  CONTENTS, READONLY, DEBUGGING, OCTETS
 26 .debug_aranges 00000c20  00000000  00000000  0004a5d0  2**3
                  CONTENTS, READONLY, DEBUGGING, OCTETS
 27 .debug_rnglists 000031df  00000000  00000000  0004b1f0  2**0
                  CONTENTS, READONLY, DEBUGGING, OCTETS
 28 .debug_line   000162d2  00000000  00000000  0004e3cf  2**0
                  CONTENTS, READONLY, DEBUGGING, OCTETS
 29 .debug_str    00005bfd  00000000  00000000  000646a1  2**0
                  CONTENTS, READONLY, DEBUGGING, OCTETS
 30 .comment      00000044  00000000  00000000  0006a29e  2**0
                  CONTENTS, READONLY
 31 .ARM.attributes 00000036  00000000  00000000  0006a2e2  2**0
                  CONTENTS, READONLY
 32 .debug_frame  00003264  00000000  00000000  0006a318  2**2
                  CONTENTS, READONLY, DEBUGGING, OCTETS
 33 .debug_line_str 000002d3  00000000  00000000  0006d57c  2**0
                  CONTENTS, READONLY, DEBUGGING, OCTETS

/Users/anarojas/Desktop/Sistemas Embebidos 2026/SE1_P6_EQ3_UNO/build/SE1_P6_EQ3_UNO.elf:     file format elf32-littlearm


Disassembly of section .text:

10000000 <__VECTOR_TABLE>:
10000000:	20082000 	.word	0x20082000
10000004:	1000015b 	.word	0x1000015b
10000008:	1000011b 	.word	0x1000011b
1000000c:	1000011d 	.word	0x1000011d
10000010:	10000111 	.word	0x10000111
10000014:	10000111 	.word	0x10000111
10000018:	10000111 	.word	0x10000111
1000001c:	10000111 	.word	0x10000111
10000020:	10000119 	.word	0x10000119
10000024:	10000119 	.word	0x10000119
10000028:	10000119 	.word	0x10000119
1000002c:	1000011f 	.word	0x1000011f
10000030:	10000111 	.word	0x10000111
10000034:	10000119 	.word	0x10000119
10000038:	10000121 	.word	0x10000121
1000003c:	10000123 	.word	0x10000123
10000040:	10000111 	.word	0x10000111
10000044:	10000111 	.word	0x10000111
10000048:	10000111 	.word	0x10000111
1000004c:	10000111 	.word	0x10000111
10000050:	10000111 	.word	0x10000111
10000054:	10000111 	.word	0x10000111
10000058:	10000111 	.word	0x10000111
1000005c:	10000111 	.word	0x10000111
10000060:	10000111 	.word	0x10000111
10000064:	10000111 	.word	0x10000111
10000068:	10000111 	.word	0x10000111
1000006c:	10000111 	.word	0x10000111
10000070:	10000111 	.word	0x10000111
10000074:	10000111 	.word	0x10000111
10000078:	10000111 	.word	0x10000111
1000007c:	10000111 	.word	0x10000111
10000080:	10000111 	.word	0x10000111
10000084:	10000111 	.word	0x10000111
10000088:	10000111 	.word	0x10000111
1000008c:	10000111 	.word	0x10000111
10000090:	10000111 	.word	0x10000111
10000094:	10000111 	.word	0x10000111
10000098:	10000111 	.word	0x10000111
1000009c:	10000111 	.word	0x10000111
100000a0:	10000111 	.word	0x10000111
100000a4:	10000111 	.word	0x10000111
100000a8:	10000111 	.word	0x10000111
100000ac:	10000111 	.word	0x10000111
100000b0:	10000111 	.word	0x10000111
100000b4:	10000111 	.word	0x10000111
100000b8:	10000111 	.word	0x10000111
100000bc:	10000111 	.word	0x10000111
100000c0:	10000111 	.word	0x10000111
100000c4:	10000111 	.word	0x10000111
100000c8:	10000111 	.word	0x10000111
100000cc:	10000111 	.word	0x10000111
100000d0:	10000111 	.word	0x10000111
100000d4:	10000111 	.word	0x10000111
100000d8:	10000111 	.word	0x10000111
100000dc:	10000111 	.word	0x10000111
100000e0:	10000111 	.word	0x10000111
100000e4:	10000111 	.word	0x10000111
100000e8:	10000111 	.word	0x10000111
100000ec:	10000111 	.word	0x10000111
100000f0:	10000111 	.word	0x10000111
100000f4:	10000111 	.word	0x10000111
100000f8:	10000111 	.word	0x10000111
100000fc:	10000111 	.word	0x10000111
10000100:	10000111 	.word	0x10000111
10000104:	10000111 	.word	0x10000111
10000108:	10000111 	.word	0x10000111
1000010c:	10000111 	.word	0x10000111

10000110 <__unhandled_user_irq>:
10000110:	f3ef 8005 	mrs	r0, IPSR
10000114:	3810      	subs	r0, #16

10000116 <unhandled_user_irq_num_in_r0>:
10000116:	be00      	bkpt	0x0000

10000118 <isr_invalid>:
10000118:	be00      	bkpt	0x0000

1000011a <isr_nmi>:
1000011a:	be00      	bkpt	0x0000

1000011c <isr_hardfault>:
1000011c:	be00      	bkpt	0x0000

1000011e <isr_svcall>:
1000011e:	be00      	bkpt	0x0000

10000120 <isr_pendsv>:
10000120:	be00      	bkpt	0x0000

10000122 <isr_systick>:
10000122:	be00      	bkpt	0x0000

10000124 <__default_isrs_end>:
10000124:	7188ebf2 	.word	0x7188ebf2
10000128:	10010310 	.word	0x10010310
1000012c:	10010330 	.word	0x10010330
10000130:	1000019c 	.word	0x1000019c
10000134:	e71aa390 	.word	0xe71aa390

10000138 <__binary_info_header_end>:
10000138:	ffffded3 	.word	0xffffded3
1000013c:	10210142 	.word	0x10210142
10000140:	000001ff 	.word	0x000001ff
10000144:	00010df4 	.word	0x00010df4
10000148:	ab123579 	.word	0xab123579

1000014c <_entry_point>:
1000014c:	2000      	movs	r0, #0

1000014e <_enter_vtable_in_r0>:
1000014e:	491e      	ldr	r1, [pc, #120]	@ (100001c8 <data_cpy_table+0x2c>)
10000150:	6008      	str	r0, [r1, #0]
10000152:	c806      	ldmia	r0!, {r1, r2}
10000154:	f381 8808 	msr	MSP, r1
10000158:	4710      	bx	r2

1000015a <_reset_handler>:
1000015a:	f04f 4050 	mov.w	r0, #3489660928	@ 0xd0000000
1000015e:	6800      	ldr	r0, [r0, #0]
10000160:	b108      	cbz	r0, 10000166 <hold_non_core0_in_bootrom+0x4>

10000162 <hold_non_core0_in_bootrom>:
10000162:	2000      	movs	r0, #0
10000164:	e7f3      	b.n	1000014e <_enter_vtable_in_r0>
10000166:	a40d      	add	r4, pc, #52	@ (adr r4, 1000019c <data_cpy_table>)
10000168:	cc0e      	ldmia	r4!, {r1, r2, r3}
1000016a:	2900      	cmp	r1, #0
1000016c:	d002      	beq.n	10000174 <hold_non_core0_in_bootrom+0x12>
1000016e:	f000 f812 	bl	10000196 <data_cpy>
10000172:	e7f9      	b.n	10000168 <hold_non_core0_in_bootrom+0x6>
10000174:	4915      	ldr	r1, [pc, #84]	@ (100001cc <data_cpy_table+0x30>)
10000176:	4a16      	ldr	r2, [pc, #88]	@ (100001d0 <data_cpy_table+0x34>)
10000178:	2000      	movs	r0, #0
1000017a:	e000      	b.n	1000017e <bss_fill_test>

1000017c <bss_fill_loop>:
1000017c:	c101      	stmia	r1!, {r0}

1000017e <bss_fill_test>:
1000017e:	4291      	cmp	r1, r2
10000180:	d1fc      	bne.n	1000017c <bss_fill_loop>

10000182 <platform_entry>:
10000182:	4914      	ldr	r1, [pc, #80]	@ (100001d4 <data_cpy_table+0x38>)
10000184:	4788      	blx	r1
10000186:	4914      	ldr	r1, [pc, #80]	@ (100001d8 <data_cpy_table+0x3c>)
10000188:	4788      	blx	r1
1000018a:	4914      	ldr	r1, [pc, #80]	@ (100001dc <data_cpy_table+0x40>)
1000018c:	4788      	blx	r1
1000018e:	be00      	bkpt	0x0000
10000190:	e7fd      	b.n	1000018e <platform_entry+0xc>

10000192 <data_cpy_loop>:
10000192:	c901      	ldmia	r1!, {r0}
10000194:	c201      	stmia	r2!, {r0}

10000196 <data_cpy>:
10000196:	429a      	cmp	r2, r3
10000198:	d3fb      	bcc.n	10000192 <data_cpy_loop>

1000019a <data_cpy_done>:
1000019a:	4770      	bx	lr

1000019c <data_cpy_table>:
1000019c:	10010330 	.word	0x10010330
100001a0:	20000110 	.word	0x20000110
100001a4:	20000d0c 	.word	0x20000d0c
100001a8:	10010f2c 	.word	0x10010f2c
100001ac:	20080000 	.word	0x20080000
100001b0:	20080000 	.word	0x20080000
100001b4:	10010f2c 	.word	0x10010f2c
100001b8:	20081000 	.word	0x20081000
100001bc:	20081000 	.word	0x20081000
100001c0:	00000000 	.word	0x00000000
100001c4:	4770      	bx	lr
100001c6:	0000      	.short	0x0000
100001c8:	e000ed08 	.word	0xe000ed08
100001cc:	20000d0c 	.word	0x20000d0c
100001d0:	200012e4 	.word	0x200012e4
100001d4:	1000352d 	.word	0x1000352d
100001d8:	100002d9 	.word	0x100002d9
100001dc:	100034f1 	.word	0x100034f1

100001e0 <on_uart_irq>:
100001e0:	230e      	movs	r3, #14
100001e2:	f04f 0201 	mov.w	r2, #1
100001e6:	b5f0      	push	{r4, r5, r6, r7, lr}
100001e8:	ec42 3040 	gpioc_bit_out_put r3, r2
100001ec:	482f      	ldr	r0, [pc, #188]	@ (100002ac <on_uart_irq+0xcc>)
100001ee:	6983      	ldr	r3, [r0, #24]
100001f0:	06d9      	lsls	r1, r3, #27
100001f2:	d422      	bmi.n	1000023a <on_uart_irq+0x5a>
100001f4:	492e      	ldr	r1, [pc, #184]	@ (100002b0 <on_uart_irq+0xd0>)
100001f6:	4d2f      	ldr	r5, [pc, #188]	@ (100002b4 <on_uart_irq+0xd4>)
100001f8:	4f2f      	ldr	r7, [pc, #188]	@ (100002b8 <on_uart_irq+0xd8>)
100001fa:	4e30      	ldr	r6, [pc, #192]	@ (100002bc <on_uart_irq+0xdc>)
100001fc:	f8df c0d0 	ldr.w	ip, [pc, #208]	@ 100002d0 <on_uart_irq+0xf0>
10000200:	f8df e0d0 	ldr.w	lr, [pc, #208]	@ 100002d4 <on_uart_irq+0xf4>
10000204:	6803      	ldr	r3, [r0, #0]
10000206:	05da      	lsls	r2, r3, #23
10000208:	b2dc      	uxtb	r4, r3
1000020a:	d502      	bpl.n	10000212 <on_uart_irq+0x32>
1000020c:	683a      	ldr	r2, [r7, #0]
1000020e:	3201      	adds	r2, #1
10000210:	603a      	str	r2, [r7, #0]
10000212:	051a      	lsls	r2, r3, #20
10000214:	d502      	bpl.n	1000021c <on_uart_irq+0x3c>
10000216:	6833      	ldr	r3, [r6, #0]
10000218:	3301      	adds	r3, #1
1000021a:	6033      	str	r3, [r6, #0]
1000021c:	880b      	ldrh	r3, [r1, #0]
1000021e:	882a      	ldrh	r2, [r5, #0]
10000220:	3301      	adds	r3, #1
10000222:	b2db      	uxtb	r3, r3
10000224:	b292      	uxth	r2, r2
10000226:	429a      	cmp	r2, r3
10000228:	d02d      	beq.n	10000286 <on_uart_irq+0xa6>
1000022a:	880a      	ldrh	r2, [r1, #0]
1000022c:	b292      	uxth	r2, r2
1000022e:	f80e 4002 	strb.w	r4, [lr, r2]
10000232:	800b      	strh	r3, [r1, #0]
10000234:	6983      	ldr	r3, [r0, #24]
10000236:	06db      	lsls	r3, r3, #27
10000238:	d5e4      	bpl.n	10000204 <on_uart_irq+0x24>
1000023a:	481c      	ldr	r0, [pc, #112]	@ (100002ac <on_uart_irq+0xcc>)
1000023c:	4a20      	ldr	r2, [pc, #128]	@ (100002c0 <on_uart_irq+0xe0>)
1000023e:	6983      	ldr	r3, [r0, #24]
10000240:	4c20      	ldr	r4, [pc, #128]	@ (100002c4 <on_uart_irq+0xe4>)
10000242:	0699      	lsls	r1, r3, #26
10000244:	d413      	bmi.n	1000026e <on_uart_irq+0x8e>
10000246:	4d20      	ldr	r5, [pc, #128]	@ (100002c8 <on_uart_irq+0xe8>)
10000248:	e00b      	b.n	10000262 <on_uart_irq+0x82>
1000024a:	8813      	ldrh	r3, [r2, #0]
1000024c:	b29b      	uxth	r3, r3
1000024e:	5ceb      	ldrb	r3, [r5, r3]
10000250:	b2db      	uxtb	r3, r3
10000252:	6003      	str	r3, [r0, #0]
10000254:	8813      	ldrh	r3, [r2, #0]
10000256:	3301      	adds	r3, #1
10000258:	b2db      	uxtb	r3, r3
1000025a:	8013      	strh	r3, [r2, #0]
1000025c:	6983      	ldr	r3, [r0, #24]
1000025e:	069b      	lsls	r3, r3, #26
10000260:	d405      	bmi.n	1000026e <on_uart_irq+0x8e>
10000262:	8811      	ldrh	r1, [r2, #0]
10000264:	8823      	ldrh	r3, [r4, #0]
10000266:	b289      	uxth	r1, r1
10000268:	b29b      	uxth	r3, r3
1000026a:	4299      	cmp	r1, r3
1000026c:	d1ed      	bne.n	1000024a <on_uart_irq+0x6a>
1000026e:	8812      	ldrh	r2, [r2, #0]
10000270:	8823      	ldrh	r3, [r4, #0]
10000272:	b292      	uxth	r2, r2
10000274:	b29b      	uxth	r3, r3
10000276:	429a      	cmp	r2, r3
10000278:	d00e      	beq.n	10000298 <on_uart_irq+0xb8>
1000027a:	230e      	movs	r3, #14
1000027c:	f04f 0200 	mov.w	r2, #0
10000280:	ec42 3040 	gpioc_bit_out_put r3, r2
10000284:	bdf0      	pop	{r4, r5, r6, r7, pc}
10000286:	f8dc 3000 	ldr.w	r3, [ip]
1000028a:	3301      	adds	r3, #1
1000028c:	f8cc 3000 	str.w	r3, [ip]
10000290:	6983      	ldr	r3, [r0, #24]
10000292:	06dc      	lsls	r4, r3, #27
10000294:	d5b6      	bpl.n	10000204 <on_uart_irq+0x24>
10000296:	e7d0      	b.n	1000023a <on_uart_irq+0x5a>
10000298:	2150      	movs	r1, #80	@ 0x50
1000029a:	4b04      	ldr	r3, [pc, #16]	@ (100002ac <on_uart_irq+0xcc>)
1000029c:	4a0b      	ldr	r2, [pc, #44]	@ (100002cc <on_uart_irq+0xec>)
1000029e:	6399      	str	r1, [r3, #56]	@ 0x38
100002a0:	6b5b      	ldr	r3, [r3, #52]	@ 0x34
100002a2:	f003 0338 	and.w	r3, r3, #56	@ 0x38
100002a6:	6353      	str	r3, [r2, #52]	@ 0x34
100002a8:	e7e7      	b.n	1000027a <on_uart_irq+0x9a>
100002aa:	bf00      	nop
100002ac:	40070000 	.word	0x40070000
100002b0:	200012d8 	.word	0x200012d8
100002b4:	200012da 	.word	0x200012da
100002b8:	2000105c 	.word	0x2000105c
100002bc:	200010a8 	.word	0x200010a8
100002c0:	200012de 	.word	0x200012de
100002c4:	200012dc 	.word	0x200012dc
100002c8:	200011cc 	.word	0x200011cc
100002cc:	40071000 	.word	0x40071000
100002d0:	2000104c 	.word	0x2000104c
100002d4:	200010cc 	.word	0x200010cc

100002d8 <main>:
100002d8:	e92d 4ff0 	stmdb	sp!, {r4, r5, r6, r7, r8, r9, sl, fp, lr}
100002dc:	2010      	movs	r0, #16
100002de:	b0c7      	sub	sp, #284	@ 0x11c
100002e0:	f000 fb32 	bl	10000948 <gpio_init>
100002e4:	f04f 0501 	mov.w	r5, #1
100002e8:	2310      	movs	r3, #16
100002ea:	ec45 3044 	gpioc_bit_oe_put r3, r5
100002ee:	f04f 0400 	mov.w	r4, #0
100002f2:	ec44 3040 	gpioc_bit_out_put r3, r4
100002f6:	200e      	movs	r0, #14
100002f8:	f000 fb26 	bl	10000948 <gpio_init>
100002fc:	230e      	movs	r3, #14
100002fe:	ec45 3044 	gpioc_bit_oe_put r3, r5
10000302:	ec44 3040 	gpioc_bit_out_put r3, r4
10000306:	200d      	movs	r0, #13
10000308:	f000 fb1e 	bl	10000948 <gpio_init>
1000030c:	230d      	movs	r3, #13
1000030e:	ec45 3044 	gpioc_bit_oe_put r3, r5
10000312:	ec44 3040 	gpioc_bit_out_put r3, r4
10000316:	4db0      	ldr	r5, [pc, #704]	@ (100005d8 <main+0x300>)
10000318:	2102      	movs	r1, #2
1000031a:	2000      	movs	r0, #0
1000031c:	f000 faf6 	bl	1000090c <gpio_set_function>
10000320:	2102      	movs	r1, #2
10000322:	2001      	movs	r0, #1
10000324:	f000 faf2 	bl	1000090c <gpio_set_function>
10000328:	f44f 31e1 	mov.w	r1, #115200	@ 0x1c200
1000032c:	4628      	mov	r0, r5
1000032e:	f000 ffa1 	bl	10001274 <uart_init>
10000332:	2300      	movs	r3, #0
10000334:	2201      	movs	r2, #1
10000336:	4604      	mov	r4, r0
10000338:	2108      	movs	r1, #8
1000033a:	4628      	mov	r0, r5
1000033c:	f001 f81c 	bl	10001378 <uart_set_format>
10000340:	2101      	movs	r1, #1
10000342:	4628      	mov	r0, r5
10000344:	f001 f850 	bl	100013e8 <uart_set_fifo_enabled>
10000348:	2021      	movs	r0, #33	@ 0x21
1000034a:	49a4      	ldr	r1, [pc, #656]	@ (100005dc <main+0x304>)
1000034c:	f000 fbba 	bl	10000ac4 <irq_set_exclusive_handler>
10000350:	2101      	movs	r1, #1
10000352:	2021      	movs	r0, #33	@ 0x21
10000354:	f000 fba0 	bl	10000a98 <irq_set_enabled>
10000358:	2250      	movs	r2, #80	@ 0x50
1000035a:	63aa      	str	r2, [r5, #56]	@ 0x38
1000035c:	6b6b      	ldr	r3, [r5, #52]	@ 0x34
1000035e:	4fa0      	ldr	r7, [pc, #640]	@ (100005e0 <main+0x308>)
10000360:	48a0      	ldr	r0, [pc, #640]	@ (100005e4 <main+0x30c>)
10000362:	f003 0338 	and.w	r3, r3, #56	@ 0x38
10000366:	f5a4 31e1 	sub.w	r1, r4, #115200	@ 0x1c200
1000036a:	f44f 32e1 	mov.w	r2, #115200	@ 0x1c200
1000036e:	637b      	str	r3, [r7, #52]	@ 0x34
10000370:	fb81 0100 	smull	r0, r1, r1, r0
10000374:	2300      	movs	r3, #0
10000376:	f008 fe97 	bl	100090a8 <____aeabi_ldivmod_veneer>
1000037a:	2180      	movs	r1, #128	@ 0x80
1000037c:	e9cd 4000 	strd	r4, r0, [sp]
10000380:	f44f 33e1 	mov.w	r3, #115200	@ 0x1c200
10000384:	4a98      	ldr	r2, [pc, #608]	@ (100005e8 <main+0x310>)
10000386:	a806      	add	r0, sp, #24
10000388:	f003 f846 	bl	10003418 <__wrap_snprintf>
1000038c:	f89d 1018 	ldrb.w	r1, [sp, #24]
10000390:	2900      	cmp	r1, #0
10000392:	f000 8285 	beq.w	100008a0 <main+0x5c8>
10000396:	f04f 0c70 	mov.w	ip, #112	@ 0x70
1000039a:	4c94      	ldr	r4, [pc, #592]	@ (100005ec <main+0x314>)
1000039c:	4e94      	ldr	r6, [pc, #592]	@ (100005f0 <main+0x318>)
1000039e:	f8df 8294 	ldr.w	r8, [pc, #660]	@ 10000634 <main+0x35c>
100003a2:	a806      	add	r0, sp, #24
100003a4:	8823      	ldrh	r3, [r4, #0]
100003a6:	8832      	ldrh	r2, [r6, #0]
100003a8:	3301      	adds	r3, #1
100003aa:	b2db      	uxtb	r3, r3
100003ac:	b292      	uxth	r2, r2
100003ae:	4293      	cmp	r3, r2
100003b0:	f000 8270 	beq.w	10000894 <main+0x5bc>
100003b4:	8822      	ldrh	r2, [r4, #0]
100003b6:	b292      	uxth	r2, r2
100003b8:	f808 1002 	strb.w	r1, [r8, r2]
100003bc:	8023      	strh	r3, [r4, #0]
100003be:	f8c5 c038 	str.w	ip, [r5, #56]	@ 0x38
100003c2:	6b6b      	ldr	r3, [r5, #52]	@ 0x34
100003c4:	f003 0338 	and.w	r3, r3, #56	@ 0x38
100003c8:	637b      	str	r3, [r7, #52]	@ 0x34
100003ca:	6b6b      	ldr	r3, [r5, #52]	@ 0x34
100003cc:	f003 0307 	and.w	r3, r3, #7
100003d0:	637b      	str	r3, [r7, #52]	@ 0x34
100003d2:	f810 1f01 	ldrb.w	r1, [r0, #1]!
100003d6:	2900      	cmp	r1, #0
100003d8:	d1e4      	bne.n	100003a4 <main+0xcc>
100003da:	4b86      	ldr	r3, [pc, #536]	@ (100005f4 <main+0x31c>)
100003dc:	4a86      	ldr	r2, [pc, #536]	@ (100005f8 <main+0x320>)
100003de:	6a9b      	ldr	r3, [r3, #40]	@ 0x28
100003e0:	f8df 9230 	ldr.w	r9, [pc, #560]	@ 10000614 <main+0x33c>
100003e4:	6013      	str	r3, [r2, #0]
100003e6:	4a85      	ldr	r2, [pc, #532]	@ (100005fc <main+0x324>)
100003e8:	4d85      	ldr	r5, [pc, #532]	@ (10000600 <main+0x328>)
100003ea:	f8df b24c 	ldr.w	fp, [pc, #588]	@ 10000638 <main+0x360>
100003ee:	f8df a24c 	ldr.w	sl, [pc, #588]	@ 1000063c <main+0x364>
100003f2:	6013      	str	r3, [r2, #0]
100003f4:	230d      	movs	r3, #13
100003f6:	f04f 0201 	mov.w	r2, #1
100003fa:	ec42 3040 	gpioc_bit_out_put r3, r2
100003fe:	4b7d      	ldr	r3, [pc, #500]	@ (100005f4 <main+0x31c>)
10000400:	f8d3 c028 	ldr.w	ip, [r3, #40]	@ 0x28
10000404:	882a      	ldrh	r2, [r5, #0]
10000406:	f8bb 3000 	ldrh.w	r3, [fp]
1000040a:	b292      	uxth	r2, r2
1000040c:	b29b      	uxth	r3, r3
1000040e:	429a      	cmp	r2, r3
10000410:	f000 8088 	beq.w	10000524 <main+0x24c>
10000414:	4b7b      	ldr	r3, [pc, #492]	@ (10000604 <main+0x32c>)
10000416:	4f70      	ldr	r7, [pc, #448]	@ (100005d8 <main+0x300>)
10000418:	7819      	ldrb	r1, [r3, #0]
1000041a:	f8cd c00c 	str.w	ip, [sp, #12]
1000041e:	e010      	b.n	10000442 <main+0x16a>
10000420:	2a0a      	cmp	r2, #10
10000422:	d032      	beq.n	1000048a <main+0x1b2>
10000424:	293e      	cmp	r1, #62	@ 0x3e
10000426:	d805      	bhi.n	10000434 <main+0x15c>
10000428:	4b76      	ldr	r3, [pc, #472]	@ (10000604 <main+0x32c>)
1000042a:	f809 2001 	strb.w	r2, [r9, r1]
1000042e:	3101      	adds	r1, #1
10000430:	b2c9      	uxtb	r1, r1
10000432:	7019      	strb	r1, [r3, #0]
10000434:	882a      	ldrh	r2, [r5, #0]
10000436:	f8bb 3000 	ldrh.w	r3, [fp]
1000043a:	b292      	uxth	r2, r2
1000043c:	b29b      	uxth	r3, r3
1000043e:	429a      	cmp	r2, r3
10000440:	d06e      	beq.n	10000520 <main+0x248>
10000442:	882b      	ldrh	r3, [r5, #0]
10000444:	b29b      	uxth	r3, r3
10000446:	f81a 2003 	ldrb.w	r2, [sl, r3]
1000044a:	882b      	ldrh	r3, [r5, #0]
1000044c:	b2d2      	uxtb	r2, r2
1000044e:	3301      	adds	r3, #1
10000450:	b2db      	uxtb	r3, r3
10000452:	802b      	strh	r3, [r5, #0]
10000454:	8823      	ldrh	r3, [r4, #0]
10000456:	8830      	ldrh	r0, [r6, #0]
10000458:	3301      	adds	r3, #1
1000045a:	b2db      	uxtb	r3, r3
1000045c:	b280      	uxth	r0, r0
1000045e:	4283      	cmp	r3, r0
10000460:	d011      	beq.n	10000486 <main+0x1ae>
10000462:	f04f 0c70 	mov.w	ip, #112	@ 0x70
10000466:	8820      	ldrh	r0, [r4, #0]
10000468:	b280      	uxth	r0, r0
1000046a:	f808 2000 	strb.w	r2, [r8, r0]
1000046e:	8023      	strh	r3, [r4, #0]
10000470:	f8c7 c038 	str.w	ip, [r7, #56]	@ 0x38
10000474:	6b7b      	ldr	r3, [r7, #52]	@ 0x34
10000476:	485a      	ldr	r0, [pc, #360]	@ (100005e0 <main+0x308>)
10000478:	f003 0338 	and.w	r3, r3, #56	@ 0x38
1000047c:	6343      	str	r3, [r0, #52]	@ 0x34
1000047e:	6b7b      	ldr	r3, [r7, #52]	@ 0x34
10000480:	f003 0307 	and.w	r3, r3, #7
10000484:	6343      	str	r3, [r0, #52]	@ 0x34
10000486:	2a0d      	cmp	r2, #13
10000488:	d1ca      	bne.n	10000420 <main+0x148>
1000048a:	2300      	movs	r3, #0
1000048c:	f809 3001 	strb.w	r3, [r9, r1]
10000490:	b919      	cbnz	r1, 1000049a <main+0x1c2>
10000492:	2100      	movs	r1, #0
10000494:	4b5b      	ldr	r3, [pc, #364]	@ (10000604 <main+0x32c>)
10000496:	7019      	strb	r1, [r3, #0]
10000498:	e7cc      	b.n	10000434 <main+0x15c>
1000049a:	f8d9 3000 	ldr.w	r3, [r9]
1000049e:	4a5a      	ldr	r2, [pc, #360]	@ (10000608 <main+0x330>)
100004a0:	4293      	cmp	r3, r2
100004a2:	f000 80dd 	beq.w	10000660 <main+0x388>
100004a6:	f8d9 3000 	ldr.w	r3, [r9]
100004aa:	4a58      	ldr	r2, [pc, #352]	@ (1000060c <main+0x334>)
100004ac:	4293      	cmp	r3, r2
100004ae:	f000 8123 	beq.w	100006f8 <main+0x420>
100004b2:	f8d9 3000 	ldr.w	r3, [r9]
100004b6:	4a55      	ldr	r2, [pc, #340]	@ (1000060c <main+0x334>)
100004b8:	4293      	cmp	r3, r2
100004ba:	f000 817b 	beq.w	100007b4 <main+0x4dc>
100004be:	4954      	ldr	r1, [pc, #336]	@ (10000610 <main+0x338>)
100004c0:	4854      	ldr	r0, [pc, #336]	@ (10000614 <main+0x33c>)
100004c2:	f10d 0317 	add.w	r3, sp, #23
100004c6:	aa26      	add	r2, sp, #152	@ 0x98
100004c8:	f003 fe32 	bl	10004130 <sscanf>
100004cc:	2801      	cmp	r0, #1
100004ce:	f000 81b0 	beq.w	10000832 <main+0x55a>
100004d2:	2120      	movs	r1, #32
100004d4:	4850      	ldr	r0, [pc, #320]	@ (10000618 <main+0x340>)
100004d6:	f8df c100 	ldr.w	ip, [pc, #256]	@ 100005d8 <main+0x300>
100004da:	f8df e104 	ldr.w	lr, [pc, #260]	@ 100005e0 <main+0x308>
100004de:	8823      	ldrh	r3, [r4, #0]
100004e0:	8832      	ldrh	r2, [r6, #0]
100004e2:	3301      	adds	r3, #1
100004e4:	b2db      	uxtb	r3, r3
100004e6:	b292      	uxth	r2, r2
100004e8:	4293      	cmp	r3, r2
100004ea:	f000 80b3 	beq.w	10000654 <main+0x37c>
100004ee:	8822      	ldrh	r2, [r4, #0]
100004f0:	b292      	uxth	r2, r2
100004f2:	f808 1002 	strb.w	r1, [r8, r2]
100004f6:	8023      	strh	r3, [r4, #0]
100004f8:	2370      	movs	r3, #112	@ 0x70
100004fa:	f8cc 3038 	str.w	r3, [ip, #56]	@ 0x38
100004fe:	f8dc 3034 	ldr.w	r3, [ip, #52]	@ 0x34
10000502:	f003 0338 	and.w	r3, r3, #56	@ 0x38
10000506:	f8ce 3034 	str.w	r3, [lr, #52]	@ 0x34
1000050a:	f8dc 3034 	ldr.w	r3, [ip, #52]	@ 0x34
1000050e:	f003 0307 	and.w	r3, r3, #7
10000512:	f8ce 3034 	str.w	r3, [lr, #52]	@ 0x34
10000516:	f810 1f01 	ldrb.w	r1, [r0, #1]!
1000051a:	2900      	cmp	r1, #0
1000051c:	d1df      	bne.n	100004de <main+0x206>
1000051e:	e7b8      	b.n	10000492 <main+0x1ba>
10000520:	f8dd c00c 	ldr.w	ip, [sp, #12]
10000524:	4b35      	ldr	r3, [pc, #212]	@ (100005fc <main+0x324>)
10000526:	681b      	ldr	r3, [r3, #0]
10000528:	ebac 0103 	sub.w	r1, ip, r3
1000052c:	4b3b      	ldr	r3, [pc, #236]	@ (1000061c <main+0x344>)
1000052e:	781b      	ldrb	r3, [r3, #0]
10000530:	2b00      	cmp	r3, #0
10000532:	f000 812a 	beq.w	1000078a <main+0x4b2>
10000536:	f44f 737a 	mov.w	r3, #1000	@ 0x3e8
1000053a:	4a39      	ldr	r2, [pc, #228]	@ (10000620 <main+0x348>)
1000053c:	4f2e      	ldr	r7, [pc, #184]	@ (100005f8 <main+0x320>)
1000053e:	6810      	ldr	r0, [r2, #0]
10000540:	683a      	ldr	r2, [r7, #0]
10000542:	fb00 f303 	mul.w	r3, r0, r3
10000546:	ebac 0202 	sub.w	r2, ip, r2
1000054a:	429a      	cmp	r2, r3
1000054c:	f0c0 8128 	bcc.w	100007a0 <main+0x4c8>
10000550:	4a34      	ldr	r2, [pc, #208]	@ (10000624 <main+0x34c>)
10000552:	f8c7 c000 	str.w	ip, [r7]
10000556:	7813      	ldrb	r3, [r2, #0]
10000558:	f083 0301 	eor.w	r3, r3, #1
1000055c:	7013      	strb	r3, [r2, #0]
1000055e:	2210      	movs	r2, #16
10000560:	ec43 2040 	gpioc_bit_out_put r2, r3
10000564:	4b30      	ldr	r3, [pc, #192]	@ (10000628 <main+0x350>)
10000566:	4299      	cmp	r1, r3
10000568:	d930      	bls.n	100005cc <main+0x2f4>
1000056a:	4b24      	ldr	r3, [pc, #144]	@ (100005fc <main+0x324>)
1000056c:	f8c3 c000 	str.w	ip, [r3]
10000570:	4b2e      	ldr	r3, [pc, #184]	@ (1000062c <main+0x354>)
10000572:	e9cd 3000 	strd	r3, r0, [sp]
10000576:	2180      	movs	r1, #128	@ 0x80
10000578:	4663      	mov	r3, ip
1000057a:	4a2d      	ldr	r2, [pc, #180]	@ (10000630 <main+0x358>)
1000057c:	a826      	add	r0, sp, #152	@ 0x98
1000057e:	f002 ff4b 	bl	10003418 <__wrap_snprintf>
10000582:	f89d 1098 	ldrb.w	r1, [sp, #152]	@ 0x98
10000586:	b309      	cbz	r1, 100005cc <main+0x2f4>
10000588:	f04f 0e70 	mov.w	lr, #112	@ 0x70
1000058c:	4f12      	ldr	r7, [pc, #72]	@ (100005d8 <main+0x300>)
1000058e:	f8df c050 	ldr.w	ip, [pc, #80]	@ 100005e0 <main+0x308>
10000592:	a826      	add	r0, sp, #152	@ 0x98
10000594:	8823      	ldrh	r3, [r4, #0]
10000596:	8832      	ldrh	r2, [r6, #0]
10000598:	3301      	adds	r3, #1
1000059a:	b2db      	uxtb	r3, r3
1000059c:	b292      	uxth	r2, r2
1000059e:	4293      	cmp	r3, r2
100005a0:	d04e      	beq.n	10000640 <main+0x368>
100005a2:	8822      	ldrh	r2, [r4, #0]
100005a4:	b292      	uxth	r2, r2
100005a6:	f808 1002 	strb.w	r1, [r8, r2]
100005aa:	8023      	strh	r3, [r4, #0]
100005ac:	f8c7 e038 	str.w	lr, [r7, #56]	@ 0x38
100005b0:	6b7b      	ldr	r3, [r7, #52]	@ 0x34
100005b2:	f003 0338 	and.w	r3, r3, #56	@ 0x38
100005b6:	f8cc 3034 	str.w	r3, [ip, #52]	@ 0x34
100005ba:	6b7b      	ldr	r3, [r7, #52]	@ 0x34
100005bc:	f003 0307 	and.w	r3, r3, #7
100005c0:	f8cc 3034 	str.w	r3, [ip, #52]	@ 0x34
100005c4:	f810 1f01 	ldrb.w	r1, [r0, #1]!
100005c8:	2900      	cmp	r1, #0
100005ca:	d1e3      	bne.n	10000594 <main+0x2bc>
100005cc:	230d      	movs	r3, #13
100005ce:	f04f 0200 	mov.w	r2, #0
100005d2:	ec42 3040 	gpioc_bit_out_put r3, r2
100005d6:	e70d      	b.n	100003f4 <main+0x11c>
100005d8:	40070000 	.word	0x40070000
100005dc:	100001e1 	.word	0x100001e1
100005e0:	40071000 	.word	0x40071000
100005e4:	000f4240 	.word	0x000f4240
100005e8:	10009118 	.word	0x10009118
100005ec:	200012dc 	.word	0x200012dc
100005f0:	200012de 	.word	0x200012de
100005f4:	400b0000 	.word	0x400b0000
100005f8:	200012d0 	.word	0x200012d0
100005fc:	200012d4 	.word	0x200012d4
10000600:	200012da 	.word	0x200012da
10000604:	200012e2 	.word	0x200012e2
10000608:	20746567 	.word	0x20746567
1000060c:	20746573 	.word	0x20746573
10000610:	100091a4 	.word	0x100091a4
10000614:	20001068 	.word	0x20001068
10000618:	100090f8 	.word	0x100090f8
1000061c:	20000638 	.word	0x20000638
10000620:	2000063c 	.word	0x2000063c
10000624:	200012e0 	.word	0x200012e0
10000628:	000f423f 	.word	0x000f423f
1000062c:	10009194 	.word	0x10009194
10000630:	100091b8 	.word	0x100091b8
10000634:	200011cc 	.word	0x200011cc
10000638:	200012d8 	.word	0x200012d8
1000063c:	200010cc 	.word	0x200010cc
10000640:	f810 1f01 	ldrb.w	r1, [r0, #1]!
10000644:	2900      	cmp	r1, #0
10000646:	d1a5      	bne.n	10000594 <main+0x2bc>
10000648:	230d      	movs	r3, #13
1000064a:	f04f 0200 	mov.w	r2, #0
1000064e:	ec42 3040 	gpioc_bit_out_put r3, r2
10000652:	e6cf      	b.n	100003f4 <main+0x11c>
10000654:	f810 1f01 	ldrb.w	r1, [r0, #1]!
10000658:	2900      	cmp	r1, #0
1000065a:	f47f af40 	bne.w	100004de <main+0x206>
1000065e:	e718      	b.n	10000492 <main+0x1ba>
10000660:	4b92      	ldr	r3, [pc, #584]	@ (100008ac <main+0x5d4>)
10000662:	4a93      	ldr	r2, [pc, #588]	@ (100008b0 <main+0x5d8>)
10000664:	681b      	ldr	r3, [r3, #0]
10000666:	4293      	cmp	r3, r2
10000668:	f47f af1d 	bne.w	100004a6 <main+0x1ce>
1000066c:	4b91      	ldr	r3, [pc, #580]	@ (100008b4 <main+0x5dc>)
1000066e:	881b      	ldrh	r3, [r3, #0]
10000670:	2b73      	cmp	r3, #115	@ 0x73
10000672:	f47f af18 	bne.w	100004a6 <main+0x1ce>
10000676:	f3ef 8010 	mrs	r0, PRIMASK
1000067a:	b672      	cpsid	i
1000067c:	4b8e      	ldr	r3, [pc, #568]	@ (100008b8 <main+0x5e0>)
1000067e:	4a8f      	ldr	r2, [pc, #572]	@ (100008bc <main+0x5e4>)
10000680:	498f      	ldr	r1, [pc, #572]	@ (100008c0 <main+0x5e8>)
10000682:	681b      	ldr	r3, [r3, #0]
10000684:	6812      	ldr	r2, [r2, #0]
10000686:	6809      	ldr	r1, [r1, #0]
10000688:	f380 8810 	msr	PRIMASK, r0
1000068c:	e9cd 2100 	strd	r2, r1, [sp]
10000690:	a826      	add	r0, sp, #152	@ 0x98
10000692:	2180      	movs	r1, #128	@ 0x80
10000694:	4a8b      	ldr	r2, [pc, #556]	@ (100008c4 <main+0x5ec>)
10000696:	f002 febf 	bl	10003418 <__wrap_snprintf>
1000069a:	f89d 1098 	ldrb.w	r1, [sp, #152]	@ 0x98
1000069e:	2900      	cmp	r1, #0
100006a0:	f43f aef7 	beq.w	10000492 <main+0x1ba>
100006a4:	f8df c258 	ldr.w	ip, [pc, #600]	@ 10000900 <main+0x628>
100006a8:	f8df e258 	ldr.w	lr, [pc, #600]	@ 10000904 <main+0x62c>
100006ac:	a826      	add	r0, sp, #152	@ 0x98
100006ae:	8823      	ldrh	r3, [r4, #0]
100006b0:	8832      	ldrh	r2, [r6, #0]
100006b2:	3301      	adds	r3, #1
100006b4:	b2db      	uxtb	r3, r3
100006b6:	b292      	uxth	r2, r2
100006b8:	4293      	cmp	r3, r2
100006ba:	d018      	beq.n	100006ee <main+0x416>
100006bc:	8822      	ldrh	r2, [r4, #0]
100006be:	b292      	uxth	r2, r2
100006c0:	f808 1002 	strb.w	r1, [r8, r2]
100006c4:	8023      	strh	r3, [r4, #0]
100006c6:	2370      	movs	r3, #112	@ 0x70
100006c8:	f8cc 3038 	str.w	r3, [ip, #56]	@ 0x38
100006cc:	f8dc 3034 	ldr.w	r3, [ip, #52]	@ 0x34
100006d0:	f003 0338 	and.w	r3, r3, #56	@ 0x38
100006d4:	f8ce 3034 	str.w	r3, [lr, #52]	@ 0x34
100006d8:	f8dc 3034 	ldr.w	r3, [ip, #52]	@ 0x34
100006dc:	f003 0307 	and.w	r3, r3, #7
100006e0:	f8ce 3034 	str.w	r3, [lr, #52]	@ 0x34
100006e4:	f810 1f01 	ldrb.w	r1, [r0, #1]!
100006e8:	2900      	cmp	r1, #0
100006ea:	d1e0      	bne.n	100006ae <main+0x3d6>
100006ec:	e6d1      	b.n	10000492 <main+0x1ba>
100006ee:	f810 1f01 	ldrb.w	r1, [r0, #1]!
100006f2:	2900      	cmp	r1, #0
100006f4:	d1db      	bne.n	100006ae <main+0x3d6>
100006f6:	e6cc      	b.n	10000492 <main+0x1ba>
100006f8:	4b6c      	ldr	r3, [pc, #432]	@ (100008ac <main+0x5d4>)
100006fa:	4a73      	ldr	r2, [pc, #460]	@ (100008c8 <main+0x5f0>)
100006fc:	681b      	ldr	r3, [r3, #0]
100006fe:	4293      	cmp	r3, r2
10000700:	f47f aed7 	bne.w	100004b2 <main+0x1da>
10000704:	f646 636f 	movw	r3, #28271	@ 0x6e6f
10000708:	4a6a      	ldr	r2, [pc, #424]	@ (100008b4 <main+0x5dc>)
1000070a:	8812      	ldrh	r2, [r2, #0]
1000070c:	429a      	cmp	r2, r3
1000070e:	f47f aed0 	bne.w	100004b2 <main+0x1da>
10000712:	4b6e      	ldr	r3, [pc, #440]	@ (100008cc <main+0x5f4>)
10000714:	781b      	ldrb	r3, [r3, #0]
10000716:	2b00      	cmp	r3, #0
10000718:	f47f aecb 	bne.w	100004b2 <main+0x1da>
1000071c:	2301      	movs	r3, #1
1000071e:	496c      	ldr	r1, [pc, #432]	@ (100008d0 <main+0x5f8>)
10000720:	2210      	movs	r2, #16
10000722:	700b      	strb	r3, [r1, #0]
10000724:	496b      	ldr	r1, [pc, #428]	@ (100008d4 <main+0x5fc>)
10000726:	700b      	strb	r3, [r1, #0]
10000728:	ec43 2040 	gpioc_bit_out_put r2, r3
1000072c:	2120      	movs	r1, #32
1000072e:	4b6a      	ldr	r3, [pc, #424]	@ (100008d8 <main+0x600>)
10000730:	4a6a      	ldr	r2, [pc, #424]	@ (100008dc <main+0x604>)
10000732:	6a9b      	ldr	r3, [r3, #40]	@ 0x28
10000734:	486a      	ldr	r0, [pc, #424]	@ (100008e0 <main+0x608>)
10000736:	f8df c1c8 	ldr.w	ip, [pc, #456]	@ 10000900 <main+0x628>
1000073a:	f8df e1c8 	ldr.w	lr, [pc, #456]	@ 10000904 <main+0x62c>
1000073e:	6013      	str	r3, [r2, #0]
10000740:	8823      	ldrh	r3, [r4, #0]
10000742:	8832      	ldrh	r2, [r6, #0]
10000744:	3301      	adds	r3, #1
10000746:	b2db      	uxtb	r3, r3
10000748:	b292      	uxth	r2, r2
1000074a:	4293      	cmp	r3, r2
1000074c:	d018      	beq.n	10000780 <main+0x4a8>
1000074e:	8822      	ldrh	r2, [r4, #0]
10000750:	b292      	uxth	r2, r2
10000752:	f808 1002 	strb.w	r1, [r8, r2]
10000756:	8023      	strh	r3, [r4, #0]
10000758:	2370      	movs	r3, #112	@ 0x70
1000075a:	f8cc 3038 	str.w	r3, [ip, #56]	@ 0x38
1000075e:	f8dc 3034 	ldr.w	r3, [ip, #52]	@ 0x34
10000762:	f003 0338 	and.w	r3, r3, #56	@ 0x38
10000766:	f8ce 3034 	str.w	r3, [lr, #52]	@ 0x34
1000076a:	f8dc 3034 	ldr.w	r3, [ip, #52]	@ 0x34
1000076e:	f003 0307 	and.w	r3, r3, #7
10000772:	f8ce 3034 	str.w	r3, [lr, #52]	@ 0x34
10000776:	f810 1f01 	ldrb.w	r1, [r0, #1]!
1000077a:	2900      	cmp	r1, #0
1000077c:	d1e0      	bne.n	10000740 <main+0x468>
1000077e:	e688      	b.n	10000492 <main+0x1ba>
10000780:	f810 1f01 	ldrb.w	r1, [r0, #1]!
10000784:	2900      	cmp	r1, #0
10000786:	d1db      	bne.n	10000740 <main+0x468>
10000788:	e683      	b.n	10000492 <main+0x1ba>
1000078a:	4b56      	ldr	r3, [pc, #344]	@ (100008e4 <main+0x60c>)
1000078c:	4299      	cmp	r1, r3
1000078e:	f67f af1d 	bls.w	100005cc <main+0x2f4>
10000792:	4b55      	ldr	r3, [pc, #340]	@ (100008e8 <main+0x610>)
10000794:	f8c3 c000 	str.w	ip, [r3]
10000798:	4b54      	ldr	r3, [pc, #336]	@ (100008ec <main+0x614>)
1000079a:	6818      	ldr	r0, [r3, #0]
1000079c:	4b54      	ldr	r3, [pc, #336]	@ (100008f0 <main+0x618>)
1000079e:	e6e8      	b.n	10000572 <main+0x29a>
100007a0:	4b50      	ldr	r3, [pc, #320]	@ (100008e4 <main+0x60c>)
100007a2:	4299      	cmp	r1, r3
100007a4:	f63f aee1 	bhi.w	1000056a <main+0x292>
100007a8:	230d      	movs	r3, #13
100007aa:	f04f 0200 	mov.w	r2, #0
100007ae:	ec42 3040 	gpioc_bit_out_put r3, r2
100007b2:	e61f      	b.n	100003f4 <main+0x11c>
100007b4:	4b3d      	ldr	r3, [pc, #244]	@ (100008ac <main+0x5d4>)
100007b6:	4a44      	ldr	r2, [pc, #272]	@ (100008c8 <main+0x5f0>)
100007b8:	681b      	ldr	r3, [r3, #0]
100007ba:	4293      	cmp	r3, r2
100007bc:	f47f ae7f 	bne.w	100004be <main+0x1e6>
100007c0:	4b3c      	ldr	r3, [pc, #240]	@ (100008b4 <main+0x5dc>)
100007c2:	4a4c      	ldr	r2, [pc, #304]	@ (100008f4 <main+0x61c>)
100007c4:	681b      	ldr	r3, [r3, #0]
100007c6:	4293      	cmp	r3, r2
100007c8:	f47f ae79 	bne.w	100004be <main+0x1e6>
100007cc:	2300      	movs	r3, #0
100007ce:	4940      	ldr	r1, [pc, #256]	@ (100008d0 <main+0x5f8>)
100007d0:	2210      	movs	r2, #16
100007d2:	700b      	strb	r3, [r1, #0]
100007d4:	493f      	ldr	r1, [pc, #252]	@ (100008d4 <main+0x5fc>)
100007d6:	700b      	strb	r3, [r1, #0]
100007d8:	ec43 2040 	gpioc_bit_out_put r2, r3
100007dc:	2120      	movs	r1, #32
100007de:	4840      	ldr	r0, [pc, #256]	@ (100008e0 <main+0x608>)
100007e0:	f8df c11c 	ldr.w	ip, [pc, #284]	@ 10000900 <main+0x628>
100007e4:	f8df e11c 	ldr.w	lr, [pc, #284]	@ 10000904 <main+0x62c>
100007e8:	8823      	ldrh	r3, [r4, #0]
100007ea:	8832      	ldrh	r2, [r6, #0]
100007ec:	3301      	adds	r3, #1
100007ee:	b2db      	uxtb	r3, r3
100007f0:	b292      	uxth	r2, r2
100007f2:	4293      	cmp	r3, r2
100007f4:	d018      	beq.n	10000828 <main+0x550>
100007f6:	8822      	ldrh	r2, [r4, #0]
100007f8:	b292      	uxth	r2, r2
100007fa:	f808 1002 	strb.w	r1, [r8, r2]
100007fe:	8023      	strh	r3, [r4, #0]
10000800:	2370      	movs	r3, #112	@ 0x70
10000802:	f8cc 3038 	str.w	r3, [ip, #56]	@ 0x38
10000806:	f8dc 3034 	ldr.w	r3, [ip, #52]	@ 0x34
1000080a:	f003 0338 	and.w	r3, r3, #56	@ 0x38
1000080e:	f8ce 3034 	str.w	r3, [lr, #52]	@ 0x34
10000812:	f8dc 3034 	ldr.w	r3, [ip, #52]	@ 0x34
10000816:	f003 0307 	and.w	r3, r3, #7
1000081a:	f8ce 3034 	str.w	r3, [lr, #52]	@ 0x34
1000081e:	f810 1f01 	ldrb.w	r1, [r0, #1]!
10000822:	2900      	cmp	r1, #0
10000824:	d1e0      	bne.n	100007e8 <main+0x510>
10000826:	e634      	b.n	10000492 <main+0x1ba>
10000828:	f810 1f01 	ldrb.w	r1, [r0, #1]!
1000082c:	2900      	cmp	r1, #0
1000082e:	d1db      	bne.n	100007e8 <main+0x510>
10000830:	e62f      	b.n	10000492 <main+0x1ba>
10000832:	9b26      	ldr	r3, [sp, #152]	@ 0x98
10000834:	2b00      	cmp	r3, #0
10000836:	f43f ae4c 	beq.w	100004d2 <main+0x1fa>
1000083a:	2120      	movs	r1, #32
1000083c:	4a2b      	ldr	r2, [pc, #172]	@ (100008ec <main+0x614>)
1000083e:	4828      	ldr	r0, [pc, #160]	@ (100008e0 <main+0x608>)
10000840:	f8df c0bc 	ldr.w	ip, [pc, #188]	@ 10000900 <main+0x628>
10000844:	f8df e0bc 	ldr.w	lr, [pc, #188]	@ 10000904 <main+0x62c>
10000848:	6013      	str	r3, [r2, #0]
1000084a:	8823      	ldrh	r3, [r4, #0]
1000084c:	8832      	ldrh	r2, [r6, #0]
1000084e:	3301      	adds	r3, #1
10000850:	b2db      	uxtb	r3, r3
10000852:	b292      	uxth	r2, r2
10000854:	4293      	cmp	r3, r2
10000856:	d018      	beq.n	1000088a <main+0x5b2>
10000858:	8822      	ldrh	r2, [r4, #0]
1000085a:	b292      	uxth	r2, r2
1000085c:	f808 1002 	strb.w	r1, [r8, r2]
10000860:	8023      	strh	r3, [r4, #0]
10000862:	2370      	movs	r3, #112	@ 0x70
10000864:	f8cc 3038 	str.w	r3, [ip, #56]	@ 0x38
10000868:	f8dc 3034 	ldr.w	r3, [ip, #52]	@ 0x34
1000086c:	f003 0338 	and.w	r3, r3, #56	@ 0x38
10000870:	f8ce 3034 	str.w	r3, [lr, #52]	@ 0x34
10000874:	f8dc 3034 	ldr.w	r3, [ip, #52]	@ 0x34
10000878:	f003 0307 	and.w	r3, r3, #7
1000087c:	f8ce 3034 	str.w	r3, [lr, #52]	@ 0x34
10000880:	f810 1f01 	ldrb.w	r1, [r0, #1]!
10000884:	2900      	cmp	r1, #0
10000886:	d1e0      	bne.n	1000084a <main+0x572>
10000888:	e603      	b.n	10000492 <main+0x1ba>
1000088a:	f810 1f01 	ldrb.w	r1, [r0, #1]!
1000088e:	2900      	cmp	r1, #0
10000890:	d1db      	bne.n	1000084a <main+0x572>
10000892:	e5fe      	b.n	10000492 <main+0x1ba>
10000894:	f810 1f01 	ldrb.w	r1, [r0, #1]!
10000898:	2900      	cmp	r1, #0
1000089a:	f47f ad83 	bne.w	100003a4 <main+0xcc>
1000089e:	e59c      	b.n	100003da <main+0x102>
100008a0:	4c15      	ldr	r4, [pc, #84]	@ (100008f8 <main+0x620>)
100008a2:	4e16      	ldr	r6, [pc, #88]	@ (100008fc <main+0x624>)
100008a4:	f8df 8060 	ldr.w	r8, [pc, #96]	@ 10000908 <main+0x630>
100008a8:	e597      	b.n	100003da <main+0x102>
100008aa:	bf00      	nop
100008ac:	2000106c 	.word	0x2000106c
100008b0:	74617473 	.word	0x74617473
100008b4:	20001070 	.word	0x20001070
100008b8:	200010a8 	.word	0x200010a8
100008bc:	2000105c 	.word	0x2000105c
100008c0:	2000104c 	.word	0x2000104c
100008c4:	10009158 	.word	0x10009158
100008c8:	2064656c 	.word	0x2064656c
100008cc:	20001072 	.word	0x20001072
100008d0:	20000638 	.word	0x20000638
100008d4:	200012e0 	.word	0x200012e0
100008d8:	400b0000 	.word	0x400b0000
100008dc:	200012d0 	.word	0x200012d0
100008e0:	100090f0 	.word	0x100090f0
100008e4:	000f423f 	.word	0x000f423f
100008e8:	200012d4 	.word	0x200012d4
100008ec:	2000063c 	.word	0x2000063c
100008f0:	100091a0 	.word	0x100091a0
100008f4:	0066666f 	.word	0x0066666f
100008f8:	200012dc 	.word	0x200012dc
100008fc:	200012de 	.word	0x200012de
10000900:	40070000 	.word	0x40070000
10000904:	40071000 	.word	0x40071000
10000908:	200011cc 	.word	0x200011cc

1000090c <gpio_set_function>:
1000090c:	b410      	push	{r4}
1000090e:	f44f 7480 	mov.w	r4, #256	@ 0x100
10000912:	4b0c      	ldr	r3, [pc, #48]	@ (10000944 <gpio_set_function+0x38>)
10000914:	f853 2020 	ldr.w	r2, [r3, r0, lsl #2]
10000918:	eb03 0380 	add.w	r3, r3, r0, lsl #2
1000091c:	00c0      	lsls	r0, r0, #3
1000091e:	f082 0240 	eor.w	r2, r2, #64	@ 0x40
10000922:	f100 4080 	add.w	r0, r0, #1073741824	@ 0x40000000
10000926:	f503 5c80 	add.w	ip, r3, #4096	@ 0x1000
1000092a:	f002 02c0 	and.w	r2, r2, #192	@ 0xc0
1000092e:	f500 3020 	add.w	r0, r0, #163840	@ 0x28000
10000932:	f503 5340 	add.w	r3, r3, #12288	@ 0x3000
10000936:	f8cc 2000 	str.w	r2, [ip]
1000093a:	6041      	str	r1, [r0, #4]
1000093c:	601c      	str	r4, [r3, #0]
1000093e:	f85d 4b04 	ldr.w	r4, [sp], #4
10000942:	4770      	bx	lr
10000944:	40038004 	.word	0x40038004

10000948 <gpio_init>:
10000948:	b430      	push	{r4, r5}
1000094a:	f04f 0300 	mov.w	r3, #0
1000094e:	ec43 0044 	gpioc_bit_oe_put r0, r3
10000952:	ec43 0040 	gpioc_bit_out_put r0, r3
10000956:	2505      	movs	r5, #5
10000958:	f44f 7480 	mov.w	r4, #256	@ 0x100
1000095c:	4b0b      	ldr	r3, [pc, #44]	@ (1000098c <gpio_init+0x44>)
1000095e:	00c2      	lsls	r2, r0, #3
10000960:	f853 1020 	ldr.w	r1, [r3, r0, lsl #2]
10000964:	eb03 0080 	add.w	r0, r3, r0, lsl #2
10000968:	f081 0140 	eor.w	r1, r1, #64	@ 0x40
1000096c:	f102 4380 	add.w	r3, r2, #1073741824	@ 0x40000000
10000970:	f503 3320 	add.w	r3, r3, #163840	@ 0x28000
10000974:	f001 02c0 	and.w	r2, r1, #192	@ 0xc0
10000978:	f500 5180 	add.w	r1, r0, #4096	@ 0x1000
1000097c:	f500 5040 	add.w	r0, r0, #12288	@ 0x3000
10000980:	600a      	str	r2, [r1, #0]
10000982:	605d      	str	r5, [r3, #4]
10000984:	6004      	str	r4, [r0, #0]
10000986:	bc30      	pop	{r4, r5}
10000988:	4770      	bx	lr
1000098a:	bf00      	nop
1000098c:	40038004 	.word	0x40038004

10000990 <panic>:
10000990:	b40f      	push	{r0, r1, r2, r3}
10000992:	b500      	push	{lr}
10000994:	b083      	sub	sp, #12
10000996:	9c04      	ldr	r4, [sp, #16]
10000998:	4807      	ldr	r0, [pc, #28]	@ (100009b8 <panic+0x28>)
1000099a:	f002 feed 	bl	10003778 <__wrap_puts>
1000099e:	b13c      	cbz	r4, 100009b0 <panic+0x20>
100009a0:	a905      	add	r1, sp, #20
100009a2:	4620      	mov	r0, r4
100009a4:	9101      	str	r1, [sp, #4]
100009a6:	f002 fd71 	bl	1000348c <weak_raw_vprintf>
100009aa:	4804      	ldr	r0, [pc, #16]	@ (100009bc <panic+0x2c>)
100009ac:	f002 fee4 	bl	10003778 <__wrap_puts>
100009b0:	2001      	movs	r0, #1
100009b2:	f002 fd83 	bl	100034bc <_exit>
100009b6:	bf00      	nop
100009b8:	100091e4 	.word	0x100091e4
100009bc:	10009148 	.word	0x10009148

100009c0 <hw_claim_or_assert>:
100009c0:	b570      	push	{r4, r5, r6, lr}
100009c2:	4686      	mov	lr, r0
100009c4:	f3ef 8510 	mrs	r5, PRIMASK
100009c8:	b672      	cpsid	i
100009ca:	4c12      	ldr	r4, [pc, #72]	@ (10000a14 <hw_claim_or_assert+0x54>)
100009cc:	e8d4 6fcf 	ldaexb	r6, [r4]
100009d0:	2001      	movs	r0, #1
100009d2:	2e00      	cmp	r6, #0
100009d4:	d1fa      	bne.n	100009cc <hw_claim_or_assert+0xc>
100009d6:	e8c4 0f46 	strexb	r6, r0, [r4]
100009da:	2e00      	cmp	r6, #0
100009dc:	d1f6      	bne.n	100009cc <hw_claim_or_assert+0xc>
100009de:	f3bf 8f5f 	dmb	sy
100009e2:	f04f 0c01 	mov.w	ip, #1
100009e6:	08c8      	lsrs	r0, r1, #3
100009e8:	f001 0307 	and.w	r3, r1, #7
100009ec:	fa0c f303 	lsl.w	r3, ip, r3
100009f0:	f81e c000 	ldrb.w	ip, [lr, r0]
100009f4:	ea1c 0603 	ands.w	r6, ip, r3
100009f8:	d108      	bne.n	10000a0c <hw_claim_or_assert+0x4c>
100009fa:	ea4c 0c03 	orr.w	ip, ip, r3
100009fe:	f80e c000 	strb.w	ip, [lr, r0]
10000a02:	e8c4 6f8f 	stlb	r6, [r4]
10000a06:	f385 8810 	msr	PRIMASK, r5
10000a0a:	bd70      	pop	{r4, r5, r6, pc}
10000a0c:	4610      	mov	r0, r2
10000a0e:	f7ff ffbf 	bl	10000990 <panic>
10000a12:	bf00      	nop
10000a14:	2000100b 	.word	0x2000100b

10000a18 <next_striped_spin_lock_num>:
10000a18:	4a04      	ldr	r2, [pc, #16]	@ (10000a2c <next_striped_spin_lock_num+0x14>)
10000a1a:	7810      	ldrb	r0, [r2, #0]
10000a1c:	1c43      	adds	r3, r0, #1
10000a1e:	b2db      	uxtb	r3, r3
10000a20:	2b18      	cmp	r3, #24
10000a22:	bf28      	it	cs
10000a24:	2310      	movcs	r3, #16
10000a26:	7013      	strb	r3, [r2, #0]
10000a28:	4770      	bx	lr
10000a2a:	bf00      	nop
10000a2c:	20000640 	.word	0x20000640

10000a30 <spinlock_set_extexclall>:
10000a30:	f04f 22e0 	mov.w	r2, #3758153728	@ 0xe000e000
10000a34:	6893      	ldr	r3, [r2, #8]
10000a36:	f043 5300 	orr.w	r3, r3, #536870912	@ 0x20000000
10000a3a:	6093      	str	r3, [r2, #8]
10000a3c:	4770      	bx	lr
10000a3e:	bf00      	nop

10000a40 <spin_locks_reset>:
10000a40:	2100      	movs	r1, #0
10000a42:	4b04      	ldr	r3, [pc, #16]	@ (10000a54 <spin_locks_reset+0x14>)
10000a44:	f103 0220 	add.w	r2, r3, #32
10000a48:	e8c3 1f8f 	stlb	r1, [r3]
10000a4c:	3301      	adds	r3, #1
10000a4e:	4293      	cmp	r3, r2
10000a50:	d1fa      	bne.n	10000a48 <spin_locks_reset+0x8>
10000a52:	4770      	bx	lr
10000a54:	20001000 	.word	0x20001000

10000a58 <runtime_init_per_core_irq_priorities>:
10000a58:	f04f 23e0 	mov.w	r3, #3758153728	@ 0xe000e000
10000a5c:	f04f 3280 	mov.w	r2, #2155905152	@ 0x80808080
10000a60:	f8c3 2400 	str.w	r2, [r3, #1024]	@ 0x400
10000a64:	f8c3 2404 	str.w	r2, [r3, #1028]	@ 0x404
10000a68:	f8c3 2408 	str.w	r2, [r3, #1032]	@ 0x408
10000a6c:	f8c3 240c 	str.w	r2, [r3, #1036]	@ 0x40c
10000a70:	f8c3 2410 	str.w	r2, [r3, #1040]	@ 0x410
10000a74:	f8c3 2414 	str.w	r2, [r3, #1044]	@ 0x414
10000a78:	f8c3 2418 	str.w	r2, [r3, #1048]	@ 0x418
10000a7c:	f8c3 241c 	str.w	r2, [r3, #1052]	@ 0x41c
10000a80:	f8c3 2420 	str.w	r2, [r3, #1056]	@ 0x420
10000a84:	f8c3 2424 	str.w	r2, [r3, #1060]	@ 0x424
10000a88:	f8c3 2428 	str.w	r2, [r3, #1064]	@ 0x428
10000a8c:	f8c3 242c 	str.w	r2, [r3, #1068]	@ 0x42c
10000a90:	f8c3 2430 	str.w	r2, [r3, #1072]	@ 0x430
10000a94:	b662      	cpsie	i
10000a96:	4770      	bx	lr

10000a98 <irq_set_enabled>:
10000a98:	2301      	movs	r3, #1
10000a9a:	f000 021f 	and.w	r2, r0, #31
10000a9e:	4093      	lsls	r3, r2
10000aa0:	0940      	lsrs	r0, r0, #5
10000aa2:	b141      	cbz	r1, 10000ab6 <irq_set_enabled+0x1e>
10000aa4:	0080      	lsls	r0, r0, #2
10000aa6:	f100 4060 	add.w	r0, r0, #3758096384	@ 0xe0000000
10000aaa:	f500 4061 	add.w	r0, r0, #57600	@ 0xe100
10000aae:	f8c0 3180 	str.w	r3, [r0, #384]	@ 0x180
10000ab2:	6003      	str	r3, [r0, #0]
10000ab4:	4770      	bx	lr
10000ab6:	4a02      	ldr	r2, [pc, #8]	@ (10000ac0 <irq_set_enabled+0x28>)
10000ab8:	3020      	adds	r0, #32
10000aba:	f842 3020 	str.w	r3, [r2, r0, lsl #2]
10000abe:	4770      	bx	lr
10000ac0:	e000e100 	.word	0xe000e100

10000ac4 <irq_set_exclusive_handler>:
10000ac4:	b510      	push	{r4, lr}
10000ac6:	f3ef 8c10 	mrs	ip, PRIMASK
10000aca:	b672      	cpsid	i
10000acc:	4b11      	ldr	r3, [pc, #68]	@ (10000b14 <irq_set_exclusive_handler+0x50>)
10000ace:	e8d3 4fcf 	ldaexb	r4, [r3]
10000ad2:	2201      	movs	r2, #1
10000ad4:	2c00      	cmp	r4, #0
10000ad6:	d1fa      	bne.n	10000ace <irq_set_exclusive_handler+0xa>
10000ad8:	e8c3 2f44 	strexb	r4, r2, [r3]
10000adc:	2c00      	cmp	r4, #0
10000ade:	d1f6      	bne.n	10000ace <irq_set_exclusive_handler+0xa>
10000ae0:	f3bf 8f5f 	dmb	sy
10000ae4:	4a0c      	ldr	r2, [pc, #48]	@ (10000b18 <irq_set_exclusive_handler+0x54>)
10000ae6:	3010      	adds	r0, #16
10000ae8:	6892      	ldr	r2, [r2, #8]
10000aea:	4c0c      	ldr	r4, [pc, #48]	@ (10000b1c <irq_set_exclusive_handler+0x58>)
10000aec:	f852 2020 	ldr.w	r2, [r2, r0, lsl #2]
10000af0:	42a2      	cmp	r2, r4
10000af2:	d001      	beq.n	10000af8 <irq_set_exclusive_handler+0x34>
10000af4:	4291      	cmp	r1, r2
10000af6:	d10b      	bne.n	10000b10 <irq_set_exclusive_handler+0x4c>
10000af8:	4a07      	ldr	r2, [pc, #28]	@ (10000b18 <irq_set_exclusive_handler+0x54>)
10000afa:	6892      	ldr	r2, [r2, #8]
10000afc:	f842 1020 	str.w	r1, [r2, r0, lsl #2]
10000b00:	f3bf 8f5f 	dmb	sy
10000b04:	2200      	movs	r2, #0
10000b06:	e8c3 2f8f 	stlb	r2, [r3]
10000b0a:	f38c 8810 	msr	PRIMASK, ip
10000b0e:	bd10      	pop	{r4, pc}
10000b10:	f000 fd94 	bl	1000163c <hard_assertion_failure>
10000b14:	20001009 	.word	0x20001009
10000b18:	e000ed00 	.word	0xe000ed00
10000b1c:	10000111 	.word	0x10000111

10000b20 <lock_init>:
10000b20:	4b01      	ldr	r3, [pc, #4]	@ (10000b28 <lock_init+0x8>)
10000b22:	440b      	add	r3, r1
10000b24:	6003      	str	r3, [r0, #0]
10000b26:	4770      	bx	lr
10000b28:	20001000 	.word	0x20001000

10000b2c <runtime_init_mutex>:
10000b2c:	b570      	push	{r4, r5, r6, lr}
10000b2e:	4c10      	ldr	r4, [pc, #64]	@ (10000b70 <runtime_init_mutex+0x44>)
10000b30:	4d10      	ldr	r5, [pc, #64]	@ (10000b74 <runtime_init_mutex+0x48>)
10000b32:	42ac      	cmp	r4, r5
10000b34:	d20e      	bcs.n	10000b54 <runtime_init_mutex+0x28>
10000b36:	26ff      	movs	r6, #255	@ 0xff
10000b38:	6823      	ldr	r3, [r4, #0]
10000b3a:	b163      	cbz	r3, 10000b56 <runtime_init_mutex+0x2a>
10000b3c:	f7ff ff6c 	bl	10000a18 <next_striped_spin_lock_num>
10000b40:	4601      	mov	r1, r0
10000b42:	4620      	mov	r0, r4
10000b44:	f7ff ffec 	bl	10000b20 <lock_init>
10000b48:	80a6      	strh	r6, [r4, #4]
10000b4a:	f3bf 8f5f 	dmb	sy
10000b4e:	3408      	adds	r4, #8
10000b50:	42ac      	cmp	r4, r5
10000b52:	d3f1      	bcc.n	10000b38 <runtime_init_mutex+0xc>
10000b54:	bd70      	pop	{r4, r5, r6, pc}
10000b56:	f7ff ff5f 	bl	10000a18 <next_striped_spin_lock_num>
10000b5a:	4601      	mov	r1, r0
10000b5c:	4620      	mov	r0, r4
10000b5e:	f7ff ffdf 	bl	10000b20 <lock_init>
10000b62:	7126      	strb	r6, [r4, #4]
10000b64:	f3bf 8f5f 	dmb	sy
10000b68:	3408      	adds	r4, #8
10000b6a:	42ac      	cmp	r4, r5
10000b6c:	d3e4      	bcc.n	10000b38 <runtime_init_mutex+0xc>
10000b6e:	bd70      	pop	{r4, r5, r6, pc}
10000b70:	20000d04 	.word	0x20000d04
10000b74:	20000d0c 	.word	0x20000d0c

10000b78 <sleep_until_callback>:
10000b78:	bf40      	sev
10000b7a:	2000      	movs	r0, #0
10000b7c:	2100      	movs	r1, #0
10000b7e:	4770      	bx	lr

10000b80 <alarm_pool_irq_handler>:
10000b80:	e92d 4ff0 	stmdb	sp!, {r4, r5, r6, r7, r8, r9, sl, fp, lr}
10000b84:	b087      	sub	sp, #28
10000b86:	f3ef 8305 	mrs	r3, IPSR
10000b8a:	b2db      	uxtb	r3, r3
10000b8c:	3b10      	subs	r3, #16
10000b8e:	089a      	lsrs	r2, r3, #2
10000b90:	bf16      	itet	ne
10000b92:	498e      	ldrne	r1, [pc, #568]	@ (10000dcc <alarm_pool_irq_handler+0x24c>)
10000b94:	498e      	ldreq	r1, [pc, #568]	@ (10000dd0 <alarm_pool_irq_handler+0x250>)
10000b96:	2201      	movne	r2, #1
10000b98:	460d      	mov	r5, r1
10000b9a:	9105      	str	r1, [sp, #20]
10000b9c:	2101      	movs	r1, #1
10000b9e:	f003 0303 	and.w	r3, r3, #3
10000ba2:	fa01 f803 	lsl.w	r8, r1, r3
10000ba6:	46c3      	mov	fp, r8
10000ba8:	488a      	ldr	r0, [pc, #552]	@ (10000dd4 <alarm_pool_irq_handler+0x254>)
10000baa:	eb03 0282 	add.w	r2, r3, r2, lsl #2
10000bae:	f850 4022 	ldr.w	r4, [r0, r2, lsl #2]
10000bb2:	f505 5241 	add.w	r2, r5, #12352	@ 0x3040
10000bb6:	0098      	lsls	r0, r3, #2
10000bb8:	9003      	str	r0, [sp, #12]
10000bba:	f104 0a08 	add.w	sl, r4, #8
10000bbe:	f8c2 8004 	str.w	r8, [r2, #4]
10000bc2:	9401      	str	r4, [sp, #4]
10000bc4:	9b01      	ldr	r3, [sp, #4]
10000bc6:	f9b3 6008 	ldrsh.w	r6, [r3, #8]
10000bca:	f8c5 b03c 	str.w	fp, [r5, #60]	@ 0x3c
10000bce:	2e00      	cmp	r6, #0
10000bd0:	da76      	bge.n	10000cc0 <alarm_pool_irq_handler+0x140>
10000bd2:	889b      	ldrh	r3, [r3, #4]
10000bd4:	041b      	lsls	r3, r3, #16
10000bd6:	f100 8128 	bmi.w	10000e2a <alarm_pool_irq_handler+0x2aa>
10000bda:	9c01      	ldr	r4, [sp, #4]
10000bdc:	6923      	ldr	r3, [r4, #16]
10000bde:	f3ef 8210 	mrs	r2, PRIMASK
10000be2:	b672      	cpsid	i
10000be4:	e8d3 0fcf 	ldaexb	r0, [r3]
10000be8:	2101      	movs	r1, #1
10000bea:	2800      	cmp	r0, #0
10000bec:	d1fa      	bne.n	10000be4 <alarm_pool_irq_handler+0x64>
10000bee:	e8c3 1f40 	strexb	r0, r1, [r3]
10000bf2:	2800      	cmp	r0, #0
10000bf4:	d1f6      	bne.n	10000be4 <alarm_pool_irq_handler+0x64>
10000bf6:	f3bf 8f5f 	dmb	sy
10000bfa:	f64f 76ff 	movw	r6, #65535	@ 0xffff
10000bfe:	88a0      	ldrh	r0, [r4, #4]
10000c00:	2100      	movs	r1, #0
10000c02:	6923      	ldr	r3, [r4, #16]
10000c04:	b200      	sxth	r0, r0
10000c06:	80a6      	strh	r6, [r4, #4]
10000c08:	e8c3 1f8f 	stlb	r1, [r3]
10000c0c:	f382 8810 	msr	PRIMASK, r2
10000c10:	4288      	cmp	r0, r1
10000c12:	db2b      	blt.n	10000c6c <alarm_pool_irq_handler+0xec>
10000c14:	46a6      	mov	lr, r4
10000c16:	6967      	ldr	r7, [r4, #20]
10000c18:	46a8      	mov	r8, r5
10000c1a:	4604      	mov	r4, r0
10000c1c:	f9be 3008 	ldrsh.w	r3, [lr, #8]
10000c20:	eb04 0644 	add.w	r6, r4, r4, lsl #1
10000c24:	eb07 02c6 	add.w	r2, r7, r6, lsl #3
10000c28:	2b00      	cmp	r3, #0
10000c2a:	46d4      	mov	ip, sl
10000c2c:	e9d2 5002 	ldrd	r5, r0, [r2, #8]
10000c30:	db13      	blt.n	10000c5a <alarm_pool_irq_handler+0xda>
10000c32:	46f1      	mov	r9, lr
10000c34:	9402      	str	r4, [sp, #8]
10000c36:	e004      	b.n	10000c42 <alarm_pool_irq_handler+0xc2>
10000c38:	f937 303e 	ldrsh.w	r3, [r7, lr, lsl #3]
10000c3c:	4694      	mov	ip, r2
10000c3e:	2b00      	cmp	r3, #0
10000c40:	db09      	blt.n	10000c56 <alarm_pool_irq_handler+0xd6>
10000c42:	eb03 0e43 	add.w	lr, r3, r3, lsl #1
10000c46:	eb07 02ce 	add.w	r2, r7, lr, lsl #3
10000c4a:	e9d2 4102 	ldrd	r4, r1, [r2, #8]
10000c4e:	42a5      	cmp	r5, r4
10000c50:	eb70 0101 	sbcs.w	r1, r0, r1
10000c54:	daf0      	bge.n	10000c38 <alarm_pool_irq_handler+0xb8>
10000c56:	46ce      	mov	lr, r9
10000c58:	9c02      	ldr	r4, [sp, #8]
10000c5a:	f8ac 4000 	strh.w	r4, [ip]
10000c5e:	f937 4036 	ldrsh.w	r4, [r7, r6, lsl #3]
10000c62:	f827 3036 	strh.w	r3, [r7, r6, lsl #3]
10000c66:	2c00      	cmp	r4, #0
10000c68:	dad8      	bge.n	10000c1c <alarm_pool_irq_handler+0x9c>
10000c6a:	4645      	mov	r5, r8
10000c6c:	9b01      	ldr	r3, [sp, #4]
10000c6e:	f9b3 3008 	ldrsh.w	r3, [r3, #8]
10000c72:	2b00      	cmp	r3, #0
10000c74:	f2c0 80d9 	blt.w	10000e2a <alarm_pool_irq_handler+0x2aa>
10000c78:	9a01      	ldr	r2, [sp, #4]
10000c7a:	eb03 0343 	add.w	r3, r3, r3, lsl #1
10000c7e:	6952      	ldr	r2, [r2, #20]
10000c80:	6aa9      	ldr	r1, [r5, #40]	@ 0x28
10000c82:	eb02 03c3 	add.w	r3, r2, r3, lsl #3
10000c86:	9a03      	ldr	r2, [sp, #12]
10000c88:	689e      	ldr	r6, [r3, #8]
10000c8a:	18a8      	adds	r0, r5, r2
10000c8c:	6902      	ldr	r2, [r0, #16]
10000c8e:	eba6 0c01 	sub.w	ip, r6, r1
10000c92:	1a52      	subs	r2, r2, r1
10000c94:	4594      	cmp	ip, r2
10000c96:	68df      	ldr	r7, [r3, #12]
10000c98:	d303      	bcc.n	10000ca2 <alarm_pool_irq_handler+0x122>
10000c9a:	6a2b      	ldr	r3, [r5, #32]
10000c9c:	ea13 0f0b 	tst.w	r3, fp
10000ca0:	d100      	bne.n	10000ca4 <alarm_pool_irq_handler+0x124>
10000ca2:	6106      	str	r6, [r0, #16]
10000ca4:	9b01      	ldr	r3, [sp, #4]
10000ca6:	799b      	ldrb	r3, [r3, #6]
10000ca8:	2b00      	cmp	r3, #0
10000caa:	d14d      	bne.n	10000d48 <alarm_pool_irq_handler+0x1c8>
10000cac:	4628      	mov	r0, r5
10000cae:	f000 fa9d 	bl	100011ec <timer_time_us_64>
10000cb2:	42b0      	cmp	r0, r6
10000cb4:	41b9      	sbcs	r1, r7
10000cb6:	da85      	bge.n	10000bc4 <alarm_pool_irq_handler+0x44>
10000cb8:	bf40      	sev
10000cba:	b007      	add	sp, #28
10000cbc:	e8bd 8ff0 	ldmia.w	sp!, {r4, r5, r6, r7, r8, r9, sl, fp, pc}
10000cc0:	f8d3 8014 	ldr.w	r8, [r3, #20]
10000cc4:	eb06 0946 	add.w	r9, r6, r6, lsl #1
10000cc8:	eb08 07c9 	add.w	r7, r8, r9, lsl #3
10000ccc:	68bb      	ldr	r3, [r7, #8]
10000cce:	4628      	mov	r0, r5
10000cd0:	68fc      	ldr	r4, [r7, #12]
10000cd2:	9302      	str	r3, [sp, #8]
10000cd4:	f000 fa8a 	bl	100011ec <timer_time_us_64>
10000cd8:	9b02      	ldr	r3, [sp, #8]
10000cda:	4298      	cmp	r0, r3
10000cdc:	41a1      	sbcs	r1, r4
10000cde:	db2d      	blt.n	10000d3c <alarm_pool_irq_handler+0x1bc>
10000ce0:	e9d7 3104 	ldrd	r3, r1, [r7, #16]
10000ce4:	2b02      	cmp	r3, #2
10000ce6:	d077      	beq.n	10000dd8 <alarm_pool_irq_handler+0x258>
10000ce8:	9801      	ldr	r0, [sp, #4]
10000cea:	887a      	ldrh	r2, [r7, #2]
10000cec:	f9b0 0008 	ldrsh.w	r0, [r0, #8]
10000cf0:	b292      	uxth	r2, r2
10000cf2:	ea42 4000 	orr.w	r0, r2, r0, lsl #16
10000cf6:	4798      	blx	r3
10000cf8:	4602      	mov	r2, r0
10000cfa:	460b      	mov	r3, r1
10000cfc:	ea52 0103 	orrs.w	r1, r2, r3
10000d00:	d070      	beq.n	10000de4 <alarm_pool_irq_handler+0x264>
10000d02:	2b00      	cmp	r3, #0
10000d04:	f280 80b0 	bge.w	10000e68 <alarm_pool_irq_handler+0x2e8>
10000d08:	9902      	ldr	r1, [sp, #8]
10000d0a:	ebb1 0e02 	subs.w	lr, r1, r2
10000d0e:	eb64 0c03 	sbc.w	ip, r4, r3
10000d12:	f938 3039 	ldrsh.w	r3, [r8, r9, lsl #3]
10000d16:	e9c7 ec02 	strd	lr, ip, [r7, #8]
10000d1a:	2b00      	cmp	r3, #0
10000d1c:	db0e      	blt.n	10000d3c <alarm_pool_irq_handler+0x1bc>
10000d1e:	9a01      	ldr	r2, [sp, #4]
10000d20:	6950      	ldr	r0, [r2, #20]
10000d22:	eb03 0243 	add.w	r2, r3, r3, lsl #1
10000d26:	eb00 02c2 	add.w	r2, r0, r2, lsl #3
10000d2a:	e9d2 7102 	ldrd	r7, r1, [r2, #8]
10000d2e:	45be      	cmp	lr, r7
10000d30:	eb7c 0401 	sbcs.w	r4, ip, r1
10000d34:	ea4f 0243 	mov.w	r2, r3, lsl #1
10000d38:	f280 80a2 	bge.w	10000e80 <alarm_pool_irq_handler+0x300>
10000d3c:	9b01      	ldr	r3, [sp, #4]
10000d3e:	889b      	ldrh	r3, [r3, #4]
10000d40:	0418      	lsls	r0, r3, #16
10000d42:	f57f af4a 	bpl.w	10000bda <alarm_pool_irq_handler+0x5a>
10000d46:	e791      	b.n	10000c6c <alarm_pool_irq_handler+0xec>
10000d48:	f04f 0e00 	mov.w	lr, #0
10000d4c:	9801      	ldr	r0, [sp, #4]
10000d4e:	f880 e006 	strb.w	lr, [r0, #6]
10000d52:	f9b0 3008 	ldrsh.w	r3, [r0, #8]
10000d56:	46d4      	mov	ip, sl
10000d58:	1c59      	adds	r1, r3, #1
10000d5a:	d0a7      	beq.n	10000cac <alarm_pool_irq_handler+0x12c>
10000d5c:	f8cd b008 	str.w	fp, [sp, #8]
10000d60:	9504      	str	r5, [sp, #16]
10000d62:	e002      	b.n	10000d6a <alarm_pool_irq_handler+0x1ea>
10000d64:	1c5a      	adds	r2, r3, #1
10000d66:	46ac      	mov	ip, r5
10000d68:	d02c      	beq.n	10000dc4 <alarm_pool_irq_handler+0x244>
10000d6a:	6942      	ldr	r2, [r0, #20]
10000d6c:	eb03 0143 	add.w	r1, r3, r3, lsl #1
10000d70:	eb02 05c1 	add.w	r5, r2, r1, lsl #3
10000d74:	f8b5 8002 	ldrh.w	r8, [r5, #2]
10000d78:	461c      	mov	r4, r3
10000d7a:	f418 4f00 	tst.w	r8, #32768	@ 0x8000
10000d7e:	f932 3031 	ldrsh.w	r3, [r2, r1, lsl #3]
10000d82:	d0ef      	beq.n	10000d64 <alarm_pool_irq_handler+0x1e4>
10000d84:	6905      	ldr	r5, [r0, #16]
10000d86:	f8ac 3000 	strh.w	r3, [ip]
10000d8a:	f3ef 8810 	mrs	r8, PRIMASK
10000d8e:	b672      	cpsid	i
10000d90:	e8d5 bfcf 	ldaexb	fp, [r5]
10000d94:	f05f 0901 	movs.w	r9, #1
10000d98:	f1bb 0f00 	cmp.w	fp, #0
10000d9c:	d1f8      	bne.n	10000d90 <alarm_pool_irq_handler+0x210>
10000d9e:	e8c5 9f4b 	strexb	fp, r9, [r5]
10000da2:	f1bb 0f00 	cmp.w	fp, #0
10000da6:	d1f3      	bne.n	10000d90 <alarm_pool_irq_handler+0x210>
10000da8:	f3bf 8f5f 	dmb	sy
10000dac:	f8b0 9002 	ldrh.w	r9, [r0, #2]
10000db0:	6905      	ldr	r5, [r0, #16]
10000db2:	f822 9031 	strh.w	r9, [r2, r1, lsl #3]
10000db6:	8044      	strh	r4, [r0, #2]
10000db8:	e8c5 ef8f 	stlb	lr, [r5]
10000dbc:	f388 8810 	msr	PRIMASK, r8
10000dc0:	1c5a      	adds	r2, r3, #1
10000dc2:	d1d2      	bne.n	10000d6a <alarm_pool_irq_handler+0x1ea>
10000dc4:	f8dd b008 	ldr.w	fp, [sp, #8]
10000dc8:	9d04      	ldr	r5, [sp, #16]
10000dca:	e76f      	b.n	10000cac <alarm_pool_irq_handler+0x12c>
10000dcc:	400b8000 	.word	0x400b8000
10000dd0:	400b0000 	.word	0x400b0000
10000dd4:	200010ac 	.word	0x200010ac
10000dd8:	4608      	mov	r0, r1
10000dda:	690b      	ldr	r3, [r1, #16]
10000ddc:	9104      	str	r1, [sp, #16]
10000dde:	4798      	blx	r3
10000de0:	2800      	cmp	r0, #0
10000de2:	d136      	bne.n	10000e52 <alarm_pool_irq_handler+0x2d2>
10000de4:	f838 3039 	ldrh.w	r3, [r8, r9, lsl #3]
10000de8:	9c01      	ldr	r4, [sp, #4]
10000dea:	8123      	strh	r3, [r4, #8]
10000dec:	6923      	ldr	r3, [r4, #16]
10000dee:	f3ef 8210 	mrs	r2, PRIMASK
10000df2:	b672      	cpsid	i
10000df4:	e8d3 0fcf 	ldaexb	r0, [r3]
10000df8:	2101      	movs	r1, #1
10000dfa:	2800      	cmp	r0, #0
10000dfc:	d1fa      	bne.n	10000df4 <alarm_pool_irq_handler+0x274>
10000dfe:	e8c3 1f40 	strexb	r0, r1, [r3]
10000e02:	2800      	cmp	r0, #0
10000e04:	d1f6      	bne.n	10000df4 <alarm_pool_irq_handler+0x274>
10000e06:	f3bf 8f5f 	dmb	sy
10000e0a:	8863      	ldrh	r3, [r4, #2]
10000e0c:	6921      	ldr	r1, [r4, #16]
10000e0e:	f828 3039 	strh.w	r3, [r8, r9, lsl #3]
10000e12:	2300      	movs	r3, #0
10000e14:	8066      	strh	r6, [r4, #2]
10000e16:	e8c1 3f8f 	stlb	r3, [r1]
10000e1a:	f382 8810 	msr	PRIMASK, r2
10000e1e:	9b01      	ldr	r3, [sp, #4]
10000e20:	889b      	ldrh	r3, [r3, #4]
10000e22:	0418      	lsls	r0, r3, #16
10000e24:	f57f aed9 	bpl.w	10000bda <alarm_pool_irq_handler+0x5a>
10000e28:	e720      	b.n	10000c6c <alarm_pool_irq_handler+0xec>
10000e2a:	9d05      	ldr	r5, [sp, #20]
10000e2c:	46d8      	mov	r8, fp
10000e2e:	4628      	mov	r0, r5
10000e30:	f000 f9dc 	bl	100011ec <timer_time_us_64>
10000e34:	9c03      	ldr	r4, [sp, #12]
10000e36:	6aab      	ldr	r3, [r5, #40]	@ 0x28
10000e38:	442c      	add	r4, r5
10000e3a:	6921      	ldr	r1, [r4, #16]
10000e3c:	f100 4000 	add.w	r0, r0, #2147483648	@ 0x80000000
10000e40:	1ac9      	subs	r1, r1, r3
10000e42:	1ac3      	subs	r3, r0, r3
10000e44:	428b      	cmp	r3, r1
10000e46:	d208      	bcs.n	10000e5a <alarm_pool_irq_handler+0x2da>
10000e48:	6120      	str	r0, [r4, #16]
10000e4a:	bf40      	sev
10000e4c:	b007      	add	sp, #28
10000e4e:	e8bd 8ff0 	ldmia.w	sp!, {r4, r5, r6, r7, r8, r9, sl, fp, pc}
10000e52:	9904      	ldr	r1, [sp, #16]
10000e54:	e9d1 2300 	ldrd	r2, r3, [r1]
10000e58:	e750      	b.n	10000cfc <alarm_pool_irq_handler+0x17c>
10000e5a:	6a2b      	ldr	r3, [r5, #32]
10000e5c:	ea13 0f08 	tst.w	r3, r8
10000e60:	f47f af2a 	bne.w	10000cb8 <alarm_pool_irq_handler+0x138>
10000e64:	6120      	str	r0, [r4, #16]
10000e66:	e7f0      	b.n	10000e4a <alarm_pool_irq_handler+0x2ca>
10000e68:	4628      	mov	r0, r5
10000e6a:	9304      	str	r3, [sp, #16]
10000e6c:	9202      	str	r2, [sp, #8]
10000e6e:	f000 f9bd 	bl	100011ec <timer_time_us_64>
10000e72:	9a02      	ldr	r2, [sp, #8]
10000e74:	9b04      	ldr	r3, [sp, #16]
10000e76:	eb10 0e02 	adds.w	lr, r0, r2
10000e7a:	eb43 0c01 	adc.w	ip, r3, r1
10000e7e:	e748      	b.n	10000d12 <alarm_pool_irq_handler+0x192>
10000e80:	9c01      	ldr	r4, [sp, #4]
10000e82:	9502      	str	r5, [sp, #8]
10000e84:	f824 3f08 	strh.w	r3, [r4, #8]!
10000e88:	4625      	mov	r5, r4
10000e8a:	e00b      	b.n	10000ea4 <alarm_pool_irq_handler+0x324>
10000e8c:	f930 3032 	ldrsh.w	r3, [r0, r2, lsl #3]
10000e90:	4625      	mov	r5, r4
10000e92:	2b00      	cmp	r3, #0
10000e94:	db0d      	blt.n	10000eb2 <alarm_pool_irq_handler+0x332>
10000e96:	eb03 0243 	add.w	r2, r3, r3, lsl #1
10000e9a:	eb00 02c2 	add.w	r2, r0, r2, lsl #3
10000e9e:	e9d2 7102 	ldrd	r7, r1, [r2, #8]
10000ea2:	005a      	lsls	r2, r3, #1
10000ea4:	45be      	cmp	lr, r7
10000ea6:	441a      	add	r2, r3
10000ea8:	eb7c 0101 	sbcs.w	r1, ip, r1
10000eac:	eb00 04c2 	add.w	r4, r0, r2, lsl #3
10000eb0:	daec      	bge.n	10000e8c <alarm_pool_irq_handler+0x30c>
10000eb2:	462a      	mov	r2, r5
10000eb4:	f828 3039 	strh.w	r3, [r8, r9, lsl #3]
10000eb8:	9b01      	ldr	r3, [sp, #4]
10000eba:	8016      	strh	r6, [r2, #0]
10000ebc:	889b      	ldrh	r3, [r3, #4]
10000ebe:	9d02      	ldr	r5, [sp, #8]
10000ec0:	0418      	lsls	r0, r3, #16
10000ec2:	f57f ae8a 	bpl.w	10000bda <alarm_pool_irq_handler+0x5a>
10000ec6:	e6d1      	b.n	10000c6c <alarm_pool_irq_handler+0xec>

10000ec8 <runtime_init_default_alarm_pool>:
10000ec8:	e92d 4ff8 	stmdb	sp!, {r3, r4, r5, r6, r7, r8, r9, sl, fp, lr}
10000ecc:	4c32      	ldr	r4, [pc, #200]	@ (10000f98 <runtime_init_default_alarm_pool+0xd0>)
10000ece:	6925      	ldr	r5, [r4, #16]
10000ed0:	b10d      	cbz	r5, 10000ed6 <runtime_init_default_alarm_pool+0xe>
10000ed2:	e8bd 8ff8 	ldmia.w	sp!, {r3, r4, r5, r6, r7, r8, r9, sl, fp, pc}
10000ed6:	f8df 80d8 	ldr.w	r8, [pc, #216]	@ 10000fb0 <runtime_init_default_alarm_pool+0xe8>
10000eda:	2103      	movs	r1, #3
10000edc:	4640      	mov	r0, r8
10000ede:	f000 f973 	bl	100011c8 <timer_hardware_alarm_claim>
10000ee2:	2603      	movs	r6, #3
10000ee4:	f8c4 800c 	str.w	r8, [r4, #12]
10000ee8:	f7ff fd96 	bl	10000a18 <next_striped_spin_lock_num>
10000eec:	f04f 4c50 	mov.w	ip, #3489660928	@ 0xd0000000
10000ef0:	4b2a      	ldr	r3, [pc, #168]	@ (10000f9c <runtime_init_default_alarm_pool+0xd4>)
10000ef2:	7026      	strb	r6, [r4, #0]
10000ef4:	4403      	add	r3, r0
10000ef6:	6123      	str	r3, [r4, #16]
10000ef8:	f8dc 3000 	ldr.w	r3, [ip]
10000efc:	210f      	movs	r1, #15
10000efe:	7063      	strb	r3, [r4, #1]
10000f00:	6963      	ldr	r3, [r4, #20]
10000f02:	8061      	strh	r1, [r4, #2]
10000f04:	831d      	strh	r5, [r3, #24]
10000f06:	f04f 0504 	mov.w	r5, #4
10000f0a:	f8a3 5078 	strh.w	r5, [r3, #120]	@ 0x78
10000f0e:	f04f 0505 	mov.w	r5, #5
10000f12:	f8a3 5090 	strh.w	r5, [r3, #144]	@ 0x90
10000f16:	f04f 0506 	mov.w	r5, #6
10000f1a:	f8a3 50a8 	strh.w	r5, [r3, #168]	@ 0xa8
10000f1e:	f04f 0507 	mov.w	r5, #7
10000f22:	210e      	movs	r1, #14
10000f24:	f64f 72ff 	movw	r2, #65535	@ 0xffff
10000f28:	f8a3 50c0 	strh.w	r5, [r3, #192]	@ 0xc0
10000f2c:	2708      	movs	r7, #8
10000f2e:	f04f 0e0a 	mov.w	lr, #10
10000f32:	f04f 0c0c 	mov.w	ip, #12
10000f36:	f04f 0901 	mov.w	r9, #1
10000f3a:	200d      	movs	r0, #13
10000f3c:	f04f 0b02 	mov.w	fp, #2
10000f40:	f04f 0a09 	mov.w	sl, #9
10000f44:	f04f 050b 	mov.w	r5, #11
10000f48:	f8a3 1168 	strh.w	r1, [r3, #360]	@ 0x168
10000f4c:	4914      	ldr	r1, [pc, #80]	@ (10000fa0 <runtime_init_default_alarm_pool+0xd8>)
10000f4e:	80a2      	strh	r2, [r4, #4]
10000f50:	f8a3 e108 	strh.w	lr, [r3, #264]	@ 0x108
10000f54:	f8a3 c138 	strh.w	ip, [r3, #312]	@ 0x138
10000f58:	f8a3 0150 	strh.w	r0, [r3, #336]	@ 0x150
10000f5c:	60a1      	str	r1, [r4, #8]
10000f5e:	f8a3 b048 	strh.w	fp, [r3, #72]	@ 0x48
10000f62:	801a      	strh	r2, [r3, #0]
10000f64:	f8a3 a0f0 	strh.w	sl, [r3, #240]	@ 0xf0
10000f68:	f8a3 5120 	strh.w	r5, [r3, #288]	@ 0x120
10000f6c:	f8a3 9030 	strh.w	r9, [r3, #48]	@ 0x30
10000f70:	f8a3 6060 	strh.w	r6, [r3, #96]	@ 0x60
10000f74:	f8a3 70d8 	strh.w	r7, [r3, #216]	@ 0xd8
10000f78:	4b0a      	ldr	r3, [pc, #40]	@ (10000fa4 <runtime_init_default_alarm_pool+0xdc>)
10000f7a:	4630      	mov	r0, r6
10000f7c:	490a      	ldr	r1, [pc, #40]	@ (10000fa8 <runtime_init_default_alarm_pool+0xe0>)
10000f7e:	f8c8 7020 	str.w	r7, [r8, #32]
10000f82:	60dc      	str	r4, [r3, #12]
10000f84:	f7ff fd9e 	bl	10000ac4 <irq_set_exclusive_handler>
10000f88:	4649      	mov	r1, r9
10000f8a:	4630      	mov	r0, r6
10000f8c:	f7ff fd84 	bl	10000a98 <irq_set_enabled>
10000f90:	4b06      	ldr	r3, [pc, #24]	@ (10000fac <runtime_init_default_alarm_pool+0xe4>)
10000f92:	641f      	str	r7, [r3, #64]	@ 0x40
10000f94:	e8bd 8ff8 	ldmia.w	sp!, {r3, r4, r5, r6, r7, r8, r9, sl, fp, pc}
10000f98:	20000644 	.word	0x20000644
10000f9c:	20001000 	.word	0x20001000
10000fa0:	0010ffff 	.word	0x0010ffff
10000fa4:	200010ac 	.word	0x200010ac
10000fa8:	10000b81 	.word	0x10000b81
10000fac:	400b2000 	.word	0x400b2000
10000fb0:	400b0000 	.word	0x400b0000

10000fb4 <alarm_pool_add_alarm_at_force_in_context>:
10000fb4:	4601      	mov	r1, r0
10000fb6:	b5f0      	push	{r4, r5, r6, r7, lr}
10000fb8:	6900      	ldr	r0, [r0, #16]
10000fba:	f3ef 8710 	mrs	r7, PRIMASK
10000fbe:	b672      	cpsid	i
10000fc0:	e8d0 5fcf 	ldaexb	r5, [r0]
10000fc4:	2401      	movs	r4, #1
10000fc6:	2d00      	cmp	r5, #0
10000fc8:	d1fa      	bne.n	10000fc0 <alarm_pool_add_alarm_at_force_in_context+0xc>
10000fca:	e8c0 4f45 	strexb	r5, r4, [r0]
10000fce:	2d00      	cmp	r5, #0
10000fd0:	d1f6      	bne.n	10000fc0 <alarm_pool_add_alarm_at_force_in_context+0xc>
10000fd2:	f3bf 8f5f 	dmb	sy
10000fd6:	f9b1 e002 	ldrsh.w	lr, [r1, #2]
10000fda:	694c      	ldr	r4, [r1, #20]
10000fdc:	eb0e 0c4e 	add.w	ip, lr, lr, lsl #1
10000fe0:	f1be 0f00 	cmp.w	lr, #0
10000fe4:	ea4f 05cc 	mov.w	r5, ip, lsl #3
10000fe8:	eb04 0ccc 	add.w	ip, r4, ip, lsl #3
10000fec:	db3d      	blt.n	1000106a <alarm_pool_add_alarm_at_force_in_context+0xb6>
10000fee:	5b60      	ldrh	r0, [r4, r5]
10000ff0:	2600      	movs	r6, #0
10000ff2:	8048      	strh	r0, [r1, #2]
10000ff4:	6908      	ldr	r0, [r1, #16]
10000ff6:	e8c0 6f8f 	stlb	r6, [r0]
10000ffa:	f387 8810 	msr	PRIMASK, r7
10000ffe:	f8bc 0002 	ldrh.w	r0, [ip, #2]
10001002:	e9cc 2302 	strd	r2, r3, [ip, #8]
10001006:	3001      	adds	r0, #1
10001008:	f3c0 000e 	ubfx	r0, r0, #0, #15
1000100c:	2801      	cmp	r0, #1
1000100e:	bf38      	it	cc
10001010:	2001      	movcc	r0, #1
10001012:	9b05      	ldr	r3, [sp, #20]
10001014:	f8ac 0002 	strh.w	r0, [ip, #2]
10001018:	f8cc 3010 	str.w	r3, [ip, #16]
1000101c:	9b06      	ldr	r3, [sp, #24]
1000101e:	ea40 400e 	orr.w	r0, r0, lr, lsl #16
10001022:	f8cc 3014 	str.w	r3, [ip, #20]
10001026:	690b      	ldr	r3, [r1, #16]
10001028:	f3ef 8210 	mrs	r2, PRIMASK
1000102c:	b672      	cpsid	i
1000102e:	e8d3 cfcf 	ldaexb	ip, [r3]
10001032:	2701      	movs	r7, #1
10001034:	f1bc 0f00 	cmp.w	ip, #0
10001038:	d1f9      	bne.n	1000102e <alarm_pool_add_alarm_at_force_in_context+0x7a>
1000103a:	e8c3 7f4c 	strexb	ip, r7, [r3]
1000103e:	f1bc 0f00 	cmp.w	ip, #0
10001042:	d1f4      	bne.n	1000102e <alarm_pool_add_alarm_at_force_in_context+0x7a>
10001044:	f3bf 8f5f 	dmb	sy
10001048:	888b      	ldrh	r3, [r1, #4]
1000104a:	5363      	strh	r3, [r4, r5]
1000104c:	f8a1 e004 	strh.w	lr, [r1, #4]
10001050:	690b      	ldr	r3, [r1, #16]
10001052:	e8c3 6f8f 	stlb	r6, [r3]
10001056:	f382 8810 	msr	PRIMASK, r2
1000105a:	2201      	movs	r2, #1
1000105c:	68cb      	ldr	r3, [r1, #12]
1000105e:	7809      	ldrb	r1, [r1, #0]
10001060:	f503 5301 	add.w	r3, r3, #8256	@ 0x2040
10001064:	408a      	lsls	r2, r1
10001066:	605a      	str	r2, [r3, #4]
10001068:	bdf0      	pop	{r4, r5, r6, r7, pc}
1000106a:	2300      	movs	r3, #0
1000106c:	690a      	ldr	r2, [r1, #16]
1000106e:	e8c2 3f8f 	stlb	r3, [r2]
10001072:	f387 8810 	msr	PRIMASK, r7
10001076:	f04f 30ff 	mov.w	r0, #4294967295	@ 0xffffffff
1000107a:	bdf0      	pop	{r4, r5, r6, r7, pc}

1000107c <alarm_pool_cancel_alarm>:
1000107c:	4603      	mov	r3, r0
1000107e:	8940      	ldrh	r0, [r0, #10]
10001080:	ebb0 4f21 	cmp.w	r0, r1, asr #16
10001084:	dd37      	ble.n	100010f6 <alarm_pool_cancel_alarm+0x7a>
10001086:	6958      	ldr	r0, [r3, #20]
10001088:	140a      	asrs	r2, r1, #16
1000108a:	eb02 0242 	add.w	r2, r2, r2, lsl #1
1000108e:	b510      	push	{r4, lr}
10001090:	eb00 00c2 	add.w	r0, r0, r2, lsl #3
10001094:	691c      	ldr	r4, [r3, #16]
10001096:	f3ef 8c10 	mrs	ip, PRIMASK
1000109a:	b672      	cpsid	i
1000109c:	e8d4 efcf 	ldaexb	lr, [r4]
100010a0:	2201      	movs	r2, #1
100010a2:	f1be 0f00 	cmp.w	lr, #0
100010a6:	d1f9      	bne.n	1000109c <alarm_pool_cancel_alarm+0x20>
100010a8:	e8c4 2f4e 	strexb	lr, r2, [r4]
100010ac:	f1be 0f00 	cmp.w	lr, #0
100010b0:	d1f4      	bne.n	1000109c <alarm_pool_cancel_alarm+0x20>
100010b2:	f3bf 8f5f 	dmb	sy
100010b6:	8842      	ldrh	r2, [r0, #2]
100010b8:	b289      	uxth	r1, r1
100010ba:	b292      	uxth	r2, r2
100010bc:	428a      	cmp	r2, r1
100010be:	d007      	beq.n	100010d0 <alarm_pool_cancel_alarm+0x54>
100010c0:	2200      	movs	r2, #0
100010c2:	691b      	ldr	r3, [r3, #16]
100010c4:	e8c3 2f8f 	stlb	r2, [r3]
100010c8:	f38c 8810 	msr	PRIMASK, ip
100010cc:	2000      	movs	r0, #0
100010ce:	bd10      	pop	{r4, pc}
100010d0:	f442 4200 	orr.w	r2, r2, #32768	@ 0x8000
100010d4:	8042      	strh	r2, [r0, #2]
100010d6:	2101      	movs	r1, #1
100010d8:	2200      	movs	r2, #0
100010da:	6918      	ldr	r0, [r3, #16]
100010dc:	7199      	strb	r1, [r3, #6]
100010de:	e8c0 2f8f 	stlb	r2, [r0]
100010e2:	f38c 8810 	msr	PRIMASK, ip
100010e6:	781c      	ldrb	r4, [r3, #0]
100010e8:	68da      	ldr	r2, [r3, #12]
100010ea:	4608      	mov	r0, r1
100010ec:	f502 5301 	add.w	r3, r2, #8256	@ 0x2040
100010f0:	40a1      	lsls	r1, r4
100010f2:	6059      	str	r1, [r3, #4]
100010f4:	bd10      	pop	{r4, pc}
100010f6:	2000      	movs	r0, #0
100010f8:	4770      	bx	lr
100010fa:	bf00      	nop

100010fc <best_effort_wfe_or_timeout>:
100010fc:	e92d 43f0 	stmdb	sp!, {r4, r5, r6, r7, r8, r9, lr}
10001100:	4605      	mov	r5, r0
10001102:	460c      	mov	r4, r1
10001104:	b083      	sub	sp, #12
10001106:	f3ef 8605 	mrs	r6, IPSR
1000110a:	b2f6      	uxtb	r6, r6
1000110c:	b166      	cbz	r6, 10001128 <best_effort_wfe_or_timeout+0x2c>
1000110e:	4b2b      	ldr	r3, [pc, #172]	@ (100011bc <best_effort_wfe_or_timeout+0xc0>)
10001110:	6a58      	ldr	r0, [r3, #36]	@ 0x24
10001112:	42a0      	cmp	r0, r4
10001114:	d325      	bcc.n	10001162 <best_effort_wfe_or_timeout+0x66>
10001116:	6a9b      	ldr	r3, [r3, #40]	@ 0x28
10001118:	42ab      	cmp	r3, r5
1000111a:	d22b      	bcs.n	10001174 <best_effort_wfe_or_timeout+0x78>
1000111c:	1b00      	subs	r0, r0, r4
1000111e:	bf18      	it	ne
10001120:	2001      	movne	r0, #1
10001122:	b003      	add	sp, #12
10001124:	e8bd 83f0 	ldmia.w	sp!, {r4, r5, r6, r7, r8, r9, pc}
10001128:	4f25      	ldr	r7, [pc, #148]	@ (100011c0 <best_effort_wfe_or_timeout+0xc4>)
1000112a:	f8d7 900c 	ldr.w	r9, [r7, #12]
1000112e:	f897 8000 	ldrb.w	r8, [r7]
10001132:	4648      	mov	r0, r9
10001134:	f000 f85a 	bl	100011ec <timer_time_us_64>
10001138:	f108 0804 	add.w	r8, r8, #4
1000113c:	f859 3028 	ldr.w	r3, [r9, r8, lsl #2]
10001140:	1a1b      	subs	r3, r3, r0
10001142:	1a28      	subs	r0, r5, r0
10001144:	eb64 0101 	sbc.w	r1, r4, r1
10001148:	4298      	cmp	r0, r3
1000114a:	f171 0100 	sbcs.w	r1, r1, #0
1000114e:	db15      	blt.n	1000117c <best_effort_wfe_or_timeout+0x80>
10001150:	4b1a      	ldr	r3, [pc, #104]	@ (100011bc <best_effort_wfe_or_timeout+0xc0>)
10001152:	6a5a      	ldr	r2, [r3, #36]	@ 0x24
10001154:	42a2      	cmp	r2, r4
10001156:	d208      	bcs.n	1000116a <best_effort_wfe_or_timeout+0x6e>
10001158:	bf20      	wfe
1000115a:	4b18      	ldr	r3, [pc, #96]	@ (100011bc <best_effort_wfe_or_timeout+0xc0>)
1000115c:	6a58      	ldr	r0, [r3, #36]	@ 0x24
1000115e:	42a0      	cmp	r0, r4
10001160:	d2d9      	bcs.n	10001116 <best_effort_wfe_or_timeout+0x1a>
10001162:	2000      	movs	r0, #0
10001164:	b003      	add	sp, #12
10001166:	e8bd 83f0 	ldmia.w	sp!, {r4, r5, r6, r7, r8, r9, pc}
1000116a:	6a9b      	ldr	r3, [r3, #40]	@ 0x28
1000116c:	42ab      	cmp	r3, r5
1000116e:	d201      	bcs.n	10001174 <best_effort_wfe_or_timeout+0x78>
10001170:	42a2      	cmp	r2, r4
10001172:	d0f1      	beq.n	10001158 <best_effort_wfe_or_timeout+0x5c>
10001174:	2001      	movs	r0, #1
10001176:	b003      	add	sp, #12
10001178:	e8bd 83f0 	ldmia.w	sp!, {r4, r5, r6, r7, r8, r9, pc}
1000117c:	f000 f83e 	bl	100011fc <time_us_64>
10001180:	4285      	cmp	r5, r0
10001182:	eb64 0101 	sbc.w	r1, r4, r1
10001186:	2900      	cmp	r1, #0
10001188:	dbc1      	blt.n	1000110e <best_effort_wfe_or_timeout+0x12>
1000118a:	4b0e      	ldr	r3, [pc, #56]	@ (100011c4 <best_effort_wfe_or_timeout+0xc8>)
1000118c:	4638      	mov	r0, r7
1000118e:	e9cd 3600 	strd	r3, r6, [sp]
10001192:	462a      	mov	r2, r5
10001194:	4623      	mov	r3, r4
10001196:	f7ff ff0d 	bl	10000fb4 <alarm_pool_add_alarm_at_force_in_context>
1000119a:	1e01      	subs	r1, r0, #0
1000119c:	ddb7      	ble.n	1000110e <best_effort_wfe_or_timeout+0x12>
1000119e:	4b07      	ldr	r3, [pc, #28]	@ (100011bc <best_effort_wfe_or_timeout+0xc0>)
100011a0:	6a5a      	ldr	r2, [r3, #36]	@ 0x24
100011a2:	42a2      	cmp	r2, r4
100011a4:	d304      	bcc.n	100011b0 <best_effort_wfe_or_timeout+0xb4>
100011a6:	6a9b      	ldr	r3, [r3, #40]	@ 0x28
100011a8:	42ab      	cmp	r3, r5
100011aa:	d202      	bcs.n	100011b2 <best_effort_wfe_or_timeout+0xb6>
100011ac:	42a2      	cmp	r2, r4
100011ae:	d100      	bne.n	100011b2 <best_effort_wfe_or_timeout+0xb6>
100011b0:	bf20      	wfe
100011b2:	4803      	ldr	r0, [pc, #12]	@ (100011c0 <best_effort_wfe_or_timeout+0xc4>)
100011b4:	f7ff ff62 	bl	1000107c <alarm_pool_cancel_alarm>
100011b8:	e7a9      	b.n	1000110e <best_effort_wfe_or_timeout+0x12>
100011ba:	bf00      	nop
100011bc:	400b0000 	.word	0x400b0000
100011c0:	20000644 	.word	0x20000644
100011c4:	10000b79 	.word	0x10000b79

100011c8 <timer_hardware_alarm_claim>:
100011c8:	b410      	push	{r4}
100011ca:	4b05      	ldr	r3, [pc, #20]	@ (100011e0 <timer_hardware_alarm_claim+0x18>)
100011cc:	4c05      	ldr	r4, [pc, #20]	@ (100011e4 <timer_hardware_alarm_claim+0x1c>)
100011ce:	4a06      	ldr	r2, [pc, #24]	@ (100011e8 <timer_hardware_alarm_claim+0x20>)
100011d0:	42a0      	cmp	r0, r4
100011d2:	bf14      	ite	ne
100011d4:	4618      	movne	r0, r3
100011d6:	1c58      	addeq	r0, r3, #1
100011d8:	f85d 4b04 	ldr.w	r4, [sp], #4
100011dc:	f7ff bbf0 	b.w	100009c0 <hw_claim_or_assert>
100011e0:	20001020 	.word	0x20001020
100011e4:	400b8000 	.word	0x400b8000
100011e8:	100091f4 	.word	0x100091f4

100011ec <timer_time_us_64>:
100011ec:	4603      	mov	r3, r0
100011ee:	6a41      	ldr	r1, [r0, #36]	@ 0x24
100011f0:	460a      	mov	r2, r1
100011f2:	6a98      	ldr	r0, [r3, #40]	@ 0x28
100011f4:	6a59      	ldr	r1, [r3, #36]	@ 0x24
100011f6:	428a      	cmp	r2, r1
100011f8:	d1fa      	bne.n	100011f0 <timer_time_us_64+0x4>
100011fa:	4770      	bx	lr

100011fc <time_us_64>:
100011fc:	4b03      	ldr	r3, [pc, #12]	@ (1000120c <time_us_64+0x10>)
100011fe:	6a59      	ldr	r1, [r3, #36]	@ 0x24
10001200:	460a      	mov	r2, r1
10001202:	6a98      	ldr	r0, [r3, #40]	@ 0x28
10001204:	6a59      	ldr	r1, [r3, #36]	@ 0x24
10001206:	4291      	cmp	r1, r2
10001208:	d1fa      	bne.n	10001200 <time_us_64+0x4>
1000120a:	4770      	bx	lr
1000120c:	400b0000 	.word	0x400b0000

10001210 <busy_wait_us>:
10001210:	b410      	push	{r4}
10001212:	4a17      	ldr	r2, [pc, #92]	@ (10001270 <busy_wait_us+0x60>)
10001214:	6a53      	ldr	r3, [r2, #36]	@ 0x24
10001216:	469c      	mov	ip, r3
10001218:	6a94      	ldr	r4, [r2, #40]	@ 0x28
1000121a:	6a53      	ldr	r3, [r2, #36]	@ 0x24
1000121c:	4563      	cmp	r3, ip
1000121e:	d1fa      	bne.n	10001216 <busy_wait_us+0x6>
10001220:	1900      	adds	r0, r0, r4
10001222:	4159      	adcs	r1, r3
10001224:	f04f 0200 	mov.w	r2, #0
10001228:	bf28      	it	cs
1000122a:	2201      	movcs	r2, #1
1000122c:	4603      	mov	r3, r0
1000122e:	b1ca      	cbz	r2, 10001264 <busy_wait_us+0x54>
10001230:	4b0f      	ldr	r3, [pc, #60]	@ (10001270 <busy_wait_us+0x60>)
10001232:	6a59      	ldr	r1, [r3, #36]	@ 0x24
10001234:	1c4b      	adds	r3, r1, #1
10001236:	bf08      	it	eq
10001238:	460b      	moveq	r3, r1
1000123a:	d008      	beq.n	1000124e <busy_wait_us+0x3e>
1000123c:	f04f 31ff 	mov.w	r1, #4294967295	@ 0xffffffff
10001240:	460b      	mov	r3, r1
10001242:	480b      	ldr	r0, [pc, #44]	@ (10001270 <busy_wait_us+0x60>)
10001244:	6a42      	ldr	r2, [r0, #36]	@ 0x24
10001246:	428a      	cmp	r2, r1
10001248:	d3fc      	bcc.n	10001244 <busy_wait_us+0x34>
1000124a:	428a      	cmp	r2, r1
1000124c:	d107      	bne.n	1000125e <busy_wait_us+0x4e>
1000124e:	4a08      	ldr	r2, [pc, #32]	@ (10001270 <busy_wait_us+0x60>)
10001250:	e002      	b.n	10001258 <busy_wait_us+0x48>
10001252:	6a50      	ldr	r0, [r2, #36]	@ 0x24
10001254:	4288      	cmp	r0, r1
10001256:	d102      	bne.n	1000125e <busy_wait_us+0x4e>
10001258:	6a90      	ldr	r0, [r2, #40]	@ 0x28
1000125a:	4298      	cmp	r0, r3
1000125c:	d3f9      	bcc.n	10001252 <busy_wait_us+0x42>
1000125e:	f85d 4b04 	ldr.w	r4, [sp], #4
10001262:	4770      	bx	lr
10001264:	4a02      	ldr	r2, [pc, #8]	@ (10001270 <busy_wait_us+0x60>)
10001266:	6a52      	ldr	r2, [r2, #36]	@ 0x24
10001268:	4291      	cmp	r1, r2
1000126a:	d8ea      	bhi.n	10001242 <busy_wait_us+0x32>
1000126c:	e7ed      	b.n	1000124a <busy_wait_us+0x3a>
1000126e:	bf00      	nop
10001270:	400b0000 	.word	0x400b0000

10001274 <uart_init>:
10001274:	b5f8      	push	{r3, r4, r5, r6, r7, lr}
10001276:	4605      	mov	r5, r0
10001278:	2006      	movs	r0, #6
1000127a:	460e      	mov	r6, r1
1000127c:	f000 f948 	bl	10001510 <clock_get_hz>
10001280:	2800      	cmp	r0, #0
10001282:	d042      	beq.n	1000130a <uart_init+0x96>
10001284:	4a35      	ldr	r2, [pc, #212]	@ (1000135c <uart_init+0xe8>)
10001286:	4836      	ldr	r0, [pc, #216]	@ (10001360 <uart_init+0xec>)
10001288:	4295      	cmp	r5, r2
1000128a:	bf14      	ite	ne
1000128c:	f04f 6280 	movne.w	r2, #67108864	@ 0x4000000
10001290:	f04f 6200 	moveq.w	r2, #134217728	@ 0x8000000
10001294:	4b33      	ldr	r3, [pc, #204]	@ (10001364 <uart_init+0xf0>)
10001296:	4934      	ldr	r1, [pc, #208]	@ (10001368 <uart_init+0xf4>)
10001298:	6002      	str	r2, [r0, #0]
1000129a:	601a      	str	r2, [r3, #0]
1000129c:	688c      	ldr	r4, [r1, #8]
1000129e:	ea32 0404 	bics.w	r4, r2, r4
100012a2:	d1fb      	bne.n	1000129c <uart_init+0x28>
100012a4:	4b2d      	ldr	r3, [pc, #180]	@ (1000135c <uart_init+0xe8>)
100012a6:	f44f 7180 	mov.w	r1, #256	@ 0x100
100012aa:	1aeb      	subs	r3, r5, r3
100012ac:	fab3 f383 	clz	r3, r3
100012b0:	4a2e      	ldr	r2, [pc, #184]	@ (1000136c <uart_init+0xf8>)
100012b2:	095b      	lsrs	r3, r3, #5
100012b4:	2006      	movs	r0, #6
100012b6:	f822 1013 	strh.w	r1, [r2, r3, lsl #1]
100012ba:	f000 f929 	bl	10001510 <clock_get_hz>
100012be:	00c3      	lsls	r3, r0, #3
100012c0:	fbb3 f3f6 	udiv	r3, r3, r6
100012c4:	3301      	adds	r3, #1
100012c6:	09da      	lsrs	r2, r3, #7
100012c8:	d120      	bne.n	1000130c <uart_init+0x98>
100012ca:	2640      	movs	r6, #64	@ 0x40
100012cc:	2101      	movs	r1, #1
100012ce:	6269      	str	r1, [r5, #36]	@ 0x24
100012d0:	62aa      	str	r2, [r5, #40]	@ 0x28
100012d2:	6b2f      	ldr	r7, [r5, #48]	@ 0x30
100012d4:	07fb      	lsls	r3, r7, #31
100012d6:	d422      	bmi.n	1000131e <uart_init+0xaa>
100012d8:	462b      	mov	r3, r5
100012da:	2200      	movs	r2, #0
100012dc:	f853 1f2c 	ldr.w	r1, [r3, #44]!
100012e0:	2006      	movs	r0, #6
100012e2:	f503 5480 	add.w	r4, r3, #4096	@ 0x1000
100012e6:	6022      	str	r2, [r4, #0]
100012e8:	632f      	str	r7, [r5, #48]	@ 0x30
100012ea:	f000 f911 	bl	10001510 <clock_get_hz>
100012ee:	f240 3101 	movw	r1, #769	@ 0x301
100012f2:	2203      	movs	r2, #3
100012f4:	0080      	lsls	r0, r0, #2
100012f6:	fbb0 f0f6 	udiv	r0, r0, r6
100012fa:	6aeb      	ldr	r3, [r5, #44]	@ 0x2c
100012fc:	f083 0370 	eor.w	r3, r3, #112	@ 0x70
10001300:	f003 037e 	and.w	r3, r3, #126	@ 0x7e
10001304:	6023      	str	r3, [r4, #0]
10001306:	6329      	str	r1, [r5, #48]	@ 0x30
10001308:	64aa      	str	r2, [r5, #72]	@ 0x48
1000130a:	bdf8      	pop	{r3, r4, r5, r6, r7, pc}
1000130c:	f64f 71fe 	movw	r1, #65534	@ 0xfffe
10001310:	428a      	cmp	r2, r1
10001312:	d91b      	bls.n	1000134c <uart_init+0xd8>
10001314:	4622      	mov	r2, r4
10001316:	f64f 71ff 	movw	r1, #65535	@ 0xffff
1000131a:	4e15      	ldr	r6, [pc, #84]	@ (10001370 <uart_init+0xfc>)
1000131c:	e7d7      	b.n	100012ce <uart_init+0x5a>
1000131e:	f240 3201 	movw	r2, #769	@ 0x301
10001322:	f505 5340 	add.w	r3, r5, #12288	@ 0x3000
10001326:	631a      	str	r2, [r3, #48]	@ 0x30
10001328:	6a6b      	ldr	r3, [r5, #36]	@ 0x24
1000132a:	6aac      	ldr	r4, [r5, #40]	@ 0x28
1000132c:	2006      	movs	r0, #6
1000132e:	eb04 1483 	add.w	r4, r4, r3, lsl #6
10001332:	f000 f8ed 	bl	10001510 <clock_get_hz>
10001336:	4b0f      	ldr	r3, [pc, #60]	@ (10001374 <uart_init+0x100>)
10001338:	02a4      	lsls	r4, r4, #10
1000133a:	fba3 2300 	umull	r2, r3, r3, r0
1000133e:	0adb      	lsrs	r3, r3, #11
10001340:	2100      	movs	r1, #0
10001342:	fbb4 f0f3 	udiv	r0, r4, r3
10001346:	f7ff ff63 	bl	10001210 <busy_wait_us>
1000134a:	e7c5      	b.n	100012d8 <uart_init+0x64>
1000134c:	f3c3 0345 	ubfx	r3, r3, #1, #6
10001350:	4611      	mov	r1, r2
10001352:	eb03 1682 	add.w	r6, r3, r2, lsl #6
10001356:	461a      	mov	r2, r3
10001358:	e7b9      	b.n	100012ce <uart_init+0x5a>
1000135a:	bf00      	nop
1000135c:	40078000 	.word	0x40078000
10001360:	40022000 	.word	0x40022000
10001364:	40023000 	.word	0x40023000
10001368:	40020000 	.word	0x40020000
1000136c:	200012cc 	.word	0x200012cc
10001370:	003fffc0 	.word	0x003fffc0
10001374:	8f2b7b75 	.word	0x8f2b7b75

10001378 <uart_set_format>:
10001378:	3a01      	subs	r2, #1
1000137a:	3905      	subs	r1, #5
1000137c:	00d2      	lsls	r2, r2, #3
1000137e:	b5f8      	push	{r3, r4, r5, r6, r7, lr}
10001380:	4605      	mov	r5, r0
10001382:	ea42 1441 	orr.w	r4, r2, r1, lsl #5
10001386:	b143      	cbz	r3, 1000139a <uart_set_format+0x22>
10001388:	f1a3 0301 	sub.w	r3, r3, #1
1000138c:	fab3 f383 	clz	r3, r3
10001390:	095b      	lsrs	r3, r3, #5
10001392:	ea44 0383 	orr.w	r3, r4, r3, lsl #2
10001396:	f043 0402 	orr.w	r4, r3, #2
1000139a:	6b2e      	ldr	r6, [r5, #48]	@ 0x30
1000139c:	07f3      	lsls	r3, r6, #31
1000139e:	d40a      	bmi.n	100013b6 <uart_set_format+0x3e>
100013a0:	462b      	mov	r3, r5
100013a2:	f853 2f2c 	ldr.w	r2, [r3, #44]!
100013a6:	4062      	eors	r2, r4
100013a8:	f002 026e 	and.w	r2, r2, #110	@ 0x6e
100013ac:	f503 5380 	add.w	r3, r3, #4096	@ 0x1000
100013b0:	601a      	str	r2, [r3, #0]
100013b2:	632e      	str	r6, [r5, #48]	@ 0x30
100013b4:	bdf8      	pop	{r3, r4, r5, r6, r7, pc}
100013b6:	f240 3201 	movw	r2, #769	@ 0x301
100013ba:	f505 5340 	add.w	r3, r5, #12288	@ 0x3000
100013be:	631a      	str	r2, [r3, #48]	@ 0x30
100013c0:	6a6b      	ldr	r3, [r5, #36]	@ 0x24
100013c2:	6aaf      	ldr	r7, [r5, #40]	@ 0x28
100013c4:	2006      	movs	r0, #6
100013c6:	eb07 1783 	add.w	r7, r7, r3, lsl #6
100013ca:	f000 f8a1 	bl	10001510 <clock_get_hz>
100013ce:	4b05      	ldr	r3, [pc, #20]	@ (100013e4 <uart_set_format+0x6c>)
100013d0:	02bf      	lsls	r7, r7, #10
100013d2:	fba3 3000 	umull	r3, r0, r3, r0
100013d6:	0ac0      	lsrs	r0, r0, #11
100013d8:	2100      	movs	r1, #0
100013da:	fbb7 f0f0 	udiv	r0, r7, r0
100013de:	f7ff ff17 	bl	10001210 <busy_wait_us>
100013e2:	e7dd      	b.n	100013a0 <uart_set_format+0x28>
100013e4:	8f2b7b75 	.word	0x8f2b7b75

100013e8 <uart_set_fifo_enabled>:
100013e8:	b5f8      	push	{r3, r4, r5, r6, r7, lr}
100013ea:	6b06      	ldr	r6, [r0, #48]	@ 0x30
100013ec:	4605      	mov	r5, r0
100013ee:	07f3      	lsls	r3, r6, #31
100013f0:	ea4f 1401 	mov.w	r4, r1, lsl #4
100013f4:	d40a      	bmi.n	1000140c <uart_set_fifo_enabled+0x24>
100013f6:	462b      	mov	r3, r5
100013f8:	f853 2f2c 	ldr.w	r2, [r3, #44]!
100013fc:	4054      	eors	r4, r2
100013fe:	f004 0410 	and.w	r4, r4, #16
10001402:	f503 5380 	add.w	r3, r3, #4096	@ 0x1000
10001406:	601c      	str	r4, [r3, #0]
10001408:	632e      	str	r6, [r5, #48]	@ 0x30
1000140a:	bdf8      	pop	{r3, r4, r5, r6, r7, pc}
1000140c:	f240 3201 	movw	r2, #769	@ 0x301
10001410:	f500 5340 	add.w	r3, r0, #12288	@ 0x3000
10001414:	631a      	str	r2, [r3, #48]	@ 0x30
10001416:	6a6b      	ldr	r3, [r5, #36]	@ 0x24
10001418:	6aaf      	ldr	r7, [r5, #40]	@ 0x28
1000141a:	2006      	movs	r0, #6
1000141c:	eb07 1783 	add.w	r7, r7, r3, lsl #6
10001420:	f000 f876 	bl	10001510 <clock_get_hz>
10001424:	4b05      	ldr	r3, [pc, #20]	@ (1000143c <uart_set_fifo_enabled+0x54>)
10001426:	02bf      	lsls	r7, r7, #10
10001428:	fba3 3000 	umull	r3, r0, r3, r0
1000142c:	0ac0      	lsrs	r0, r0, #11
1000142e:	2100      	movs	r1, #0
10001430:	fbb7 f0f0 	udiv	r0, r7, r0
10001434:	f7ff feec 	bl	10001210 <busy_wait_us>
10001438:	e7dd      	b.n	100013f6 <uart_set_fifo_enabled+0xe>
1000143a:	bf00      	nop
1000143c:	8f2b7b75 	.word	0x8f2b7b75

10001440 <clock_configure_undivided>:
10001440:	eb00 0c40 	add.w	ip, r0, r0, lsl #1
10001444:	ea4f 0c8c 	mov.w	ip, ip, lsl #2
10001448:	f10c 4c80 	add.w	ip, ip, #1073741824	@ 0x40000000
1000144c:	f50c 3c80 	add.w	ip, ip, #65536	@ 0x10000
10001450:	b5f0      	push	{r4, r5, r6, r7, lr}
10001452:	4616      	mov	r6, r2
10001454:	f8dc 2004 	ldr.w	r2, [ip, #4]
10001458:	1f05      	subs	r5, r0, #4
1000145a:	f5b2 3f80 	cmp.w	r2, #65536	@ 0x10000
1000145e:	bf38      	it	cc
10001460:	f44f 3280 	movcc.w	r2, #65536	@ 0x10000
10001464:	b2ed      	uxtb	r5, r5
10001466:	bf38      	it	cc
10001468:	f8cc 2004 	strcc.w	r2, [ip, #4]
1000146c:	2d01      	cmp	r5, #1
1000146e:	d92a      	bls.n	100014c6 <clock_configure_undivided+0x86>
10001470:	f44f 6700 	mov.w	r7, #2048	@ 0x800
10001474:	4c25      	ldr	r4, [pc, #148]	@ (1000150c <clock_configure_undivided+0xcc>)
10001476:	f50c 5240 	add.w	r2, ip, #12288	@ 0x3000
1000147a:	6017      	str	r7, [r2, #0]
1000147c:	f854 2020 	ldr.w	r2, [r4, r0, lsl #2]
10001480:	b9b2      	cbnz	r2, 100014b0 <clock_configure_undivided+0x70>
10001482:	f8dc 2000 	ldr.w	r2, [ip]
10001486:	2d01      	cmp	r5, #1
10001488:	ea82 1246 	eor.w	r2, r2, r6, lsl #5
1000148c:	f002 02e0 	and.w	r2, r2, #224	@ 0xe0
10001490:	f50c 5680 	add.w	r6, ip, #4096	@ 0x1000
10001494:	6032      	str	r2, [r6, #0]
10001496:	d92a      	bls.n	100014ee <clock_configure_undivided+0xae>
10001498:	f44f 6100 	mov.w	r1, #2048	@ 0x800
1000149c:	f844 3020 	str.w	r3, [r4, r0, lsl #2]
100014a0:	f44f 3380 	mov.w	r3, #65536	@ 0x10000
100014a4:	f50c 5200 	add.w	r2, ip, #8192	@ 0x2000
100014a8:	6011      	str	r1, [r2, #0]
100014aa:	f8cc 3004 	str.w	r3, [ip, #4]
100014ae:	bdf0      	pop	{r4, r5, r6, r7, pc}
100014b0:	6967      	ldr	r7, [r4, #20]
100014b2:	fbb7 fef2 	udiv	lr, r7, r2
100014b6:	f10e 0e01 	add.w	lr, lr, #1
100014ba:	eb0e 0e4e 	add.w	lr, lr, lr, lsl #1
100014be:	f1be 0e03 	subs.w	lr, lr, #3
100014c2:	d2fc      	bcs.n	100014be <clock_configure_undivided+0x7e>
100014c4:	e7dd      	b.n	10001482 <clock_configure_undivided+0x42>
100014c6:	2901      	cmp	r1, #1
100014c8:	d1d2      	bne.n	10001470 <clock_configure_undivided+0x30>
100014ca:	2403      	movs	r4, #3
100014cc:	f50c 5240 	add.w	r2, ip, #12288	@ 0x3000
100014d0:	6014      	str	r4, [r2, #0]
100014d2:	f8dc 2008 	ldr.w	r2, [ip, #8]
100014d6:	07d2      	lsls	r2, r2, #31
100014d8:	d5fb      	bpl.n	100014d2 <clock_configure_undivided+0x92>
100014da:	f8dc 2000 	ldr.w	r2, [ip]
100014de:	4c0b      	ldr	r4, [pc, #44]	@ (1000150c <clock_configure_undivided+0xcc>)
100014e0:	ea82 1246 	eor.w	r2, r2, r6, lsl #5
100014e4:	f002 02e0 	and.w	r2, r2, #224	@ 0xe0
100014e8:	f50c 5680 	add.w	r6, ip, #4096	@ 0x1000
100014ec:	6032      	str	r2, [r6, #0]
100014ee:	2201      	movs	r2, #1
100014f0:	f8dc 5000 	ldr.w	r5, [ip]
100014f4:	404d      	eors	r5, r1
100014f6:	f005 0503 	and.w	r5, r5, #3
100014fa:	6035      	str	r5, [r6, #0]
100014fc:	fa02 f101 	lsl.w	r1, r2, r1
10001500:	f8dc 2008 	ldr.w	r2, [ip, #8]
10001504:	420a      	tst	r2, r1
10001506:	d0fb      	beq.n	10001500 <clock_configure_undivided+0xc0>
10001508:	e7c6      	b.n	10001498 <clock_configure_undivided+0x58>
1000150a:	bf00      	nop
1000150c:	20001024 	.word	0x20001024

10001510 <clock_get_hz>:
10001510:	4b01      	ldr	r3, [pc, #4]	@ (10001518 <clock_get_hz+0x8>)
10001512:	f853 0020 	ldr.w	r0, [r3, r0, lsl #2]
10001516:	4770      	bx	lr
10001518:	20001024 	.word	0x20001024

1000151c <pll_init>:
1000151c:	b470      	push	{r4, r5, r6}
1000151e:	9d03      	ldr	r5, [sp, #12]
10001520:	6804      	ldr	r4, [r0, #0]
10001522:	032d      	lsls	r5, r5, #12
10001524:	ea45 4503 	orr.w	r5, r5, r3, lsl #16
10001528:	4b1b      	ldr	r3, [pc, #108]	@ (10001598 <pll_init+0x7c>)
1000152a:	2c00      	cmp	r4, #0
1000152c:	fbb3 f3f1 	udiv	r3, r3, r1
10001530:	fbb2 f6f3 	udiv	r6, r2, r3
10001534:	db1f      	blt.n	10001576 <pll_init+0x5a>
10001536:	4a19      	ldr	r2, [pc, #100]	@ (1000159c <pll_init+0x80>)
10001538:	4b19      	ldr	r3, [pc, #100]	@ (100015a0 <pll_init+0x84>)
1000153a:	4290      	cmp	r0, r2
1000153c:	bf14      	ite	ne
1000153e:	f44f 4280 	movne.w	r2, #16384	@ 0x4000
10001542:	f44f 4200 	moveq.w	r2, #32768	@ 0x8000
10001546:	4c17      	ldr	r4, [pc, #92]	@ (100015a4 <pll_init+0x88>)
10001548:	601a      	str	r2, [r3, #0]
1000154a:	f503 5380 	add.w	r3, r3, #4096	@ 0x1000
1000154e:	601a      	str	r2, [r3, #0]
10001550:	68a3      	ldr	r3, [r4, #8]
10001552:	ea32 0303 	bics.w	r3, r2, r3
10001556:	d1fb      	bne.n	10001550 <pll_init+0x34>
10001558:	2221      	movs	r2, #33	@ 0x21
1000155a:	f500 5340 	add.w	r3, r0, #12288	@ 0x3000
1000155e:	3304      	adds	r3, #4
10001560:	6001      	str	r1, [r0, #0]
10001562:	6086      	str	r6, [r0, #8]
10001564:	601a      	str	r2, [r3, #0]
10001566:	6802      	ldr	r2, [r0, #0]
10001568:	2a00      	cmp	r2, #0
1000156a:	dafc      	bge.n	10001566 <pll_init+0x4a>
1000156c:	2208      	movs	r2, #8
1000156e:	60c5      	str	r5, [r0, #12]
10001570:	601a      	str	r2, [r3, #0]
10001572:	bc70      	pop	{r4, r5, r6}
10001574:	4770      	bx	lr
10001576:	6803      	ldr	r3, [r0, #0]
10001578:	f003 033f 	and.w	r3, r3, #63	@ 0x3f
1000157c:	428b      	cmp	r3, r1
1000157e:	d1da      	bne.n	10001536 <pll_init+0x1a>
10001580:	6883      	ldr	r3, [r0, #8]
10001582:	f3c3 030b 	ubfx	r3, r3, #0, #12
10001586:	42b3      	cmp	r3, r6
10001588:	d1d5      	bne.n	10001536 <pll_init+0x1a>
1000158a:	68c3      	ldr	r3, [r0, #12]
1000158c:	f403 23ee 	and.w	r3, r3, #487424	@ 0x77000
10001590:	42ab      	cmp	r3, r5
10001592:	d1d0      	bne.n	10001536 <pll_init+0x1a>
10001594:	e7ed      	b.n	10001572 <pll_init+0x56>
10001596:	bf00      	nop
10001598:	00b71b00 	.word	0x00b71b00
1000159c:	40058000 	.word	0x40058000
100015a0:	40022000 	.word	0x40022000
100015a4:	40020000 	.word	0x40020000

100015a8 <tick_start>:
100015a8:	2301      	movs	r3, #1
100015aa:	eb00 0040 	add.w	r0, r0, r0, lsl #1
100015ae:	0080      	lsls	r0, r0, #2
100015b0:	f100 4080 	add.w	r0, r0, #1073741824	@ 0x40000000
100015b4:	f500 1084 	add.w	r0, r0, #1081344	@ 0x108000
100015b8:	6041      	str	r1, [r0, #4]
100015ba:	6003      	str	r3, [r0, #0]
100015bc:	4770      	bx	lr
100015be:	bf00      	nop

100015c0 <rom_func_lookup>:
100015c0:	2300      	movs	r3, #0
100015c2:	8adb      	ldrh	r3, [r3, #22]
100015c4:	2200      	movs	r2, #0
100015c6:	e842 f200 	tt	r2, r2
100015ca:	0252      	lsls	r2, r2, #9
100015cc:	d401      	bmi.n	100015d2 <rom_func_lookup+0x12>
100015ce:	2110      	movs	r1, #16
100015d0:	4718      	bx	r3
100015d2:	2104      	movs	r1, #4
100015d4:	4718      	bx	r3
100015d6:	bf00      	nop

100015d8 <runtime_init_bootrom_locking_enable>:
100015d8:	4a03      	ldr	r2, [pc, #12]	@ (100015e8 <runtime_init_bootrom_locking_enable+0x10>)
100015da:	f8d2 3828 	ldr.w	r3, [r2, #2088]	@ 0x828
100015de:	2b00      	cmp	r3, #0
100015e0:	d0fb      	beq.n	100015da <runtime_init_bootrom_locking_enable+0x2>
100015e2:	f3bf 8f5f 	dmb	sy
100015e6:	4770      	bx	lr
100015e8:	400e0000 	.word	0x400e0000

100015ec <runtime_init_boot_locks_reset>:
100015ec:	2100      	movs	r1, #0
100015ee:	4b04      	ldr	r3, [pc, #16]	@ (10001600 <runtime_init_boot_locks_reset+0x14>)
100015f0:	4a04      	ldr	r2, [pc, #16]	@ (10001604 <runtime_init_boot_locks_reset+0x18>)
100015f2:	f3bf 8f5f 	dmb	sy
100015f6:	f843 1b04 	str.w	r1, [r3], #4
100015fa:	4293      	cmp	r3, r2
100015fc:	d1f9      	bne.n	100015f2 <runtime_init_boot_locks_reset+0x6>
100015fe:	4770      	bx	lr
10001600:	400e080c 	.word	0x400e080c
10001604:	400e082c 	.word	0x400e082c

10001608 <xosc_init>:
10001608:	b410      	push	{r4}
1000160a:	f44f 708d 	mov.w	r0, #282	@ 0x11a
1000160e:	f44f 642a 	mov.w	r4, #2720	@ 0xaa0
10001612:	4a06      	ldr	r2, [pc, #24]	@ (1000162c <xosc_init+0x24>)
10001614:	4b06      	ldr	r3, [pc, #24]	@ (10001630 <xosc_init+0x28>)
10001616:	4907      	ldr	r1, [pc, #28]	@ (10001634 <xosc_init+0x2c>)
10001618:	6014      	str	r4, [r2, #0]
1000161a:	60d0      	str	r0, [r2, #12]
1000161c:	6019      	str	r1, [r3, #0]
1000161e:	6853      	ldr	r3, [r2, #4]
10001620:	2b00      	cmp	r3, #0
10001622:	dafc      	bge.n	1000161e <xosc_init+0x16>
10001624:	f85d 4b04 	ldr.w	r4, [sp], #4
10001628:	4770      	bx	lr
1000162a:	bf00      	nop
1000162c:	40048000 	.word	0x40048000
10001630:	4004a000 	.word	0x4004a000
10001634:	00fab000 	.word	0x00fab000

10001638 <first_per_core_initializer>:
10001638:	4770      	bx	lr
1000163a:	bf00      	nop

1000163c <hard_assertion_failure>:
1000163c:	b508      	push	{r3, lr}
1000163e:	4801      	ldr	r0, [pc, #4]	@ (10001644 <hard_assertion_failure+0x8>)
10001640:	f7ff f9a6 	bl	10000990 <panic>
10001644:	10009218 	.word	0x10009218

10001648 <runtime_run_initializers>:
10001648:	b538      	push	{r3, r4, r5, lr}
1000164a:	4c05      	ldr	r4, [pc, #20]	@ (10001660 <runtime_run_initializers+0x18>)
1000164c:	4d05      	ldr	r5, [pc, #20]	@ (10001664 <runtime_run_initializers+0x1c>)
1000164e:	42ac      	cmp	r4, r5
10001650:	d204      	bcs.n	1000165c <runtime_run_initializers+0x14>
10001652:	f854 3b04 	ldr.w	r3, [r4], #4
10001656:	4798      	blx	r3
10001658:	42ac      	cmp	r4, r5
1000165a:	d3fa      	bcc.n	10001652 <runtime_run_initializers+0xa>
1000165c:	bd38      	pop	{r3, r4, r5, pc}
1000165e:	bf00      	nop
10001660:	100090b0 	.word	0x100090b0
10001664:	100090f0 	.word	0x100090f0

10001668 <runtime_init_early_resets>:
10001668:	b410      	push	{r4}
1000166a:	4807      	ldr	r0, [pc, #28]	@ (10001688 <runtime_init_early_resets+0x20>)
1000166c:	4c07      	ldr	r4, [pc, #28]	@ (1000168c <runtime_init_early_resets+0x24>)
1000166e:	4b08      	ldr	r3, [pc, #32]	@ (10001690 <runtime_init_early_resets+0x28>)
10001670:	4a08      	ldr	r2, [pc, #32]	@ (10001694 <runtime_init_early_resets+0x2c>)
10001672:	4909      	ldr	r1, [pc, #36]	@ (10001698 <runtime_init_early_resets+0x30>)
10001674:	6004      	str	r4, [r0, #0]
10001676:	601a      	str	r2, [r3, #0]
10001678:	688b      	ldr	r3, [r1, #8]
1000167a:	ea32 0303 	bics.w	r3, r2, r3
1000167e:	d1fb      	bne.n	10001678 <runtime_init_early_resets+0x10>
10001680:	f85d 4b04 	ldr.w	r4, [sp], #4
10001684:	4770      	bx	lr
10001686:	bf00      	nop
10001688:	40022000 	.word	0x40022000
1000168c:	efef3b7f 	.word	0xefef3b7f
10001690:	40023000 	.word	0x40023000
10001694:	03f3fff6 	.word	0x03f3fff6
10001698:	40020000 	.word	0x40020000

1000169c <runtime_init_usb_power_down>:
1000169c:	4b04      	ldr	r3, [pc, #16]	@ (100016b0 <runtime_init_usb_power_down+0x14>)
1000169e:	6cdb      	ldr	r3, [r3, #76]	@ 0x4c
100016a0:	f5b3 4f00 	cmp.w	r3, #32768	@ 0x8000
100016a4:	d103      	bne.n	100016ae <runtime_init_usb_power_down+0x12>
100016a6:	f44f 2280 	mov.w	r2, #262144	@ 0x40000
100016aa:	4b02      	ldr	r3, [pc, #8]	@ (100016b4 <runtime_init_usb_power_down+0x18>)
100016ac:	64da      	str	r2, [r3, #76]	@ 0x4c
100016ae:	4770      	bx	lr
100016b0:	50110000 	.word	0x50110000
100016b4:	50112000 	.word	0x50112000

100016b8 <runtime_init_per_core_enable_coprocessors>:
100016b8:	f04f 22e0 	mov.w	r2, #3758153728	@ 0xe000e000
100016bc:	4b04      	ldr	r3, [pc, #16]	@ (100016d0 <runtime_init_per_core_enable_coprocessors+0x18>)
100016be:	f8d2 1d88 	ldr.w	r1, [r2, #3464]	@ 0xd88
100016c2:	430b      	orrs	r3, r1
100016c4:	f8c2 3d88 	str.w	r3, [r2, #3464]	@ 0xd88
100016c8:	ee10 0430 	dcp_rcmp r0
100016cc:	4770      	bx	lr
100016ce:	bf00      	nop
100016d0:	00300303 	.word	0x00300303

100016d4 <runtime_init_post_clock_resets>:
100016d4:	f06f 4160 	mvn.w	r1, #3758096384	@ 0xe0000000
100016d8:	4b04      	ldr	r3, [pc, #16]	@ (100016ec <runtime_init_post_clock_resets+0x18>)
100016da:	4a05      	ldr	r2, [pc, #20]	@ (100016f0 <runtime_init_post_clock_resets+0x1c>)
100016dc:	6019      	str	r1, [r3, #0]
100016de:	6893      	ldr	r3, [r2, #8]
100016e0:	43db      	mvns	r3, r3
100016e2:	f033 4360 	bics.w	r3, r3, #3758096384	@ 0xe0000000
100016e6:	d1fa      	bne.n	100016de <runtime_init_post_clock_resets+0xa>
100016e8:	4770      	bx	lr
100016ea:	bf00      	nop
100016ec:	40023000 	.word	0x40023000
100016f0:	40020000 	.word	0x40020000

100016f4 <runtime_init_bootrom_reset>:
100016f4:	b510      	push	{r4, lr}
100016f6:	f245 2053 	movw	r0, #21075	@ 0x5253
100016fa:	f7ff ff61 	bl	100015c0 <rom_func_lookup>
100016fe:	e8bd 4010 	ldmia.w	sp!, {r4, lr}
10001702:	4603      	mov	r3, r0
10001704:	2004      	movs	r0, #4
10001706:	4718      	bx	r3

10001708 <runtime_init_per_core_bootrom_reset>:
10001708:	b510      	push	{r4, lr}
1000170a:	f245 2053 	movw	r0, #21075	@ 0x5253
1000170e:	f7ff ff57 	bl	100015c0 <rom_func_lookup>
10001712:	e8bd 4010 	ldmia.w	sp!, {r4, lr}
10001716:	4603      	mov	r3, r0
10001718:	2001      	movs	r0, #1
1000171a:	4718      	bx	r3

1000171c <runtime_init_spin_locks_reset>:
1000171c:	f7ff b990 	b.w	10000a40 <spin_locks_reset>

10001720 <runtime_init_install_ram_vector_table>:
10001720:	b538      	push	{r3, r4, r5, lr}
10001722:	4913      	ldr	r1, [pc, #76]	@ (10001770 <runtime_init_install_ram_vector_table+0x50>)
10001724:	4c13      	ldr	r4, [pc, #76]	@ (10001774 <runtime_init_install_ram_vector_table+0x54>)
10001726:	4d14      	ldr	r5, [pc, #80]	@ (10001778 <runtime_init_install_ram_vector_table+0x58>)
10001728:	1a64      	subs	r4, r4, r1
1000172a:	08a4      	lsrs	r4, r4, #2
1000172c:	2c44      	cmp	r4, #68	@ 0x44
1000172e:	4622      	mov	r2, r4
10001730:	bf28      	it	cs
10001732:	2244      	movcs	r2, #68	@ 0x44
10001734:	4628      	mov	r0, r5
10001736:	0092      	lsls	r2, r2, #2
10001738:	f002 ff00 	bl	1000453c <memcpy>
1000173c:	2c43      	cmp	r4, #67	@ 0x43
1000173e:	d814      	bhi.n	1000176a <runtime_init_install_ram_vector_table+0x4a>
10001740:	4a0e      	ldr	r2, [pc, #56]	@ (1000177c <runtime_init_install_ram_vector_table+0x5c>)
10001742:	f1c4 0044 	rsb	r0, r4, #68	@ 0x44
10001746:	d00e      	beq.n	10001766 <runtime_init_install_ram_vector_table+0x46>
10001748:	eb05 0384 	add.w	r3, r5, r4, lsl #2
1000174c:	0841      	lsrs	r1, r0, #1
1000174e:	eb03 01c1 	add.w	r1, r3, r1, lsl #3
10001752:	e9c3 2200 	strd	r2, r2, [r3]
10001756:	3308      	adds	r3, #8
10001758:	4299      	cmp	r1, r3
1000175a:	d1fa      	bne.n	10001752 <runtime_init_install_ram_vector_table+0x32>
1000175c:	07c3      	lsls	r3, r0, #31
1000175e:	d504      	bpl.n	1000176a <runtime_init_install_ram_vector_table+0x4a>
10001760:	f020 0001 	bic.w	r0, r0, #1
10001764:	4404      	add	r4, r0
10001766:	f845 2024 	str.w	r2, [r5, r4, lsl #2]
1000176a:	4b05      	ldr	r3, [pc, #20]	@ (10001780 <runtime_init_install_ram_vector_table+0x60>)
1000176c:	609d      	str	r5, [r3, #8]
1000176e:	bd38      	pop	{r3, r4, r5, pc}
10001770:	10000000 	.word	0x10000000
10001774:	10000110 	.word	0x10000110
10001778:	20000000 	.word	0x20000000
1000177c:	10000111 	.word	0x10000111
10001780:	e000ed00 	.word	0xe000ed00

10001784 <runtime_init_clocks>:
10001784:	2300      	movs	r3, #0
10001786:	b570      	push	{r4, r5, r6, lr}
10001788:	4c2b      	ldr	r4, [pc, #172]	@ (10001838 <runtime_init_clocks+0xb4>)
1000178a:	b082      	sub	sp, #8
1000178c:	f8c4 3084 	str.w	r3, [r4, #132]	@ 0x84
10001790:	f7ff ff3a 	bl	10001608 <xosc_init>
10001794:	2201      	movs	r2, #1
10001796:	4b29      	ldr	r3, [pc, #164]	@ (1000183c <runtime_init_clocks+0xb8>)
10001798:	63da      	str	r2, [r3, #60]	@ 0x3c
1000179a:	6c63      	ldr	r3, [r4, #68]	@ 0x44
1000179c:	2b01      	cmp	r3, #1
1000179e:	d1fc      	bne.n	1000179a <runtime_init_clocks+0x16>
100017a0:	2103      	movs	r1, #3
100017a2:	4a26      	ldr	r2, [pc, #152]	@ (1000183c <runtime_init_clocks+0xb8>)
100017a4:	4b24      	ldr	r3, [pc, #144]	@ (10001838 <runtime_init_clocks+0xb4>)
100017a6:	6311      	str	r1, [r2, #48]	@ 0x30
100017a8:	6b9c      	ldr	r4, [r3, #56]	@ 0x38
100017aa:	2c01      	cmp	r4, #1
100017ac:	d1fc      	bne.n	100017a8 <runtime_init_clocks+0x24>
100017ae:	2602      	movs	r6, #2
100017b0:	2505      	movs	r5, #5
100017b2:	4621      	mov	r1, r4
100017b4:	2305      	movs	r3, #5
100017b6:	4a22      	ldr	r2, [pc, #136]	@ (10001840 <runtime_init_clocks+0xbc>)
100017b8:	4822      	ldr	r0, [pc, #136]	@ (10001844 <runtime_init_clocks+0xc0>)
100017ba:	9600      	str	r6, [sp, #0]
100017bc:	f7ff feae 	bl	1000151c <pll_init>
100017c0:	4621      	mov	r1, r4
100017c2:	462b      	mov	r3, r5
100017c4:	4a20      	ldr	r2, [pc, #128]	@ (10001848 <runtime_init_clocks+0xc4>)
100017c6:	4821      	ldr	r0, [pc, #132]	@ (1000184c <runtime_init_clocks+0xc8>)
100017c8:	9500      	str	r5, [sp, #0]
100017ca:	f7ff fea7 	bl	1000151c <pll_init>
100017ce:	2200      	movs	r2, #0
100017d0:	2004      	movs	r0, #4
100017d2:	4631      	mov	r1, r6
100017d4:	4b1e      	ldr	r3, [pc, #120]	@ (10001850 <runtime_init_clocks+0xcc>)
100017d6:	f7ff fe33 	bl	10001440 <clock_configure_undivided>
100017da:	4621      	mov	r1, r4
100017dc:	4628      	mov	r0, r5
100017de:	2200      	movs	r2, #0
100017e0:	4b1c      	ldr	r3, [pc, #112]	@ (10001854 <runtime_init_clocks+0xd0>)
100017e2:	f7ff fe2d 	bl	10001440 <clock_configure_undivided>
100017e6:	2200      	movs	r2, #0
100017e8:	2008      	movs	r0, #8
100017ea:	4611      	mov	r1, r2
100017ec:	4b1a      	ldr	r3, [pc, #104]	@ (10001858 <runtime_init_clocks+0xd4>)
100017ee:	f7ff fe27 	bl	10001440 <clock_configure_undivided>
100017f2:	2200      	movs	r2, #0
100017f4:	2009      	movs	r0, #9
100017f6:	4611      	mov	r1, r2
100017f8:	4b17      	ldr	r3, [pc, #92]	@ (10001858 <runtime_init_clocks+0xd4>)
100017fa:	f7ff fe21 	bl	10001440 <clock_configure_undivided>
100017fe:	2200      	movs	r2, #0
10001800:	2006      	movs	r0, #6
10001802:	4611      	mov	r1, r2
10001804:	4b13      	ldr	r3, [pc, #76]	@ (10001854 <runtime_init_clocks+0xd0>)
10001806:	f7ff fe1b 	bl	10001440 <clock_configure_undivided>
1000180a:	2200      	movs	r2, #0
1000180c:	4b11      	ldr	r3, [pc, #68]	@ (10001854 <runtime_init_clocks+0xd0>)
1000180e:	2007      	movs	r0, #7
10001810:	4611      	mov	r1, r2
10001812:	f7ff fe15 	bl	10001440 <clock_configure_undivided>
10001816:	2004      	movs	r0, #4
10001818:	f7ff fe7a 	bl	10001510 <clock_get_hz>
1000181c:	2400      	movs	r4, #0
1000181e:	4b0f      	ldr	r3, [pc, #60]	@ (1000185c <runtime_init_clocks+0xd8>)
10001820:	fba3 3500 	umull	r3, r5, r3, r0
10001824:	0cad      	lsrs	r5, r5, #18
10001826:	b2e0      	uxtb	r0, r4
10001828:	4629      	mov	r1, r5
1000182a:	3401      	adds	r4, #1
1000182c:	f7ff febc 	bl	100015a8 <tick_start>
10001830:	2c06      	cmp	r4, #6
10001832:	d1f8      	bne.n	10001826 <runtime_init_clocks+0xa2>
10001834:	b002      	add	sp, #8
10001836:	bd70      	pop	{r4, r5, r6, pc}
10001838:	40010000 	.word	0x40010000
1000183c:	40013000 	.word	0x40013000
10001840:	59682f00 	.word	0x59682f00
10001844:	40050000 	.word	0x40050000
10001848:	47868c00 	.word	0x47868c00
1000184c:	40058000 	.word	0x40058000
10001850:	00b71b00 	.word	0x00b71b00
10001854:	08f0d180 	.word	0x08f0d180
10001858:	02dc6c00 	.word	0x02dc6c00
1000185c:	431bde83 	.word	0x431bde83

10001860 <generic_save_state>:
10001860:	b086      	sub	sp, #24
10001862:	b403      	push	{r0, r1}
10001864:	fc51 0408 	dcp_pxmd r0, r1
10001868:	e9cd 0102 	strd	r0, r1, [sp, #8]
1000186c:	fc51 0409 	dcp_pymd r0, r1
10001870:	e9cd 0104 	strd	r0, r1, [sp, #16]
10001874:	ec51 040a 	dcp_refd r0, r1
10001878:	e9cd 0106 	strd	r0, r1, [sp, #24]
1000187c:	bc03      	pop	{r0, r1}
1000187e:	47f0      	blx	lr

10001880 <generic_restore_state>:
10001880:	e8bd 5000 	ldmia.w	sp!, {ip, lr}
10001884:	ec4e c400 	dcp_wxmd ip, lr
10001888:	e8bd 5000 	ldmia.w	sp!, {ip, lr}
1000188c:	ec4e c401 	dcp_wymd ip, lr
10001890:	e8bd 5000 	ldmia.w	sp!, {ip, lr}
10001894:	ec4e c402 	dcp_wefd ip, lr
10001898:	bd00      	pop	{pc}
1000189a:	0000      	movs	r0, r0
1000189c:	b500      	push	{lr}
1000189e:	f7ff ffdf 	bl	10001860 <generic_save_state>
100018a2:	e002      	b.n	100018aa <__wrap___aeabi_dadd+0x6>

100018a4 <__wrap___aeabi_dadd>:
100018a4:	fe10 f430 	dcp_pcmp APSR_nzcv
100018a8:	d4f8      	bmi.n	1000189c <generic_restore_state+0x1c>
100018aa:	ec41 0410 	dcp_wxup r0, r1
100018ae:	ec43 2411 	dcp_wyup r2, r3
100018b2:	ee00 0401 	dcp_add0
100018b6:	ee10 0401 	dcp_add1
100018ba:	ee80 0420 	dcp_nrdd
100018be:	ec51 0410 	dcp_rdda r0, r1
100018c2:	4770      	bx	lr
100018c4:	b500      	push	{lr}
100018c6:	f7ff ffcb 	bl	10001860 <generic_save_state>
100018ca:	e002      	b.n	100018d2 <__wrap___aeabi_dsub+0x6>

100018cc <__wrap___aeabi_dsub>:
100018cc:	fe10 f430 	dcp_pcmp APSR_nzcv
100018d0:	d4f8      	bmi.n	100018c4 <__wrap___aeabi_dadd+0x20>
100018d2:	ec41 0410 	dcp_wxup r0, r1
100018d6:	ec43 2411 	dcp_wyup r2, r3
100018da:	ee00 0401 	dcp_add0
100018de:	ee10 0421 	dcp_sub1
100018e2:	ee80 0420 	dcp_nrdd
100018e6:	ec51 0430 	dcp_rdds r0, r1
100018ea:	4770      	bx	lr
100018ec:	b500      	push	{lr}
100018ee:	f7ff ffb7 	bl	10001860 <generic_save_state>
100018f2:	e002      	b.n	100018fa <__wrap___aeabi_dmul+0x6>

100018f4 <__wrap___aeabi_dmul>:
100018f4:	fe10 f430 	dcp_pcmp APSR_nzcv
100018f8:	d4f8      	bmi.n	100018ec <__wrap___aeabi_dsub+0x20>
100018fa:	b510      	push	{r4, lr}
100018fc:	ec41 0410 	dcp_wxup r0, r1
10001900:	ec43 2411 	dcp_wyup r2, r3
10001904:	ec51 0404 	dcp_rxms r0, r1, #0x0
10001908:	ec53 2405 	dcp_ryms r2, r3, #0x0
1000190c:	fba0 4c02 	umull	r4, ip, r0, r2
10001910:	f05f 0e00 	movs.w	lr, #0
10001914:	fbe0 ce03 	umlal	ip, lr, r0, r3
10001918:	fbe1 ce02 	umlal	ip, lr, r1, r2
1000191c:	ec4c 4420 	dcp_wxms r4, ip
10001920:	2400      	movs	r4, #0
10001922:	fbe1 e403 	umlal	lr, r4, r1, r3
10001926:	ec44 e430 	dcp_wxmo lr, r4
1000192a:	ee80 0420 	dcp_nrdd
1000192e:	ec51 0450 	dcp_rddm r0, r1
10001932:	bd10      	pop	{r4, pc}
10001934:	b500      	push	{lr}
10001936:	f7ff ff93 	bl	10001860 <generic_save_state>
1000193a:	e002      	b.n	10001942 <__wrap___aeabi_ddiv+0x6>

1000193c <__wrap___aeabi_ddiv>:
1000193c:	fe10 f430 	dcp_pcmp APSR_nzcv
10001940:	d4f8      	bmi.n	10001934 <__wrap___aeabi_dmul+0x40>
10001942:	ec41 0410 	dcp_wxup r0, r1
10001946:	ec43 2411 	dcp_wyup r2, r3
1000194a:	ec51 0421 	dcp_rymr r0, r1
1000194e:	fba0 1201 	umull	r1, r2, r0, r1
10001952:	ea6f 0282 	mvn.w	r2, r2, lsl #2
10001956:	fb52 0010 	smmlar	r0, r2, r0, r0
1000195a:	fb52 f212 	smmulr	r2, r2, r2
1000195e:	fb52 0010 	smmlar	r0, r2, r0, r0
10001962:	eba0 7cd0 	sub.w	ip, r0, r0, lsr #31
10001966:	ec53 2404 	dcp_rxms r2, r3, #0x0
1000196a:	fb5c f113 	smmulr	r1, ip, r3
1000196e:	ec53 2415 	dcp_ryms r2, r3, #0x1
10001972:	fba1 2002 	umull	r2, r0, r1, r2
10001976:	fb01 0003 	mla	r0, r1, r3, r0
1000197a:	ec53 2444 	dcp_rxms r2, r3, #0x4
1000197e:	eba2 0000 	sub.w	r0, r2, r0
10001982:	fb50 f21c 	smmulr	r2, r0, ip
10001986:	ea4f 1311 	mov.w	r3, r1, lsr #4
1000198a:	eb12 7001 	adds.w	r0, r2, r1, lsl #28
1000198e:	eb43 71e2 	adc.w	r1, r3, r2, asr #31
10001992:	ea40 5051 	orr.w	r0, r0, r1, lsr #21
10001996:	ea20 5091 	bic.w	r0, r0, r1, lsr #22
1000199a:	f020 0007 	bic.w	r0, r0, #7
1000199e:	ec53 2475 	dcp_ryms r2, r3, #0x7
100019a2:	fba0 3c02 	umull	r3, ip, r0, r2
100019a6:	ec53 2475 	dcp_ryms r2, r3, #0x7
100019aa:	fb00 cc03 	mla	ip, r0, r3, ip
100019ae:	fb01 cc02 	mla	ip, r1, r2, ip
100019b2:	ec53 2404 	dcp_rxms r2, r3, #0x0
100019b6:	ebac 4c82 	sub.w	ip, ip, r2, lsl #18
100019ba:	ea40 705c 	orr.w	r0, r0, ip, lsr #29
100019be:	f1a0 0001 	sub.w	r0, r0, #1
100019c2:	ec41 0440 	dcp_wxdd r0, r1
100019c6:	ee80 0420 	dcp_nrdd
100019ca:	ec51 0470 	dcp_rddd r0, r1
100019ce:	4770      	bx	lr
100019d0:	b500      	push	{lr}
100019d2:	f7ff ff45 	bl	10001860 <generic_save_state>
100019d6:	e002      	b.n	100019de <__wrap___aeabi_d2f+0x6>

100019d8 <__wrap___aeabi_d2f>:
100019d8:	fe10 f430 	dcp_pcmp APSR_nzcv
100019dc:	d4f8      	bmi.n	100019d0 <__wrap___aeabi_ddiv+0x94>
100019de:	ec41 0410 	dcp_wxup r0, r1
100019e2:	ee80 0422 	dcp_nrdf
100019e6:	ee10 04b2 	dcp_rdfg r0
100019ea:	4770      	bx	lr
100019ec:	b500      	push	{lr}
100019ee:	f7ff ff37 	bl	10001860 <generic_save_state>
100019f2:	e002      	b.n	100019fa <__wrap___aeabi_i2d+0x6>

100019f4 <__wrap___aeabi_i2d>:
100019f4:	fe10 f430 	dcp_pcmp APSR_nzcv
100019f8:	d4f8      	bmi.n	100019ec <__wrap___aeabi_d2f+0x14>
100019fa:	ec40 0470 	dcp_wxic r0, r0
100019fe:	ee00 0401 	dcp_add0
10001a02:	ee10 0421 	dcp_sub1
10001a06:	ee80 0420 	dcp_nrdd
10001a0a:	ec51 0430 	dcp_rdds r0, r1
10001a0e:	4770      	bx	lr
10001a10:	b500      	push	{lr}
10001a12:	f7ff ff25 	bl	10001860 <generic_save_state>
10001a16:	e002      	b.n	10001a1e <__wrap___aeabi_ui2d+0x6>

10001a18 <__wrap___aeabi_ui2d>:
10001a18:	fe10 f430 	dcp_pcmp APSR_nzcv
10001a1c:	d4f8      	bmi.n	10001a10 <__wrap___aeabi_i2d+0x1c>
10001a1e:	ec40 0460 	dcp_wxuc r0, r0
10001a22:	ee00 0401 	dcp_add0
10001a26:	ee10 0421 	dcp_sub1
10001a2a:	ee80 0420 	dcp_nrdd
10001a2e:	ec51 0430 	dcp_rdds r0, r1
10001a32:	4770      	bx	lr
10001a34:	b500      	push	{lr}
10001a36:	f7ff ff13 	bl	10001860 <generic_save_state>
10001a3a:	e002      	b.n	10001a42 <double2int_z_entry>

10001a3c <__wrap___aeabi_d2iz>:
10001a3c:	fe10 f430 	dcp_pcmp APSR_nzcv
10001a40:	d4f8      	bmi.n	10001a34 <__wrap___aeabi_ui2d+0x1c>

10001a42 <double2int_z_entry>:
10001a42:	ec41 0480 	dcp_wxdc r0, r1
10001a46:	ee00 0401 	dcp_add0
10001a4a:	ee10 0401 	dcp_add1
10001a4e:	ee80 0440 	dcp_ntdc
10001a52:	ee10 0413 	dcp_rdic r0
10001a56:	4770      	bx	lr
10001a58:	b500      	push	{lr}
10001a5a:	f7ff ff01 	bl	10001860 <generic_save_state>
10001a5e:	e002      	b.n	10001a66 <double2uint_z_entry>

10001a60 <__wrap___aeabi_d2uiz>:
10001a60:	fe10 f430 	dcp_pcmp APSR_nzcv
10001a64:	d4f8      	bmi.n	10001a58 <double2int_z_entry+0x16>

10001a66 <double2uint_z_entry>:
10001a66:	ec41 0480 	dcp_wxdc r0, r1
10001a6a:	ee00 0401 	dcp_add0
10001a6e:	ee10 0401 	dcp_add1
10001a72:	ee80 0440 	dcp_ntdc
10001a76:	ee10 0433 	dcp_rduc r0
10001a7a:	4770      	bx	lr
10001a7c:	b500      	push	{lr}
10001a7e:	f7ff feef 	bl	10001860 <generic_save_state>
10001a82:	e002      	b.n	10001a8a <__wrap___aeabi_dcmpun+0x6>

10001a84 <__wrap___aeabi_dcmpun>:
10001a84:	fe10 f430 	dcp_pcmp APSR_nzcv
10001a88:	d4f8      	bmi.n	10001a7c <double2uint_z_entry+0x16>
10001a8a:	ec41 0410 	dcp_wxup r0, r1
10001a8e:	ec43 2411 	dcp_wyup r2, r3
10001a92:	ee00 0401 	dcp_add0
10001a96:	ee10 0430 	dcp_rcmp r0
10001a9a:	f3c0 7000 	ubfx	r0, r0, #28, #1
10001a9e:	4770      	bx	lr
10001aa0:	b500      	push	{lr}
10001aa2:	f7ff fedd 	bl	10001860 <generic_save_state>
10001aa6:	e002      	b.n	10001aae <__wrap___aeabi_dcmpeq+0x6>

10001aa8 <__wrap___aeabi_dcmpeq>:
10001aa8:	fe10 f430 	dcp_pcmp APSR_nzcv
10001aac:	d4f8      	bmi.n	10001aa0 <__wrap___aeabi_dcmpun+0x1c>
10001aae:	ec41 0410 	dcp_wxup r0, r1
10001ab2:	ec43 2411 	dcp_wyup r2, r3
10001ab6:	ee00 0401 	dcp_add0
10001aba:	ee10 0430 	dcp_rcmp r0
10001abe:	f3c0 7080 	ubfx	r0, r0, #30, #1
10001ac2:	4770      	bx	lr
10001ac4:	b500      	push	{lr}
10001ac6:	f7ff fecb 	bl	10001860 <generic_save_state>
10001aca:	e002      	b.n	10001ad2 <__wrap___aeabi_dcmplt+0x6>

10001acc <__wrap___aeabi_dcmplt>:
10001acc:	fe10 f430 	dcp_pcmp APSR_nzcv
10001ad0:	d4f8      	bmi.n	10001ac4 <__wrap___aeabi_dcmpeq+0x1c>
10001ad2:	ec43 2410 	dcp_wxup r2, r3
10001ad6:	ec41 0411 	dcp_wyup r0, r1
10001ada:	ee00 0401 	dcp_add0
10001ade:	ee10 f430 	dcp_rcmp APSR_nzcv
10001ae2:	bf8c      	ite	hi
10001ae4:	2001      	movhi	r0, #1
10001ae6:	2000      	movls	r0, #0
10001ae8:	4770      	bx	lr
10001aea:	bf00      	nop
10001aec:	b500      	push	{lr}
10001aee:	f7ff feb7 	bl	10001860 <generic_save_state>
10001af2:	e002      	b.n	10001afa <__wrap___aeabi_dcmple+0x6>

10001af4 <__wrap___aeabi_dcmple>:
10001af4:	fe10 f430 	dcp_pcmp APSR_nzcv
10001af8:	d4f8      	bmi.n	10001aec <__wrap___aeabi_dcmplt+0x20>
10001afa:	ec43 2410 	dcp_wxup r2, r3
10001afe:	ec41 0411 	dcp_wyup r0, r1
10001b02:	ee00 0401 	dcp_add0
10001b06:	ee10 f430 	dcp_rcmp APSR_nzcv
10001b0a:	bf2c      	ite	cs
10001b0c:	2001      	movcs	r0, #1
10001b0e:	2000      	movcc	r0, #0
10001b10:	4770      	bx	lr
10001b12:	bf00      	nop
10001b14:	b500      	push	{lr}
10001b16:	f7ff fea3 	bl	10001860 <generic_save_state>
10001b1a:	e002      	b.n	10001b22 <__wrap___aeabi_dcmpge+0x6>

10001b1c <__wrap___aeabi_dcmpge>:
10001b1c:	fe10 f430 	dcp_pcmp APSR_nzcv
10001b20:	d4f8      	bmi.n	10001b14 <__wrap___aeabi_dcmple+0x20>
10001b22:	ec41 0410 	dcp_wxup r0, r1
10001b26:	ec43 2411 	dcp_wyup r2, r3
10001b2a:	ee00 0401 	dcp_add0
10001b2e:	ee10 f430 	dcp_rcmp APSR_nzcv
10001b32:	bf2c      	ite	cs
10001b34:	2001      	movcs	r0, #1
10001b36:	2000      	movcc	r0, #0
10001b38:	4770      	bx	lr
10001b3a:	bf00      	nop
10001b3c:	b500      	push	{lr}
10001b3e:	f7ff fe8f 	bl	10001860 <generic_save_state>
10001b42:	e002      	b.n	10001b4a <__wrap___aeabi_dcmpgt+0x6>

10001b44 <__wrap___aeabi_dcmpgt>:
10001b44:	fe10 f430 	dcp_pcmp APSR_nzcv
10001b48:	d4f8      	bmi.n	10001b3c <__wrap___aeabi_dcmpge+0x20>
10001b4a:	ec41 0410 	dcp_wxup r0, r1
10001b4e:	ec43 2411 	dcp_wyup r2, r3
10001b52:	ee00 0401 	dcp_add0
10001b56:	ee10 f430 	dcp_rcmp APSR_nzcv
10001b5a:	bf8c      	ite	hi
10001b5c:	2001      	movhi	r0, #1
10001b5e:	2000      	movls	r0, #0
10001b60:	4770      	bx	lr
10001b62:	bf00      	nop

10001b64 <__wrap___aeabi_l2d>:
10001b64:	2200      	movs	r2, #0

10001b66 <fix642double>:
10001b66:	2900      	cmp	r1, #0
10001b68:	da50      	bge.n	10001c0c <ufix642double>
10001b6a:	4240      	negs	r0, r0
10001b6c:	eb61 0141 	sbc.w	r1, r1, r1, lsl #1
10001b70:	b1c9      	cbz	r1, 10001ba6 <fix642double+0x40>
10001b72:	fab1 f381 	clz	r3, r1
10001b76:	3b0b      	subs	r3, #11
10001b78:	d417      	bmi.n	10001baa <fix642double+0x44>
10001b7a:	f1d3 0c20 	rsbs	ip, r3, #32
10001b7e:	fa30 fc0c 	lsrs.w	ip, r0, ip
10001b82:	4098      	lsls	r0, r3
10001b84:	4099      	lsls	r1, r3
10001b86:	ea51 010c 	orrs.w	r1, r1, ip
10001b8a:	441a      	add	r2, r3
10001b8c:	4252      	negs	r2, r2
10001b8e:	f202 4232 	addw	r2, r2, #1074	@ 0x432
10001b92:	eb01 5102 	add.w	r1, r1, r2, lsl #20
10001b96:	f041 4100 	orr.w	r1, r1, #2147483648	@ 0x80000000
10001b9a:	f240 73fe 	movw	r3, #2046	@ 0x7fe
10001b9e:	429a      	cmp	r2, r3
10001ba0:	bf38      	it	cc
10001ba2:	4770      	bxcc	lr
10001ba4:	e021      	b.n	10001bea <fix642double+0x84>
10001ba6:	4611      	mov	r1, r2
10001ba8:	e07e      	b.n	10001ca8 <fix2double_neg>
10001baa:	f103 0321 	add.w	r3, r3, #33	@ 0x21
10001bae:	fa10 fc03 	lsls.w	ip, r0, r3
10001bb2:	f1a3 0301 	sub.w	r3, r3, #1
10001bb6:	fa01 fc03 	lsl.w	ip, r1, r3
10001bba:	f1c3 0320 	rsb	r3, r3, #32
10001bbe:	fa20 f003 	lsr.w	r0, r0, r3
10001bc2:	fa21 f103 	lsr.w	r1, r1, r3
10001bc6:	ea40 000c 	orr.w	r0, r0, ip
10001bca:	eba3 0202 	sub.w	r2, r3, r2
10001bce:	f202 4232 	addw	r2, r2, #1074	@ 0x432
10001bd2:	d014      	beq.n	10001bfe <fix642double+0x98>
10001bd4:	f150 0000 	adcs.w	r0, r0, #0
10001bd8:	eb41 5102 	adc.w	r1, r1, r2, lsl #20
10001bdc:	f041 4100 	orr.w	r1, r1, #2147483648	@ 0x80000000
10001be0:	f240 73fe 	movw	r3, #2046	@ 0x7fe
10001be4:	429a      	cmp	r2, r3
10001be6:	bf38      	it	cc
10001be8:	4770      	bxcc	lr
10001bea:	f04f 0100 	mov.w	r1, #0
10001bee:	bfa8      	it	ge
10001bf0:	f6c7 71f0 	movtge	r1, #32752	@ 0x7ff0
10001bf4:	f04f 0000 	mov.w	r0, #0
10001bf8:	4770      	bx	lr
10001bfa:	2100      	movs	r1, #0
10001bfc:	4770      	bx	lr
10001bfe:	d3eb      	bcc.n	10001bd8 <fix642double+0x72>
10001c00:	f150 0000 	adcs.w	r0, r0, #0
10001c04:	f020 0001 	bic.w	r0, r0, #1
10001c08:	e7e6      	b.n	10001bd8 <fix642double+0x72>

10001c0a <__wrap___aeabi_ul2d>:
10001c0a:	2200      	movs	r2, #0

10001c0c <ufix642double>:
10001c0c:	b1b9      	cbz	r1, 10001c3e <ufix642double+0x32>
10001c0e:	fab1 f381 	clz	r3, r1
10001c12:	3b0b      	subs	r3, #11
10001c14:	d416      	bmi.n	10001c44 <ufix642double+0x38>
10001c16:	f1d3 0c20 	rsbs	ip, r3, #32
10001c1a:	fa30 fc0c 	lsrs.w	ip, r0, ip
10001c1e:	4098      	lsls	r0, r3
10001c20:	4099      	lsls	r1, r3
10001c22:	ea51 010c 	orrs.w	r1, r1, ip
10001c26:	441a      	add	r2, r3
10001c28:	4252      	negs	r2, r2
10001c2a:	f202 4232 	addw	r2, r2, #1074	@ 0x432
10001c2e:	eb01 5102 	add.w	r1, r1, r2, lsl #20
10001c32:	f240 73fe 	movw	r3, #2046	@ 0x7fe
10001c36:	429a      	cmp	r2, r3
10001c38:	bf38      	it	cc
10001c3a:	4770      	bxcc	lr
10001c3c:	e020      	b.n	10001c80 <ufix642double+0x74>
10001c3e:	4611      	mov	r1, r2
10001c40:	f000 b866 	b.w	10001d10 <ufix2double>
10001c44:	f103 0321 	add.w	r3, r3, #33	@ 0x21
10001c48:	fa10 fc03 	lsls.w	ip, r0, r3
10001c4c:	f1a3 0301 	sub.w	r3, r3, #1
10001c50:	fa01 fc03 	lsl.w	ip, r1, r3
10001c54:	f1c3 0320 	rsb	r3, r3, #32
10001c58:	fa20 f003 	lsr.w	r0, r0, r3
10001c5c:	fa21 f103 	lsr.w	r1, r1, r3
10001c60:	ea40 000c 	orr.w	r0, r0, ip
10001c64:	eba3 0202 	sub.w	r2, r3, r2
10001c68:	f202 4232 	addw	r2, r2, #1074	@ 0x432
10001c6c:	d012      	beq.n	10001c94 <ufix642double+0x88>
10001c6e:	f150 0000 	adcs.w	r0, r0, #0
10001c72:	eb41 5102 	adc.w	r1, r1, r2, lsl #20
10001c76:	f240 73fe 	movw	r3, #2046	@ 0x7fe
10001c7a:	429a      	cmp	r2, r3
10001c7c:	bf38      	it	cc
10001c7e:	4770      	bxcc	lr
10001c80:	f04f 0100 	mov.w	r1, #0
10001c84:	bfa8      	it	ge
10001c86:	f6c7 71f0 	movtge	r1, #32752	@ 0x7ff0
10001c8a:	f04f 0000 	mov.w	r0, #0
10001c8e:	4770      	bx	lr
10001c90:	2100      	movs	r1, #0
10001c92:	4770      	bx	lr
10001c94:	d3ed      	bcc.n	10001c72 <ufix642double+0x66>
10001c96:	f150 0000 	adcs.w	r0, r0, #0
10001c9a:	f020 0001 	bic.w	r0, r0, #1
10001c9e:	e7e8      	b.n	10001c72 <ufix642double+0x66>

10001ca0 <fix2double>:
10001ca0:	2800      	cmp	r0, #0
10001ca2:	f280 8035 	bge.w	10001d10 <ufix2double>
10001ca6:	4240      	negs	r0, r0

10001ca8 <fix2double_neg>:
10001ca8:	fab0 f380 	clz	r3, r0
10001cac:	3b0b      	subs	r3, #11
10001cae:	d411      	bmi.n	10001cd4 <fix2double_neg+0x2c>
10001cb0:	4098      	lsls	r0, r3
10001cb2:	eb01 0203 	add.w	r2, r1, r3
10001cb6:	4252      	negs	r2, r2
10001cb8:	f202 4212 	addw	r2, r2, #1042	@ 0x412
10001cbc:	eb00 5102 	add.w	r1, r0, r2, lsl #20
10001cc0:	f041 4100 	orr.w	r1, r1, #2147483648	@ 0x80000000
10001cc4:	f04f 0000 	mov.w	r0, #0
10001cc8:	f240 73fe 	movw	r3, #2046	@ 0x7fe
10001ccc:	429a      	cmp	r2, r3
10001cce:	bf38      	it	cc
10001cd0:	4770      	bxcc	lr
10001cd2:	e013      	b.n	10001cfc <fix2double_neg+0x54>
10001cd4:	f1c3 0300 	rsb	r3, r3, #0
10001cd8:	fa30 fc03 	lsrs.w	ip, r0, r3
10001cdc:	f1c3 0220 	rsb	r2, r3, #32
10001ce0:	4090      	lsls	r0, r2
10001ce2:	eba3 0201 	sub.w	r2, r3, r1
10001ce6:	f202 4212 	addw	r2, r2, #1042	@ 0x412
10001cea:	eb0c 5102 	add.w	r1, ip, r2, lsl #20
10001cee:	f041 4100 	orr.w	r1, r1, #2147483648	@ 0x80000000
10001cf2:	f240 73fe 	movw	r3, #2046	@ 0x7fe
10001cf6:	429a      	cmp	r2, r3
10001cf8:	bf38      	it	cc
10001cfa:	4770      	bxcc	lr
10001cfc:	f04f 4100 	mov.w	r1, #2147483648	@ 0x80000000
10001d00:	bfa8      	it	ge
10001d02:	f6cf 71f0 	movtge	r1, #65520	@ 0xfff0
10001d06:	f04f 0000 	mov.w	r0, #0
10001d0a:	4770      	bx	lr
10001d0c:	2100      	movs	r1, #0
10001d0e:	4770      	bx	lr

10001d10 <ufix2double>:
10001d10:	b360      	cbz	r0, 10001d6c <ufix2double+0x5c>
10001d12:	fab0 f380 	clz	r3, r0
10001d16:	3b0b      	subs	r3, #11
10001d18:	d40f      	bmi.n	10001d3a <ufix2double+0x2a>
10001d1a:	4098      	lsls	r0, r3
10001d1c:	eb01 0203 	add.w	r2, r1, r3
10001d20:	4252      	negs	r2, r2
10001d22:	f202 4212 	addw	r2, r2, #1042	@ 0x412
10001d26:	eb00 5102 	add.w	r1, r0, r2, lsl #20
10001d2a:	f04f 0000 	mov.w	r0, #0
10001d2e:	f240 73fe 	movw	r3, #2046	@ 0x7fe
10001d32:	429a      	cmp	r2, r3
10001d34:	bf38      	it	cc
10001d36:	4770      	bxcc	lr
10001d38:	e010      	b.n	10001d5c <ufix2double+0x4c>
10001d3a:	425b      	negs	r3, r3
10001d3c:	fa30 fc03 	lsrs.w	ip, r0, r3
10001d40:	f1c3 0220 	rsb	r2, r3, #32
10001d44:	4090      	lsls	r0, r2
10001d46:	eba3 0201 	sub.w	r2, r3, r1
10001d4a:	f202 4212 	addw	r2, r2, #1042	@ 0x412
10001d4e:	eb0c 5102 	add.w	r1, ip, r2, lsl #20
10001d52:	f240 73fe 	movw	r3, #2046	@ 0x7fe
10001d56:	429a      	cmp	r2, r3
10001d58:	bf38      	it	cc
10001d5a:	4770      	bxcc	lr
10001d5c:	f04f 0100 	mov.w	r1, #0
10001d60:	bfa8      	it	ge
10001d62:	f6c7 71f0 	movtge	r1, #32752	@ 0x7ff0
10001d66:	f04f 0000 	mov.w	r0, #0
10001d6a:	4770      	bx	lr
10001d6c:	2100      	movs	r1, #0
10001d6e:	4770      	bx	lr

10001d70 <__wrap___aeabi_d2lz>:
10001d70:	2200      	movs	r2, #0

10001d72 <double2fix64_z>:
10001d72:	f2a2 4232 	subw	r2, r2, #1074	@ 0x432
10001d76:	ea5f 5c21 	movs.w	ip, r1, asr #20
10001d7a:	f1ac 0301 	sub.w	r3, ip, #1
10001d7e:	eba1 5103 	sub.w	r1, r1, r3, lsl #20
10001d82:	055b      	lsls	r3, r3, #21
10001d84:	f513 0f80 	cmn.w	r3, #4194304	@ 0x400000
10001d88:	d232      	bcs.n	10001df0 <double2fix64_z+0x7e>
10001d8a:	eb12 5253 	adds.w	r2, r2, r3, lsr #21
10001d8e:	d410      	bmi.n	10001db2 <double2fix64_z+0x40>
10001d90:	2a0b      	cmp	r2, #11
10001d92:	da36      	bge.n	10001e02 <double2fix64_z+0x90>
10001d94:	4091      	lsls	r1, r2
10001d96:	f1d2 0320 	rsbs	r3, r2, #32
10001d9a:	fa30 f303 	lsrs.w	r3, r0, r3
10001d9e:	4319      	orrs	r1, r3
10001da0:	4090      	lsls	r0, r2
10001da2:	f1bc 0f00 	cmp.w	ip, #0
10001da6:	bfa8      	it	ge
10001da8:	4770      	bxge	lr
10001daa:	4240      	negs	r0, r0
10001dac:	eb61 0141 	sbc.w	r1, r1, r1, lsl #1
10001db0:	4770      	bx	lr
10001db2:	3220      	adds	r2, #32
10001db4:	dd0e      	ble.n	10001dd4 <double2fix64_z+0x62>
10001db6:	fa01 f302 	lsl.w	r3, r1, r2
10001dba:	f1d2 0220 	rsbs	r2, r2, #32
10001dbe:	40d1      	lsrs	r1, r2
10001dc0:	40d0      	lsrs	r0, r2
10001dc2:	4318      	orrs	r0, r3
10001dc4:	f1bc 0f00 	cmp.w	ip, #0
10001dc8:	bfa8      	it	ge
10001dca:	4770      	bxge	lr
10001dcc:	4240      	negs	r0, r0
10001dce:	eb61 0141 	sbc.w	r1, r1, r1, lsl #1
10001dd2:	4770      	bx	lr
10001dd4:	4252      	negs	r2, r2
10001dd6:	f382 0205 	usat	r2, #5, r2
10001dda:	fa31 f002 	lsrs.w	r0, r1, r2
10001dde:	2100      	movs	r1, #0
10001de0:	f1bc 0f00 	cmp.w	ip, #0
10001de4:	bfa8      	it	ge
10001de6:	4770      	bxge	lr
10001de8:	4240      	negs	r0, r0
10001dea:	eb61 0141 	sbc.w	r1, r1, r1, lsl #1
10001dee:	4770      	bx	lr
10001df0:	d002      	beq.n	10001df8 <double2fix64_z+0x86>
10001df2:	2000      	movs	r0, #0
10001df4:	2100      	movs	r1, #0
10001df6:	4770      	bx	lr
10001df8:	ea50 3101 	orrs.w	r1, r0, r1, lsl #12
10001dfc:	bf18      	it	ne
10001dfe:	f04f 0c00 	movne.w	ip, #0
10001e02:	f06f 4100 	mvn.w	r1, #2147483648	@ 0x80000000
10001e06:	eb01 71dc 	add.w	r1, r1, ip, lsr #31
10001e0a:	ea6f 70ec 	mvn.w	r0, ip, asr #31
10001e0e:	4770      	bx	lr

10001e10 <__wrap_malloc>:
10001e10:	b510      	push	{r4, lr}
10001e12:	4604      	mov	r4, r0
10001e14:	f001 fd06 	bl	10003824 <malloc>
10001e18:	b128      	cbz	r0, 10001e26 <__wrap_malloc+0x16>
10001e1a:	4603      	mov	r3, r0
10001e1c:	4a03      	ldr	r2, [pc, #12]	@ (10001e2c <__wrap_malloc+0x1c>)
10001e1e:	4423      	add	r3, r4
10001e20:	4293      	cmp	r3, r2
10001e22:	d800      	bhi.n	10001e26 <__wrap_malloc+0x16>
10001e24:	bd10      	pop	{r4, pc}
10001e26:	4802      	ldr	r0, [pc, #8]	@ (10001e30 <__wrap_malloc+0x20>)
10001e28:	f7fe fdb2 	bl	10000990 <panic>
10001e2c:	20080000 	.word	0x20080000
10001e30:	10009224 	.word	0x10009224

10001e34 <__wrap_realloc>:
10001e34:	b510      	push	{r4, lr}
10001e36:	460c      	mov	r4, r1
10001e38:	f001 ffba 	bl	10003db0 <realloc>
10001e3c:	b128      	cbz	r0, 10001e4a <__wrap_realloc+0x16>
10001e3e:	4603      	mov	r3, r0
10001e40:	4a03      	ldr	r2, [pc, #12]	@ (10001e50 <__wrap_realloc+0x1c>)
10001e42:	4423      	add	r3, r4
10001e44:	4293      	cmp	r3, r2
10001e46:	d800      	bhi.n	10001e4a <__wrap_realloc+0x16>
10001e48:	bd10      	pop	{r4, pc}
10001e4a:	4802      	ldr	r0, [pc, #8]	@ (10001e54 <__wrap_realloc+0x20>)
10001e4c:	f7fe fda0 	bl	10000990 <panic>
10001e50:	20080000 	.word	0x20080000
10001e54:	10009224 	.word	0x10009224

10001e58 <__wrap_free>:
10001e58:	f001 bcec 	b.w	10003834 <free>

10001e5c <_out_buffer>:
10001e5c:	429a      	cmp	r2, r3
10001e5e:	bf38      	it	cc
10001e60:	5488      	strbcc	r0, [r1, r2]
10001e62:	4770      	bx	lr

10001e64 <_out_null>:
10001e64:	4770      	bx	lr
10001e66:	bf00      	nop

10001e68 <_out_rev>:
10001e68:	e92d 4ff0 	stmdb	sp!, {r4, r5, r6, r7, r8, r9, sl, fp, lr}
10001e6c:	b083      	sub	sp, #12
10001e6e:	4699      	mov	r9, r3
10001e70:	e9dd ab0d 	ldrd	sl, fp, [sp, #52]	@ 0x34
10001e74:	9b0f      	ldr	r3, [sp, #60]	@ 0x3c
10001e76:	4688      	mov	r8, r1
10001e78:	4611      	mov	r1, r2
10001e7a:	079a      	lsls	r2, r3, #30
10001e7c:	4607      	mov	r7, r0
10001e7e:	d116      	bne.n	10001eae <_out_rev+0x46>
10001e80:	45da      	cmp	sl, fp
10001e82:	d23a      	bcs.n	10001efa <_out_rev+0x92>
10001e84:	460c      	mov	r4, r1
10001e86:	460d      	mov	r5, r1
10001e88:	ebab 060a 	sub.w	r6, fp, sl
10001e8c:	440e      	add	r6, r1
10001e8e:	4622      	mov	r2, r4
10001e90:	464b      	mov	r3, r9
10001e92:	4641      	mov	r1, r8
10001e94:	2020      	movs	r0, #32
10001e96:	3401      	adds	r4, #1
10001e98:	47b8      	blx	r7
10001e9a:	42b4      	cmp	r4, r6
10001e9c:	d1f7      	bne.n	10001e8e <_out_rev+0x26>
10001e9e:	4629      	mov	r1, r5
10001ea0:	f1ba 0f00 	cmp.w	sl, #0
10001ea4:	d108      	bne.n	10001eb8 <_out_rev+0x50>
10001ea6:	4620      	mov	r0, r4
10001ea8:	b003      	add	sp, #12
10001eaa:	e8bd 8ff0 	ldmia.w	sp!, {r4, r5, r6, r7, r8, r9, sl, fp, pc}
10001eae:	460c      	mov	r4, r1
10001eb0:	f1ba 0f00 	cmp.w	sl, #0
10001eb4:	d010      	beq.n	10001ed8 <_out_rev+0x70>
10001eb6:	460e      	mov	r6, r1
10001eb8:	4655      	mov	r5, sl
10001eba:	9b0c      	ldr	r3, [sp, #48]	@ 0x30
10001ebc:	442e      	add	r6, r5
10001ebe:	449a      	add	sl, r3
10001ec0:	9101      	str	r1, [sp, #4]
10001ec2:	1b72      	subs	r2, r6, r5
10001ec4:	464b      	mov	r3, r9
10001ec6:	3d01      	subs	r5, #1
10001ec8:	4641      	mov	r1, r8
10001eca:	f81a 0d01 	ldrb.w	r0, [sl, #-1]!
10001ece:	4634      	mov	r4, r6
10001ed0:	47b8      	blx	r7
10001ed2:	2d00      	cmp	r5, #0
10001ed4:	d1f5      	bne.n	10001ec2 <_out_rev+0x5a>
10001ed6:	9901      	ldr	r1, [sp, #4]
10001ed8:	9b0f      	ldr	r3, [sp, #60]	@ 0x3c
10001eda:	079b      	lsls	r3, r3, #30
10001edc:	d5e3      	bpl.n	10001ea6 <_out_rev+0x3e>
10001ede:	1a65      	subs	r5, r4, r1
10001ee0:	45ab      	cmp	fp, r5
10001ee2:	d9e0      	bls.n	10001ea6 <_out_rev+0x3e>
10001ee4:	4622      	mov	r2, r4
10001ee6:	464b      	mov	r3, r9
10001ee8:	4641      	mov	r1, r8
10001eea:	2020      	movs	r0, #32
10001eec:	3501      	adds	r5, #1
10001eee:	47b8      	blx	r7
10001ef0:	455d      	cmp	r5, fp
10001ef2:	f104 0401 	add.w	r4, r4, #1
10001ef6:	d3f5      	bcc.n	10001ee4 <_out_rev+0x7c>
10001ef8:	e7d5      	b.n	10001ea6 <_out_rev+0x3e>
10001efa:	f1ba 0f00 	cmp.w	sl, #0
10001efe:	d1da      	bne.n	10001eb6 <_out_rev+0x4e>
10001f00:	460c      	mov	r4, r1
10001f02:	e7d0      	b.n	10001ea6 <_out_rev+0x3e>

10001f04 <_ntoa_format>:
10001f04:	e92d 4ff0 	stmdb	sp!, {r4, r5, r6, r7, r8, r9, sl, fp, lr}
10001f08:	9f0f      	ldr	r7, [sp, #60]	@ 0x3c
10001f0a:	f8dd e024 	ldr.w	lr, [sp, #36]	@ 0x24
10001f0e:	f017 0f02 	tst.w	r7, #2
10001f12:	9c0a      	ldr	r4, [sp, #40]	@ 0x28
10001f14:	f89d 902c 	ldrb.w	r9, [sp, #44]	@ 0x2c
10001f18:	9d0e      	ldr	r5, [sp, #56]	@ 0x38
10001f1a:	e9dd 860c 	ldrd	r8, r6, [sp, #48]	@ 0x30
10001f1e:	d129      	bne.n	10001f74 <_ntoa_format+0x70>
10001f20:	2d00      	cmp	r5, #0
10001f22:	d16f      	bne.n	10002004 <_ntoa_format+0x100>
10001f24:	42b4      	cmp	r4, r6
10001f26:	d225      	bcs.n	10001f74 <_ntoa_format+0x70>
10001f28:	2c20      	cmp	r4, #32
10001f2a:	f007 0b01 	and.w	fp, r7, #1
10001f2e:	f000 8112 	beq.w	10002156 <_ntoa_format+0x252>
10001f32:	f104 3cff 	add.w	ip, r4, #4294967295	@ 0xffffffff
10001f36:	f04f 0a30 	mov.w	sl, #48	@ 0x30
10001f3a:	44f4      	add	ip, lr
10001f3c:	e001      	b.n	10001f42 <_ntoa_format+0x3e>
10001f3e:	2c20      	cmp	r4, #32
10001f40:	d07a      	beq.n	10002038 <_ntoa_format+0x134>
10001f42:	3401      	adds	r4, #1
10001f44:	42a6      	cmp	r6, r4
10001f46:	f80c af01 	strb.w	sl, [ip, #1]!
10001f4a:	d8f8      	bhi.n	10001f3e <_ntoa_format+0x3a>
10001f4c:	f1bb 0f00 	cmp.w	fp, #0
10001f50:	d010      	beq.n	10001f74 <_ntoa_format+0x70>
10001f52:	42ac      	cmp	r4, r5
10001f54:	d20e      	bcs.n	10001f74 <_ntoa_format+0x70>
10001f56:	2c20      	cmp	r4, #32
10001f58:	d074      	beq.n	10002044 <_ntoa_format+0x140>
10001f5a:	f104 3cff 	add.w	ip, r4, #4294967295	@ 0xffffffff
10001f5e:	f04f 0a30 	mov.w	sl, #48	@ 0x30
10001f62:	44f4      	add	ip, lr
10001f64:	e001      	b.n	10001f6a <_ntoa_format+0x66>
10001f66:	2c20      	cmp	r4, #32
10001f68:	d029      	beq.n	10001fbe <_ntoa_format+0xba>
10001f6a:	3401      	adds	r4, #1
10001f6c:	42ac      	cmp	r4, r5
10001f6e:	f80c af01 	strb.w	sl, [ip, #1]!
10001f72:	d1f8      	bne.n	10001f66 <_ntoa_format+0x62>
10001f74:	f017 0f10 	tst.w	r7, #16
10001f78:	d03a      	beq.n	10001ff0 <_ntoa_format+0xec>
10001f7a:	f417 6f80 	tst.w	r7, #1024	@ 0x400
10001f7e:	d128      	bne.n	10001fd2 <_ntoa_format+0xce>
10001f80:	bb1c      	cbnz	r4, 10001fca <_ntoa_format+0xc6>
10001f82:	f1b8 0f10 	cmp.w	r8, #16
10001f86:	f000 80ca 	beq.w	1000211e <_ntoa_format+0x21a>
10001f8a:	f1b8 0f02 	cmp.w	r8, #2
10001f8e:	f000 80d4 	beq.w	1000213a <_ntoa_format+0x236>
10001f92:	2430      	movs	r4, #48	@ 0x30
10001f94:	f88e 4000 	strb.w	r4, [lr]
10001f98:	2401      	movs	r4, #1
10001f9a:	f1b9 0f00 	cmp.w	r9, #0
10001f9e:	d167      	bne.n	10002070 <_ntoa_format+0x16c>
10001fa0:	077e      	lsls	r6, r7, #29
10001fa2:	f140 80aa 	bpl.w	100020fa <_ntoa_format+0x1f6>
10001fa6:	262b      	movs	r6, #43	@ 0x2b
10001fa8:	f80e 6004 	strb.w	r6, [lr, r4]
10001fac:	3401      	adds	r4, #1
10001fae:	e9cd 570b 	strd	r5, r7, [sp, #44]	@ 0x2c
10001fb2:	e9cd e409 	strd	lr, r4, [sp, #36]	@ 0x24
10001fb6:	e8bd 4ff0 	ldmia.w	sp!, {r4, r5, r6, r7, r8, r9, sl, fp, lr}
10001fba:	f7ff bf55 	b.w	10001e68 <_out_rev>
10001fbe:	06fc      	lsls	r4, r7, #27
10001fc0:	f140 8089 	bpl.w	100020d6 <_ntoa_format+0x1d2>
10001fc4:	057c      	lsls	r4, r7, #21
10001fc6:	d435      	bmi.n	10002034 <_ntoa_format+0x130>
10001fc8:	2420      	movs	r4, #32
10001fca:	42a6      	cmp	r6, r4
10001fcc:	d06a      	beq.n	100020a4 <_ntoa_format+0x1a0>
10001fce:	42ac      	cmp	r4, r5
10001fd0:	d068      	beq.n	100020a4 <_ntoa_format+0x1a0>
10001fd2:	f1b8 0f10 	cmp.w	r8, #16
10001fd6:	f000 8087 	beq.w	100020e8 <_ntoa_format+0x1e4>
10001fda:	f1b8 0f02 	cmp.w	r8, #2
10001fde:	d05a      	beq.n	10002096 <_ntoa_format+0x192>
10001fe0:	2c20      	cmp	r4, #32
10001fe2:	d0e4      	beq.n	10001fae <_ntoa_format+0xaa>
10001fe4:	4626      	mov	r6, r4
10001fe6:	3401      	adds	r4, #1
10001fe8:	f04f 0c30 	mov.w	ip, #48	@ 0x30
10001fec:	f80e c006 	strb.w	ip, [lr, r6]
10001ff0:	2c20      	cmp	r4, #32
10001ff2:	d1d2      	bne.n	10001f9a <_ntoa_format+0x96>
10001ff4:	e9cd 570b 	strd	r5, r7, [sp, #44]	@ 0x2c
10001ff8:	e9cd e409 	strd	lr, r4, [sp, #36]	@ 0x24
10001ffc:	e8bd 4ff0 	ldmia.w	sp!, {r4, r5, r6, r7, r8, r9, sl, fp, lr}
10002000:	f7ff bf32 	b.w	10001e68 <_out_rev>
10002004:	f017 0b01 	ands.w	fp, r7, #1
10002008:	d03e      	beq.n	10002088 <_ntoa_format+0x184>
1000200a:	f1b9 0f00 	cmp.w	r9, #0
1000200e:	d147      	bne.n	100020a0 <_ntoa_format+0x19c>
10002010:	f017 0f0c 	tst.w	r7, #12
10002014:	d144      	bne.n	100020a0 <_ntoa_format+0x19c>
10002016:	42b4      	cmp	r4, r6
10002018:	d29b      	bcs.n	10001f52 <_ntoa_format+0x4e>
1000201a:	2c20      	cmp	r4, #32
1000201c:	d189      	bne.n	10001f32 <_ntoa_format+0x2e>
1000201e:	2d20      	cmp	r5, #32
10002020:	d810      	bhi.n	10002044 <_ntoa_format+0x140>
10002022:	06fc      	lsls	r4, r7, #27
10002024:	d557      	bpl.n	100020d6 <_ntoa_format+0x1d2>
10002026:	057c      	lsls	r4, r7, #21
10002028:	d455      	bmi.n	100020d6 <_ntoa_format+0x1d2>
1000202a:	2e20      	cmp	r6, #32
1000202c:	f000 80b9 	beq.w	100021a2 <_ntoa_format+0x29e>
10002030:	2d20      	cmp	r5, #32
10002032:	d010      	beq.n	10002056 <_ntoa_format+0x152>
10002034:	2420      	movs	r4, #32
10002036:	e7cc      	b.n	10001fd2 <_ntoa_format+0xce>
10002038:	f1bb 0f00 	cmp.w	fp, #0
1000203c:	f000 80a5 	beq.w	1000218a <_ntoa_format+0x286>
10002040:	2d20      	cmp	r5, #32
10002042:	d9bc      	bls.n	10001fbe <_ntoa_format+0xba>
10002044:	06fc      	lsls	r4, r7, #27
10002046:	d546      	bpl.n	100020d6 <_ntoa_format+0x1d2>
10002048:	057c      	lsls	r4, r7, #21
1000204a:	d444      	bmi.n	100020d6 <_ntoa_format+0x1d2>
1000204c:	2e20      	cmp	r6, #32
1000204e:	f000 80a8 	beq.w	100021a2 <_ntoa_format+0x29e>
10002052:	2d20      	cmp	r5, #32
10002054:	d13f      	bne.n	100020d6 <_ntoa_format+0x1d2>
10002056:	462c      	mov	r4, r5
10002058:	261f      	movs	r6, #31
1000205a:	f1b8 0f10 	cmp.w	r8, #16
1000205e:	d07f      	beq.n	10002160 <_ntoa_format+0x25c>
10002060:	f1b8 0f02 	cmp.w	r8, #2
10002064:	d1c0      	bne.n	10001fe8 <_ntoa_format+0xe4>
10002066:	f04f 0c62 	mov.w	ip, #98	@ 0x62
1000206a:	f80e c006 	strb.w	ip, [lr, r6]
1000206e:	e7b7      	b.n	10001fe0 <_ntoa_format+0xdc>
10002070:	262d      	movs	r6, #45	@ 0x2d
10002072:	f80e 6004 	strb.w	r6, [lr, r4]
10002076:	3401      	adds	r4, #1
10002078:	e9cd 570b 	strd	r5, r7, [sp, #44]	@ 0x2c
1000207c:	e9cd e409 	strd	lr, r4, [sp, #36]	@ 0x24
10002080:	e8bd 4ff0 	ldmia.w	sp!, {r4, r5, r6, r7, r8, r9, sl, fp, lr}
10002084:	f7ff bef0 	b.w	10001e68 <_out_rev>
10002088:	42b4      	cmp	r4, r6
1000208a:	f4bf af73 	bcs.w	10001f74 <_ntoa_format+0x70>
1000208e:	2c20      	cmp	r4, #32
10002090:	f47f af4f 	bne.w	10001f32 <_ntoa_format+0x2e>
10002094:	e7d6      	b.n	10002044 <_ntoa_format+0x140>
10002096:	2c20      	cmp	r4, #32
10002098:	d089      	beq.n	10001fae <_ntoa_format+0xaa>
1000209a:	4626      	mov	r6, r4
1000209c:	3401      	adds	r4, #1
1000209e:	e7e2      	b.n	10002066 <_ntoa_format+0x162>
100020a0:	3d01      	subs	r5, #1
100020a2:	e7b8      	b.n	10002016 <_ntoa_format+0x112>
100020a4:	1e66      	subs	r6, r4, #1
100020a6:	d1d8      	bne.n	1000205a <_ntoa_format+0x156>
100020a8:	f1b8 0f10 	cmp.w	r8, #16
100020ac:	d064      	beq.n	10002178 <_ntoa_format+0x274>
100020ae:	f1b8 0f02 	cmp.w	r8, #2
100020b2:	f47f af6e 	bne.w	10001f92 <_ntoa_format+0x8e>
100020b6:	2662      	movs	r6, #98	@ 0x62
100020b8:	f88e 6000 	strb.w	r6, [lr]
100020bc:	2630      	movs	r6, #48	@ 0x30
100020be:	4644      	mov	r4, r8
100020c0:	f88e 6001 	strb.w	r6, [lr, #1]
100020c4:	f1b9 0f00 	cmp.w	r9, #0
100020c8:	f43f af6a 	beq.w	10001fa0 <_ntoa_format+0x9c>
100020cc:	e7d0      	b.n	10002070 <_ntoa_format+0x16c>
100020ce:	f1b8 0f10 	cmp.w	r8, #16
100020d2:	f47f af6c 	bne.w	10001fae <_ntoa_format+0xaa>
100020d6:	2420      	movs	r4, #32
100020d8:	e9cd 570b 	strd	r5, r7, [sp, #44]	@ 0x2c
100020dc:	e9cd e409 	strd	lr, r4, [sp, #36]	@ 0x24
100020e0:	e8bd 4ff0 	ldmia.w	sp!, {r4, r5, r6, r7, r8, r9, sl, fp, lr}
100020e4:	f7ff bec0 	b.w	10001e68 <_out_rev>
100020e8:	06be      	lsls	r6, r7, #26
100020ea:	d40e      	bmi.n	1000210a <_ntoa_format+0x206>
100020ec:	2c20      	cmp	r4, #32
100020ee:	d0f2      	beq.n	100020d6 <_ntoa_format+0x1d2>
100020f0:	2678      	movs	r6, #120	@ 0x78
100020f2:	f80e 6004 	strb.w	r6, [lr, r4]
100020f6:	3401      	adds	r4, #1
100020f8:	e772      	b.n	10001fe0 <_ntoa_format+0xdc>
100020fa:	073e      	lsls	r6, r7, #28
100020fc:	f57f af57 	bpl.w	10001fae <_ntoa_format+0xaa>
10002100:	2620      	movs	r6, #32
10002102:	f80e 6004 	strb.w	r6, [lr, r4]
10002106:	3401      	adds	r4, #1
10002108:	e751      	b.n	10001fae <_ntoa_format+0xaa>
1000210a:	2c20      	cmp	r4, #32
1000210c:	d0e3      	beq.n	100020d6 <_ntoa_format+0x1d2>
1000210e:	f04f 0c58 	mov.w	ip, #88	@ 0x58
10002112:	eb0e 0604 	add.w	r6, lr, r4
10002116:	f886 c000 	strb.w	ip, [r6]
1000211a:	3401      	adds	r4, #1
1000211c:	e760      	b.n	10001fe0 <_ntoa_format+0xdc>
1000211e:	06be      	lsls	r6, r7, #26
10002120:	d517      	bpl.n	10002152 <_ntoa_format+0x24e>
10002122:	2458      	movs	r4, #88	@ 0x58
10002124:	f88e 4000 	strb.w	r4, [lr]
10002128:	2430      	movs	r4, #48	@ 0x30
1000212a:	f88e 4001 	strb.w	r4, [lr, #1]
1000212e:	2402      	movs	r4, #2
10002130:	f1b9 0f00 	cmp.w	r9, #0
10002134:	f43f af34 	beq.w	10001fa0 <_ntoa_format+0x9c>
10002138:	e79a      	b.n	10002070 <_ntoa_format+0x16c>
1000213a:	2462      	movs	r4, #98	@ 0x62
1000213c:	f88e 4000 	strb.w	r4, [lr]
10002140:	2430      	movs	r4, #48	@ 0x30
10002142:	f88e 4001 	strb.w	r4, [lr, #1]
10002146:	2402      	movs	r4, #2
10002148:	f1b9 0f00 	cmp.w	r9, #0
1000214c:	f43f af28 	beq.w	10001fa0 <_ntoa_format+0x9c>
10002150:	e78e      	b.n	10002070 <_ntoa_format+0x16c>
10002152:	2478      	movs	r4, #120	@ 0x78
10002154:	e7f2      	b.n	1000213c <_ntoa_format+0x238>
10002156:	f1bb 0f00 	cmp.w	fp, #0
1000215a:	f47f af62 	bne.w	10002022 <_ntoa_format+0x11e>
1000215e:	e771      	b.n	10002044 <_ntoa_format+0x140>
10002160:	f017 0f20 	tst.w	r7, #32
10002164:	bf0c      	ite	eq
10002166:	f04f 0c78 	moveq.w	ip, #120	@ 0x78
1000216a:	f04f 0c58 	movne.w	ip, #88	@ 0x58
1000216e:	1ea6      	subs	r6, r4, #2
10002170:	f80e c006 	strb.w	ip, [lr, r6]
10002174:	3c01      	subs	r4, #1
10002176:	e735      	b.n	10001fe4 <_ntoa_format+0xe0>
10002178:	06bc      	lsls	r4, r7, #26
1000217a:	d5ea      	bpl.n	10002152 <_ntoa_format+0x24e>
1000217c:	2458      	movs	r4, #88	@ 0x58
1000217e:	f88e 4000 	strb.w	r4, [lr]
10002182:	2430      	movs	r4, #48	@ 0x30
10002184:	f88e 4001 	strb.w	r4, [lr, #1]
10002188:	e7dd      	b.n	10002146 <_ntoa_format+0x242>
1000218a:	f017 0f10 	tst.w	r7, #16
1000218e:	f43f af0e 	beq.w	10001fae <_ntoa_format+0xaa>
10002192:	f417 6f80 	tst.w	r7, #1024	@ 0x400
10002196:	d19a      	bne.n	100020ce <_ntoa_format+0x1ca>
10002198:	2e20      	cmp	r6, #32
1000219a:	f47f af18 	bne.w	10001fce <_ntoa_format+0xca>
1000219e:	261f      	movs	r6, #31
100021a0:	e75b      	b.n	1000205a <_ntoa_format+0x156>
100021a2:	4634      	mov	r4, r6
100021a4:	261f      	movs	r6, #31
100021a6:	e758      	b.n	1000205a <_ntoa_format+0x156>

100021a8 <_out_char>:
100021a8:	b900      	cbnz	r0, 100021ac <_out_char+0x4>
100021aa:	4770      	bx	lr
100021ac:	f001 baa2 	b.w	100036f4 <__wrap_putchar>

100021b0 <_etoa>:
100021b0:	e92d 4ff0 	stmdb	sp!, {r4, r5, r6, r7, r8, r9, sl, fp, lr}
100021b4:	b09f      	sub	sp, #124	@ 0x7c
100021b6:	ed9d 7b28 	vldr	d7, [sp, #160]	@ 0xa0
100021ba:	e9dd a52a 	ldrd	sl, r5, [sp, #168]	@ 0xa8
100021be:	ec58 7b17 	vmov	r7, r8, d7
100021c2:	4683      	mov	fp, r0
100021c4:	461e      	mov	r6, r3
100021c6:	910d      	str	r1, [sp, #52]	@ 0x34
100021c8:	9210      	str	r2, [sp, #64]	@ 0x40
100021ca:	4643      	mov	r3, r8
100021cc:	463a      	mov	r2, r7
100021ce:	4638      	mov	r0, r7
100021d0:	4641      	mov	r1, r8
100021d2:	ed8d 7b08 	vstr	d7, [sp, #32]
100021d6:	9c2c      	ldr	r4, [sp, #176]	@ 0xb0
100021d8:	f7ff fc54 	bl	10001a84 <__wrap___aeabi_dcmpun>
100021dc:	2800      	cmp	r0, #0
100021de:	f040 80d8 	bne.w	10002392 <_etoa+0x1e2>
100021e2:	4638      	mov	r0, r7
100021e4:	4641      	mov	r1, r8
100021e6:	f04f 32ff 	mov.w	r2, #4294967295	@ 0xffffffff
100021ea:	4b75      	ldr	r3, [pc, #468]	@ (100023c0 <_etoa+0x210>)
100021ec:	f7ff fcaa 	bl	10001b44 <__wrap___aeabi_dcmpgt>
100021f0:	2800      	cmp	r0, #0
100021f2:	f040 80ce 	bne.w	10002392 <_etoa+0x1e2>
100021f6:	4638      	mov	r0, r7
100021f8:	4641      	mov	r1, r8
100021fa:	f04f 32ff 	mov.w	r2, #4294967295	@ 0xffffffff
100021fe:	f46f 1380 	mvn.w	r3, #1048576	@ 0x100000
10002202:	f7ff fc63 	bl	10001acc <__wrap___aeabi_dcmplt>
10002206:	2800      	cmp	r0, #0
10002208:	f040 80c3 	bne.w	10002392 <_etoa+0x1e2>
1000220c:	e9dd 7808 	ldrd	r7, r8, [sp, #32]
10002210:	2200      	movs	r2, #0
10002212:	4638      	mov	r0, r7
10002214:	4641      	mov	r1, r8
10002216:	2300      	movs	r3, #0
10002218:	f7ff fc58 	bl	10001acc <__wrap___aeabi_dcmplt>
1000221c:	2800      	cmp	r0, #0
1000221e:	f040 81c0 	bne.w	100025a2 <_etoa+0x3f2>
10002222:	e9cd 780a 	strd	r7, r8, [sp, #40]	@ 0x28
10002226:	e9dd 230a 	ldrd	r2, r3, [sp, #40]	@ 0x28
1000222a:	4690      	mov	r8, r2
1000222c:	461f      	mov	r7, r3
1000222e:	f414 6380 	ands.w	r3, r4, #1024	@ 0x400
10002232:	bf08      	it	eq
10002234:	f04f 0a06 	moveq.w	sl, #6
10002238:	9313      	str	r3, [sp, #76]	@ 0x4c
1000223a:	f404 6200 	and.w	r2, r4, #2048	@ 0x800
1000223e:	ea58 0307 	orrs.w	r3, r8, r7
10002242:	9211      	str	r2, [sp, #68]	@ 0x44
10002244:	f040 80c0 	bne.w	100023c8 <_etoa+0x218>
10002248:	2a00      	cmp	r2, #0
1000224a:	f000 81a2 	beq.w	10002592 <_etoa+0x3e2>
1000224e:	ed9f 7b5a 	vldr	d7, [pc, #360]	@ 100023b8 <_etoa+0x208>
10002252:	2700      	movs	r7, #0
10002254:	ed8d 7b0e 	vstr	d7, [sp, #56]	@ 0x38
10002258:	f04f 0900 	mov.w	r9, #0
1000225c:	45ba      	cmp	sl, r7
1000225e:	bfcc      	ite	gt
10002260:	ebaa 0a07 	subgt.w	sl, sl, r7
10002264:	f04f 0a00 	movle.w	sl, #0
10002268:	464f      	mov	r7, r9
1000226a:	bfc8      	it	gt
1000226c:	f10a 3aff 	addgt.w	sl, sl, #4294967295	@ 0xffffffff
10002270:	f444 6480 	orr.w	r4, r4, #1024	@ 0x400
10002274:	454d      	cmp	r5, r9
10002276:	bf94      	ite	ls
10002278:	f04f 0800 	movls.w	r8, #0
1000227c:	eba5 0809 	subhi.w	r8, r5, r9
10002280:	f014 0302 	ands.w	r3, r4, #2
10002284:	9311      	str	r3, [sp, #68]	@ 0x44
10002286:	d004      	beq.n	10002292 <_etoa+0xe2>
10002288:	f1b9 0f00 	cmp.w	r9, #0
1000228c:	bf18      	it	ne
1000228e:	f04f 0800 	movne.w	r8, #0
10002292:	b13f      	cbz	r7, 100022a4 <_etoa+0xf4>
10002294:	e9dd 010a 	ldrd	r0, r1, [sp, #40]	@ 0x28
10002298:	e9dd 230e 	ldrd	r2, r3, [sp, #56]	@ 0x38
1000229c:	f7ff fb4e 	bl	1000193c <__wrap___aeabi_ddiv>
100022a0:	e9cd 010a 	strd	r0, r1, [sp, #40]	@ 0x28
100022a4:	e9dd 0108 	ldrd	r0, r1, [sp, #32]
100022a8:	2200      	movs	r2, #0
100022aa:	2300      	movs	r3, #0
100022ac:	f7ff fc0e 	bl	10001acc <__wrap___aeabi_dcmplt>
100022b0:	b130      	cbz	r0, 100022c0 <_etoa+0x110>
100022b2:	e9dd 010a 	ldrd	r0, r1, [sp, #40]	@ 0x28
100022b6:	4602      	mov	r2, r0
100022b8:	f101 4300 	add.w	r3, r1, #2147483648	@ 0x80000000
100022bc:	e9cd 230a 	strd	r2, r3, [sp, #40]	@ 0x28
100022c0:	ed9d 7b0a 	vldr	d7, [sp, #40]	@ 0x28
100022c4:	e9cd a802 	strd	sl, r8, [sp, #8]
100022c8:	f8dd a034 	ldr.w	sl, [sp, #52]	@ 0x34
100022cc:	f424 6300 	bic.w	r3, r4, #2048	@ 0x800
100022d0:	9304      	str	r3, [sp, #16]
100022d2:	ed8d 7b00 	vstr	d7, [sp]
100022d6:	4633      	mov	r3, r6
100022d8:	4651      	mov	r1, sl
100022da:	4658      	mov	r0, fp
100022dc:	9a10      	ldr	r2, [sp, #64]	@ 0x40
100022de:	f000 f997 	bl	10002610 <_ftoa>
100022e2:	4680      	mov	r8, r0
100022e4:	f1b9 0f00 	cmp.w	r9, #0
100022e8:	d04f      	beq.n	1000238a <_etoa+0x1da>
100022ea:	f014 0f20 	tst.w	r4, #32
100022ee:	4602      	mov	r2, r0
100022f0:	f100 0401 	add.w	r4, r0, #1
100022f4:	4633      	mov	r3, r6
100022f6:	bf0c      	ite	eq
100022f8:	2065      	moveq	r0, #101	@ 0x65
100022fa:	2045      	movne	r0, #69	@ 0x45
100022fc:	4651      	mov	r1, sl
100022fe:	47d8      	blx	fp
10002300:	f109 30ff 	add.w	r0, r9, #4294967295	@ 0xffffffff
10002304:	ea87 7ce7 	eor.w	ip, r7, r7, asr #31
10002308:	f10d 0958 	add.w	r9, sp, #88	@ 0x58
1000230c:	2200      	movs	r2, #0
1000230e:	464b      	mov	r3, r9
10002310:	f8df 80b0 	ldr.w	r8, [pc, #176]	@ 100023c4 <_etoa+0x214>
10002314:	ebac 7ce7 	sub.w	ip, ip, r7, asr #31
10002318:	ea4f 7ed7 	mov.w	lr, r7, lsr #31
1000231c:	e001      	b.n	10002322 <_etoa+0x172>
1000231e:	2a20      	cmp	r2, #32
10002320:	d010      	beq.n	10002344 <_etoa+0x194>
10002322:	46e2      	mov	sl, ip
10002324:	fba8 710c 	umull	r7, r1, r8, ip
10002328:	08c9      	lsrs	r1, r1, #3
1000232a:	eb01 0781 	add.w	r7, r1, r1, lsl #2
1000232e:	ebac 0747 	sub.w	r7, ip, r7, lsl #1
10002332:	3730      	adds	r7, #48	@ 0x30
10002334:	f1ba 0f09 	cmp.w	sl, #9
10002338:	468c      	mov	ip, r1
1000233a:	f102 0201 	add.w	r2, r2, #1
1000233e:	f803 7b01 	strb.w	r7, [r3], #1
10002342:	d8ec      	bhi.n	1000231e <_etoa+0x16e>
10002344:	2305      	movs	r3, #5
10002346:	9005      	str	r0, [sp, #20]
10002348:	9306      	str	r3, [sp, #24]
1000234a:	2000      	movs	r0, #0
1000234c:	230a      	movs	r3, #10
1000234e:	9f0d      	ldr	r7, [sp, #52]	@ 0x34
10002350:	e9cd 3003 	strd	r3, r0, [sp, #12]
10002354:	e9cd 2e01 	strd	r2, lr, [sp, #4]
10002358:	4633      	mov	r3, r6
1000235a:	4622      	mov	r2, r4
1000235c:	4639      	mov	r1, r7
1000235e:	4658      	mov	r0, fp
10002360:	f8cd 9000 	str.w	r9, [sp]
10002364:	f7ff fdce 	bl	10001f04 <_ntoa_format>
10002368:	9b11      	ldr	r3, [sp, #68]	@ 0x44
1000236a:	4680      	mov	r8, r0
1000236c:	b16b      	cbz	r3, 1000238a <_etoa+0x1da>
1000236e:	9b10      	ldr	r3, [sp, #64]	@ 0x40
10002370:	1ac4      	subs	r4, r0, r3
10002372:	42a5      	cmp	r5, r4
10002374:	d909      	bls.n	1000238a <_etoa+0x1da>
10002376:	4642      	mov	r2, r8
10002378:	4633      	mov	r3, r6
1000237a:	4639      	mov	r1, r7
1000237c:	2020      	movs	r0, #32
1000237e:	3401      	adds	r4, #1
10002380:	47d8      	blx	fp
10002382:	42a5      	cmp	r5, r4
10002384:	f108 0801 	add.w	r8, r8, #1
10002388:	d8f5      	bhi.n	10002376 <_etoa+0x1c6>
1000238a:	4640      	mov	r0, r8
1000238c:	b01f      	add	sp, #124	@ 0x7c
1000238e:	e8bd 8ff0 	ldmia.w	sp!, {r4, r5, r6, r7, r8, r9, sl, fp, pc}
10002392:	ed9d 7b08 	vldr	d7, [sp, #32]
10002396:	4633      	mov	r3, r6
10002398:	4658      	mov	r0, fp
1000239a:	9a10      	ldr	r2, [sp, #64]	@ 0x40
1000239c:	990d      	ldr	r1, [sp, #52]	@ 0x34
1000239e:	ed8d 7b28 	vstr	d7, [sp, #160]	@ 0xa0
100023a2:	e9cd 542b 	strd	r5, r4, [sp, #172]	@ 0xac
100023a6:	f8cd a0a8 	str.w	sl, [sp, #168]	@ 0xa8
100023aa:	b01f      	add	sp, #124	@ 0x7c
100023ac:	e8bd 4ff0 	ldmia.w	sp!, {r4, r5, r6, r7, r8, r9, sl, fp, lr}
100023b0:	f000 b92e 	b.w	10002610 <_ftoa>
100023b4:	f3af 8000 	nop.w
	...
100023c0:	7fefffff 	.word	0x7fefffff
100023c4:	cccccccd 	.word	0xcccccccd
100023c8:	f3c7 500a 	ubfx	r0, r7, #20, #11
100023cc:	f2a0 30ff 	subw	r0, r0, #1023	@ 0x3ff
100023d0:	f7ff fb10 	bl	100019f4 <__wrap___aeabi_i2d>
100023d4:	a38a      	add	r3, pc, #552	@ (adr r3, 10002600 <_etoa+0x450>)
100023d6:	e9d3 2300 	ldrd	r2, r3, [r3]
100023da:	f7ff fa8b 	bl	100018f4 <__wrap___aeabi_dmul>
100023de:	a38a      	add	r3, pc, #552	@ (adr r3, 10002608 <_etoa+0x458>)
100023e0:	e9d3 2300 	ldrd	r2, r3, [r3]
100023e4:	f7ff fa5e 	bl	100018a4 <__wrap___aeabi_dadd>
100023e8:	f3c7 0713 	ubfx	r7, r7, #0, #20
100023ec:	e9cd 010e 	strd	r0, r1, [sp, #56]	@ 0x38
100023f0:	f047 517f 	orr.w	r1, r7, #1069547520	@ 0x3fc00000
100023f4:	4640      	mov	r0, r8
100023f6:	2200      	movs	r2, #0
100023f8:	4b7b      	ldr	r3, [pc, #492]	@ (100025e8 <_etoa+0x438>)
100023fa:	f441 1140 	orr.w	r1, r1, #3145728	@ 0x300000
100023fe:	f7ff fa65 	bl	100018cc <__wrap___aeabi_dsub>
10002402:	a36b      	add	r3, pc, #428	@ (adr r3, 100025b0 <_etoa+0x400>)
10002404:	e9d3 2300 	ldrd	r2, r3, [r3]
10002408:	f7ff fa74 	bl	100018f4 <__wrap___aeabi_dmul>
1000240c:	4602      	mov	r2, r0
1000240e:	460b      	mov	r3, r1
10002410:	e9dd 010e 	ldrd	r0, r1, [sp, #56]	@ 0x38
10002414:	f7ff fa46 	bl	100018a4 <__wrap___aeabi_dadd>
10002418:	f7ff fb10 	bl	10001a3c <__wrap___aeabi_d2iz>
1000241c:	4607      	mov	r7, r0
1000241e:	f7ff fae9 	bl	100019f4 <__wrap___aeabi_i2d>
10002422:	a365      	add	r3, pc, #404	@ (adr r3, 100025b8 <_etoa+0x408>)
10002424:	e9d3 2300 	ldrd	r2, r3, [r3]
10002428:	4680      	mov	r8, r0
1000242a:	4689      	mov	r9, r1
1000242c:	f7ff fa62 	bl	100018f4 <__wrap___aeabi_dmul>
10002430:	2200      	movs	r2, #0
10002432:	4b6e      	ldr	r3, [pc, #440]	@ (100025ec <_etoa+0x43c>)
10002434:	f7ff fa36 	bl	100018a4 <__wrap___aeabi_dadd>
10002438:	f7ff fb00 	bl	10001a3c <__wrap___aeabi_d2iz>
1000243c:	4603      	mov	r3, r0
1000243e:	4649      	mov	r1, r9
10002440:	4640      	mov	r0, r8
10002442:	9312      	str	r3, [sp, #72]	@ 0x48
10002444:	a35e      	add	r3, pc, #376	@ (adr r3, 100025c0 <_etoa+0x410>)
10002446:	e9d3 2300 	ldrd	r2, r3, [r3]
1000244a:	f7ff fa53 	bl	100018f4 <__wrap___aeabi_dmul>
1000244e:	4680      	mov	r8, r0
10002450:	9812      	ldr	r0, [sp, #72]	@ 0x48
10002452:	4689      	mov	r9, r1
10002454:	f7ff face 	bl	100019f4 <__wrap___aeabi_i2d>
10002458:	a35b      	add	r3, pc, #364	@ (adr r3, 100025c8 <_etoa+0x418>)
1000245a:	e9d3 2300 	ldrd	r2, r3, [r3]
1000245e:	f7ff fa49 	bl	100018f4 <__wrap___aeabi_dmul>
10002462:	4602      	mov	r2, r0
10002464:	460b      	mov	r3, r1
10002466:	4640      	mov	r0, r8
10002468:	4649      	mov	r1, r9
1000246a:	f7ff fa2f 	bl	100018cc <__wrap___aeabi_dsub>
1000246e:	4602      	mov	r2, r0
10002470:	460b      	mov	r3, r1
10002472:	4680      	mov	r8, r0
10002474:	4689      	mov	r9, r1
10002476:	f7ff fa3d 	bl	100018f4 <__wrap___aeabi_dmul>
1000247a:	4642      	mov	r2, r8
1000247c:	464b      	mov	r3, r9
1000247e:	e9cd 010e 	strd	r0, r1, [sp, #56]	@ 0x38
10002482:	4640      	mov	r0, r8
10002484:	4649      	mov	r1, r9
10002486:	f7ff fa0d 	bl	100018a4 <__wrap___aeabi_dadd>
1000248a:	2200      	movs	r2, #0
1000248c:	e9cd 0114 	strd	r0, r1, [sp, #80]	@ 0x50
10002490:	e9dd 010e 	ldrd	r0, r1, [sp, #56]	@ 0x38
10002494:	4b56      	ldr	r3, [pc, #344]	@ (100025f0 <_etoa+0x440>)
10002496:	f7ff fa51 	bl	1000193c <__wrap___aeabi_ddiv>
1000249a:	2200      	movs	r2, #0
1000249c:	4b55      	ldr	r3, [pc, #340]	@ (100025f4 <_etoa+0x444>)
1000249e:	f7ff fa01 	bl	100018a4 <__wrap___aeabi_dadd>
100024a2:	4602      	mov	r2, r0
100024a4:	460b      	mov	r3, r1
100024a6:	e9dd 010e 	ldrd	r0, r1, [sp, #56]	@ 0x38
100024aa:	f7ff fa47 	bl	1000193c <__wrap___aeabi_ddiv>
100024ae:	2200      	movs	r2, #0
100024b0:	4b51      	ldr	r3, [pc, #324]	@ (100025f8 <_etoa+0x448>)
100024b2:	f7ff f9f7 	bl	100018a4 <__wrap___aeabi_dadd>
100024b6:	4602      	mov	r2, r0
100024b8:	460b      	mov	r3, r1
100024ba:	e9dd 010e 	ldrd	r0, r1, [sp, #56]	@ 0x38
100024be:	f7ff fa3d 	bl	1000193c <__wrap___aeabi_ddiv>
100024c2:	4642      	mov	r2, r8
100024c4:	464b      	mov	r3, r9
100024c6:	4680      	mov	r8, r0
100024c8:	4689      	mov	r9, r1
100024ca:	2000      	movs	r0, #0
100024cc:	f04f 4180 	mov.w	r1, #1073741824	@ 0x40000000
100024d0:	f7ff f9fc 	bl	100018cc <__wrap___aeabi_dsub>
100024d4:	4602      	mov	r2, r0
100024d6:	460b      	mov	r3, r1
100024d8:	4640      	mov	r0, r8
100024da:	4649      	mov	r1, r9
100024dc:	f7ff f9e2 	bl	100018a4 <__wrap___aeabi_dadd>
100024e0:	4602      	mov	r2, r0
100024e2:	460b      	mov	r3, r1
100024e4:	e9dd 0114 	ldrd	r0, r1, [sp, #80]	@ 0x50
100024e8:	f7ff fa28 	bl	1000193c <__wrap___aeabi_ddiv>
100024ec:	2200      	movs	r2, #0
100024ee:	4b43      	ldr	r3, [pc, #268]	@ (100025fc <_etoa+0x44c>)
100024f0:	f7ff f9d8 	bl	100018a4 <__wrap___aeabi_dadd>
100024f4:	9b12      	ldr	r3, [sp, #72]	@ 0x48
100024f6:	2200      	movs	r2, #0
100024f8:	f203 3cff 	addw	ip, r3, #1023	@ 0x3ff
100024fc:	ea4f 530c 	mov.w	r3, ip, lsl #20
10002500:	f7ff f9f8 	bl	100018f4 <__wrap___aeabi_dmul>
10002504:	4680      	mov	r8, r0
10002506:	4689      	mov	r9, r1
10002508:	e9dd 010a 	ldrd	r0, r1, [sp, #40]	@ 0x28
1000250c:	4642      	mov	r2, r8
1000250e:	464b      	mov	r3, r9
10002510:	e9cd 890e 	strd	r8, r9, [sp, #56]	@ 0x38
10002514:	f7ff fada 	bl	10001acc <__wrap___aeabi_dcmplt>
10002518:	bb68      	cbnz	r0, 10002576 <_etoa+0x3c6>
1000251a:	4643      	mov	r3, r8
1000251c:	4649      	mov	r1, r9
1000251e:	f107 0263 	add.w	r2, r7, #99	@ 0x63
10002522:	2ac6      	cmp	r2, #198	@ 0xc6
10002524:	9a11      	ldr	r2, [sp, #68]	@ 0x44
10002526:	bf8c      	ite	hi
10002528:	f04f 0905 	movhi.w	r9, #5
1000252c:	f04f 0904 	movls.w	r9, #4
10002530:	2a00      	cmp	r2, #0
10002532:	f43f ae9f 	beq.w	10002274 <_etoa+0xc4>
10002536:	430b      	orrs	r3, r1
10002538:	f43f ae8e 	beq.w	10002258 <_etoa+0xa8>
1000253c:	e9dd 010a 	ldrd	r0, r1, [sp, #40]	@ 0x28
10002540:	a323      	add	r3, pc, #140	@ (adr r3, 100025d0 <_etoa+0x420>)
10002542:	e9d3 2300 	ldrd	r2, r3, [r3]
10002546:	f7ff fae9 	bl	10001b1c <__wrap___aeabi_dcmpge>
1000254a:	b148      	cbz	r0, 10002560 <_etoa+0x3b0>
1000254c:	e9dd 010a 	ldrd	r0, r1, [sp, #40]	@ 0x28
10002550:	a321      	add	r3, pc, #132	@ (adr r3, 100025d8 <_etoa+0x428>)
10002552:	e9d3 2300 	ldrd	r2, r3, [r3]
10002556:	f7ff fab9 	bl	10001acc <__wrap___aeabi_dcmplt>
1000255a:	2800      	cmp	r0, #0
1000255c:	f47f ae7c 	bne.w	10002258 <_etoa+0xa8>
10002560:	f1ba 0f00 	cmp.w	sl, #0
10002564:	f43f ae86 	beq.w	10002274 <_etoa+0xc4>
10002568:	9b13      	ldr	r3, [sp, #76]	@ 0x4c
1000256a:	2b00      	cmp	r3, #0
1000256c:	f43f ae82 	beq.w	10002274 <_etoa+0xc4>
10002570:	f10a 3aff 	add.w	sl, sl, #4294967295	@ 0xffffffff
10002574:	e67e      	b.n	10002274 <_etoa+0xc4>
10002576:	2200      	movs	r2, #0
10002578:	4b1e      	ldr	r3, [pc, #120]	@ (100025f4 <_etoa+0x444>)
1000257a:	4640      	mov	r0, r8
1000257c:	4649      	mov	r1, r9
1000257e:	f7ff f9dd 	bl	1000193c <__wrap___aeabi_ddiv>
10002582:	460a      	mov	r2, r1
10002584:	4601      	mov	r1, r0
10002586:	4603      	mov	r3, r0
10002588:	e9cd 120e 	strd	r1, r2, [sp, #56]	@ 0x38
1000258c:	3f01      	subs	r7, #1
1000258e:	4611      	mov	r1, r2
10002590:	e7c5      	b.n	1000251e <_etoa+0x36e>
10002592:	ed9f 7b13 	vldr	d7, [pc, #76]	@ 100025e0 <_etoa+0x430>
10002596:	4617      	mov	r7, r2
10002598:	f04f 0904 	mov.w	r9, #4
1000259c:	ed8d 7b0e 	vstr	d7, [sp, #56]	@ 0x38
100025a0:	e668      	b.n	10002274 <_etoa+0xc4>
100025a2:	f108 4300 	add.w	r3, r8, #2147483648	@ 0x80000000
100025a6:	970a      	str	r7, [sp, #40]	@ 0x28
100025a8:	930b      	str	r3, [sp, #44]	@ 0x2c
100025aa:	e63c      	b.n	10002226 <_etoa+0x76>
100025ac:	f3af 8000 	nop.w
100025b0:	636f4361 	.word	0x636f4361
100025b4:	3fd287a7 	.word	0x3fd287a7
100025b8:	0979a371 	.word	0x0979a371
100025bc:	400a934f 	.word	0x400a934f
100025c0:	bbb55516 	.word	0xbbb55516
100025c4:	40026bb1 	.word	0x40026bb1
100025c8:	fefa39ef 	.word	0xfefa39ef
100025cc:	3fe62e42 	.word	0x3fe62e42
100025d0:	eb1c432d 	.word	0xeb1c432d
100025d4:	3f1a36e2 	.word	0x3f1a36e2
100025d8:	00000000 	.word	0x00000000
100025dc:	412e8480 	.word	0x412e8480
	...
100025e8:	3ff80000 	.word	0x3ff80000
100025ec:	3fe00000 	.word	0x3fe00000
100025f0:	402c0000 	.word	0x402c0000
100025f4:	40240000 	.word	0x40240000
100025f8:	40180000 	.word	0x40180000
100025fc:	3ff00000 	.word	0x3ff00000
10002600:	509f79fb 	.word	0x509f79fb
10002604:	3fd34413 	.word	0x3fd34413
10002608:	8b60c8b3 	.word	0x8b60c8b3
1000260c:	3fc68a28 	.word	0x3fc68a28

10002610 <_ftoa>:
10002610:	e92d 4ff0 	stmdb	sp!, {r4, r5, r6, r7, r8, r9, sl, fp, lr}
10002614:	b097      	sub	sp, #92	@ 0x5c
10002616:	e9dd 8920 	ldrd	r8, r9, [sp, #128]	@ 0x80
1000261a:	e9cd 0104 	strd	r0, r1, [sp, #16]
1000261e:	e9dd 4b22 	ldrd	r4, fp, [sp, #136]	@ 0x88
10002622:	e9cd 2306 	strd	r2, r3, [sp, #24]
10002626:	4640      	mov	r0, r8
10002628:	4642      	mov	r2, r8
1000262a:	464b      	mov	r3, r9
1000262c:	4649      	mov	r1, r9
1000262e:	f8dd a090 	ldr.w	sl, [sp, #144]	@ 0x90
10002632:	f7ff fa27 	bl	10001a84 <__wrap___aeabi_dcmpun>
10002636:	2800      	cmp	r0, #0
10002638:	f040 81c5 	bne.w	100029c6 <_ftoa+0x3b6>
1000263c:	4640      	mov	r0, r8
1000263e:	4649      	mov	r1, r9
10002640:	f04f 32ff 	mov.w	r2, #4294967295	@ 0xffffffff
10002644:	f46f 1380 	mvn.w	r3, #1048576	@ 0x100000
10002648:	f7ff fa40 	bl	10001acc <__wrap___aeabi_dcmplt>
1000264c:	2800      	cmp	r0, #0
1000264e:	f040 811d 	bne.w	1000288c <_ftoa+0x27c>
10002652:	4640      	mov	r0, r8
10002654:	4649      	mov	r1, r9
10002656:	f04f 32ff 	mov.w	r2, #4294967295	@ 0xffffffff
1000265a:	4bc1      	ldr	r3, [pc, #772]	@ (10002960 <_ftoa+0x350>)
1000265c:	f7ff fa72 	bl	10001b44 <__wrap___aeabi_dcmpgt>
10002660:	2800      	cmp	r0, #0
10002662:	f040 80e3 	bne.w	1000282c <_ftoa+0x21c>
10002666:	a3b8      	add	r3, pc, #736	@ (adr r3, 10002948 <_ftoa+0x338>)
10002668:	e9d3 2300 	ldrd	r2, r3, [r3]
1000266c:	4640      	mov	r0, r8
1000266e:	4649      	mov	r1, r9
10002670:	f7ff fa68 	bl	10001b44 <__wrap___aeabi_dcmpgt>
10002674:	2800      	cmp	r0, #0
10002676:	f040 80cb 	bne.w	10002810 <_ftoa+0x200>
1000267a:	a3b5      	add	r3, pc, #724	@ (adr r3, 10002950 <_ftoa+0x340>)
1000267c:	e9d3 2300 	ldrd	r2, r3, [r3]
10002680:	4640      	mov	r0, r8
10002682:	4649      	mov	r1, r9
10002684:	f7ff fa22 	bl	10001acc <__wrap___aeabi_dcmplt>
10002688:	2800      	cmp	r0, #0
1000268a:	f040 80c1 	bne.w	10002810 <_ftoa+0x200>
1000268e:	4640      	mov	r0, r8
10002690:	4649      	mov	r1, r9
10002692:	2200      	movs	r2, #0
10002694:	2300      	movs	r3, #0
10002696:	f7ff fa19 	bl	10001acc <__wrap___aeabi_dcmplt>
1000269a:	2800      	cmp	r0, #0
1000269c:	f040 80e0 	bne.w	10002860 <_ftoa+0x250>
100026a0:	f41a 6580 	ands.w	r5, sl, #1024	@ 0x400
100026a4:	900d      	str	r0, [sp, #52]	@ 0x34
100026a6:	f000 80e9 	beq.w	1000287c <_ftoa+0x26c>
100026aa:	2c09      	cmp	r4, #9
100026ac:	f240 8196 	bls.w	100029dc <_ftoa+0x3cc>
100026b0:	ab0e      	add	r3, sp, #56	@ 0x38
100026b2:	461a      	mov	r2, r3
100026b4:	930c      	str	r3, [sp, #48]	@ 0x30
100026b6:	2130      	movs	r1, #48	@ 0x30
100026b8:	2300      	movs	r3, #0
100026ba:	f1a4 0509 	sub.w	r5, r4, #9
100026be:	3301      	adds	r3, #1
100026c0:	2b20      	cmp	r3, #32
100026c2:	f802 1b01 	strb.w	r1, [r2], #1
100026c6:	eba4 0603 	sub.w	r6, r4, r3
100026ca:	f000 813a 	beq.w	10002942 <_ftoa+0x332>
100026ce:	42ab      	cmp	r3, r5
100026d0:	d1f5      	bne.n	100026be <_ftoa+0xae>
100026d2:	ed9f 7b9d 	vldr	d7, [pc, #628]	@ 10002948 <_ftoa+0x338>
100026d6:	ed8d 7b08 	vstr	d7, [sp, #32]
100026da:	4649      	mov	r1, r9
100026dc:	4640      	mov	r0, r8
100026de:	f7ff f9ad 	bl	10001a3c <__wrap___aeabi_d2iz>
100026e2:	4604      	mov	r4, r0
100026e4:	f7ff f986 	bl	100019f4 <__wrap___aeabi_i2d>
100026e8:	4602      	mov	r2, r0
100026ea:	460b      	mov	r3, r1
100026ec:	4640      	mov	r0, r8
100026ee:	4649      	mov	r1, r9
100026f0:	f7ff f8ec 	bl	100018cc <__wrap___aeabi_dsub>
100026f4:	e9dd 2308 	ldrd	r2, r3, [sp, #32]
100026f8:	f7ff f8fc 	bl	100018f4 <__wrap___aeabi_dmul>
100026fc:	4602      	mov	r2, r0
100026fe:	460b      	mov	r3, r1
10002700:	e9cd 230a 	strd	r2, r3, [sp, #40]	@ 0x28
10002704:	f7ff f9ac 	bl	10001a60 <__wrap___aeabi_d2uiz>
10002708:	4607      	mov	r7, r0
1000270a:	f7ff f985 	bl	10001a18 <__wrap___aeabi_ui2d>
1000270e:	4602      	mov	r2, r0
10002710:	460b      	mov	r3, r1
10002712:	e9dd 010a 	ldrd	r0, r1, [sp, #40]	@ 0x28
10002716:	f7ff f8d9 	bl	100018cc <__wrap___aeabi_dsub>
1000271a:	4602      	mov	r2, r0
1000271c:	460b      	mov	r3, r1
1000271e:	e9cd 230a 	strd	r2, r3, [sp, #40]	@ 0x28
10002722:	2200      	movs	r2, #0
10002724:	4b8f      	ldr	r3, [pc, #572]	@ (10002964 <_ftoa+0x354>)
10002726:	f7ff fa0d 	bl	10001b44 <__wrap___aeabi_dcmpgt>
1000272a:	2800      	cmp	r0, #0
1000272c:	f000 80db 	beq.w	100028e6 <_ftoa+0x2d6>
10002730:	3701      	adds	r7, #1
10002732:	4638      	mov	r0, r7
10002734:	f7ff f970 	bl	10001a18 <__wrap___aeabi_ui2d>
10002738:	e9dd 2308 	ldrd	r2, r3, [sp, #32]
1000273c:	f7ff f9ee 	bl	10001b1c <__wrap___aeabi_dcmpge>
10002740:	b108      	cbz	r0, 10002746 <_ftoa+0x136>
10002742:	2700      	movs	r7, #0
10002744:	3401      	adds	r4, #1
10002746:	2e00      	cmp	r6, #0
10002748:	f040 80b1 	bne.w	100028ae <_ftoa+0x29e>
1000274c:	4620      	mov	r0, r4
1000274e:	f7ff f951 	bl	100019f4 <__wrap___aeabi_i2d>
10002752:	4602      	mov	r2, r0
10002754:	460b      	mov	r3, r1
10002756:	4640      	mov	r0, r8
10002758:	4649      	mov	r1, r9
1000275a:	f7ff f8b7 	bl	100018cc <__wrap___aeabi_dsub>
1000275e:	2200      	movs	r2, #0
10002760:	4b80      	ldr	r3, [pc, #512]	@ (10002964 <_ftoa+0x354>)
10002762:	4606      	mov	r6, r0
10002764:	460f      	mov	r7, r1
10002766:	f7ff f9b1 	bl	10001acc <__wrap___aeabi_dcmplt>
1000276a:	b940      	cbnz	r0, 1000277e <_ftoa+0x16e>
1000276c:	4630      	mov	r0, r6
1000276e:	4639      	mov	r1, r7
10002770:	2200      	movs	r2, #0
10002772:	4b7c      	ldr	r3, [pc, #496]	@ (10002964 <_ftoa+0x354>)
10002774:	f7ff f9e6 	bl	10001b44 <__wrap___aeabi_dcmpgt>
10002778:	2800      	cmp	r0, #0
1000277a:	f000 8115 	beq.w	100029a8 <_ftoa+0x398>
1000277e:	9b0c      	ldr	r3, [sp, #48]	@ 0x30
10002780:	1e69      	subs	r1, r5, #1
10002782:	4879      	ldr	r0, [pc, #484]	@ (10002968 <_ftoa+0x358>)
10002784:	4419      	add	r1, r3
10002786:	e010      	b.n	100027aa <_ftoa+0x19a>
10002788:	fb80 6204 	smull	r6, r2, r0, r4
1000278c:	ebc3 03a2 	rsb	r3, r3, r2, asr #2
10002790:	eb03 0283 	add.w	r2, r3, r3, lsl #2
10002794:	eba4 0442 	sub.w	r4, r4, r2, lsl #1
10002798:	f104 0230 	add.w	r2, r4, #48	@ 0x30
1000279c:	3501      	adds	r5, #1
1000279e:	461c      	mov	r4, r3
100027a0:	f801 2f01 	strb.w	r2, [r1, #1]!
100027a4:	2b00      	cmp	r3, #0
100027a6:	f000 80ab 	beq.w	10002900 <_ftoa+0x2f0>
100027aa:	2d20      	cmp	r5, #32
100027ac:	ea4f 73e4 	mov.w	r3, r4, asr #31
100027b0:	d1ea      	bne.n	10002788 <_ftoa+0x178>
100027b2:	f00a 0303 	and.w	r3, sl, #3
100027b6:	2b01      	cmp	r3, #1
100027b8:	d11c      	bne.n	100027f4 <_ftoa+0x1e4>
100027ba:	f1bb 0f00 	cmp.w	fp, #0
100027be:	d019      	beq.n	100027f4 <_ftoa+0x1e4>
100027c0:	9b0d      	ldr	r3, [sp, #52]	@ 0x34
100027c2:	2b00      	cmp	r3, #0
100027c4:	f040 80f9 	bne.w	100029ba <_ftoa+0x3aa>
100027c8:	f01a 0f0c 	tst.w	sl, #12
100027cc:	f040 80f5 	bne.w	100029ba <_ftoa+0x3aa>
100027d0:	45ab      	cmp	fp, r5
100027d2:	f240 80d3 	bls.w	1000297c <_ftoa+0x36c>
100027d6:	2d20      	cmp	r5, #32
100027d8:	d00b      	beq.n	100027f2 <_ftoa+0x1e2>
100027da:	2230      	movs	r2, #48	@ 0x30
100027dc:	990c      	ldr	r1, [sp, #48]	@ 0x30
100027de:	1e6b      	subs	r3, r5, #1
100027e0:	440b      	add	r3, r1
100027e2:	3501      	adds	r5, #1
100027e4:	455d      	cmp	r5, fp
100027e6:	f803 2f01 	strb.w	r2, [r3, #1]!
100027ea:	f000 808d 	beq.w	10002908 <_ftoa+0x2f8>
100027ee:	2d20      	cmp	r5, #32
100027f0:	d1f7      	bne.n	100027e2 <_ftoa+0x1d2>
100027f2:	2520      	movs	r5, #32
100027f4:	e9dd 2306 	ldrd	r2, r3, [sp, #24]
100027f8:	e9dd 0104 	ldrd	r0, r1, [sp, #16]
100027fc:	9c0c      	ldr	r4, [sp, #48]	@ 0x30
100027fe:	e9cd ba02 	strd	fp, sl, [sp, #8]
10002802:	9501      	str	r5, [sp, #4]
10002804:	9400      	str	r4, [sp, #0]
10002806:	f7ff fb2f 	bl	10001e68 <_out_rev>
1000280a:	b017      	add	sp, #92	@ 0x5c
1000280c:	e8bd 8ff0 	ldmia.w	sp!, {r4, r5, r6, r7, r8, r9, sl, fp, pc}
10002810:	e9cd 8920 	strd	r8, r9, [sp, #128]	@ 0x80
10002814:	e9dd 2306 	ldrd	r2, r3, [sp, #24]
10002818:	e9dd 0104 	ldrd	r0, r1, [sp, #16]
1000281c:	e9cd ba23 	strd	fp, sl, [sp, #140]	@ 0x8c
10002820:	9422      	str	r4, [sp, #136]	@ 0x88
10002822:	b017      	add	sp, #92	@ 0x5c
10002824:	e8bd 4ff0 	ldmia.w	sp!, {r4, r5, r6, r7, r8, r9, sl, fp, lr}
10002828:	f7ff bcc2 	b.w	100021b0 <_etoa>
1000282c:	4d4f      	ldr	r5, [pc, #316]	@ (1000296c <_ftoa+0x35c>)
1000282e:	f8cd a08c 	str.w	sl, [sp, #140]	@ 0x8c
10002832:	f00a 0a04 	and.w	sl, sl, #4
10002836:	f1ba 0f00 	cmp.w	sl, #0
1000283a:	4c4d      	ldr	r4, [pc, #308]	@ (10002970 <_ftoa+0x360>)
1000283c:	bf18      	it	ne
1000283e:	462c      	movne	r4, r5
10002840:	e9dd 2306 	ldrd	r2, r3, [sp, #24]
10002844:	e9dd 0104 	ldrd	r0, r1, [sp, #16]
10002848:	9420      	str	r4, [sp, #128]	@ 0x80
1000284a:	bf0c      	ite	eq
1000284c:	2403      	moveq	r4, #3
1000284e:	2404      	movne	r4, #4
10002850:	f8cd b088 	str.w	fp, [sp, #136]	@ 0x88
10002854:	9421      	str	r4, [sp, #132]	@ 0x84
10002856:	b017      	add	sp, #92	@ 0x5c
10002858:	e8bd 4ff0 	ldmia.w	sp!, {r4, r5, r6, r7, r8, r9, sl, fp, lr}
1000285c:	f7ff bb04 	b.w	10001e68 <_out_rev>
10002860:	464b      	mov	r3, r9
10002862:	4642      	mov	r2, r8
10002864:	2000      	movs	r0, #0
10002866:	2100      	movs	r1, #0
10002868:	f7ff f830 	bl	100018cc <__wrap___aeabi_dsub>
1000286c:	2301      	movs	r3, #1
1000286e:	f41a 6580 	ands.w	r5, sl, #1024	@ 0x400
10002872:	4680      	mov	r8, r0
10002874:	4689      	mov	r9, r1
10002876:	930d      	str	r3, [sp, #52]	@ 0x34
10002878:	f47f af17 	bne.w	100026aa <_ftoa+0x9a>
1000287c:	ed9f 7b36 	vldr	d7, [pc, #216]	@ 10002958 <_ftoa+0x348>
10002880:	ab0e      	add	r3, sp, #56	@ 0x38
10002882:	2606      	movs	r6, #6
10002884:	ed8d 7b08 	vstr	d7, [sp, #32]
10002888:	930c      	str	r3, [sp, #48]	@ 0x30
1000288a:	e726      	b.n	100026da <_ftoa+0xca>
1000288c:	2404      	movs	r4, #4
1000288e:	e9dd 2306 	ldrd	r2, r3, [sp, #24]
10002892:	e9dd 0104 	ldrd	r0, r1, [sp, #16]
10002896:	4d37      	ldr	r5, [pc, #220]	@ (10002974 <_ftoa+0x364>)
10002898:	f8cd a08c 	str.w	sl, [sp, #140]	@ 0x8c
1000289c:	f8cd b088 	str.w	fp, [sp, #136]	@ 0x88
100028a0:	9520      	str	r5, [sp, #128]	@ 0x80
100028a2:	9421      	str	r4, [sp, #132]	@ 0x84
100028a4:	b017      	add	sp, #92	@ 0x5c
100028a6:	e8bd 4ff0 	ldmia.w	sp!, {r4, r5, r6, r7, r8, r9, sl, fp, lr}
100028aa:	f7ff badd 	b.w	10001e68 <_out_rev>
100028ae:	9b0c      	ldr	r3, [sp, #48]	@ 0x30
100028b0:	1e68      	subs	r0, r5, #1
100028b2:	f8df c0c4 	ldr.w	ip, [pc, #196]	@ 10002978 <_ftoa+0x368>
100028b6:	4418      	add	r0, r3
100028b8:	e00d      	b.n	100028d6 <_ftoa+0x2c6>
100028ba:	fbac 2107 	umull	r2, r1, ip, r7
100028be:	08c9      	lsrs	r1, r1, #3
100028c0:	eb01 0281 	add.w	r2, r1, r1, lsl #2
100028c4:	eba7 0242 	sub.w	r2, r7, r2, lsl #1
100028c8:	3230      	adds	r2, #48	@ 0x30
100028ca:	2f09      	cmp	r7, #9
100028cc:	f800 2f01 	strb.w	r2, [r0, #1]!
100028d0:	d927      	bls.n	10002922 <_ftoa+0x312>
100028d2:	460f      	mov	r7, r1
100028d4:	461d      	mov	r5, r3
100028d6:	2d20      	cmp	r5, #32
100028d8:	f105 0301 	add.w	r3, r5, #1
100028dc:	f106 36ff 	add.w	r6, r6, #4294967295	@ 0xffffffff
100028e0:	d1eb      	bne.n	100028ba <_ftoa+0x2aa>
100028e2:	2520      	movs	r5, #32
100028e4:	e74b      	b.n	1000277e <_ftoa+0x16e>
100028e6:	2200      	movs	r2, #0
100028e8:	e9dd 010a 	ldrd	r0, r1, [sp, #40]	@ 0x28
100028ec:	4b1d      	ldr	r3, [pc, #116]	@ (10002964 <_ftoa+0x354>)
100028ee:	f7ff f8ed 	bl	10001acc <__wrap___aeabi_dcmplt>
100028f2:	2800      	cmp	r0, #0
100028f4:	f47f af27 	bne.w	10002746 <_ftoa+0x136>
100028f8:	2f00      	cmp	r7, #0
100028fa:	d15a      	bne.n	100029b2 <_ftoa+0x3a2>
100028fc:	3701      	adds	r7, #1
100028fe:	e722      	b.n	10002746 <_ftoa+0x136>
10002900:	f00a 0303 	and.w	r3, sl, #3
10002904:	2b01      	cmp	r3, #1
10002906:	d075      	beq.n	100029f4 <_ftoa+0x3e4>
10002908:	2d20      	cmp	r5, #32
1000290a:	f43f af73 	beq.w	100027f4 <_ftoa+0x1e4>
1000290e:	9b0d      	ldr	r3, [sp, #52]	@ 0x34
10002910:	b3bb      	cbz	r3, 10002982 <_ftoa+0x372>
10002912:	222d      	movs	r2, #45	@ 0x2d
10002914:	f105 0358 	add.w	r3, r5, #88	@ 0x58
10002918:	446b      	add	r3, sp
1000291a:	f803 2c20 	strb.w	r2, [r3, #-32]
1000291e:	3501      	adds	r5, #1
10002920:	e768      	b.n	100027f4 <_ftoa+0x1e4>
10002922:	2b20      	cmp	r3, #32
10002924:	d0dd      	beq.n	100028e2 <_ftoa+0x2d2>
10002926:	b3ae      	cbz	r6, 10002994 <_ftoa+0x384>
10002928:	9a0c      	ldr	r2, [sp, #48]	@ 0x30
1000292a:	441e      	add	r6, r3
1000292c:	4415      	add	r5, r2
1000292e:	2230      	movs	r2, #48	@ 0x30
10002930:	e001      	b.n	10002936 <_ftoa+0x326>
10002932:	42b3      	cmp	r3, r6
10002934:	d02e      	beq.n	10002994 <_ftoa+0x384>
10002936:	3301      	adds	r3, #1
10002938:	2b20      	cmp	r3, #32
1000293a:	f805 2f01 	strb.w	r2, [r5, #1]!
1000293e:	d1f8      	bne.n	10002932 <_ftoa+0x322>
10002940:	e7cf      	b.n	100028e2 <_ftoa+0x2d2>
10002942:	461d      	mov	r5, r3
10002944:	e6c5      	b.n	100026d2 <_ftoa+0xc2>
10002946:	bf00      	nop
10002948:	00000000 	.word	0x00000000
1000294c:	41cdcd65 	.word	0x41cdcd65
10002950:	00000000 	.word	0x00000000
10002954:	c1cdcd65 	.word	0xc1cdcd65
10002958:	00000000 	.word	0x00000000
1000295c:	412e8480 	.word	0x412e8480
10002960:	7fefffff 	.word	0x7fefffff
10002964:	3fe00000 	.word	0x3fe00000
10002968:	66666667 	.word	0x66666667
1000296c:	1000927c 	.word	0x1000927c
10002970:	10009284 	.word	0x10009284
10002974:	1000928c 	.word	0x1000928c
10002978:	cccccccd 	.word	0xcccccccd
1000297c:	2d20      	cmp	r5, #32
1000297e:	f43f af39 	beq.w	100027f4 <_ftoa+0x1e4>
10002982:	f01a 0f04 	tst.w	sl, #4
10002986:	d10d      	bne.n	100029a4 <_ftoa+0x394>
10002988:	f01a 0f08 	tst.w	sl, #8
1000298c:	f43f af32 	beq.w	100027f4 <_ftoa+0x1e4>
10002990:	2220      	movs	r2, #32
10002992:	e7bf      	b.n	10002914 <_ftoa+0x304>
10002994:	212e      	movs	r1, #46	@ 0x2e
10002996:	f103 0258 	add.w	r2, r3, #88	@ 0x58
1000299a:	446a      	add	r2, sp
1000299c:	f802 1c20 	strb.w	r1, [r2, #-32]
100029a0:	1c5d      	adds	r5, r3, #1
100029a2:	e6ec      	b.n	1000277e <_ftoa+0x16e>
100029a4:	222b      	movs	r2, #43	@ 0x2b
100029a6:	e7b5      	b.n	10002914 <_ftoa+0x304>
100029a8:	07e3      	lsls	r3, r4, #31
100029aa:	f57f aee8 	bpl.w	1000277e <_ftoa+0x16e>
100029ae:	3401      	adds	r4, #1
100029b0:	e6e5      	b.n	1000277e <_ftoa+0x16e>
100029b2:	07fa      	lsls	r2, r7, #31
100029b4:	f57f aec7 	bpl.w	10002746 <_ftoa+0x136>
100029b8:	e7a0      	b.n	100028fc <_ftoa+0x2ec>
100029ba:	f10b 3bff 	add.w	fp, fp, #4294967295	@ 0xffffffff
100029be:	45ab      	cmp	fp, r5
100029c0:	f63f af09 	bhi.w	100027d6 <_ftoa+0x1c6>
100029c4:	e7a0      	b.n	10002908 <_ftoa+0x2f8>
100029c6:	2403      	movs	r4, #3
100029c8:	e9dd 2306 	ldrd	r2, r3, [sp, #24]
100029cc:	e9dd 0104 	ldrd	r0, r1, [sp, #16]
100029d0:	4d0a      	ldr	r5, [pc, #40]	@ (100029fc <_ftoa+0x3ec>)
100029d2:	f8cd a08c 	str.w	sl, [sp, #140]	@ 0x8c
100029d6:	f8cd b088 	str.w	fp, [sp, #136]	@ 0x88
100029da:	e761      	b.n	100028a0 <_ftoa+0x290>
100029dc:	4b08      	ldr	r3, [pc, #32]	@ (10002a00 <_ftoa+0x3f0>)
100029de:	4626      	mov	r6, r4
100029e0:	eb03 03c4 	add.w	r3, r3, r4, lsl #3
100029e4:	ed93 7b00 	vldr	d7, [r3]
100029e8:	ab0e      	add	r3, sp, #56	@ 0x38
100029ea:	ed8d 7b08 	vstr	d7, [sp, #32]
100029ee:	2500      	movs	r5, #0
100029f0:	930c      	str	r3, [sp, #48]	@ 0x30
100029f2:	e672      	b.n	100026da <_ftoa+0xca>
100029f4:	f1bb 0f00 	cmp.w	fp, #0
100029f8:	d086      	beq.n	10002908 <_ftoa+0x2f8>
100029fa:	e6e1      	b.n	100027c0 <_ftoa+0x1b0>
100029fc:	10009288 	.word	0x10009288
10002a00:	10009490 	.word	0x10009490

10002a04 <_vsnprintf>:
10002a04:	e92d 4ff0 	stmdb	sp!, {r4, r5, r6, r7, r8, r9, sl, fp, lr}
10002a08:	469a      	mov	sl, r3
10002a0a:	b09b      	sub	sp, #108	@ 0x6c
10002a0c:	9c24      	ldr	r4, [sp, #144]	@ 0x90
10002a0e:	4d96      	ldr	r5, [pc, #600]	@ (10002c68 <_vsnprintf+0x264>)
10002a10:	940b      	str	r4, [sp, #44]	@ 0x2c
10002a12:	4c96      	ldr	r4, [pc, #600]	@ (10002c6c <_vsnprintf+0x268>)
10002a14:	1e0b      	subs	r3, r1, #0
10002a16:	bf18      	it	ne
10002a18:	4683      	movne	fp, r0
10002a1a:	6025      	str	r5, [r4, #0]
10002a1c:	f89a 0000 	ldrb.w	r0, [sl]
10002a20:	4c93      	ldr	r4, [pc, #588]	@ (10002c70 <_vsnprintf+0x26c>)
10002a22:	930a      	str	r3, [sp, #40]	@ 0x28
10002a24:	bf08      	it	eq
10002a26:	46a3      	moveq	fp, r4
10002a28:	9209      	str	r2, [sp, #36]	@ 0x24
10002a2a:	2800      	cmp	r0, #0
10002a2c:	f000 82bc 	beq.w	10002fa8 <_vsnprintf+0x5a4>
10002a30:	f04f 0900 	mov.w	r9, #0
10002a34:	e00a      	b.n	10002a4c <_vsnprintf+0x48>
10002a36:	464a      	mov	r2, r9
10002a38:	9b09      	ldr	r3, [sp, #36]	@ 0x24
10002a3a:	990a      	ldr	r1, [sp, #40]	@ 0x28
10002a3c:	f109 0901 	add.w	r9, r9, #1
10002a40:	47d8      	blx	fp
10002a42:	f89a 0000 	ldrb.w	r0, [sl]
10002a46:	2800      	cmp	r0, #0
10002a48:	f000 80ce 	beq.w	10002be8 <_vsnprintf+0x1e4>
10002a4c:	2825      	cmp	r0, #37	@ 0x25
10002a4e:	f10a 0a01 	add.w	sl, sl, #1
10002a52:	d1f0      	bne.n	10002a36 <_vsnprintf+0x32>
10002a54:	2300      	movs	r3, #0
10002a56:	4652      	mov	r2, sl
10002a58:	f812 0b01 	ldrb.w	r0, [r2], #1
10002a5c:	f1a0 0120 	sub.w	r1, r0, #32
10002a60:	2910      	cmp	r1, #16
10002a62:	d80a      	bhi.n	10002a7a <_vsnprintf+0x76>
10002a64:	e8df f001 	tbb	[pc, r1]
10002a68:	3c090940 	.word	0x3c090940
10002a6c:	09090909 	.word	0x09090909
10002a70:	38090909 	.word	0x38090909
10002a74:	09093409 	.word	0x09093409
10002a78:	30          	.byte	0x30
10002a79:	00          	.byte	0x00
10002a7a:	f1a0 0130 	sub.w	r1, r0, #48	@ 0x30
10002a7e:	2909      	cmp	r1, #9
10002a80:	f240 808c 	bls.w	10002b9c <_vsnprintf+0x198>
10002a84:	282a      	cmp	r0, #42	@ 0x2a
10002a86:	f000 80f5 	beq.w	10002c74 <_vsnprintf+0x270>
10002a8a:	2100      	movs	r1, #0
10002a8c:	910c      	str	r1, [sp, #48]	@ 0x30
10002a8e:	282e      	cmp	r0, #46	@ 0x2e
10002a90:	f000 8099 	beq.w	10002bc6 <_vsnprintf+0x1c2>
10002a94:	2700      	movs	r7, #0
10002a96:	f1a0 0168 	sub.w	r1, r0, #104	@ 0x68
10002a9a:	2912      	cmp	r1, #18
10002a9c:	d82d      	bhi.n	10002afa <_vsnprintf+0xf6>
10002a9e:	e8df f011 	tbh	[pc, r1, lsl #1]
10002aa2:	0157      	.short	0x0157
10002aa4:	0151002c 	.word	0x0151002c
10002aa8:	0145002c 	.word	0x0145002c
10002aac:	002c002c 	.word	0x002c002c
10002ab0:	002c002c 	.word	0x002c002c
10002ab4:	002c002c 	.word	0x002c002c
10002ab8:	0027002c 	.word	0x0027002c
10002abc:	002c002c 	.word	0x002c002c
10002ac0:	002c002c 	.word	0x002c002c
10002ac4:	0027002c 	.word	0x0027002c
10002ac8:	4692      	mov	sl, r2
10002aca:	f043 0301 	orr.w	r3, r3, #1
10002ace:	e7c2      	b.n	10002a56 <_vsnprintf+0x52>
10002ad0:	4692      	mov	sl, r2
10002ad2:	f043 0302 	orr.w	r3, r3, #2
10002ad6:	e7be      	b.n	10002a56 <_vsnprintf+0x52>
10002ad8:	4692      	mov	sl, r2
10002ada:	f043 0304 	orr.w	r3, r3, #4
10002ade:	e7ba      	b.n	10002a56 <_vsnprintf+0x52>
10002ae0:	4692      	mov	sl, r2
10002ae2:	f043 0310 	orr.w	r3, r3, #16
10002ae6:	e7b6      	b.n	10002a56 <_vsnprintf+0x52>
10002ae8:	4692      	mov	sl, r2
10002aea:	f043 0308 	orr.w	r3, r3, #8
10002aee:	e7b2      	b.n	10002a56 <_vsnprintf+0x52>
10002af0:	f89a 0001 	ldrb.w	r0, [sl, #1]
10002af4:	f443 7380 	orr.w	r3, r3, #256	@ 0x100
10002af8:	3201      	adds	r2, #1
10002afa:	2867      	cmp	r0, #103	@ 0x67
10002afc:	4692      	mov	sl, r2
10002afe:	f200 8082 	bhi.w	10002c06 <_vsnprintf+0x202>
10002b02:	2824      	cmp	r0, #36	@ 0x24
10002b04:	f240 80c6 	bls.w	10002c94 <_vsnprintf+0x290>
10002b08:	f1a0 0225 	sub.w	r2, r0, #37	@ 0x25
10002b0c:	2a42      	cmp	r2, #66	@ 0x42
10002b0e:	f200 80c1 	bhi.w	10002c94 <_vsnprintf+0x290>
10002b12:	e8df f012 	tbh	[pc, r2, lsl #1]
10002b16:	015f      	.short	0x015f
10002b18:	00bf00bf 	.word	0x00bf00bf
10002b1c:	00bf00bf 	.word	0x00bf00bf
10002b20:	00bf00bf 	.word	0x00bf00bf
10002b24:	00bf00bf 	.word	0x00bf00bf
10002b28:	00bf00bf 	.word	0x00bf00bf
10002b2c:	00bf00bf 	.word	0x00bf00bf
10002b30:	00bf00bf 	.word	0x00bf00bf
10002b34:	00bf00bf 	.word	0x00bf00bf
10002b38:	00bf00bf 	.word	0x00bf00bf
10002b3c:	00bf00bf 	.word	0x00bf00bf
10002b40:	00bf00bf 	.word	0x00bf00bf
10002b44:	00bf00bf 	.word	0x00bf00bf
10002b48:	00bf00bf 	.word	0x00bf00bf
10002b4c:	00bf00bf 	.word	0x00bf00bf
10002b50:	00bf00bf 	.word	0x00bf00bf
10002b54:	012600bf 	.word	0x012600bf
10002b58:	01260145 	.word	0x01260145
10002b5c:	00bf00bf 	.word	0x00bf00bf
10002b60:	00bf00bf 	.word	0x00bf00bf
10002b64:	00bf00bf 	.word	0x00bf00bf
10002b68:	00bf00bf 	.word	0x00bf00bf
10002b6c:	00bf00bf 	.word	0x00bf00bf
10002b70:	00bf00bf 	.word	0x00bf00bf
10002b74:	00bf00bf 	.word	0x00bf00bf
10002b78:	00bf00bf 	.word	0x00bf00bf
10002b7c:	00bf01d3 	.word	0x00bf01d3
10002b80:	00bf00bf 	.word	0x00bf00bf
10002b84:	00bf00bf 	.word	0x00bf00bf
10002b88:	00bf00bf 	.word	0x00bf00bf
10002b8c:	00bf00bf 	.word	0x00bf00bf
10002b90:	016701d3 	.word	0x016701d3
10002b94:	012601d3 	.word	0x012601d3
10002b98:	01260145 	.word	0x01260145
10002b9c:	2100      	movs	r1, #0
10002b9e:	e000      	b.n	10002ba2 <_vsnprintf+0x19e>
10002ba0:	3201      	adds	r2, #1
10002ba2:	eb01 0181 	add.w	r1, r1, r1, lsl #2
10002ba6:	eb00 0141 	add.w	r1, r0, r1, lsl #1
10002baa:	7810      	ldrb	r0, [r2, #0]
10002bac:	4692      	mov	sl, r2
10002bae:	f1a0 0430 	sub.w	r4, r0, #48	@ 0x30
10002bb2:	2c09      	cmp	r4, #9
10002bb4:	f1a1 0130 	sub.w	r1, r1, #48	@ 0x30
10002bb8:	d9f2      	bls.n	10002ba0 <_vsnprintf+0x19c>
10002bba:	282e      	cmp	r0, #46	@ 0x2e
10002bbc:	910c      	str	r1, [sp, #48]	@ 0x30
10002bbe:	f102 0201 	add.w	r2, r2, #1
10002bc2:	f47f af67 	bne.w	10002a94 <_vsnprintf+0x90>
10002bc6:	f89a 0001 	ldrb.w	r0, [sl, #1]
10002bca:	4611      	mov	r1, r2
10002bcc:	f1a0 0630 	sub.w	r6, r0, #48	@ 0x30
10002bd0:	2e09      	cmp	r6, #9
10002bd2:	f443 6380 	orr.w	r3, r3, #1024	@ 0x400
10002bd6:	f240 8131 	bls.w	10002e3c <_vsnprintf+0x438>
10002bda:	282a      	cmp	r0, #42	@ 0x2a
10002bdc:	f000 813e 	beq.w	10002e5c <_vsnprintf+0x458>
10002be0:	4692      	mov	sl, r2
10002be2:	2700      	movs	r7, #0
10002be4:	3201      	adds	r2, #1
10002be6:	e756      	b.n	10002a96 <_vsnprintf+0x92>
10002be8:	464c      	mov	r4, r9
10002bea:	9b09      	ldr	r3, [sp, #36]	@ 0x24
10002bec:	4599      	cmp	r9, r3
10002bee:	d301      	bcc.n	10002bf4 <_vsnprintf+0x1f0>
10002bf0:	f103 39ff 	add.w	r9, r3, #4294967295	@ 0xffffffff
10002bf4:	464a      	mov	r2, r9
10002bf6:	2000      	movs	r0, #0
10002bf8:	9b09      	ldr	r3, [sp, #36]	@ 0x24
10002bfa:	990a      	ldr	r1, [sp, #40]	@ 0x28
10002bfc:	47d8      	blx	fp
10002bfe:	4620      	mov	r0, r4
10002c00:	b01b      	add	sp, #108	@ 0x6c
10002c02:	e8bd 8ff0 	ldmia.w	sp!, {r4, r5, r6, r7, r8, r9, sl, fp, pc}
10002c06:	f1a0 0269 	sub.w	r2, r0, #105	@ 0x69
10002c0a:	b2d2      	uxtb	r2, r2
10002c0c:	2a0f      	cmp	r2, #15
10002c0e:	d841      	bhi.n	10002c94 <_vsnprintf+0x290>
10002c10:	2601      	movs	r6, #1
10002c12:	f249 0141 	movw	r1, #36929	@ 0x9041
10002c16:	4096      	lsls	r6, r2
10002c18:	400e      	ands	r6, r1
10002c1a:	f040 8101 	bne.w	10002e20 <_vsnprintf+0x41c>
10002c1e:	2a0a      	cmp	r2, #10
10002c20:	d03f      	beq.n	10002ca2 <_vsnprintf+0x29e>
10002c22:	2a07      	cmp	r2, #7
10002c24:	d136      	bne.n	10002c94 <_vsnprintf+0x290>
10002c26:	9c0b      	ldr	r4, [sp, #44]	@ 0x2c
10002c28:	f854 2b04 	ldr.w	r2, [r4], #4
10002c2c:	2a00      	cmp	r2, #0
10002c2e:	f000 8128 	beq.w	10002e82 <_vsnprintf+0x47e>
10002c32:	f043 0121 	orr.w	r1, r3, #33	@ 0x21
10002c36:	f10d 0e48 	add.w	lr, sp, #72	@ 0x48
10002c3a:	4670      	mov	r0, lr
10002c3c:	e003      	b.n	10002c46 <_vsnprintf+0x242>
10002c3e:	2e20      	cmp	r6, #32
10002c40:	f000 8129 	beq.w	10002e96 <_vsnprintf+0x492>
10002c44:	461a      	mov	r2, r3
10002c46:	f002 050f 	and.w	r5, r2, #15
10002c4a:	462b      	mov	r3, r5
10002c4c:	2d09      	cmp	r5, #9
10002c4e:	bf94      	ite	ls
10002c50:	3330      	addls	r3, #48	@ 0x30
10002c52:	3337      	addhi	r3, #55	@ 0x37
10002c54:	2a0f      	cmp	r2, #15
10002c56:	f800 3b01 	strb.w	r3, [r0], #1
10002c5a:	f106 0601 	add.w	r6, r6, #1
10002c5e:	ea4f 1312 	mov.w	r3, r2, lsr #4
10002c62:	d8ec      	bhi.n	10002c3e <_vsnprintf+0x23a>
10002c64:	e117      	b.n	10002e96 <_vsnprintf+0x492>
10002c66:	bf00      	nop
10002c68:	10002a05 	.word	0x10002a05
10002c6c:	20001064 	.word	0x20001064
10002c70:	10001e65 	.word	0x10001e65
10002c74:	9c0b      	ldr	r4, [sp, #44]	@ 0x2c
10002c76:	f89a 0001 	ldrb.w	r0, [sl, #1]
10002c7a:	f854 5b04 	ldr.w	r5, [r4], #4
10002c7e:	4692      	mov	sl, r2
10002c80:	2d00      	cmp	r5, #0
10002c82:	bfbd      	ittte	lt
10002c84:	4269      	neglt	r1, r5
10002c86:	f043 0302 	orrlt.w	r3, r3, #2
10002c8a:	910c      	strlt	r1, [sp, #48]	@ 0x30
10002c8c:	950c      	strge	r5, [sp, #48]	@ 0x30
10002c8e:	940b      	str	r4, [sp, #44]	@ 0x2c
10002c90:	3201      	adds	r2, #1
10002c92:	e6fc      	b.n	10002a8e <_vsnprintf+0x8a>
10002c94:	464a      	mov	r2, r9
10002c96:	9b09      	ldr	r3, [sp, #36]	@ 0x24
10002c98:	990a      	ldr	r1, [sp, #40]	@ 0x28
10002c9a:	f109 0901 	add.w	r9, r9, #1
10002c9e:	47d8      	blx	fp
10002ca0:	e6cf      	b.n	10002a42 <_vsnprintf+0x3e>
10002ca2:	990b      	ldr	r1, [sp, #44]	@ 0x2c
10002ca4:	f851 8b04 	ldr.w	r8, [r1], #4
10002ca8:	f898 2000 	ldrb.w	r2, [r8]
10002cac:	4610      	mov	r0, r2
10002cae:	2f00      	cmp	r7, #0
10002cb0:	f040 80e1 	bne.w	10002e76 <_vsnprintf+0x472>
10002cb4:	b172      	cbz	r2, 10002cd4 <_vsnprintf+0x2d0>
10002cb6:	f06f 0c01 	mvn.w	ip, #1
10002cba:	f10c 0c01 	add.w	ip, ip, #1
10002cbe:	4646      	mov	r6, r8
10002cc0:	44c4      	add	ip, r8
10002cc2:	e001      	b.n	10002cc8 <_vsnprintf+0x2c4>
10002cc4:	4566      	cmp	r6, ip
10002cc6:	d003      	beq.n	10002cd0 <_vsnprintf+0x2cc>
10002cc8:	f816 4f01 	ldrb.w	r4, [r6, #1]!
10002ccc:	2c00      	cmp	r4, #0
10002cce:	d1f9      	bne.n	10002cc4 <_vsnprintf+0x2c0>
10002cd0:	eba6 0608 	sub.w	r6, r6, r8
10002cd4:	f413 6c80 	ands.w	ip, r3, #1024	@ 0x400
10002cd8:	d002      	beq.n	10002ce0 <_vsnprintf+0x2dc>
10002cda:	42be      	cmp	r6, r7
10002cdc:	bf28      	it	cs
10002cde:	463e      	movcs	r6, r7
10002ce0:	f013 0402 	ands.w	r4, r3, #2
10002ce4:	f000 8187 	beq.w	10002ff6 <_vsnprintf+0x5f2>
10002ce8:	2a00      	cmp	r2, #0
10002cea:	f000 812b 	beq.w	10002f44 <_vsnprintf+0x540>
10002cee:	f1bc 0f00 	cmp.w	ip, #0
10002cf2:	f000 8141 	beq.w	10002f78 <_vsnprintf+0x574>
10002cf6:	940b      	str	r4, [sp, #44]	@ 0x2c
10002cf8:	960d      	str	r6, [sp, #52]	@ 0x34
10002cfa:	464a      	mov	r2, r9
10002cfc:	e9dd 5409 	ldrd	r5, r4, [sp, #36]	@ 0x24
10002d00:	460e      	mov	r6, r1
10002d02:	444f      	add	r7, r9
10002d04:	e008      	b.n	10002d18 <_vsnprintf+0x314>
10002d06:	462b      	mov	r3, r5
10002d08:	4621      	mov	r1, r4
10002d0a:	47d8      	blx	fp
10002d0c:	f818 0f01 	ldrb.w	r0, [r8, #1]!
10002d10:	f109 0901 	add.w	r9, r9, #1
10002d14:	b110      	cbz	r0, 10002d1c <_vsnprintf+0x318>
10002d16:	464a      	mov	r2, r9
10002d18:	454f      	cmp	r7, r9
10002d1a:	d1f4      	bne.n	10002d06 <_vsnprintf+0x302>
10002d1c:	4631      	mov	r1, r6
10002d1e:	9c0b      	ldr	r4, [sp, #44]	@ 0x2c
10002d20:	9e0d      	ldr	r6, [sp, #52]	@ 0x34
10002d22:	2c00      	cmp	r4, #0
10002d24:	f040 810e 	bne.w	10002f44 <_vsnprintf+0x540>
10002d28:	910b      	str	r1, [sp, #44]	@ 0x2c
10002d2a:	e68a      	b.n	10002a42 <_vsnprintf+0x3e>
10002d2c:	f89a 0001 	ldrb.w	r0, [sl, #1]
10002d30:	286c      	cmp	r0, #108	@ 0x6c
10002d32:	f47f aedf 	bne.w	10002af4 <_vsnprintf+0xf0>
10002d36:	f89a 0002 	ldrb.w	r0, [sl, #2]
10002d3a:	f443 7340 	orr.w	r3, r3, #768	@ 0x300
10002d3e:	f10a 0203 	add.w	r2, sl, #3
10002d42:	e6da      	b.n	10002afa <_vsnprintf+0xf6>
10002d44:	f89a 0001 	ldrb.w	r0, [sl, #1]
10002d48:	f443 7300 	orr.w	r3, r3, #512	@ 0x200
10002d4c:	3201      	adds	r2, #1
10002d4e:	e6d4      	b.n	10002afa <_vsnprintf+0xf6>
10002d50:	f89a 0001 	ldrb.w	r0, [sl, #1]
10002d54:	2868      	cmp	r0, #104	@ 0x68
10002d56:	f000 8120 	beq.w	10002f9a <_vsnprintf+0x596>
10002d5a:	f043 0380 	orr.w	r3, r3, #128	@ 0x80
10002d5e:	3201      	adds	r2, #1
10002d60:	e6cb      	b.n	10002afa <_vsnprintf+0xf6>
10002d62:	2867      	cmp	r0, #103	@ 0x67
10002d64:	f000 80e7 	beq.w	10002f36 <_vsnprintf+0x532>
10002d68:	2847      	cmp	r0, #71	@ 0x47
10002d6a:	f000 8100 	beq.w	10002f6e <_vsnprintf+0x56a>
10002d6e:	2845      	cmp	r0, #69	@ 0x45
10002d70:	f000 80ff 	beq.w	10002f72 <_vsnprintf+0x56e>
10002d74:	9c0b      	ldr	r4, [sp, #44]	@ 0x2c
10002d76:	9304      	str	r3, [sp, #16]
10002d78:	9b0c      	ldr	r3, [sp, #48]	@ 0x30
10002d7a:	3407      	adds	r4, #7
10002d7c:	e9cd 7302 	strd	r7, r3, [sp, #8]
10002d80:	f024 0307 	bic.w	r3, r4, #7
10002d84:	461c      	mov	r4, r3
10002d86:	e9dd 3109 	ldrd	r3, r1, [sp, #36]	@ 0x24
10002d8a:	e8f4 6702 	ldrd	r6, r7, [r4], #8
10002d8e:	464a      	mov	r2, r9
10002d90:	4658      	mov	r0, fp
10002d92:	e9cd 6700 	strd	r6, r7, [sp]
10002d96:	940b      	str	r4, [sp, #44]	@ 0x2c
10002d98:	f7ff fa0a 	bl	100021b0 <_etoa>
10002d9c:	4681      	mov	r9, r0
10002d9e:	e650      	b.n	10002a42 <_vsnprintf+0x3e>
10002da0:	2846      	cmp	r0, #70	@ 0x46
10002da2:	9c0b      	ldr	r4, [sp, #44]	@ 0x2c
10002da4:	bf08      	it	eq
10002da6:	f043 0320 	orreq.w	r3, r3, #32
10002daa:	9304      	str	r3, [sp, #16]
10002dac:	9b0c      	ldr	r3, [sp, #48]	@ 0x30
10002dae:	3407      	adds	r4, #7
10002db0:	e9cd 7302 	strd	r7, r3, [sp, #8]
10002db4:	f024 0307 	bic.w	r3, r4, #7
10002db8:	461c      	mov	r4, r3
10002dba:	e9dd 3109 	ldrd	r3, r1, [sp, #36]	@ 0x24
10002dbe:	e8f4 6702 	ldrd	r6, r7, [r4], #8
10002dc2:	464a      	mov	r2, r9
10002dc4:	4658      	mov	r0, fp
10002dc6:	e9cd 6700 	strd	r6, r7, [sp]
10002dca:	940b      	str	r4, [sp, #44]	@ 0x2c
10002dcc:	f7ff fc20 	bl	10002610 <_ftoa>
10002dd0:	4681      	mov	r9, r0
10002dd2:	e636      	b.n	10002a42 <_vsnprintf+0x3e>
10002dd4:	464a      	mov	r2, r9
10002dd6:	2025      	movs	r0, #37	@ 0x25
10002dd8:	9b09      	ldr	r3, [sp, #36]	@ 0x24
10002dda:	990a      	ldr	r1, [sp, #40]	@ 0x28
10002ddc:	f109 0901 	add.w	r9, r9, #1
10002de0:	47d8      	blx	fp
10002de2:	e62e      	b.n	10002a42 <_vsnprintf+0x3e>
10002de4:	9a0b      	ldr	r2, [sp, #44]	@ 0x2c
10002de6:	079c      	lsls	r4, r3, #30
10002de8:	f102 0704 	add.w	r7, r2, #4
10002dec:	f109 0601 	add.w	r6, r9, #1
10002df0:	f140 80e6 	bpl.w	10002fc0 <_vsnprintf+0x5bc>
10002df4:	7810      	ldrb	r0, [r2, #0]
10002df6:	9b09      	ldr	r3, [sp, #36]	@ 0x24
10002df8:	464a      	mov	r2, r9
10002dfa:	990a      	ldr	r1, [sp, #40]	@ 0x28
10002dfc:	47d8      	blx	fp
10002dfe:	9b0c      	ldr	r3, [sp, #48]	@ 0x30
10002e00:	2b01      	cmp	r3, #1
10002e02:	f240 812c 	bls.w	1000305e <_vsnprintf+0x65a>
10002e06:	e9dd 5409 	ldrd	r5, r4, [sp, #36]	@ 0x24
10002e0a:	4499      	add	r9, r3
10002e0c:	4632      	mov	r2, r6
10002e0e:	462b      	mov	r3, r5
10002e10:	4621      	mov	r1, r4
10002e12:	2020      	movs	r0, #32
10002e14:	3601      	adds	r6, #1
10002e16:	47d8      	blx	fp
10002e18:	454e      	cmp	r6, r9
10002e1a:	d1f7      	bne.n	10002e0c <_vsnprintf+0x408>
10002e1c:	970b      	str	r7, [sp, #44]	@ 0x2c
10002e1e:	e610      	b.n	10002a42 <_vsnprintf+0x3e>
10002e20:	286f      	cmp	r0, #111	@ 0x6f
10002e22:	f000 808b 	beq.w	10002f3c <_vsnprintf+0x538>
10002e26:	f240 8165 	bls.w	100030f4 <_vsnprintf+0x6f0>
10002e2a:	2878      	cmp	r0, #120	@ 0x78
10002e2c:	f000 8108 	beq.w	10003040 <_vsnprintf+0x63c>
10002e30:	f04f 080a 	mov.w	r8, #10
10002e34:	f023 0310 	bic.w	r3, r3, #16
10002e38:	46c4      	mov	ip, r8
10002e3a:	e047      	b.n	10002ecc <_vsnprintf+0x4c8>
10002e3c:	2700      	movs	r7, #0
10002e3e:	eb07 0787 	add.w	r7, r7, r7, lsl #2
10002e42:	eb00 0047 	add.w	r0, r0, r7, lsl #1
10002e46:	f1a0 0730 	sub.w	r7, r0, #48	@ 0x30
10002e4a:	f811 0f01 	ldrb.w	r0, [r1, #1]!
10002e4e:	f1a0 0230 	sub.w	r2, r0, #48	@ 0x30
10002e52:	2a09      	cmp	r2, #9
10002e54:	d9f3      	bls.n	10002e3e <_vsnprintf+0x43a>
10002e56:	468a      	mov	sl, r1
10002e58:	1c4a      	adds	r2, r1, #1
10002e5a:	e61c      	b.n	10002a96 <_vsnprintf+0x92>
10002e5c:	9c0b      	ldr	r4, [sp, #44]	@ 0x2c
10002e5e:	f89a 0002 	ldrb.w	r0, [sl, #2]
10002e62:	f854 7b04 	ldr.w	r7, [r4], #4
10002e66:	f10a 0a02 	add.w	sl, sl, #2
10002e6a:	f10a 0201 	add.w	r2, sl, #1
10002e6e:	940b      	str	r4, [sp, #44]	@ 0x2c
10002e70:	ea27 77e7 	bic.w	r7, r7, r7, asr #31
10002e74:	e60f      	b.n	10002a96 <_vsnprintf+0x92>
10002e76:	2a00      	cmp	r2, #0
10002e78:	f43f af2c 	beq.w	10002cd4 <_vsnprintf+0x2d0>
10002e7c:	f107 3cff 	add.w	ip, r7, #4294967295	@ 0xffffffff
10002e80:	e71b      	b.n	10002cba <_vsnprintf+0x2b6>
10002e82:	f023 0110 	bic.w	r1, r3, #16
10002e86:	f413 6280 	ands.w	r2, r3, #1024	@ 0x400
10002e8a:	f041 0121 	orr.w	r1, r1, #33	@ 0x21
10002e8e:	f43f aed2 	beq.w	10002c36 <_vsnprintf+0x232>
10002e92:	f10d 0e48 	add.w	lr, sp, #72	@ 0x48
10002e96:	2308      	movs	r3, #8
10002e98:	2010      	movs	r0, #16
10002e9a:	9305      	str	r3, [sp, #20]
10002e9c:	2300      	movs	r3, #0
10002e9e:	464a      	mov	r2, r9
10002ea0:	e9cd 3002 	strd	r3, r0, [sp, #8]
10002ea4:	9106      	str	r1, [sp, #24]
10002ea6:	4658      	mov	r0, fp
10002ea8:	e9dd 3109 	ldrd	r3, r1, [sp, #36]	@ 0x24
10002eac:	e9cd e600 	strd	lr, r6, [sp]
10002eb0:	9704      	str	r7, [sp, #16]
10002eb2:	f7ff f827 	bl	10001f04 <_ntoa_format>
10002eb6:	940b      	str	r4, [sp, #44]	@ 0x2c
10002eb8:	4681      	mov	r9, r0
10002eba:	e5c2      	b.n	10002a42 <_vsnprintf+0x3e>
10002ebc:	2858      	cmp	r0, #88	@ 0x58
10002ebe:	d079      	beq.n	10002fb4 <_vsnprintf+0x5b0>
10002ec0:	2862      	cmp	r0, #98	@ 0x62
10002ec2:	f040 8251 	bne.w	10003368 <_vsnprintf+0x964>
10002ec6:	f04f 0802 	mov.w	r8, #2
10002eca:	46c4      	mov	ip, r8
10002ecc:	f413 6080 	ands.w	r0, r3, #1024	@ 0x400
10002ed0:	d16d      	bne.n	10002fae <_vsnprintf+0x5aa>
10002ed2:	f023 030c 	bic.w	r3, r3, #12
10002ed6:	f413 7200 	ands.w	r2, r3, #512	@ 0x200
10002eda:	f040 80c2 	bne.w	10003062 <_vsnprintf+0x65e>
10002ede:	990b      	ldr	r1, [sp, #44]	@ 0x2c
10002ee0:	3104      	adds	r1, #4
10002ee2:	910d      	str	r1, [sp, #52]	@ 0x34
10002ee4:	f413 7180 	ands.w	r1, r3, #256	@ 0x100
10002ee8:	f040 822e 	bne.w	10003348 <_vsnprintf+0x944>
10002eec:	065e      	lsls	r6, r3, #25
10002eee:	9a0b      	ldr	r2, [sp, #44]	@ 0x2c
10002ef0:	f140 80aa 	bpl.w	10003048 <_vsnprintf+0x644>
10002ef4:	7812      	ldrb	r2, [r2, #0]
10002ef6:	2a00      	cmp	r2, #0
10002ef8:	f040 80da 	bne.w	100030b0 <_vsnprintf+0x6ac>
10002efc:	f023 0310 	bic.w	r3, r3, #16
10002f00:	2800      	cmp	r0, #0
10002f02:	f000 80d5 	beq.w	100030b0 <_vsnprintf+0x6ac>
10002f06:	4611      	mov	r1, r2
10002f08:	f10d 0e48 	add.w	lr, sp, #72	@ 0x48
10002f0c:	9306      	str	r3, [sp, #24]
10002f0e:	9b0c      	ldr	r3, [sp, #48]	@ 0x30
10002f10:	f8cd c00c 	str.w	ip, [sp, #12]
10002f14:	e9cd 7304 	strd	r7, r3, [sp, #16]
10002f18:	9101      	str	r1, [sp, #4]
10002f1a:	2300      	movs	r3, #0
10002f1c:	464a      	mov	r2, r9
10002f1e:	9302      	str	r3, [sp, #8]
10002f20:	4658      	mov	r0, fp
10002f22:	e9dd 3109 	ldrd	r3, r1, [sp, #36]	@ 0x24
10002f26:	f8cd e000 	str.w	lr, [sp]
10002f2a:	f7fe ffeb 	bl	10001f04 <_ntoa_format>
10002f2e:	9b0d      	ldr	r3, [sp, #52]	@ 0x34
10002f30:	4681      	mov	r9, r0
10002f32:	930b      	str	r3, [sp, #44]	@ 0x2c
10002f34:	e585      	b.n	10002a42 <_vsnprintf+0x3e>
10002f36:	f443 6300 	orr.w	r3, r3, #2048	@ 0x800
10002f3a:	e71b      	b.n	10002d74 <_vsnprintf+0x370>
10002f3c:	f04f 0808 	mov.w	r8, #8
10002f40:	46c4      	mov	ip, r8
10002f42:	e7c3      	b.n	10002ecc <_vsnprintf+0x4c8>
10002f44:	9b0c      	ldr	r3, [sp, #48]	@ 0x30
10002f46:	464c      	mov	r4, r9
10002f48:	42b3      	cmp	r3, r6
10002f4a:	f67f aeed 	bls.w	10002d28 <_vsnprintf+0x324>
10002f4e:	460f      	mov	r7, r1
10002f50:	444b      	add	r3, r9
10002f52:	eba3 0906 	sub.w	r9, r3, r6
10002f56:	e9dd 6509 	ldrd	r6, r5, [sp, #36]	@ 0x24
10002f5a:	4622      	mov	r2, r4
10002f5c:	4633      	mov	r3, r6
10002f5e:	4629      	mov	r1, r5
10002f60:	2020      	movs	r0, #32
10002f62:	3401      	adds	r4, #1
10002f64:	47d8      	blx	fp
10002f66:	454c      	cmp	r4, r9
10002f68:	d1f7      	bne.n	10002f5a <_vsnprintf+0x556>
10002f6a:	4639      	mov	r1, r7
10002f6c:	e6dc      	b.n	10002d28 <_vsnprintf+0x324>
10002f6e:	f443 6300 	orr.w	r3, r3, #2048	@ 0x800
10002f72:	f043 0320 	orr.w	r3, r3, #32
10002f76:	e6fd      	b.n	10002d74 <_vsnprintf+0x370>
10002f78:	460f      	mov	r7, r1
10002f7a:	940b      	str	r4, [sp, #44]	@ 0x2c
10002f7c:	e9dd 5409 	ldrd	r5, r4, [sp, #36]	@ 0x24
10002f80:	464a      	mov	r2, r9
10002f82:	462b      	mov	r3, r5
10002f84:	4621      	mov	r1, r4
10002f86:	47d8      	blx	fp
10002f88:	f818 0f01 	ldrb.w	r0, [r8, #1]!
10002f8c:	f109 0901 	add.w	r9, r9, #1
10002f90:	2800      	cmp	r0, #0
10002f92:	d1f5      	bne.n	10002f80 <_vsnprintf+0x57c>
10002f94:	4639      	mov	r1, r7
10002f96:	9c0b      	ldr	r4, [sp, #44]	@ 0x2c
10002f98:	e6c3      	b.n	10002d22 <_vsnprintf+0x31e>
10002f9a:	f89a 0002 	ldrb.w	r0, [sl, #2]
10002f9e:	f043 03c0 	orr.w	r3, r3, #192	@ 0xc0
10002fa2:	f10a 0203 	add.w	r2, sl, #3
10002fa6:	e5a8      	b.n	10002afa <_vsnprintf+0xf6>
10002fa8:	4604      	mov	r4, r0
10002faa:	4681      	mov	r9, r0
10002fac:	e61d      	b.n	10002bea <_vsnprintf+0x1e6>
10002fae:	f023 030d 	bic.w	r3, r3, #13
10002fb2:	e790      	b.n	10002ed6 <_vsnprintf+0x4d2>
10002fb4:	f04f 0810 	mov.w	r8, #16
10002fb8:	f043 0320 	orr.w	r3, r3, #32
10002fbc:	46c4      	mov	ip, r8
10002fbe:	e785      	b.n	10002ecc <_vsnprintf+0x4c8>
10002fc0:	9b0c      	ldr	r3, [sp, #48]	@ 0x30
10002fc2:	2b01      	cmp	r3, #1
10002fc4:	d945      	bls.n	10003052 <_vsnprintf+0x64e>
10002fc6:	e9dd 5409 	ldrd	r5, r4, [sp, #36]	@ 0x24
10002fca:	464e      	mov	r6, r9
10002fcc:	f109 38ff 	add.w	r8, r9, #4294967295	@ 0xffffffff
10002fd0:	4498      	add	r8, r3
10002fd2:	4632      	mov	r2, r6
10002fd4:	462b      	mov	r3, r5
10002fd6:	4621      	mov	r1, r4
10002fd8:	2020      	movs	r0, #32
10002fda:	3601      	adds	r6, #1
10002fdc:	47d8      	blx	fp
10002fde:	4546      	cmp	r6, r8
10002fe0:	d1f7      	bne.n	10002fd2 <_vsnprintf+0x5ce>
10002fe2:	9b0c      	ldr	r3, [sp, #48]	@ 0x30
10002fe4:	4632      	mov	r2, r6
10002fe6:	4499      	add	r9, r3
10002fe8:	9b0b      	ldr	r3, [sp, #44]	@ 0x2c
10002fea:	7818      	ldrb	r0, [r3, #0]
10002fec:	e9dd 3109 	ldrd	r3, r1, [sp, #36]	@ 0x24
10002ff0:	47d8      	blx	fp
10002ff2:	970b      	str	r7, [sp, #44]	@ 0x2c
10002ff4:	e525      	b.n	10002a42 <_vsnprintf+0x3e>
10002ff6:	9b0c      	ldr	r3, [sp, #48]	@ 0x30
10002ff8:	42b3      	cmp	r3, r6
10002ffa:	f240 81ee 	bls.w	100033da <_vsnprintf+0x9d6>
10002ffe:	e9cd 480d 	strd	r4, r8, [sp, #52]	@ 0x34
10003002:	e9dd 5409 	ldrd	r5, r4, [sp, #36]	@ 0x24
10003006:	4688      	mov	r8, r1
10003008:	444b      	add	r3, r9
1000300a:	1b9e      	subs	r6, r3, r6
1000300c:	f8cd c02c 	str.w	ip, [sp, #44]	@ 0x2c
10003010:	464a      	mov	r2, r9
10003012:	462b      	mov	r3, r5
10003014:	4621      	mov	r1, r4
10003016:	2020      	movs	r0, #32
10003018:	f109 0901 	add.w	r9, r9, #1
1000301c:	47d8      	blx	fp
1000301e:	45b1      	cmp	r9, r6
10003020:	d1f6      	bne.n	10003010 <_vsnprintf+0x60c>
10003022:	4641      	mov	r1, r8
10003024:	f8dd 8038 	ldr.w	r8, [sp, #56]	@ 0x38
10003028:	9b0c      	ldr	r3, [sp, #48]	@ 0x30
1000302a:	f8dd c02c 	ldr.w	ip, [sp, #44]	@ 0x2c
1000302e:	9c0d      	ldr	r4, [sp, #52]	@ 0x34
10003030:	f898 2000 	ldrb.w	r2, [r8]
10003034:	1c5e      	adds	r6, r3, #1
10003036:	4610      	mov	r0, r2
10003038:	2a00      	cmp	r2, #0
1000303a:	f47f ae58 	bne.w	10002cee <_vsnprintf+0x2ea>
1000303e:	e673      	b.n	10002d28 <_vsnprintf+0x324>
10003040:	f04f 0810 	mov.w	r8, #16
10003044:	46c4      	mov	ip, r8
10003046:	e741      	b.n	10002ecc <_vsnprintf+0x4c8>
10003048:	061d      	lsls	r5, r3, #24
1000304a:	bf4c      	ite	mi
1000304c:	8812      	ldrhmi	r2, [r2, #0]
1000304e:	6812      	ldrpl	r2, [r2, #0]
10003050:	e751      	b.n	10002ef6 <_vsnprintf+0x4f2>
10003052:	4613      	mov	r3, r2
10003054:	464a      	mov	r2, r9
10003056:	7818      	ldrb	r0, [r3, #0]
10003058:	e9dd 3109 	ldrd	r3, r1, [sp, #36]	@ 0x24
1000305c:	47d8      	blx	fp
1000305e:	46b1      	mov	r9, r6
10003060:	e6dc      	b.n	10002e1c <_vsnprintf+0x418>
10003062:	9c0b      	ldr	r4, [sp, #44]	@ 0x2c
10003064:	3407      	adds	r4, #7
10003066:	f024 0407 	bic.w	r4, r4, #7
1000306a:	4622      	mov	r2, r4
1000306c:	6865      	ldr	r5, [r4, #4]
1000306e:	f852 4b08 	ldr.w	r4, [r2], #8
10003072:	920b      	str	r2, [sp, #44]	@ 0x2c
10003074:	ea54 0205 	orrs.w	r2, r4, r5
10003078:	f040 812c 	bne.w	100032d4 <_vsnprintf+0x8d0>
1000307c:	f023 0310 	bic.w	r3, r3, #16
10003080:	2800      	cmp	r0, #0
10003082:	f000 8127 	beq.w	100032d4 <_vsnprintf+0x8d0>
10003086:	2600      	movs	r6, #0
10003088:	f10d 0e48 	add.w	lr, sp, #72	@ 0x48
1000308c:	9306      	str	r3, [sp, #24]
1000308e:	9b0c      	ldr	r3, [sp, #48]	@ 0x30
10003090:	464a      	mov	r2, r9
10003092:	e9cd 7304 	strd	r7, r3, [sp, #16]
10003096:	2300      	movs	r3, #0
10003098:	e9cd e600 	strd	lr, r6, [sp]
1000309c:	f8cd c00c 	str.w	ip, [sp, #12]
100030a0:	9302      	str	r3, [sp, #8]
100030a2:	4658      	mov	r0, fp
100030a4:	e9dd 3109 	ldrd	r3, r1, [sp, #36]	@ 0x24
100030a8:	f7fe ff2c 	bl	10001f04 <_ntoa_format>
100030ac:	4681      	mov	r9, r0
100030ae:	e4c8      	b.n	10002a42 <_vsnprintf+0x3e>
100030b0:	f013 0f20 	tst.w	r3, #32
100030b4:	bf14      	ite	ne
100030b6:	2041      	movne	r0, #65	@ 0x41
100030b8:	2061      	moveq	r0, #97	@ 0x61
100030ba:	f10d 0e48 	add.w	lr, sp, #72	@ 0x48
100030be:	4676      	mov	r6, lr
100030c0:	f1a0 080a 	sub.w	r8, r0, #10
100030c4:	e003      	b.n	100030ce <_vsnprintf+0x6ca>
100030c6:	2920      	cmp	r1, #32
100030c8:	f43f af20 	beq.w	10002f0c <_vsnprintf+0x508>
100030cc:	4622      	mov	r2, r4
100030ce:	fbb2 f4fc 	udiv	r4, r2, ip
100030d2:	fb0c 2514 	mls	r5, ip, r4, r2
100030d6:	b2e8      	uxtb	r0, r5
100030d8:	2d09      	cmp	r5, #9
100030da:	f100 0530 	add.w	r5, r0, #48	@ 0x30
100030de:	bf8a      	itet	hi
100030e0:	4440      	addhi	r0, r8
100030e2:	b2e8      	uxtbls	r0, r5
100030e4:	b2c0      	uxtbhi	r0, r0
100030e6:	4562      	cmp	r2, ip
100030e8:	f806 0b01 	strb.w	r0, [r6], #1
100030ec:	f101 0101 	add.w	r1, r1, #1
100030f0:	d2e9      	bcs.n	100030c6 <_vsnprintf+0x6c2>
100030f2:	e70b      	b.n	10002f0c <_vsnprintf+0x508>
100030f4:	f023 0210 	bic.w	r2, r3, #16
100030f8:	2869      	cmp	r0, #105	@ 0x69
100030fa:	920d      	str	r2, [sp, #52]	@ 0x34
100030fc:	f040 816f 	bne.w	100033de <_vsnprintf+0x9da>
10003100:	f413 6280 	ands.w	r2, r3, #1024	@ 0x400
10003104:	d004      	beq.n	10003110 <_vsnprintf+0x70c>
10003106:	f44f 6280 	mov.w	r2, #1024	@ 0x400
1000310a:	f023 0311 	bic.w	r3, r3, #17
1000310e:	930d      	str	r3, [sp, #52]	@ 0x34
10003110:	9b0d      	ldr	r3, [sp, #52]	@ 0x34
10003112:	f413 7600 	ands.w	r6, r3, #512	@ 0x200
10003116:	d140      	bne.n	1000319a <_vsnprintf+0x796>
10003118:	9b0b      	ldr	r3, [sp, #44]	@ 0x2c
1000311a:	f103 0804 	add.w	r8, r3, #4
1000311e:	9b0d      	ldr	r3, [sp, #52]	@ 0x34
10003120:	f413 7080 	ands.w	r0, r3, #256	@ 0x100
10003124:	f040 8098 	bne.w	10003258 <_vsnprintf+0x854>
10003128:	0659      	lsls	r1, r3, #25
1000312a:	f140 80c6 	bpl.w	100032ba <_vsnprintf+0x8b6>
1000312e:	9b0b      	ldr	r3, [sp, #44]	@ 0x2c
10003130:	7819      	ldrb	r1, [r3, #0]
10003132:	460c      	mov	r4, r1
10003134:	0fcb      	lsrs	r3, r1, #31
10003136:	2900      	cmp	r1, #0
10003138:	f000 80b9 	beq.w	100032ae <_vsnprintf+0x8aa>
1000313c:	4622      	mov	r2, r4
1000313e:	f10d 0e48 	add.w	lr, sp, #72	@ 0x48
10003142:	4674      	mov	r4, lr
10003144:	4616      	mov	r6, r2
10003146:	f8df c2a0 	ldr.w	ip, [pc, #672]	@ 100033e8 <_vsnprintf+0x9e4>
1000314a:	e001      	b.n	10003150 <_vsnprintf+0x74c>
1000314c:	2820      	cmp	r0, #32
1000314e:	d00f      	beq.n	10003170 <_vsnprintf+0x76c>
10003150:	4635      	mov	r5, r6
10003152:	fbac 2106 	umull	r2, r1, ip, r6
10003156:	08c9      	lsrs	r1, r1, #3
10003158:	eb01 0281 	add.w	r2, r1, r1, lsl #2
1000315c:	eba6 0242 	sub.w	r2, r6, r2, lsl #1
10003160:	3230      	adds	r2, #48	@ 0x30
10003162:	2d09      	cmp	r5, #9
10003164:	460e      	mov	r6, r1
10003166:	f100 0001 	add.w	r0, r0, #1
1000316a:	f804 2b01 	strb.w	r2, [r4], #1
1000316e:	d8ed      	bhi.n	1000314c <_vsnprintf+0x748>
10003170:	9a0d      	ldr	r2, [sp, #52]	@ 0x34
10003172:	e9cd 0301 	strd	r0, r3, [sp, #4]
10003176:	9206      	str	r2, [sp, #24]
10003178:	9a0c      	ldr	r2, [sp, #48]	@ 0x30
1000317a:	e9cd 7204 	strd	r7, r2, [sp, #16]
1000317e:	230a      	movs	r3, #10
10003180:	464a      	mov	r2, r9
10003182:	9303      	str	r3, [sp, #12]
10003184:	4658      	mov	r0, fp
10003186:	e9dd 3109 	ldrd	r3, r1, [sp, #36]	@ 0x24
1000318a:	f8cd e000 	str.w	lr, [sp]
1000318e:	f7fe feb9 	bl	10001f04 <_ntoa_format>
10003192:	f8cd 802c 	str.w	r8, [sp, #44]	@ 0x2c
10003196:	4681      	mov	r9, r0
10003198:	e453      	b.n	10002a42 <_vsnprintf+0x3e>
1000319a:	9c0b      	ldr	r4, [sp, #44]	@ 0x2c
1000319c:	3407      	adds	r4, #7
1000319e:	f024 0407 	bic.w	r4, r4, #7
100031a2:	4621      	mov	r1, r4
100031a4:	4608      	mov	r0, r1
100031a6:	6863      	ldr	r3, [r4, #4]
100031a8:	f850 1b08 	ldr.w	r1, [r0], #8
100031ac:	0fdc      	lsrs	r4, r3, #31
100031ae:	900b      	str	r0, [sp, #44]	@ 0x2c
100031b0:	ea51 0003 	orrs.w	r0, r1, r3
100031b4:	f000 80c3 	beq.w	1000333e <_vsnprintf+0x93a>
100031b8:	460a      	mov	r2, r1
100031ba:	1e19      	subs	r1, r3, #0
100031bc:	db48      	blt.n	10003250 <_vsnprintf+0x84c>
100031be:	4613      	mov	r3, r2
100031c0:	f10d 0e48 	add.w	lr, sp, #72	@ 0x48
100031c4:	46f4      	mov	ip, lr
100031c6:	2600      	movs	r6, #0
100031c8:	e9cd 940e 	strd	r9, r4, [sp, #56]	@ 0x38
100031cc:	f8df 8218 	ldr.w	r8, [pc, #536]	@ 100033e8 <_vsnprintf+0x9e4>
100031d0:	e001      	b.n	100031d6 <_vsnprintf+0x7d2>
100031d2:	2e20      	cmp	r6, #32
100031d4:	d02d      	beq.n	10003232 <_vsnprintf+0x82e>
100031d6:	185a      	adds	r2, r3, r1
100031d8:	f142 0200 	adc.w	r2, r2, #0
100031dc:	fba8 5902 	umull	r5, r9, r8, r2
100031e0:	f029 0503 	bic.w	r5, r9, #3
100031e4:	eb05 0599 	add.w	r5, r5, r9, lsr #2
100031e8:	1b52      	subs	r2, r2, r5
100031ea:	461c      	mov	r4, r3
100031ec:	1a9b      	subs	r3, r3, r2
100031ee:	f161 0500 	sbc.w	r5, r1, #0
100031f2:	4608      	mov	r0, r1
100031f4:	f04f 31cc 	mov.w	r1, #3435973836	@ 0xcccccccc
100031f8:	fb01 f103 	mul.w	r1, r1, r3
100031fc:	fb08 1105 	mla	r1, r8, r5, r1
10003200:	fba3 5308 	umull	r5, r3, r3, r8
10003204:	4419      	add	r1, r3
10003206:	2305      	movs	r3, #5
10003208:	f005 0901 	and.w	r9, r5, #1
1000320c:	fba9 3903 	umull	r3, r9, r9, r3
10003210:	189b      	adds	r3, r3, r2
10003212:	2c0a      	cmp	r4, #10
10003214:	f103 0330 	add.w	r3, r3, #48	@ 0x30
10003218:	ea4f 0555 	mov.w	r5, r5, lsr #1
1000321c:	f170 0000 	sbcs.w	r0, r0, #0
10003220:	f80c 3b01 	strb.w	r3, [ip], #1
10003224:	f106 0601 	add.w	r6, r6, #1
10003228:	ea45 73c1 	orr.w	r3, r5, r1, lsl #31
1000322c:	ea4f 0151 	mov.w	r1, r1, lsr #1
10003230:	d2cf      	bcs.n	100031d2 <_vsnprintf+0x7ce>
10003232:	e9dd 940e 	ldrd	r9, r4, [sp, #56]	@ 0x38
10003236:	9b0d      	ldr	r3, [sp, #52]	@ 0x34
10003238:	464a      	mov	r2, r9
1000323a:	9306      	str	r3, [sp, #24]
1000323c:	9b0c      	ldr	r3, [sp, #48]	@ 0x30
1000323e:	e9cd 6401 	strd	r6, r4, [sp, #4]
10003242:	e9cd 7304 	strd	r7, r3, [sp, #16]
10003246:	230a      	movs	r3, #10
10003248:	f8cd e000 	str.w	lr, [sp]
1000324c:	9303      	str	r3, [sp, #12]
1000324e:	e728      	b.n	100030a2 <_vsnprintf+0x69e>
10003250:	4252      	negs	r2, r2
10003252:	eb61 0141 	sbc.w	r1, r1, r1, lsl #1
10003256:	e7b2      	b.n	100031be <_vsnprintf+0x7ba>
10003258:	9b0b      	ldr	r3, [sp, #44]	@ 0x2c
1000325a:	6819      	ldr	r1, [r3, #0]
1000325c:	0fcb      	lsrs	r3, r1, #31
1000325e:	2900      	cmp	r1, #0
10003260:	f000 80ab 	beq.w	100033ba <_vsnprintf+0x9b6>
10003264:	ea81 72e1 	eor.w	r2, r1, r1, asr #31
10003268:	eba2 72e1 	sub.w	r2, r2, r1, asr #31
1000326c:	f10d 0e48 	add.w	lr, sp, #72	@ 0x48
10003270:	4670      	mov	r0, lr
10003272:	f8df c174 	ldr.w	ip, [pc, #372]	@ 100033e8 <_vsnprintf+0x9e4>
10003276:	e001      	b.n	1000327c <_vsnprintf+0x878>
10003278:	2e20      	cmp	r6, #32
1000327a:	d010      	beq.n	1000329e <_vsnprintf+0x89a>
1000327c:	4615      	mov	r5, r2
1000327e:	fbac 4102 	umull	r4, r1, ip, r2
10003282:	08c9      	lsrs	r1, r1, #3
10003284:	eb01 0481 	add.w	r4, r1, r1, lsl #2
10003288:	eba2 0444 	sub.w	r4, r2, r4, lsl #1
1000328c:	f104 0230 	add.w	r2, r4, #48	@ 0x30
10003290:	2d09      	cmp	r5, #9
10003292:	f800 2b01 	strb.w	r2, [r0], #1
10003296:	f106 0601 	add.w	r6, r6, #1
1000329a:	460a      	mov	r2, r1
1000329c:	d8ec      	bhi.n	10003278 <_vsnprintf+0x874>
1000329e:	9a0d      	ldr	r2, [sp, #52]	@ 0x34
100032a0:	e9cd 6301 	strd	r6, r3, [sp, #4]
100032a4:	9206      	str	r2, [sp, #24]
100032a6:	9a0c      	ldr	r2, [sp, #48]	@ 0x30
100032a8:	e9cd 7204 	strd	r7, r2, [sp, #16]
100032ac:	e767      	b.n	1000317e <_vsnprintf+0x77a>
100032ae:	2a00      	cmp	r2, #0
100032b0:	f43f af45 	beq.w	1000313e <_vsnprintf+0x73a>
100032b4:	f10d 0e48 	add.w	lr, sp, #72	@ 0x48
100032b8:	e75a      	b.n	10003170 <_vsnprintf+0x76c>
100032ba:	f013 0f80 	tst.w	r3, #128	@ 0x80
100032be:	9b0b      	ldr	r3, [sp, #44]	@ 0x2c
100032c0:	f000 8081 	beq.w	100033c6 <_vsnprintf+0x9c2>
100032c4:	f9b3 1000 	ldrsh.w	r1, [r3]
100032c8:	ea81 74e1 	eor.w	r4, r1, r1, asr #31
100032cc:	eba4 74e1 	sub.w	r4, r4, r1, asr #31
100032d0:	b2a4      	uxth	r4, r4
100032d2:	e72f      	b.n	10003134 <_vsnprintf+0x730>
100032d4:	f013 0f20 	tst.w	r3, #32
100032d8:	bf14      	ite	ne
100032da:	2241      	movne	r2, #65	@ 0x41
100032dc:	2261      	moveq	r2, #97	@ 0x61
100032de:	f10d 0e48 	add.w	lr, sp, #72	@ 0x48
100032e2:	3a0a      	subs	r2, #10
100032e4:	e9cd 970d 	strd	r9, r7, [sp, #52]	@ 0x34
100032e8:	f8cd b044 	str.w	fp, [sp, #68]	@ 0x44
100032ec:	2600      	movs	r6, #0
100032ee:	4677      	mov	r7, lr
100032f0:	46f3      	mov	fp, lr
100032f2:	4691      	mov	r9, r2
100032f4:	e9cd 3c0f 	strd	r3, ip, [sp, #60]	@ 0x3c
100032f8:	e003      	b.n	10003302 <_vsnprintf+0x8fe>
100032fa:	2e20      	cmp	r6, #32
100032fc:	d017      	beq.n	1000332e <_vsnprintf+0x92a>
100032fe:	4604      	mov	r4, r0
10003300:	460d      	mov	r5, r1
10003302:	4629      	mov	r1, r5
10003304:	4642      	mov	r2, r8
10003306:	2300      	movs	r3, #0
10003308:	4620      	mov	r0, r4
1000330a:	f005 fec9 	bl	100090a0 <____aeabi_uldivmod_veneer>
1000330e:	b2d2      	uxtb	r2, r2
10003310:	2a09      	cmp	r2, #9
10003312:	f102 0330 	add.w	r3, r2, #48	@ 0x30
10003316:	bf88      	it	hi
10003318:	eb02 0309 	addhi.w	r3, r2, r9
1000331c:	4544      	cmp	r4, r8
1000331e:	b2db      	uxtb	r3, r3
10003320:	f175 0500 	sbcs.w	r5, r5, #0
10003324:	f807 3b01 	strb.w	r3, [r7], #1
10003328:	f106 0601 	add.w	r6, r6, #1
1000332c:	d2e5      	bcs.n	100032fa <_vsnprintf+0x8f6>
1000332e:	46de      	mov	lr, fp
10003330:	e9dd 970d 	ldrd	r9, r7, [sp, #52]	@ 0x34
10003334:	e9dd 3c0f 	ldrd	r3, ip, [sp, #60]	@ 0x3c
10003338:	f8dd b044 	ldr.w	fp, [sp, #68]	@ 0x44
1000333c:	e6a6      	b.n	1000308c <_vsnprintf+0x688>
1000333e:	2a00      	cmp	r2, #0
10003340:	d147      	bne.n	100033d2 <_vsnprintf+0x9ce>
10003342:	4613      	mov	r3, r2
10003344:	4611      	mov	r1, r2
10003346:	e73b      	b.n	100031c0 <_vsnprintf+0x7bc>
10003348:	990b      	ldr	r1, [sp, #44]	@ 0x2c
1000334a:	6809      	ldr	r1, [r1, #0]
1000334c:	b9a1      	cbnz	r1, 10003378 <_vsnprintf+0x974>
1000334e:	f023 0310 	bic.w	r3, r3, #16
10003352:	b188      	cbz	r0, 10003378 <_vsnprintf+0x974>
10003354:	f10d 0e48 	add.w	lr, sp, #72	@ 0x48
10003358:	9306      	str	r3, [sp, #24]
1000335a:	9b0c      	ldr	r3, [sp, #48]	@ 0x30
1000335c:	f8cd c00c 	str.w	ip, [sp, #12]
10003360:	e9cd 7304 	strd	r7, r3, [sp, #16]
10003364:	9201      	str	r2, [sp, #4]
10003366:	e5d8      	b.n	10002f1a <_vsnprintf+0x516>
10003368:	f413 6280 	ands.w	r2, r3, #1024	@ 0x400
1000336c:	f47f aecb 	bne.w	10003106 <_vsnprintf+0x702>
10003370:	f023 0310 	bic.w	r3, r3, #16
10003374:	930d      	str	r3, [sp, #52]	@ 0x34
10003376:	e6cb      	b.n	10003110 <_vsnprintf+0x70c>
10003378:	f013 0f20 	tst.w	r3, #32
1000337c:	bf14      	ite	ne
1000337e:	2041      	movne	r0, #65	@ 0x41
10003380:	2061      	moveq	r0, #97	@ 0x61
10003382:	f10d 0e48 	add.w	lr, sp, #72	@ 0x48
10003386:	4676      	mov	r6, lr
10003388:	f1a0 080a 	sub.w	r8, r0, #10
1000338c:	e002      	b.n	10003394 <_vsnprintf+0x990>
1000338e:	2a20      	cmp	r2, #32
10003390:	d0e2      	beq.n	10003358 <_vsnprintf+0x954>
10003392:	4621      	mov	r1, r4
10003394:	fbb1 f4fc 	udiv	r4, r1, ip
10003398:	fb0c 1514 	mls	r5, ip, r4, r1
1000339c:	b2e8      	uxtb	r0, r5
1000339e:	2d09      	cmp	r5, #9
100033a0:	f100 0530 	add.w	r5, r0, #48	@ 0x30
100033a4:	bf8a      	itet	hi
100033a6:	4440      	addhi	r0, r8
100033a8:	b2e8      	uxtbls	r0, r5
100033aa:	b2c0      	uxtbhi	r0, r0
100033ac:	4561      	cmp	r1, ip
100033ae:	f806 0b01 	strb.w	r0, [r6], #1
100033b2:	f102 0201 	add.w	r2, r2, #1
100033b6:	d2ea      	bcs.n	1000338e <_vsnprintf+0x98a>
100033b8:	e7ce      	b.n	10003358 <_vsnprintf+0x954>
100033ba:	2a00      	cmp	r2, #0
100033bc:	f43f af56 	beq.w	1000326c <_vsnprintf+0x868>
100033c0:	f10d 0e48 	add.w	lr, sp, #72	@ 0x48
100033c4:	e76b      	b.n	1000329e <_vsnprintf+0x89a>
100033c6:	6819      	ldr	r1, [r3, #0]
100033c8:	ea81 74e1 	eor.w	r4, r1, r1, asr #31
100033cc:	eba4 74e1 	sub.w	r4, r4, r1, asr #31
100033d0:	e6b0      	b.n	10003134 <_vsnprintf+0x730>
100033d2:	2600      	movs	r6, #0
100033d4:	f10d 0e48 	add.w	lr, sp, #72	@ 0x48
100033d8:	e72d      	b.n	10003236 <_vsnprintf+0x832>
100033da:	3601      	adds	r6, #1
100033dc:	e62b      	b.n	10003036 <_vsnprintf+0x632>
100033de:	f04f 080a 	mov.w	r8, #10
100033e2:	4613      	mov	r3, r2
100033e4:	46c4      	mov	ip, r8
100033e6:	e571      	b.n	10002ecc <_vsnprintf+0x4c8>
100033e8:	cccccccd 	.word	0xcccccccd

100033ec <__wrap_sprintf>:
100033ec:	b40e      	push	{r1, r2, r3}
100033ee:	b510      	push	{r4, lr}
100033f0:	b085      	sub	sp, #20
100033f2:	ac07      	add	r4, sp, #28
100033f4:	f854 3b04 	ldr.w	r3, [r4], #4
100033f8:	4601      	mov	r1, r0
100033fa:	f04f 32ff 	mov.w	r2, #4294967295	@ 0xffffffff
100033fe:	9400      	str	r4, [sp, #0]
10003400:	4804      	ldr	r0, [pc, #16]	@ (10003414 <__wrap_sprintf+0x28>)
10003402:	9403      	str	r4, [sp, #12]
10003404:	f7ff fafe 	bl	10002a04 <_vsnprintf>
10003408:	b005      	add	sp, #20
1000340a:	e8bd 4010 	ldmia.w	sp!, {r4, lr}
1000340e:	b003      	add	sp, #12
10003410:	4770      	bx	lr
10003412:	bf00      	nop
10003414:	10001e5d 	.word	0x10001e5d

10003418 <__wrap_snprintf>:
10003418:	4684      	mov	ip, r0
1000341a:	b40c      	push	{r2, r3}
1000341c:	b510      	push	{r4, lr}
1000341e:	b084      	sub	sp, #16
10003420:	ac06      	add	r4, sp, #24
10003422:	f854 3b04 	ldr.w	r3, [r4], #4
10003426:	460a      	mov	r2, r1
10003428:	9400      	str	r4, [sp, #0]
1000342a:	4661      	mov	r1, ip
1000342c:	4804      	ldr	r0, [pc, #16]	@ (10003440 <__wrap_snprintf+0x28>)
1000342e:	9403      	str	r4, [sp, #12]
10003430:	f7ff fae8 	bl	10002a04 <_vsnprintf>
10003434:	b004      	add	sp, #16
10003436:	e8bd 4010 	ldmia.w	sp!, {r4, lr}
1000343a:	b002      	add	sp, #8
1000343c:	4770      	bx	lr
1000343e:	bf00      	nop
10003440:	10001e5d 	.word	0x10001e5d

10003444 <weak_raw_printf>:
10003444:	b40f      	push	{r0, r1, r2, r3}
10003446:	b510      	push	{r4, lr}
10003448:	4b0e      	ldr	r3, [pc, #56]	@ (10003484 <weak_raw_printf+0x40>)
1000344a:	b084      	sub	sp, #16
1000344c:	a906      	add	r1, sp, #24
1000344e:	681c      	ldr	r4, [r3, #0]
10003450:	f851 3b04 	ldr.w	r3, [r1], #4
10003454:	9103      	str	r1, [sp, #12]
10003456:	b15c      	cbz	r4, 10003470 <weak_raw_printf+0x2c>
10003458:	9100      	str	r1, [sp, #0]
1000345a:	f04f 32ff 	mov.w	r2, #4294967295	@ 0xffffffff
1000345e:	a902      	add	r1, sp, #8
10003460:	4809      	ldr	r0, [pc, #36]	@ (10003488 <weak_raw_printf+0x44>)
10003462:	47a0      	blx	r4
10003464:	2001      	movs	r0, #1
10003466:	b004      	add	sp, #16
10003468:	e8bd 4010 	ldmia.w	sp!, {r4, lr}
1000346c:	b004      	add	sp, #16
1000346e:	4770      	bx	lr
10003470:	4618      	mov	r0, r3
10003472:	f000 f981 	bl	10003778 <__wrap_puts>
10003476:	4620      	mov	r0, r4
10003478:	b004      	add	sp, #16
1000347a:	e8bd 4010 	ldmia.w	sp!, {r4, lr}
1000347e:	b004      	add	sp, #16
10003480:	4770      	bx	lr
10003482:	bf00      	nop
10003484:	20001064 	.word	0x20001064
10003488:	100021a9 	.word	0x100021a9

1000348c <weak_raw_vprintf>:
1000348c:	b510      	push	{r4, lr}
1000348e:	4b09      	ldr	r3, [pc, #36]	@ (100034b4 <weak_raw_vprintf+0x28>)
10003490:	b084      	sub	sp, #16
10003492:	681c      	ldr	r4, [r3, #0]
10003494:	b14c      	cbz	r4, 100034aa <weak_raw_vprintf+0x1e>
10003496:	4603      	mov	r3, r0
10003498:	9100      	str	r1, [sp, #0]
1000349a:	f04f 32ff 	mov.w	r2, #4294967295	@ 0xffffffff
1000349e:	a903      	add	r1, sp, #12
100034a0:	4805      	ldr	r0, [pc, #20]	@ (100034b8 <weak_raw_vprintf+0x2c>)
100034a2:	47a0      	blx	r4
100034a4:	2001      	movs	r0, #1
100034a6:	b004      	add	sp, #16
100034a8:	bd10      	pop	{r4, pc}
100034aa:	f000 f965 	bl	10003778 <__wrap_puts>
100034ae:	4620      	mov	r0, r4
100034b0:	b004      	add	sp, #16
100034b2:	bd10      	pop	{r4, pc}
100034b4:	20001064 	.word	0x20001064
100034b8:	100021a9 	.word	0x100021a9

100034bc <_exit>:
100034bc:	be00      	bkpt	0x0000
100034be:	e7fd      	b.n	100034bc <_exit>

100034c0 <_fini>:
100034c0:	4770      	bx	lr
100034c2:	bf00      	nop

100034c4 <_sbrk>:
100034c4:	4a07      	ldr	r2, [pc, #28]	@ (100034e4 <_sbrk+0x20>)
100034c6:	4603      	mov	r3, r0
100034c8:	6810      	ldr	r0, [r2, #0]
100034ca:	b138      	cbz	r0, 100034dc <_sbrk+0x18>
100034cc:	4906      	ldr	r1, [pc, #24]	@ (100034e8 <_sbrk+0x24>)
100034ce:	4403      	add	r3, r0
100034d0:	428b      	cmp	r3, r1
100034d2:	bf8c      	ite	hi
100034d4:	f04f 30ff 	movhi.w	r0, #4294967295	@ 0xffffffff
100034d8:	6013      	strls	r3, [r2, #0]
100034da:	4770      	bx	lr
100034dc:	4903      	ldr	r1, [pc, #12]	@ (100034ec <_sbrk+0x28>)
100034de:	4608      	mov	r0, r1
100034e0:	6011      	str	r1, [r2, #0]
100034e2:	e7f3      	b.n	100034cc <_sbrk+0x8>
100034e4:	20001060 	.word	0x20001060
100034e8:	20080000 	.word	0x20080000
100034ec:	200012e4 	.word	0x200012e4

100034f0 <exit>:
100034f0:	b508      	push	{r3, lr}
100034f2:	f7ff ffe3 	bl	100034bc <_exit>
100034f6:	bf00      	nop

100034f8 <__assert_func>:
100034f8:	469c      	mov	ip, r3
100034fa:	4614      	mov	r4, r2
100034fc:	b500      	push	{lr}
100034fe:	460b      	mov	r3, r1
10003500:	4602      	mov	r2, r0
10003502:	4661      	mov	r1, ip
10003504:	b083      	sub	sp, #12
10003506:	b144      	cbz	r4, 1000351a <__assert_func+0x22>
10003508:	4d05      	ldr	r5, [pc, #20]	@ (10003520 <__assert_func+0x28>)
1000350a:	4806      	ldr	r0, [pc, #24]	@ (10003524 <__assert_func+0x2c>)
1000350c:	9401      	str	r4, [sp, #4]
1000350e:	9500      	str	r5, [sp, #0]
10003510:	f7ff ff98 	bl	10003444 <weak_raw_printf>
10003514:	2001      	movs	r0, #1
10003516:	f7ff ffd1 	bl	100034bc <_exit>
1000351a:	4d03      	ldr	r5, [pc, #12]	@ (10003528 <__assert_func+0x30>)
1000351c:	462c      	mov	r4, r5
1000351e:	e7f4      	b.n	1000350a <__assert_func+0x12>
10003520:	10009294 	.word	0x10009294
10003524:	100092a4 	.word	0x100092a4
10003528:	10009148 	.word	0x10009148

1000352c <runtime_init>:
1000352c:	b538      	push	{r3, r4, r5, lr}
1000352e:	4c06      	ldr	r4, [pc, #24]	@ (10003548 <runtime_init+0x1c>)
10003530:	4d06      	ldr	r5, [pc, #24]	@ (1000354c <runtime_init+0x20>)
10003532:	f7fe f889 	bl	10001648 <runtime_run_initializers>
10003536:	42ac      	cmp	r4, r5
10003538:	d204      	bcs.n	10003544 <runtime_init+0x18>
1000353a:	f854 3b04 	ldr.w	r3, [r4], #4
1000353e:	4798      	blx	r3
10003540:	42ac      	cmp	r4, r5
10003542:	d3fa      	bcc.n	1000353a <runtime_init+0xe>
10003544:	bd38      	pop	{r3, r4, r5, pc}
10003546:	bf00      	nop
10003548:	100090f0 	.word	0x100090f0
1000354c:	100090f0 	.word	0x100090f0

10003550 <stdio_out_chars_no_crlf>:
10003550:	6803      	ldr	r3, [r0, #0]
10003552:	4608      	mov	r0, r1
10003554:	4611      	mov	r1, r2
10003556:	4718      	bx	r3

10003558 <stdio_out_chars_crlf>:
10003558:	7d43      	ldrb	r3, [r0, #21]
1000355a:	e92d 47f0 	stmdb	sp!, {r4, r5, r6, r7, r8, r9, sl, lr}
1000355e:	4681      	mov	r9, r0
10003560:	460f      	mov	r7, r1
10003562:	4616      	mov	r6, r2
10003564:	2b00      	cmp	r3, #0
10003566:	d043      	beq.n	100035f0 <stdio_out_chars_crlf+0x98>
10003568:	2a00      	cmp	r2, #0
1000356a:	dd3b      	ble.n	100035e4 <stdio_out_chars_crlf+0x8c>
1000356c:	7d03      	ldrb	r3, [r0, #20]
1000356e:	2000      	movs	r0, #0
10003570:	1e4d      	subs	r5, r1, #1
10003572:	4601      	mov	r1, r0
10003574:	f815 2f01 	ldrb.w	r2, [r5, #1]!
10003578:	f8df 8084 	ldr.w	r8, [pc, #132]	@ 10003600 <stdio_out_chars_crlf+0xa8>
1000357c:	2a0a      	cmp	r2, #10
1000357e:	f101 0401 	add.w	r4, r1, #1
10003582:	d00e      	beq.n	100035a2 <stdio_out_chars_crlf+0x4a>
10003584:	42a6      	cmp	r6, r4
10003586:	d01c      	beq.n	100035c2 <stdio_out_chars_crlf+0x6a>
10003588:	782b      	ldrb	r3, [r5, #0]
1000358a:	4621      	mov	r1, r4
1000358c:	f1a3 030d 	sub.w	r3, r3, #13
10003590:	fab3 f383 	clz	r3, r3
10003594:	f815 2f01 	ldrb.w	r2, [r5, #1]!
10003598:	095b      	lsrs	r3, r3, #5
1000359a:	2a0a      	cmp	r2, #10
1000359c:	f101 0401 	add.w	r4, r1, #1
100035a0:	d1f0      	bne.n	10003584 <stdio_out_chars_crlf+0x2c>
100035a2:	2b00      	cmp	r3, #0
100035a4:	d1ee      	bne.n	10003584 <stdio_out_chars_crlf+0x2c>
100035a6:	4281      	cmp	r1, r0
100035a8:	eba1 0100 	sub.w	r1, r1, r0
100035ac:	4438      	add	r0, r7
100035ae:	dc1b      	bgt.n	100035e8 <stdio_out_chars_crlf+0x90>
100035b0:	2102      	movs	r1, #2
100035b2:	4640      	mov	r0, r8
100035b4:	f8d9 3000 	ldr.w	r3, [r9]
100035b8:	4798      	blx	r3
100035ba:	42a6      	cmp	r6, r4
100035bc:	d008      	beq.n	100035d0 <stdio_out_chars_crlf+0x78>
100035be:	4620      	mov	r0, r4
100035c0:	e7e2      	b.n	10003588 <stdio_out_chars_crlf+0x30>
100035c2:	4286      	cmp	r6, r0
100035c4:	dd04      	ble.n	100035d0 <stdio_out_chars_crlf+0x78>
100035c6:	1a31      	subs	r1, r6, r0
100035c8:	f8d9 3000 	ldr.w	r3, [r9]
100035cc:	4438      	add	r0, r7
100035ce:	4798      	blx	r3
100035d0:	4437      	add	r7, r6
100035d2:	f817 3c01 	ldrb.w	r3, [r7, #-1]
100035d6:	f1a3 030d 	sub.w	r3, r3, #13
100035da:	fab3 f383 	clz	r3, r3
100035de:	095b      	lsrs	r3, r3, #5
100035e0:	f889 3014 	strb.w	r3, [r9, #20]
100035e4:	e8bd 87f0 	ldmia.w	sp!, {r4, r5, r6, r7, r8, r9, sl, pc}
100035e8:	f8d9 3000 	ldr.w	r3, [r9]
100035ec:	4798      	blx	r3
100035ee:	e7df      	b.n	100035b0 <stdio_out_chars_crlf+0x58>
100035f0:	4638      	mov	r0, r7
100035f2:	f8d9 3000 	ldr.w	r3, [r9]
100035f6:	4611      	mov	r1, r2
100035f8:	e8bd 47f0 	ldmia.w	sp!, {r4, r5, r6, r7, r8, r9, sl, lr}
100035fc:	4718      	bx	r3
100035fe:	bf00      	nop
10003600:	100094e0 	.word	0x100094e0

10003604 <stdio_put_string>:
10003604:	e92d 47f0 	stmdb	sp!, {r4, r5, r6, r7, r8, r9, sl, lr}
10003608:	b082      	sub	sp, #8
1000360a:	460d      	mov	r5, r1
1000360c:	4692      	mov	sl, r2
1000360e:	4699      	mov	r9, r3
10003610:	4607      	mov	r7, r0
10003612:	f7fd fdf3 	bl	100011fc <time_us_64>
10003616:	f04f 36ff 	mov.w	r6, #4294967295	@ 0xffffffff
1000361a:	f06f 4400 	mvn.w	r4, #2147483648	@ 0x80000000
1000361e:	4a2f      	ldr	r2, [pc, #188]	@ (100036dc <stdio_put_string+0xd8>)
10003620:	1882      	adds	r2, r0, r2
10003622:	f141 0300 	adc.w	r3, r1, #0
10003626:	4296      	cmp	r6, r2
10003628:	eb74 0103 	sbcs.w	r1, r4, r3
1000362c:	bf3c      	itt	cc
1000362e:	4632      	movcc	r2, r6
10003630:	4623      	movcc	r3, r4
10003632:	482b      	ldr	r0, [pc, #172]	@ (100036e0 <stdio_put_string+0xdc>)
10003634:	f005 fd30 	bl	10009098 <__mutex_try_enter_block_until_veneer>
10003638:	1c6b      	adds	r3, r5, #1
1000363a:	4680      	mov	r8, r0
1000363c:	d103      	bne.n	10003646 <stdio_put_string+0x42>
1000363e:	4638      	mov	r0, r7
10003640:	f000 fff2 	bl	10004628 <strlen>
10003644:	4605      	mov	r5, r0
10003646:	4b27      	ldr	r3, [pc, #156]	@ (100036e4 <stdio_put_string+0xe0>)
10003648:	4e27      	ldr	r6, [pc, #156]	@ (100036e8 <stdio_put_string+0xe4>)
1000364a:	681c      	ldr	r4, [r3, #0]
1000364c:	4b27      	ldr	r3, [pc, #156]	@ (100036ec <stdio_put_string+0xe8>)
1000364e:	f1b9 0f00 	cmp.w	r9, #0
10003652:	bf18      	it	ne
10003654:	461e      	movne	r6, r3
10003656:	b1b4      	cbz	r4, 10003686 <stdio_put_string+0x82>
10003658:	f1ba 0f00 	cmp.w	sl, #0
1000365c:	d11a      	bne.n	10003694 <stdio_put_string+0x90>
1000365e:	f8df 9090 	ldr.w	r9, [pc, #144]	@ 100036f0 <stdio_put_string+0xec>
10003662:	e001      	b.n	10003668 <stdio_put_string+0x64>
10003664:	6924      	ldr	r4, [r4, #16]
10003666:	b174      	cbz	r4, 10003686 <stdio_put_string+0x82>
10003668:	6823      	ldr	r3, [r4, #0]
1000366a:	2b00      	cmp	r3, #0
1000366c:	d0fa      	beq.n	10003664 <stdio_put_string+0x60>
1000366e:	f8d9 3000 	ldr.w	r3, [r9]
10003672:	b10b      	cbz	r3, 10003678 <stdio_put_string+0x74>
10003674:	429c      	cmp	r4, r3
10003676:	d1f5      	bne.n	10003664 <stdio_put_string+0x60>
10003678:	4620      	mov	r0, r4
1000367a:	462a      	mov	r2, r5
1000367c:	4639      	mov	r1, r7
1000367e:	47b0      	blx	r6
10003680:	6924      	ldr	r4, [r4, #16]
10003682:	2c00      	cmp	r4, #0
10003684:	d1f0      	bne.n	10003668 <stdio_put_string+0x64>
10003686:	f1b8 0f00 	cmp.w	r8, #0
1000368a:	d11f      	bne.n	100036cc <stdio_put_string+0xc8>
1000368c:	4628      	mov	r0, r5
1000368e:	b002      	add	sp, #8
10003690:	e8bd 87f0 	ldmia.w	sp!, {r4, r5, r6, r7, r8, r9, sl, pc}
10003694:	f04f 0a0a 	mov.w	sl, #10
10003698:	f8df 9054 	ldr.w	r9, [pc, #84]	@ 100036f0 <stdio_put_string+0xec>
1000369c:	e002      	b.n	100036a4 <stdio_put_string+0xa0>
1000369e:	6924      	ldr	r4, [r4, #16]
100036a0:	2c00      	cmp	r4, #0
100036a2:	d0f0      	beq.n	10003686 <stdio_put_string+0x82>
100036a4:	6823      	ldr	r3, [r4, #0]
100036a6:	2b00      	cmp	r3, #0
100036a8:	d0f9      	beq.n	1000369e <stdio_put_string+0x9a>
100036aa:	f8d9 3000 	ldr.w	r3, [r9]
100036ae:	b10b      	cbz	r3, 100036b4 <stdio_put_string+0xb0>
100036b0:	42a3      	cmp	r3, r4
100036b2:	d1f4      	bne.n	1000369e <stdio_put_string+0x9a>
100036b4:	462a      	mov	r2, r5
100036b6:	4639      	mov	r1, r7
100036b8:	4620      	mov	r0, r4
100036ba:	47b0      	blx	r6
100036bc:	2201      	movs	r2, #1
100036be:	4620      	mov	r0, r4
100036c0:	f10d 0107 	add.w	r1, sp, #7
100036c4:	f88d a007 	strb.w	sl, [sp, #7]
100036c8:	47b0      	blx	r6
100036ca:	e7e8      	b.n	1000369e <stdio_put_string+0x9a>
100036cc:	4804      	ldr	r0, [pc, #16]	@ (100036e0 <stdio_put_string+0xdc>)
100036ce:	f005 fcdf 	bl	10009090 <__mutex_exit_veneer>
100036d2:	4628      	mov	r0, r5
100036d4:	b002      	add	sp, #8
100036d6:	e8bd 87f0 	ldmia.w	sp!, {r4, r5, r6, r7, r8, r9, sl, pc}
100036da:	bf00      	nop
100036dc:	000f4240 	.word	0x000f4240
100036e0:	20000d04 	.word	0x20000d04
100036e4:	20001050 	.word	0x20001050
100036e8:	10003551 	.word	0x10003551
100036ec:	10003559 	.word	0x10003559
100036f0:	20001058 	.word	0x20001058

100036f4 <__wrap_putchar>:
100036f4:	b5f0      	push	{r4, r5, r6, r7, lr}
100036f6:	b083      	sub	sp, #12
100036f8:	4606      	mov	r6, r0
100036fa:	f88d 0007 	strb.w	r0, [sp, #7]
100036fe:	f7fd fd7d 	bl	100011fc <time_us_64>
10003702:	f04f 35ff 	mov.w	r5, #4294967295	@ 0xffffffff
10003706:	f06f 4400 	mvn.w	r4, #2147483648	@ 0x80000000
1000370a:	4a17      	ldr	r2, [pc, #92]	@ (10003768 <__wrap_putchar+0x74>)
1000370c:	1882      	adds	r2, r0, r2
1000370e:	f141 0300 	adc.w	r3, r1, #0
10003712:	4295      	cmp	r5, r2
10003714:	eb74 0103 	sbcs.w	r1, r4, r3
10003718:	bf3c      	itt	cc
1000371a:	4623      	movcc	r3, r4
1000371c:	462a      	movcc	r2, r5
1000371e:	4813      	ldr	r0, [pc, #76]	@ (1000376c <__wrap_putchar+0x78>)
10003720:	f005 fcba 	bl	10009098 <__mutex_try_enter_block_until_veneer>
10003724:	4b12      	ldr	r3, [pc, #72]	@ (10003770 <__wrap_putchar+0x7c>)
10003726:	4607      	mov	r7, r0
10003728:	681c      	ldr	r4, [r3, #0]
1000372a:	b19c      	cbz	r4, 10003754 <__wrap_putchar+0x60>
1000372c:	4d11      	ldr	r5, [pc, #68]	@ (10003774 <__wrap_putchar+0x80>)
1000372e:	e001      	b.n	10003734 <__wrap_putchar+0x40>
10003730:	6924      	ldr	r4, [r4, #16]
10003732:	b17c      	cbz	r4, 10003754 <__wrap_putchar+0x60>
10003734:	6823      	ldr	r3, [r4, #0]
10003736:	2b00      	cmp	r3, #0
10003738:	d0fa      	beq.n	10003730 <__wrap_putchar+0x3c>
1000373a:	682b      	ldr	r3, [r5, #0]
1000373c:	b10b      	cbz	r3, 10003742 <__wrap_putchar+0x4e>
1000373e:	429c      	cmp	r4, r3
10003740:	d1f6      	bne.n	10003730 <__wrap_putchar+0x3c>
10003742:	4620      	mov	r0, r4
10003744:	2201      	movs	r2, #1
10003746:	f10d 0107 	add.w	r1, sp, #7
1000374a:	f7ff ff05 	bl	10003558 <stdio_out_chars_crlf>
1000374e:	6924      	ldr	r4, [r4, #16]
10003750:	2c00      	cmp	r4, #0
10003752:	d1ef      	bne.n	10003734 <__wrap_putchar+0x40>
10003754:	b917      	cbnz	r7, 1000375c <__wrap_putchar+0x68>
10003756:	4630      	mov	r0, r6
10003758:	b003      	add	sp, #12
1000375a:	bdf0      	pop	{r4, r5, r6, r7, pc}
1000375c:	4803      	ldr	r0, [pc, #12]	@ (1000376c <__wrap_putchar+0x78>)
1000375e:	f005 fc97 	bl	10009090 <__mutex_exit_veneer>
10003762:	4630      	mov	r0, r6
10003764:	b003      	add	sp, #12
10003766:	bdf0      	pop	{r4, r5, r6, r7, pc}
10003768:	000f4240 	.word	0x000f4240
1000376c:	20000d04 	.word	0x20000d04
10003770:	20001050 	.word	0x20001050
10003774:	20001058 	.word	0x20001058

10003778 <__wrap_puts>:
10003778:	b538      	push	{r3, r4, r5, lr}
1000377a:	4604      	mov	r4, r0
1000377c:	f000 ff54 	bl	10004628 <strlen>
10003780:	2301      	movs	r3, #1
10003782:	4605      	mov	r5, r0
10003784:	461a      	mov	r2, r3
10003786:	4620      	mov	r0, r4
10003788:	4629      	mov	r1, r5
1000378a:	f7ff ff3b 	bl	10003604 <stdio_put_string>
1000378e:	4b08      	ldr	r3, [pc, #32]	@ (100037b0 <__wrap_puts+0x38>)
10003790:	681c      	ldr	r4, [r3, #0]
10003792:	b12c      	cbz	r4, 100037a0 <__wrap_puts+0x28>
10003794:	6863      	ldr	r3, [r4, #4]
10003796:	b12b      	cbz	r3, 100037a4 <__wrap_puts+0x2c>
10003798:	4798      	blx	r3
1000379a:	6924      	ldr	r4, [r4, #16]
1000379c:	2c00      	cmp	r4, #0
1000379e:	d1f9      	bne.n	10003794 <__wrap_puts+0x1c>
100037a0:	4628      	mov	r0, r5
100037a2:	bd38      	pop	{r3, r4, r5, pc}
100037a4:	6924      	ldr	r4, [r4, #16]
100037a6:	2c00      	cmp	r4, #0
100037a8:	d1f4      	bne.n	10003794 <__wrap_puts+0x1c>
100037aa:	4628      	mov	r0, r5
100037ac:	bd38      	pop	{r3, r4, r5, pc}
100037ae:	bf00      	nop
100037b0:	20001050 	.word	0x20001050

100037b4 <_calloc_r>:
100037b4:	b538      	push	{r3, r4, r5, lr}
100037b6:	fba1 1402 	umull	r1, r4, r1, r2
100037ba:	bb34      	cbnz	r4, 1000380a <_calloc_r+0x56>
100037bc:	f000 f842 	bl	10003844 <_malloc_r>
100037c0:	4605      	mov	r5, r0
100037c2:	b330      	cbz	r0, 10003812 <_calloc_r+0x5e>
100037c4:	f850 2c04 	ldr.w	r2, [r0, #-4]
100037c8:	f022 0203 	bic.w	r2, r2, #3
100037cc:	3a04      	subs	r2, #4
100037ce:	2a24      	cmp	r2, #36	@ 0x24
100037d0:	d80c      	bhi.n	100037ec <_calloc_r+0x38>
100037d2:	2a13      	cmp	r2, #19
100037d4:	d90f      	bls.n	100037f6 <_calloc_r+0x42>
100037d6:	2a1b      	cmp	r2, #27
100037d8:	e9c0 4400 	strd	r4, r4, [r0]
100037dc:	d912      	bls.n	10003804 <_calloc_r+0x50>
100037de:	2a24      	cmp	r2, #36	@ 0x24
100037e0:	e9c0 4402 	strd	r4, r4, [r0, #8]
100037e4:	d018      	beq.n	10003818 <_calloc_r+0x64>
100037e6:	f100 0210 	add.w	r2, r0, #16
100037ea:	e005      	b.n	100037f8 <_calloc_r+0x44>
100037ec:	4621      	mov	r1, r4
100037ee:	f000 fd4b 	bl	10004288 <memset>
100037f2:	4628      	mov	r0, r5
100037f4:	bd38      	pop	{r3, r4, r5, pc}
100037f6:	4602      	mov	r2, r0
100037f8:	2300      	movs	r3, #0
100037fa:	4628      	mov	r0, r5
100037fc:	e9c2 3300 	strd	r3, r3, [r2]
10003800:	6093      	str	r3, [r2, #8]
10003802:	bd38      	pop	{r3, r4, r5, pc}
10003804:	f100 0208 	add.w	r2, r0, #8
10003808:	e7f6      	b.n	100037f8 <_calloc_r+0x44>
1000380a:	f000 fda1 	bl	10004350 <__errno>
1000380e:	230c      	movs	r3, #12
10003810:	6003      	str	r3, [r0, #0]
10003812:	2500      	movs	r5, #0
10003814:	4628      	mov	r0, r5
10003816:	bd38      	pop	{r3, r4, r5, pc}
10003818:	f100 0218 	add.w	r2, r0, #24
1000381c:	e9c0 4404 	strd	r4, r4, [r0, #16]
10003820:	e7ea      	b.n	100037f8 <_calloc_r+0x44>
10003822:	bf00      	nop

10003824 <malloc>:
10003824:	4b02      	ldr	r3, [pc, #8]	@ (10003830 <malloc+0xc>)
10003826:	4601      	mov	r1, r0
10003828:	6818      	ldr	r0, [r3, #0]
1000382a:	f000 b80b 	b.w	10003844 <_malloc_r>
1000382e:	bf00      	nop
10003830:	20000a70 	.word	0x20000a70

10003834 <free>:
10003834:	4b02      	ldr	r3, [pc, #8]	@ (10003840 <free+0xc>)
10003836:	4601      	mov	r1, r0
10003838:	6818      	ldr	r0, [r3, #0]
1000383a:	f000 bf7f 	b.w	1000473c <_free_r>
1000383e:	bf00      	nop
10003840:	20000a70 	.word	0x20000a70

10003844 <_malloc_r>:
10003844:	f101 030b 	add.w	r3, r1, #11
10003848:	2b16      	cmp	r3, #22
1000384a:	e92d 4ff0 	stmdb	sp!, {r4, r5, r6, r7, r8, r9, sl, fp, lr}
1000384e:	4607      	mov	r7, r0
10003850:	b083      	sub	sp, #12
10003852:	d823      	bhi.n	1000389c <_malloc_r+0x58>
10003854:	2910      	cmp	r1, #16
10003856:	f200 80af 	bhi.w	100039b8 <_malloc_r+0x174>
1000385a:	f000 fa9d 	bl	10003d98 <__malloc_lock>
1000385e:	2510      	movs	r5, #16
10003860:	2318      	movs	r3, #24
10003862:	2002      	movs	r0, #2
10003864:	4ebc      	ldr	r6, [pc, #752]	@ (10003b58 <_malloc_r+0x314>)
10003866:	4433      	add	r3, r6
10003868:	685c      	ldr	r4, [r3, #4]
1000386a:	f1a3 0208 	sub.w	r2, r3, #8
1000386e:	4294      	cmp	r4, r2
10003870:	f000 8180 	beq.w	10003b74 <_malloc_r+0x330>
10003874:	6863      	ldr	r3, [r4, #4]
10003876:	4638      	mov	r0, r7
10003878:	f023 0303 	bic.w	r3, r3, #3
1000387c:	e9d4 1202 	ldrd	r1, r2, [r4, #8]
10003880:	4423      	add	r3, r4
10003882:	60ca      	str	r2, [r1, #12]
10003884:	6091      	str	r1, [r2, #8]
10003886:	685a      	ldr	r2, [r3, #4]
10003888:	3408      	adds	r4, #8
1000388a:	f042 0201 	orr.w	r2, r2, #1
1000388e:	605a      	str	r2, [r3, #4]
10003890:	f000 fa88 	bl	10003da4 <__malloc_unlock>
10003894:	4620      	mov	r0, r4
10003896:	b003      	add	sp, #12
10003898:	e8bd 8ff0 	ldmia.w	sp!, {r4, r5, r6, r7, r8, r9, sl, fp, pc}
1000389c:	2b00      	cmp	r3, #0
1000389e:	f023 0507 	bic.w	r5, r3, #7
100038a2:	f2c0 8089 	blt.w	100039b8 <_malloc_r+0x174>
100038a6:	42a9      	cmp	r1, r5
100038a8:	f200 8086 	bhi.w	100039b8 <_malloc_r+0x174>
100038ac:	f000 fa74 	bl	10003d98 <__malloc_lock>
100038b0:	f5b5 7ffc 	cmp.w	r5, #504	@ 0x1f8
100038b4:	f0c0 81b4 	bcc.w	10003c20 <_malloc_r+0x3dc>
100038b8:	0a6b      	lsrs	r3, r5, #9
100038ba:	f000 8081 	beq.w	100039c0 <_malloc_r+0x17c>
100038be:	2b04      	cmp	r3, #4
100038c0:	f200 817e 	bhi.w	10003bc0 <_malloc_r+0x37c>
100038c4:	09ab      	lsrs	r3, r5, #6
100038c6:	f103 0039 	add.w	r0, r3, #57	@ 0x39
100038ca:	f103 0e38 	add.w	lr, r3, #56	@ 0x38
100038ce:	00c3      	lsls	r3, r0, #3
100038d0:	4ea1      	ldr	r6, [pc, #644]	@ (10003b58 <_malloc_r+0x314>)
100038d2:	4433      	add	r3, r6
100038d4:	f1a3 0c08 	sub.w	ip, r3, #8
100038d8:	685c      	ldr	r4, [r3, #4]
100038da:	45a4      	cmp	ip, r4
100038dc:	d107      	bne.n	100038ee <_malloc_r+0xaa>
100038de:	e00d      	b.n	100038fc <_malloc_r+0xb8>
100038e0:	2a00      	cmp	r2, #0
100038e2:	68e1      	ldr	r1, [r4, #12]
100038e4:	f280 8132 	bge.w	10003b4c <_malloc_r+0x308>
100038e8:	458c      	cmp	ip, r1
100038ea:	460c      	mov	r4, r1
100038ec:	d006      	beq.n	100038fc <_malloc_r+0xb8>
100038ee:	6863      	ldr	r3, [r4, #4]
100038f0:	f023 0303 	bic.w	r3, r3, #3
100038f4:	1b5a      	subs	r2, r3, r5
100038f6:	2a0f      	cmp	r2, #15
100038f8:	ddf2      	ble.n	100038e0 <_malloc_r+0x9c>
100038fa:	4670      	mov	r0, lr
100038fc:	f8df 8270 	ldr.w	r8, [pc, #624]	@ 10003b70 <_malloc_r+0x32c>
10003900:	6934      	ldr	r4, [r6, #16]
10003902:	4544      	cmp	r4, r8
10003904:	f000 80e7 	beq.w	10003ad6 <_malloc_r+0x292>
10003908:	6863      	ldr	r3, [r4, #4]
1000390a:	f023 0c03 	bic.w	ip, r3, #3
1000390e:	ebac 0305 	sub.w	r3, ip, r5
10003912:	2b0f      	cmp	r3, #15
10003914:	f300 8194 	bgt.w	10003c40 <_malloc_r+0x3fc>
10003918:	2b00      	cmp	r3, #0
1000391a:	e9c6 8804 	strd	r8, r8, [r6, #16]
1000391e:	f280 8183 	bge.w	10003c28 <_malloc_r+0x3e4>
10003922:	f5bc 7f00 	cmp.w	ip, #512	@ 0x200
10003926:	f8d6 e004 	ldr.w	lr, [r6, #4]
1000392a:	f080 8129 	bcs.w	10003b80 <_malloc_r+0x33c>
1000392e:	ea4f 03dc 	mov.w	r3, ip, lsr #3
10003932:	2201      	movs	r2, #1
10003934:	ea4f 1c5c 	mov.w	ip, ip, lsr #5
10003938:	3301      	adds	r3, #1
1000393a:	fa02 f20c 	lsl.w	r2, r2, ip
1000393e:	f856 1033 	ldr.w	r1, [r6, r3, lsl #3]
10003942:	ea4e 0e02 	orr.w	lr, lr, r2
10003946:	eb06 02c3 	add.w	r2, r6, r3, lsl #3
1000394a:	3a08      	subs	r2, #8
1000394c:	f8c6 e004 	str.w	lr, [r6, #4]
10003950:	e9c4 1202 	strd	r1, r2, [r4, #8]
10003954:	f846 4033 	str.w	r4, [r6, r3, lsl #3]
10003958:	60cc      	str	r4, [r1, #12]
1000395a:	1083      	asrs	r3, r0, #2
1000395c:	f04f 0c01 	mov.w	ip, #1
10003960:	fa0c fc03 	lsl.w	ip, ip, r3
10003964:	45f4      	cmp	ip, lr
10003966:	d831      	bhi.n	100039cc <_malloc_r+0x188>
10003968:	ea1c 0f0e 	tst.w	ip, lr
1000396c:	d107      	bne.n	1000397e <_malloc_r+0x13a>
1000396e:	f020 0003 	bic.w	r0, r0, #3
10003972:	ea4f 0c4c 	mov.w	ip, ip, lsl #1
10003976:	3004      	adds	r0, #4
10003978:	ea1c 0f0e 	tst.w	ip, lr
1000397c:	d0f9      	beq.n	10003972 <_malloc_r+0x12e>
1000397e:	eb06 0ac0 	add.w	sl, r6, r0, lsl #3
10003982:	4681      	mov	r9, r0
10003984:	46d6      	mov	lr, sl
10003986:	f8de 300c 	ldr.w	r3, [lr, #12]
1000398a:	e00b      	b.n	100039a4 <_malloc_r+0x160>
1000398c:	685a      	ldr	r2, [r3, #4]
1000398e:	461c      	mov	r4, r3
10003990:	68db      	ldr	r3, [r3, #12]
10003992:	f022 0203 	bic.w	r2, r2, #3
10003996:	1b51      	subs	r1, r2, r5
10003998:	290f      	cmp	r1, #15
1000399a:	f300 811d 	bgt.w	10003bd8 <_malloc_r+0x394>
1000399e:	2900      	cmp	r1, #0
100039a0:	f280 8131 	bge.w	10003c06 <_malloc_r+0x3c2>
100039a4:	459e      	cmp	lr, r3
100039a6:	d1f1      	bne.n	1000398c <_malloc_r+0x148>
100039a8:	f109 0901 	add.w	r9, r9, #1
100039ac:	f10e 0e08 	add.w	lr, lr, #8
100039b0:	f019 0f03 	tst.w	r9, #3
100039b4:	d1e7      	bne.n	10003986 <_malloc_r+0x142>
100039b6:	e167      	b.n	10003c88 <_malloc_r+0x444>
100039b8:	230c      	movs	r3, #12
100039ba:	603b      	str	r3, [r7, #0]
100039bc:	2400      	movs	r4, #0
100039be:	e769      	b.n	10003894 <_malloc_r+0x50>
100039c0:	f44f 7300 	mov.w	r3, #512	@ 0x200
100039c4:	2040      	movs	r0, #64	@ 0x40
100039c6:	f04f 0e3f 	mov.w	lr, #63	@ 0x3f
100039ca:	e781      	b.n	100038d0 <_malloc_r+0x8c>
100039cc:	68b4      	ldr	r4, [r6, #8]
100039ce:	6863      	ldr	r3, [r4, #4]
100039d0:	f023 0903 	bic.w	r9, r3, #3
100039d4:	eba9 0305 	sub.w	r3, r9, r5
100039d8:	2b0f      	cmp	r3, #15
100039da:	dd02      	ble.n	100039e2 <_malloc_r+0x19e>
100039dc:	45a9      	cmp	r9, r5
100039de:	f080 80a4 	bcs.w	10003b2a <_malloc_r+0x2e6>
100039e2:	4b5e      	ldr	r3, [pc, #376]	@ (10003b5c <_malloc_r+0x318>)
100039e4:	2008      	movs	r0, #8
100039e6:	681b      	ldr	r3, [r3, #0]
100039e8:	f103 0810 	add.w	r8, r3, #16
100039ec:	eb04 0309 	add.w	r3, r4, r9
100039f0:	9300      	str	r3, [sp, #0]
100039f2:	f000 fcb3 	bl	1000435c <sysconf>
100039f6:	4a5a      	ldr	r2, [pc, #360]	@ (10003b60 <_malloc_r+0x31c>)
100039f8:	44a8      	add	r8, r5
100039fa:	4683      	mov	fp, r0
100039fc:	6813      	ldr	r3, [r2, #0]
100039fe:	3301      	adds	r3, #1
10003a00:	d005      	beq.n	10003a0e <_malloc_r+0x1ca>
10003a02:	f108 38ff 	add.w	r8, r8, #4294967295	@ 0xffffffff
10003a06:	4243      	negs	r3, r0
10003a08:	4480      	add	r8, r0
10003a0a:	ea03 0808 	and.w	r8, r3, r8
10003a0e:	4641      	mov	r1, r8
10003a10:	4638      	mov	r0, r7
10003a12:	f000 fc8b 	bl	1000432c <_sbrk_r>
10003a16:	f1b0 3fff 	cmp.w	r0, #4294967295	@ 0xffffffff
10003a1a:	4682      	mov	sl, r0
10003a1c:	4a50      	ldr	r2, [pc, #320]	@ (10003b60 <_malloc_r+0x31c>)
10003a1e:	d079      	beq.n	10003b14 <_malloc_r+0x2d0>
10003a20:	9b00      	ldr	r3, [sp, #0]
10003a22:	4283      	cmp	r3, r0
10003a24:	d95a      	bls.n	10003adc <_malloc_r+0x298>
10003a26:	42b4      	cmp	r4, r6
10003a28:	d174      	bne.n	10003b14 <_malloc_r+0x2d0>
10003a2a:	4b4e      	ldr	r3, [pc, #312]	@ (10003b64 <_malloc_r+0x320>)
10003a2c:	f10b 3cff 	add.w	ip, fp, #4294967295	@ 0xffffffff
10003a30:	6818      	ldr	r0, [r3, #0]
10003a32:	eb00 0e08 	add.w	lr, r0, r8
10003a36:	f8c3 e000 	str.w	lr, [r3]
10003a3a:	6811      	ldr	r1, [r2, #0]
10003a3c:	3101      	adds	r1, #1
10003a3e:	f000 8173 	beq.w	10003d28 <_malloc_r+0x4e4>
10003a42:	9a00      	ldr	r2, [sp, #0]
10003a44:	ebaa 0202 	sub.w	r2, sl, r2
10003a48:	4472      	add	r2, lr
10003a4a:	601a      	str	r2, [r3, #0]
10003a4c:	f01a 0207 	ands.w	r2, sl, #7
10003a50:	e9cd 2300 	strd	r2, r3, [sp]
10003a54:	f000 8142 	beq.w	10003cdc <_malloc_r+0x498>
10003a58:	f1c2 0208 	rsb	r2, r2, #8
10003a5c:	4638      	mov	r0, r7
10003a5e:	4492      	add	sl, r2
10003a60:	445a      	add	r2, fp
10003a62:	44d0      	add	r8, sl
10003a64:	ea08 010c 	and.w	r1, r8, ip
10003a68:	1a52      	subs	r2, r2, r1
10003a6a:	ea02 0b0c 	and.w	fp, r2, ip
10003a6e:	4659      	mov	r1, fp
10003a70:	f000 fc5c 	bl	1000432c <_sbrk_r>
10003a74:	1c42      	adds	r2, r0, #1
10003a76:	9b01      	ldr	r3, [sp, #4]
10003a78:	f000 816e 	beq.w	10003d58 <_malloc_r+0x514>
10003a7c:	eba0 000a 	sub.w	r0, r0, sl
10003a80:	eb00 080b 	add.w	r8, r0, fp
10003a84:	6819      	ldr	r1, [r3, #0]
10003a86:	f048 0201 	orr.w	r2, r8, #1
10003a8a:	42b4      	cmp	r4, r6
10003a8c:	f8c6 a008 	str.w	sl, [r6, #8]
10003a90:	4459      	add	r1, fp
10003a92:	f8ca 2004 	str.w	r2, [sl, #4]
10003a96:	6019      	str	r1, [r3, #0]
10003a98:	d032      	beq.n	10003b00 <_malloc_r+0x2bc>
10003a9a:	f1b9 0f0f 	cmp.w	r9, #15
10003a9e:	f240 810c 	bls.w	10003cba <_malloc_r+0x476>
10003aa2:	6860      	ldr	r0, [r4, #4]
10003aa4:	f1a9 020c 	sub.w	r2, r9, #12
10003aa8:	f04f 0c05 	mov.w	ip, #5
10003aac:	f022 0207 	bic.w	r2, r2, #7
10003ab0:	f000 0001 	and.w	r0, r0, #1
10003ab4:	4310      	orrs	r0, r2
10003ab6:	2a0f      	cmp	r2, #15
10003ab8:	6060      	str	r0, [r4, #4]
10003aba:	eb04 0002 	add.w	r0, r4, r2
10003abe:	e9c0 cc01 	strd	ip, ip, [r0, #4]
10003ac2:	d91d      	bls.n	10003b00 <_malloc_r+0x2bc>
10003ac4:	f104 0108 	add.w	r1, r4, #8
10003ac8:	4638      	mov	r0, r7
10003aca:	9300      	str	r3, [sp, #0]
10003acc:	f000 fe36 	bl	1000473c <_free_r>
10003ad0:	9b00      	ldr	r3, [sp, #0]
10003ad2:	6819      	ldr	r1, [r3, #0]
10003ad4:	e014      	b.n	10003b00 <_malloc_r+0x2bc>
10003ad6:	f8d6 e004 	ldr.w	lr, [r6, #4]
10003ada:	e73e      	b.n	1000395a <_malloc_r+0x116>
10003adc:	4b21      	ldr	r3, [pc, #132]	@ (10003b64 <_malloc_r+0x320>)
10003ade:	f10b 3cff 	add.w	ip, fp, #4294967295	@ 0xffffffff
10003ae2:	6819      	ldr	r1, [r3, #0]
10003ae4:	4441      	add	r1, r8
10003ae6:	468e      	mov	lr, r1
10003ae8:	6019      	str	r1, [r3, #0]
10003aea:	d1a6      	bne.n	10003a3a <_malloc_r+0x1f6>
10003aec:	9800      	ldr	r0, [sp, #0]
10003aee:	ea10 0f0c 	tst.w	r0, ip
10003af2:	d1a2      	bne.n	10003a3a <_malloc_r+0x1f6>
10003af4:	eb09 0308 	add.w	r3, r9, r8
10003af8:	68b2      	ldr	r2, [r6, #8]
10003afa:	f043 0301 	orr.w	r3, r3, #1
10003afe:	6053      	str	r3, [r2, #4]
10003b00:	4b19      	ldr	r3, [pc, #100]	@ (10003b68 <_malloc_r+0x324>)
10003b02:	681a      	ldr	r2, [r3, #0]
10003b04:	428a      	cmp	r2, r1
10003b06:	bf38      	it	cc
10003b08:	6019      	strcc	r1, [r3, #0]
10003b0a:	4b18      	ldr	r3, [pc, #96]	@ (10003b6c <_malloc_r+0x328>)
10003b0c:	681a      	ldr	r2, [r3, #0]
10003b0e:	428a      	cmp	r2, r1
10003b10:	bf38      	it	cc
10003b12:	6019      	strcc	r1, [r3, #0]
10003b14:	68b4      	ldr	r4, [r6, #8]
10003b16:	6862      	ldr	r2, [r4, #4]
10003b18:	f022 0203 	bic.w	r2, r2, #3
10003b1c:	1b53      	subs	r3, r2, r5
10003b1e:	2b0f      	cmp	r3, #15
10003b20:	f340 80ce 	ble.w	10003cc0 <_malloc_r+0x47c>
10003b24:	4295      	cmp	r5, r2
10003b26:	f200 80cb 	bhi.w	10003cc0 <_malloc_r+0x47c>
10003b2a:	1962      	adds	r2, r4, r5
10003b2c:	f045 0501 	orr.w	r5, r5, #1
10003b30:	f043 0301 	orr.w	r3, r3, #1
10003b34:	3408      	adds	r4, #8
10003b36:	f844 5c04 	str.w	r5, [r4, #-4]
10003b3a:	4638      	mov	r0, r7
10003b3c:	60b2      	str	r2, [r6, #8]
10003b3e:	6053      	str	r3, [r2, #4]
10003b40:	f000 f930 	bl	10003da4 <__malloc_unlock>
10003b44:	4620      	mov	r0, r4
10003b46:	b003      	add	sp, #12
10003b48:	e8bd 8ff0 	ldmia.w	sp!, {r4, r5, r6, r7, r8, r9, sl, fp, pc}
10003b4c:	68a2      	ldr	r2, [r4, #8]
10003b4e:	4423      	add	r3, r4
10003b50:	4638      	mov	r0, r7
10003b52:	60d1      	str	r1, [r2, #12]
10003b54:	608a      	str	r2, [r1, #8]
10003b56:	e696      	b.n	10003886 <_malloc_r+0x42>
10003b58:	20000668 	.word	0x20000668
10003b5c:	20000ec4 	.word	0x20000ec4
10003b60:	2000065c 	.word	0x2000065c
10003b64:	20000e94 	.word	0x20000e94
10003b68:	20000ebc 	.word	0x20000ebc
10003b6c:	20000ec0 	.word	0x20000ec0
10003b70:	20000670 	.word	0x20000670
10003b74:	68dc      	ldr	r4, [r3, #12]
10003b76:	42a3      	cmp	r3, r4
10003b78:	f47f ae7c 	bne.w	10003874 <_malloc_r+0x30>
10003b7c:	3002      	adds	r0, #2
10003b7e:	e6bd      	b.n	100038fc <_malloc_r+0xb8>
10003b80:	f5bc 6f20 	cmp.w	ip, #2560	@ 0xa00
10003b84:	ea4f 225c 	mov.w	r2, ip, lsr #9
10003b88:	d36c      	bcc.n	10003c64 <_malloc_r+0x420>
10003b8a:	2a14      	cmp	r2, #20
10003b8c:	f200 80b9 	bhi.w	10003d02 <_malloc_r+0x4be>
10003b90:	f102 035c 	add.w	r3, r2, #92	@ 0x5c
10003b94:	325b      	adds	r2, #91	@ 0x5b
10003b96:	00db      	lsls	r3, r3, #3
10003b98:	18f1      	adds	r1, r6, r3
10003b9a:	58f3      	ldr	r3, [r6, r3]
10003b9c:	3908      	subs	r1, #8
10003b9e:	4299      	cmp	r1, r3
10003ba0:	d103      	bne.n	10003baa <_malloc_r+0x366>
10003ba2:	e091      	b.n	10003cc8 <_malloc_r+0x484>
10003ba4:	689b      	ldr	r3, [r3, #8]
10003ba6:	4299      	cmp	r1, r3
10003ba8:	d004      	beq.n	10003bb4 <_malloc_r+0x370>
10003baa:	685a      	ldr	r2, [r3, #4]
10003bac:	f022 0203 	bic.w	r2, r2, #3
10003bb0:	4562      	cmp	r2, ip
10003bb2:	d8f7      	bhi.n	10003ba4 <_malloc_r+0x360>
10003bb4:	68d9      	ldr	r1, [r3, #12]
10003bb6:	e9c4 3102 	strd	r3, r1, [r4, #8]
10003bba:	608c      	str	r4, [r1, #8]
10003bbc:	60dc      	str	r4, [r3, #12]
10003bbe:	e6cc      	b.n	1000395a <_malloc_r+0x116>
10003bc0:	2b14      	cmp	r3, #20
10003bc2:	d956      	bls.n	10003c72 <_malloc_r+0x42e>
10003bc4:	2b54      	cmp	r3, #84	@ 0x54
10003bc6:	f200 80a5 	bhi.w	10003d14 <_malloc_r+0x4d0>
10003bca:	0b2b      	lsrs	r3, r5, #12
10003bcc:	f103 006f 	add.w	r0, r3, #111	@ 0x6f
10003bd0:	f103 0e6e 	add.w	lr, r3, #110	@ 0x6e
10003bd4:	00c3      	lsls	r3, r0, #3
10003bd6:	e67b      	b.n	100038d0 <_malloc_r+0x8c>
10003bd8:	f8d4 c008 	ldr.w	ip, [r4, #8]
10003bdc:	4638      	mov	r0, r7
10003bde:	1967      	adds	r7, r4, r5
10003be0:	f045 0501 	orr.w	r5, r5, #1
10003be4:	6065      	str	r5, [r4, #4]
10003be6:	f8cc 300c 	str.w	r3, [ip, #12]
10003bea:	f8c3 c008 	str.w	ip, [r3, #8]
10003bee:	f041 0301 	orr.w	r3, r1, #1
10003bf2:	e9c6 7704 	strd	r7, r7, [r6, #16]
10003bf6:	e9c7 8802 	strd	r8, r8, [r7, #8]
10003bfa:	607b      	str	r3, [r7, #4]
10003bfc:	50a1      	str	r1, [r4, r2]
10003bfe:	3408      	adds	r4, #8
10003c00:	f000 f8d0 	bl	10003da4 <__malloc_unlock>
10003c04:	e646      	b.n	10003894 <_malloc_r+0x50>
10003c06:	4422      	add	r2, r4
10003c08:	4638      	mov	r0, r7
10003c0a:	6851      	ldr	r1, [r2, #4]
10003c0c:	f041 0101 	orr.w	r1, r1, #1
10003c10:	6051      	str	r1, [r2, #4]
10003c12:	f854 2f08 	ldr.w	r2, [r4, #8]!
10003c16:	60d3      	str	r3, [r2, #12]
10003c18:	609a      	str	r2, [r3, #8]
10003c1a:	f000 f8c3 	bl	10003da4 <__malloc_unlock>
10003c1e:	e639      	b.n	10003894 <_malloc_r+0x50>
10003c20:	08e8      	lsrs	r0, r5, #3
10003c22:	f105 0308 	add.w	r3, r5, #8
10003c26:	e61d      	b.n	10003864 <_malloc_r+0x20>
10003c28:	44a4      	add	ip, r4
10003c2a:	4638      	mov	r0, r7
10003c2c:	3408      	adds	r4, #8
10003c2e:	f8dc 3004 	ldr.w	r3, [ip, #4]
10003c32:	f043 0301 	orr.w	r3, r3, #1
10003c36:	f8cc 3004 	str.w	r3, [ip, #4]
10003c3a:	f000 f8b3 	bl	10003da4 <__malloc_unlock>
10003c3e:	e629      	b.n	10003894 <_malloc_r+0x50>
10003c40:	1962      	adds	r2, r4, r5
10003c42:	f043 0101 	orr.w	r1, r3, #1
10003c46:	f045 0501 	orr.w	r5, r5, #1
10003c4a:	4638      	mov	r0, r7
10003c4c:	6065      	str	r5, [r4, #4]
10003c4e:	e9c6 2204 	strd	r2, r2, [r6, #16]
10003c52:	e9c2 8802 	strd	r8, r8, [r2, #8]
10003c56:	6051      	str	r1, [r2, #4]
10003c58:	f844 300c 	str.w	r3, [r4, ip]
10003c5c:	3408      	adds	r4, #8
10003c5e:	f000 f8a1 	bl	10003da4 <__malloc_unlock>
10003c62:	e617      	b.n	10003894 <_malloc_r+0x50>
10003c64:	ea4f 129c 	mov.w	r2, ip, lsr #6
10003c68:	f102 0339 	add.w	r3, r2, #57	@ 0x39
10003c6c:	3238      	adds	r2, #56	@ 0x38
10003c6e:	00db      	lsls	r3, r3, #3
10003c70:	e792      	b.n	10003b98 <_malloc_r+0x354>
10003c72:	f103 005c 	add.w	r0, r3, #92	@ 0x5c
10003c76:	f103 0e5b 	add.w	lr, r3, #91	@ 0x5b
10003c7a:	00c3      	lsls	r3, r0, #3
10003c7c:	e628      	b.n	100038d0 <_malloc_r+0x8c>
10003c7e:	f85a 3908 	ldr.w	r3, [sl], #-8
10003c82:	4553      	cmp	r3, sl
10003c84:	f040 8085 	bne.w	10003d92 <_malloc_r+0x54e>
10003c88:	f010 0f03 	tst.w	r0, #3
10003c8c:	f100 30ff 	add.w	r0, r0, #4294967295	@ 0xffffffff
10003c90:	d1f5      	bne.n	10003c7e <_malloc_r+0x43a>
10003c92:	6873      	ldr	r3, [r6, #4]
10003c94:	ea23 030c 	bic.w	r3, r3, ip
10003c98:	6073      	str	r3, [r6, #4]
10003c9a:	ea4f 0c4c 	mov.w	ip, ip, lsl #1
10003c9e:	f10c 32ff 	add.w	r2, ip, #4294967295	@ 0xffffffff
10003ca2:	429a      	cmp	r2, r3
10003ca4:	d304      	bcc.n	10003cb0 <_malloc_r+0x46c>
10003ca6:	e691      	b.n	100039cc <_malloc_r+0x188>
10003ca8:	ea4f 0c4c 	mov.w	ip, ip, lsl #1
10003cac:	f109 0904 	add.w	r9, r9, #4
10003cb0:	ea1c 0f03 	tst.w	ip, r3
10003cb4:	d0f8      	beq.n	10003ca8 <_malloc_r+0x464>
10003cb6:	4648      	mov	r0, r9
10003cb8:	e661      	b.n	1000397e <_malloc_r+0x13a>
10003cba:	2301      	movs	r3, #1
10003cbc:	f8ca 3004 	str.w	r3, [sl, #4]
10003cc0:	4638      	mov	r0, r7
10003cc2:	f000 f86f 	bl	10003da4 <__malloc_unlock>
10003cc6:	e679      	b.n	100039bc <_malloc_r+0x178>
10003cc8:	1092      	asrs	r2, r2, #2
10003cca:	f04f 0c01 	mov.w	ip, #1
10003cce:	fa0c f202 	lsl.w	r2, ip, r2
10003cd2:	ea4e 0e02 	orr.w	lr, lr, r2
10003cd6:	f8c6 e004 	str.w	lr, [r6, #4]
10003cda:	e76c      	b.n	10003bb6 <_malloc_r+0x372>
10003cdc:	eb0a 0208 	add.w	r2, sl, r8
10003ce0:	4638      	mov	r0, r7
10003ce2:	ea02 020c 	and.w	r2, r2, ip
10003ce6:	ebab 0b02 	sub.w	fp, fp, r2
10003cea:	ea0b 0b0c 	and.w	fp, fp, ip
10003cee:	4659      	mov	r1, fp
10003cf0:	f000 fb1c 	bl	1000432c <_sbrk_r>
10003cf4:	1c43      	adds	r3, r0, #1
10003cf6:	9b01      	ldr	r3, [sp, #4]
10003cf8:	f47f aec0 	bne.w	10003a7c <_malloc_r+0x238>
10003cfc:	f8dd b000 	ldr.w	fp, [sp]
10003d00:	e6c0      	b.n	10003a84 <_malloc_r+0x240>
10003d02:	2a54      	cmp	r2, #84	@ 0x54
10003d04:	d813      	bhi.n	10003d2e <_malloc_r+0x4ea>
10003d06:	ea4f 321c 	mov.w	r2, ip, lsr #12
10003d0a:	f102 036f 	add.w	r3, r2, #111	@ 0x6f
10003d0e:	326e      	adds	r2, #110	@ 0x6e
10003d10:	00db      	lsls	r3, r3, #3
10003d12:	e741      	b.n	10003b98 <_malloc_r+0x354>
10003d14:	f5b3 7faa 	cmp.w	r3, #340	@ 0x154
10003d18:	d813      	bhi.n	10003d42 <_malloc_r+0x4fe>
10003d1a:	0beb      	lsrs	r3, r5, #15
10003d1c:	f103 0078 	add.w	r0, r3, #120	@ 0x78
10003d20:	f103 0e77 	add.w	lr, r3, #119	@ 0x77
10003d24:	00c3      	lsls	r3, r0, #3
10003d26:	e5d3      	b.n	100038d0 <_malloc_r+0x8c>
10003d28:	f8c2 a000 	str.w	sl, [r2]
10003d2c:	e68e      	b.n	10003a4c <_malloc_r+0x208>
10003d2e:	f5b2 7faa 	cmp.w	r2, #340	@ 0x154
10003d32:	d819      	bhi.n	10003d68 <_malloc_r+0x524>
10003d34:	ea4f 32dc 	mov.w	r2, ip, lsr #15
10003d38:	f102 0378 	add.w	r3, r2, #120	@ 0x78
10003d3c:	3277      	adds	r2, #119	@ 0x77
10003d3e:	00db      	lsls	r3, r3, #3
10003d40:	e72a      	b.n	10003b98 <_malloc_r+0x354>
10003d42:	f240 5254 	movw	r2, #1364	@ 0x554
10003d46:	4293      	cmp	r3, r2
10003d48:	d819      	bhi.n	10003d7e <_malloc_r+0x53a>
10003d4a:	0cab      	lsrs	r3, r5, #18
10003d4c:	f103 007d 	add.w	r0, r3, #125	@ 0x7d
10003d50:	f103 0e7c 	add.w	lr, r3, #124	@ 0x7c
10003d54:	00c3      	lsls	r3, r0, #3
10003d56:	e5bb      	b.n	100038d0 <_malloc_r+0x8c>
10003d58:	9a00      	ldr	r2, [sp, #0]
10003d5a:	f04f 0b00 	mov.w	fp, #0
10003d5e:	3a08      	subs	r2, #8
10003d60:	4490      	add	r8, r2
10003d62:	eba8 080a 	sub.w	r8, r8, sl
10003d66:	e68d      	b.n	10003a84 <_malloc_r+0x240>
10003d68:	f240 5354 	movw	r3, #1364	@ 0x554
10003d6c:	429a      	cmp	r2, r3
10003d6e:	d80c      	bhi.n	10003d8a <_malloc_r+0x546>
10003d70:	ea4f 429c 	mov.w	r2, ip, lsr #18
10003d74:	f102 037d 	add.w	r3, r2, #125	@ 0x7d
10003d78:	327c      	adds	r2, #124	@ 0x7c
10003d7a:	00db      	lsls	r3, r3, #3
10003d7c:	e70c      	b.n	10003b98 <_malloc_r+0x354>
10003d7e:	f44f 737e 	mov.w	r3, #1016	@ 0x3f8
10003d82:	207f      	movs	r0, #127	@ 0x7f
10003d84:	f04f 0e7e 	mov.w	lr, #126	@ 0x7e
10003d88:	e5a2      	b.n	100038d0 <_malloc_r+0x8c>
10003d8a:	f44f 737e 	mov.w	r3, #1016	@ 0x3f8
10003d8e:	227e      	movs	r2, #126	@ 0x7e
10003d90:	e702      	b.n	10003b98 <_malloc_r+0x354>
10003d92:	6873      	ldr	r3, [r6, #4]
10003d94:	e781      	b.n	10003c9a <_malloc_r+0x456>
10003d96:	bf00      	nop

10003d98 <__malloc_lock>:
10003d98:	4801      	ldr	r0, [pc, #4]	@ (10003da0 <__malloc_lock+0x8>)
10003d9a:	f000 bbcb 	b.w	10004534 <__retarget_lock_acquire_recursive>
10003d9e:	bf00      	nop
10003da0:	20000e90 	.word	0x20000e90

10003da4 <__malloc_unlock>:
10003da4:	4801      	ldr	r0, [pc, #4]	@ (10003dac <__malloc_unlock+0x8>)
10003da6:	f000 bbc7 	b.w	10004538 <__retarget_lock_release_recursive>
10003daa:	bf00      	nop
10003dac:	20000e90 	.word	0x20000e90

10003db0 <realloc>:
10003db0:	4b02      	ldr	r3, [pc, #8]	@ (10003dbc <realloc+0xc>)
10003db2:	460a      	mov	r2, r1
10003db4:	4601      	mov	r1, r0
10003db6:	6818      	ldr	r0, [r3, #0]
10003db8:	f000 b802 	b.w	10003dc0 <_realloc_r>
10003dbc:	20000a70 	.word	0x20000a70

10003dc0 <_realloc_r>:
10003dc0:	e92d 4ff0 	stmdb	sp!, {r4, r5, r6, r7, r8, r9, sl, fp, lr}
10003dc4:	4616      	mov	r6, r2
10003dc6:	b083      	sub	sp, #12
10003dc8:	2900      	cmp	r1, #0
10003dca:	f000 809e 	beq.w	10003f0a <_realloc_r+0x14a>
10003dce:	460c      	mov	r4, r1
10003dd0:	f106 050b 	add.w	r5, r6, #11
10003dd4:	4680      	mov	r8, r0
10003dd6:	f7ff ffdf 	bl	10003d98 <__malloc_lock>
10003dda:	f854 0c04 	ldr.w	r0, [r4, #-4]
10003dde:	2d16      	cmp	r5, #22
10003de0:	f1a4 0908 	sub.w	r9, r4, #8
10003de4:	f020 0703 	bic.w	r7, r0, #3
10003de8:	d862      	bhi.n	10003eb0 <_realloc_r+0xf0>
10003dea:	2210      	movs	r2, #16
10003dec:	2300      	movs	r3, #0
10003dee:	4615      	mov	r5, r2
10003df0:	42b5      	cmp	r5, r6
10003df2:	f0c0 80a2 	bcc.w	10003f3a <_realloc_r+0x17a>
10003df6:	2b00      	cmp	r3, #0
10003df8:	f040 809f 	bne.w	10003f3a <_realloc_r+0x17a>
10003dfc:	4297      	cmp	r7, r2
10003dfe:	da61      	bge.n	10003ec4 <_realloc_r+0x104>
10003e00:	f8df b328 	ldr.w	fp, [pc, #808]	@ 1000412c <_realloc_r+0x36c>
10003e04:	eb09 0107 	add.w	r1, r9, r7
10003e08:	f8db 3008 	ldr.w	r3, [fp, #8]
10003e0c:	f8d1 c004 	ldr.w	ip, [r1, #4]
10003e10:	428b      	cmp	r3, r1
10003e12:	f000 8097 	beq.w	10003f44 <_realloc_r+0x184>
10003e16:	f02c 0301 	bic.w	r3, ip, #1
10003e1a:	440b      	add	r3, r1
10003e1c:	685b      	ldr	r3, [r3, #4]
10003e1e:	07db      	lsls	r3, r3, #31
10003e20:	d468      	bmi.n	10003ef4 <_realloc_r+0x134>
10003e22:	f02c 0c03 	bic.w	ip, ip, #3
10003e26:	eb07 030c 	add.w	r3, r7, ip
10003e2a:	4293      	cmp	r3, r2
10003e2c:	da45      	bge.n	10003eba <_realloc_r+0xfa>
10003e2e:	07c3      	lsls	r3, r0, #31
10003e30:	d412      	bmi.n	10003e58 <_realloc_r+0x98>
10003e32:	f854 3c08 	ldr.w	r3, [r4, #-8]
10003e36:	eba9 0a03 	sub.w	sl, r9, r3
10003e3a:	f8da 3004 	ldr.w	r3, [sl, #4]
10003e3e:	f023 0003 	bic.w	r0, r3, #3
10003e42:	4484      	add	ip, r0
10003e44:	eb0c 0b07 	add.w	fp, ip, r7
10003e48:	455a      	cmp	r2, fp
10003e4a:	f340 80fe 	ble.w	1000404a <_realloc_r+0x28a>
10003e4e:	eb07 0b00 	add.w	fp, r7, r0
10003e52:	455a      	cmp	r2, fp
10003e54:	f340 80d4 	ble.w	10004000 <_realloc_r+0x240>
10003e58:	4631      	mov	r1, r6
10003e5a:	4640      	mov	r0, r8
10003e5c:	f7ff fcf2 	bl	10003844 <_malloc_r>
10003e60:	4606      	mov	r6, r0
10003e62:	2800      	cmp	r0, #0
10003e64:	f000 8129 	beq.w	100040ba <_realloc_r+0x2fa>
10003e68:	f854 3c04 	ldr.w	r3, [r4, #-4]
10003e6c:	f1a0 0208 	sub.w	r2, r0, #8
10003e70:	f023 0301 	bic.w	r3, r3, #1
10003e74:	444b      	add	r3, r9
10003e76:	4293      	cmp	r3, r2
10003e78:	f000 80b1 	beq.w	10003fde <_realloc_r+0x21e>
10003e7c:	1f3a      	subs	r2, r7, #4
10003e7e:	2a24      	cmp	r2, #36	@ 0x24
10003e80:	f200 80df 	bhi.w	10004042 <_realloc_r+0x282>
10003e84:	2a13      	cmp	r2, #19
10003e86:	f200 80b0 	bhi.w	10003fea <_realloc_r+0x22a>
10003e8a:	4603      	mov	r3, r0
10003e8c:	4622      	mov	r2, r4
10003e8e:	6811      	ldr	r1, [r2, #0]
10003e90:	6019      	str	r1, [r3, #0]
10003e92:	6851      	ldr	r1, [r2, #4]
10003e94:	6059      	str	r1, [r3, #4]
10003e96:	6892      	ldr	r2, [r2, #8]
10003e98:	609a      	str	r2, [r3, #8]
10003e9a:	4621      	mov	r1, r4
10003e9c:	4640      	mov	r0, r8
10003e9e:	f000 fc4d 	bl	1000473c <_free_r>
10003ea2:	4640      	mov	r0, r8
10003ea4:	f7ff ff7e 	bl	10003da4 <__malloc_unlock>
10003ea8:	4630      	mov	r0, r6
10003eaa:	b003      	add	sp, #12
10003eac:	e8bd 8ff0 	ldmia.w	sp!, {r4, r5, r6, r7, r8, r9, sl, fp, pc}
10003eb0:	f025 0507 	bic.w	r5, r5, #7
10003eb4:	462a      	mov	r2, r5
10003eb6:	0feb      	lsrs	r3, r5, #31
10003eb8:	e79a      	b.n	10003df0 <_realloc_r+0x30>
10003eba:	461f      	mov	r7, r3
10003ebc:	e9d1 2302 	ldrd	r2, r3, [r1, #8]
10003ec0:	60d3      	str	r3, [r2, #12]
10003ec2:	609a      	str	r2, [r3, #8]
10003ec4:	1b78      	subs	r0, r7, r5
10003ec6:	f8d9 3004 	ldr.w	r3, [r9, #4]
10003eca:	eb09 0207 	add.w	r2, r9, r7
10003ece:	280f      	cmp	r0, #15
10003ed0:	f003 0301 	and.w	r3, r3, #1
10003ed4:	d81f      	bhi.n	10003f16 <_realloc_r+0x156>
10003ed6:	433b      	orrs	r3, r7
10003ed8:	f8c9 3004 	str.w	r3, [r9, #4]
10003edc:	6853      	ldr	r3, [r2, #4]
10003ede:	f043 0301 	orr.w	r3, r3, #1
10003ee2:	6053      	str	r3, [r2, #4]
10003ee4:	4626      	mov	r6, r4
10003ee6:	4640      	mov	r0, r8
10003ee8:	f7ff ff5c 	bl	10003da4 <__malloc_unlock>
10003eec:	4630      	mov	r0, r6
10003eee:	b003      	add	sp, #12
10003ef0:	e8bd 8ff0 	ldmia.w	sp!, {r4, r5, r6, r7, r8, r9, sl, fp, pc}
10003ef4:	07c3      	lsls	r3, r0, #31
10003ef6:	d4af      	bmi.n	10003e58 <_realloc_r+0x98>
10003ef8:	f854 3c08 	ldr.w	r3, [r4, #-8]
10003efc:	eba9 0a03 	sub.w	sl, r9, r3
10003f00:	f8da 3004 	ldr.w	r3, [sl, #4]
10003f04:	f023 0003 	bic.w	r0, r3, #3
10003f08:	e7a1      	b.n	10003e4e <_realloc_r+0x8e>
10003f0a:	4611      	mov	r1, r2
10003f0c:	b003      	add	sp, #12
10003f0e:	e8bd 4ff0 	ldmia.w	sp!, {r4, r5, r6, r7, r8, r9, sl, fp, lr}
10003f12:	f7ff bc97 	b.w	10003844 <_malloc_r>
10003f16:	432b      	orrs	r3, r5
10003f18:	eb09 0105 	add.w	r1, r9, r5
10003f1c:	f040 0001 	orr.w	r0, r0, #1
10003f20:	f8c9 3004 	str.w	r3, [r9, #4]
10003f24:	3108      	adds	r1, #8
10003f26:	f841 0c04 	str.w	r0, [r1, #-4]
10003f2a:	4640      	mov	r0, r8
10003f2c:	6853      	ldr	r3, [r2, #4]
10003f2e:	f043 0301 	orr.w	r3, r3, #1
10003f32:	6053      	str	r3, [r2, #4]
10003f34:	f000 fc02 	bl	1000473c <_free_r>
10003f38:	e7d4      	b.n	10003ee4 <_realloc_r+0x124>
10003f3a:	230c      	movs	r3, #12
10003f3c:	f8c8 3000 	str.w	r3, [r8]
10003f40:	2600      	movs	r6, #0
10003f42:	e7d3      	b.n	10003eec <_realloc_r+0x12c>
10003f44:	f02c 0c03 	bic.w	ip, ip, #3
10003f48:	f105 0110 	add.w	r1, r5, #16
10003f4c:	eb0c 0307 	add.w	r3, ip, r7
10003f50:	428b      	cmp	r3, r1
10003f52:	f280 8092 	bge.w	1000407a <_realloc_r+0x2ba>
10003f56:	07c0      	lsls	r0, r0, #31
10003f58:	f53f af7e 	bmi.w	10003e58 <_realloc_r+0x98>
10003f5c:	f854 3c08 	ldr.w	r3, [r4, #-8]
10003f60:	eba9 0a03 	sub.w	sl, r9, r3
10003f64:	f8da 3004 	ldr.w	r3, [sl, #4]
10003f68:	f023 0003 	bic.w	r0, r3, #3
10003f6c:	4484      	add	ip, r0
10003f6e:	eb0c 0307 	add.w	r3, ip, r7
10003f72:	4299      	cmp	r1, r3
10003f74:	f73f af6b 	bgt.w	10003e4e <_realloc_r+0x8e>
10003f78:	1f3a      	subs	r2, r7, #4
10003f7a:	4656      	mov	r6, sl
10003f7c:	f8da 100c 	ldr.w	r1, [sl, #12]
10003f80:	f856 0f08 	ldr.w	r0, [r6, #8]!
10003f84:	2a24      	cmp	r2, #36	@ 0x24
10003f86:	60c1      	str	r1, [r0, #12]
10003f88:	6088      	str	r0, [r1, #8]
10003f8a:	f200 80b0 	bhi.w	100040ee <_realloc_r+0x32e>
10003f8e:	2a13      	cmp	r2, #19
10003f90:	f240 80ab 	bls.w	100040ea <_realloc_r+0x32a>
10003f94:	6821      	ldr	r1, [r4, #0]
10003f96:	2a1b      	cmp	r2, #27
10003f98:	f8ca 1008 	str.w	r1, [sl, #8]
10003f9c:	6861      	ldr	r1, [r4, #4]
10003f9e:	f8ca 100c 	str.w	r1, [sl, #12]
10003fa2:	f200 80ab 	bhi.w	100040fc <_realloc_r+0x33c>
10003fa6:	3408      	adds	r4, #8
10003fa8:	f10a 0210 	add.w	r2, sl, #16
10003fac:	6821      	ldr	r1, [r4, #0]
10003fae:	6011      	str	r1, [r2, #0]
10003fb0:	6861      	ldr	r1, [r4, #4]
10003fb2:	6051      	str	r1, [r2, #4]
10003fb4:	68a1      	ldr	r1, [r4, #8]
10003fb6:	6091      	str	r1, [r2, #8]
10003fb8:	1b5b      	subs	r3, r3, r5
10003fba:	eb0a 0205 	add.w	r2, sl, r5
10003fbe:	4640      	mov	r0, r8
10003fc0:	f043 0301 	orr.w	r3, r3, #1
10003fc4:	f8cb 2008 	str.w	r2, [fp, #8]
10003fc8:	6053      	str	r3, [r2, #4]
10003fca:	f8da 3004 	ldr.w	r3, [sl, #4]
10003fce:	f003 0301 	and.w	r3, r3, #1
10003fd2:	432b      	orrs	r3, r5
10003fd4:	f8ca 3004 	str.w	r3, [sl, #4]
10003fd8:	f7ff fee4 	bl	10003da4 <__malloc_unlock>
10003fdc:	e786      	b.n	10003eec <_realloc_r+0x12c>
10003fde:	f850 3c04 	ldr.w	r3, [r0, #-4]
10003fe2:	f023 0303 	bic.w	r3, r3, #3
10003fe6:	441f      	add	r7, r3
10003fe8:	e76c      	b.n	10003ec4 <_realloc_r+0x104>
10003fea:	6823      	ldr	r3, [r4, #0]
10003fec:	2a1b      	cmp	r2, #27
10003fee:	6003      	str	r3, [r0, #0]
10003ff0:	6863      	ldr	r3, [r4, #4]
10003ff2:	6043      	str	r3, [r0, #4]
10003ff4:	d836      	bhi.n	10004064 <_realloc_r+0x2a4>
10003ff6:	f104 0208 	add.w	r2, r4, #8
10003ffa:	f100 0308 	add.w	r3, r0, #8
10003ffe:	e746      	b.n	10003e8e <_realloc_r+0xce>
10004000:	1f3a      	subs	r2, r7, #4
10004002:	4656      	mov	r6, sl
10004004:	f8da 300c 	ldr.w	r3, [sl, #12]
10004008:	2a24      	cmp	r2, #36	@ 0x24
1000400a:	f856 1f08 	ldr.w	r1, [r6, #8]!
1000400e:	60cb      	str	r3, [r1, #12]
10004010:	6099      	str	r1, [r3, #8]
10004012:	d822      	bhi.n	1000405a <_realloc_r+0x29a>
10004014:	2a13      	cmp	r2, #19
10004016:	d91e      	bls.n	10004056 <_realloc_r+0x296>
10004018:	6823      	ldr	r3, [r4, #0]
1000401a:	2a1b      	cmp	r2, #27
1000401c:	f8ca 3008 	str.w	r3, [sl, #8]
10004020:	6863      	ldr	r3, [r4, #4]
10004022:	f8ca 300c 	str.w	r3, [sl, #12]
10004026:	d83c      	bhi.n	100040a2 <_realloc_r+0x2e2>
10004028:	3408      	adds	r4, #8
1000402a:	f10a 0310 	add.w	r3, sl, #16
1000402e:	6822      	ldr	r2, [r4, #0]
10004030:	601a      	str	r2, [r3, #0]
10004032:	6862      	ldr	r2, [r4, #4]
10004034:	605a      	str	r2, [r3, #4]
10004036:	68a2      	ldr	r2, [r4, #8]
10004038:	609a      	str	r2, [r3, #8]
1000403a:	4634      	mov	r4, r6
1000403c:	465f      	mov	r7, fp
1000403e:	46d1      	mov	r9, sl
10004040:	e740      	b.n	10003ec4 <_realloc_r+0x104>
10004042:	4621      	mov	r1, r4
10004044:	f000 f8a0 	bl	10004188 <memmove>
10004048:	e727      	b.n	10003e9a <_realloc_r+0xda>
1000404a:	e9d1 1302 	ldrd	r1, r3, [r1, #8]
1000404e:	1f3a      	subs	r2, r7, #4
10004050:	60cb      	str	r3, [r1, #12]
10004052:	6099      	str	r1, [r3, #8]
10004054:	e7d5      	b.n	10004002 <_realloc_r+0x242>
10004056:	4633      	mov	r3, r6
10004058:	e7e9      	b.n	1000402e <_realloc_r+0x26e>
1000405a:	4621      	mov	r1, r4
1000405c:	4630      	mov	r0, r6
1000405e:	f000 f893 	bl	10004188 <memmove>
10004062:	e7ea      	b.n	1000403a <_realloc_r+0x27a>
10004064:	68a3      	ldr	r3, [r4, #8]
10004066:	2a24      	cmp	r2, #36	@ 0x24
10004068:	6083      	str	r3, [r0, #8]
1000406a:	68e3      	ldr	r3, [r4, #12]
1000406c:	60c3      	str	r3, [r0, #12]
1000406e:	d028      	beq.n	100040c2 <_realloc_r+0x302>
10004070:	f104 0210 	add.w	r2, r4, #16
10004074:	f100 0310 	add.w	r3, r0, #16
10004078:	e709      	b.n	10003e8e <_realloc_r+0xce>
1000407a:	1b5b      	subs	r3, r3, r5
1000407c:	eb09 0205 	add.w	r2, r9, r5
10004080:	4640      	mov	r0, r8
10004082:	4626      	mov	r6, r4
10004084:	f043 0301 	orr.w	r3, r3, #1
10004088:	f8cb 2008 	str.w	r2, [fp, #8]
1000408c:	6053      	str	r3, [r2, #4]
1000408e:	f854 3c04 	ldr.w	r3, [r4, #-4]
10004092:	f003 0301 	and.w	r3, r3, #1
10004096:	432b      	orrs	r3, r5
10004098:	f844 3c04 	str.w	r3, [r4, #-4]
1000409c:	f7ff fe82 	bl	10003da4 <__malloc_unlock>
100040a0:	e724      	b.n	10003eec <_realloc_r+0x12c>
100040a2:	68a3      	ldr	r3, [r4, #8]
100040a4:	2a24      	cmp	r2, #36	@ 0x24
100040a6:	f8ca 3010 	str.w	r3, [sl, #16]
100040aa:	68e3      	ldr	r3, [r4, #12]
100040ac:	f8ca 3014 	str.w	r3, [sl, #20]
100040b0:	d010      	beq.n	100040d4 <_realloc_r+0x314>
100040b2:	3410      	adds	r4, #16
100040b4:	f10a 0318 	add.w	r3, sl, #24
100040b8:	e7b9      	b.n	1000402e <_realloc_r+0x26e>
100040ba:	4640      	mov	r0, r8
100040bc:	f7ff fe72 	bl	10003da4 <__malloc_unlock>
100040c0:	e73e      	b.n	10003f40 <_realloc_r+0x180>
100040c2:	6923      	ldr	r3, [r4, #16]
100040c4:	f104 0218 	add.w	r2, r4, #24
100040c8:	6103      	str	r3, [r0, #16]
100040ca:	6963      	ldr	r3, [r4, #20]
100040cc:	6143      	str	r3, [r0, #20]
100040ce:	f100 0318 	add.w	r3, r0, #24
100040d2:	e6dc      	b.n	10003e8e <_realloc_r+0xce>
100040d4:	6923      	ldr	r3, [r4, #16]
100040d6:	3418      	adds	r4, #24
100040d8:	f8ca 3018 	str.w	r3, [sl, #24]
100040dc:	f854 3c04 	ldr.w	r3, [r4, #-4]
100040e0:	f8ca 301c 	str.w	r3, [sl, #28]
100040e4:	f10a 0320 	add.w	r3, sl, #32
100040e8:	e7a1      	b.n	1000402e <_realloc_r+0x26e>
100040ea:	4632      	mov	r2, r6
100040ec:	e75e      	b.n	10003fac <_realloc_r+0x1ec>
100040ee:	4621      	mov	r1, r4
100040f0:	4630      	mov	r0, r6
100040f2:	9301      	str	r3, [sp, #4]
100040f4:	f000 f848 	bl	10004188 <memmove>
100040f8:	9b01      	ldr	r3, [sp, #4]
100040fa:	e75d      	b.n	10003fb8 <_realloc_r+0x1f8>
100040fc:	68a1      	ldr	r1, [r4, #8]
100040fe:	2a24      	cmp	r2, #36	@ 0x24
10004100:	f8ca 1010 	str.w	r1, [sl, #16]
10004104:	68e1      	ldr	r1, [r4, #12]
10004106:	f8ca 1014 	str.w	r1, [sl, #20]
1000410a:	d003      	beq.n	10004114 <_realloc_r+0x354>
1000410c:	3410      	adds	r4, #16
1000410e:	f10a 0218 	add.w	r2, sl, #24
10004112:	e74b      	b.n	10003fac <_realloc_r+0x1ec>
10004114:	6922      	ldr	r2, [r4, #16]
10004116:	3418      	adds	r4, #24
10004118:	f8ca 2018 	str.w	r2, [sl, #24]
1000411c:	f854 2c04 	ldr.w	r2, [r4, #-4]
10004120:	f8ca 201c 	str.w	r2, [sl, #28]
10004124:	f10a 0220 	add.w	r2, sl, #32
10004128:	e740      	b.n	10003fac <_realloc_r+0x1ec>
1000412a:	bf00      	nop
1000412c:	20000668 	.word	0x20000668

10004130 <sscanf>:
10004130:	b40e      	push	{r1, r2, r3}
10004132:	b530      	push	{r4, r5, lr}
10004134:	b09c      	sub	sp, #112	@ 0x70
10004136:	f44f 7201 	mov.w	r2, #516	@ 0x204
1000413a:	ac1f      	add	r4, sp, #124	@ 0x7c
1000413c:	f8ad 2014 	strh.w	r2, [sp, #20]
10004140:	9002      	str	r0, [sp, #8]
10004142:	f854 5b04 	ldr.w	r5, [r4], #4
10004146:	9006      	str	r0, [sp, #24]
10004148:	f000 fa6e 	bl	10004628 <strlen>
1000414c:	490b      	ldr	r1, [pc, #44]	@ (1000417c <sscanf+0x4c>)
1000414e:	2300      	movs	r3, #0
10004150:	9003      	str	r0, [sp, #12]
10004152:	462a      	mov	r2, r5
10004154:	910a      	str	r1, [sp, #40]	@ 0x28
10004156:	f64f 71ff 	movw	r1, #65535	@ 0xffff
1000415a:	9007      	str	r0, [sp, #28]
1000415c:	4808      	ldr	r0, [pc, #32]	@ (10004180 <sscanf+0x50>)
1000415e:	930e      	str	r3, [sp, #56]	@ 0x38
10004160:	9313      	str	r3, [sp, #76]	@ 0x4c
10004162:	4623      	mov	r3, r4
10004164:	f8ad 1016 	strh.w	r1, [sp, #22]
10004168:	a902      	add	r1, sp, #8
1000416a:	6800      	ldr	r0, [r0, #0]
1000416c:	9401      	str	r4, [sp, #4]
1000416e:	f000 fc8d 	bl	10004a8c <__ssvfscanf_r>
10004172:	b01c      	add	sp, #112	@ 0x70
10004174:	e8bd 4030 	ldmia.w	sp!, {r4, r5, lr}
10004178:	b003      	add	sp, #12
1000417a:	4770      	bx	lr
1000417c:	10004185 	.word	0x10004185
10004180:	20000a70 	.word	0x20000a70

10004184 <__seofread>:
10004184:	2000      	movs	r0, #0
10004186:	4770      	bx	lr

10004188 <memmove>:
10004188:	4288      	cmp	r0, r1
1000418a:	d90e      	bls.n	100041aa <memmove+0x22>
1000418c:	188b      	adds	r3, r1, r2
1000418e:	4283      	cmp	r3, r0
10004190:	d90b      	bls.n	100041aa <memmove+0x22>
10004192:	eb00 0c02 	add.w	ip, r0, r2
10004196:	2a00      	cmp	r2, #0
10004198:	d06e      	beq.n	10004278 <memmove+0xf0>
1000419a:	4662      	mov	r2, ip
1000419c:	f813 cd01 	ldrb.w	ip, [r3, #-1]!
100041a0:	4299      	cmp	r1, r3
100041a2:	f802 cd01 	strb.w	ip, [r2, #-1]!
100041a6:	d1f9      	bne.n	1000419c <memmove+0x14>
100041a8:	4770      	bx	lr
100041aa:	2a0f      	cmp	r2, #15
100041ac:	d80f      	bhi.n	100041ce <memmove+0x46>
100041ae:	4603      	mov	r3, r0
100041b0:	f102 3cff 	add.w	ip, r2, #4294967295	@ 0xffffffff
100041b4:	2a00      	cmp	r2, #0
100041b6:	d05f      	beq.n	10004278 <memmove+0xf0>
100041b8:	f10c 0c01 	add.w	ip, ip, #1
100041bc:	3b01      	subs	r3, #1
100041be:	448c      	add	ip, r1
100041c0:	f811 2b01 	ldrb.w	r2, [r1], #1
100041c4:	4561      	cmp	r1, ip
100041c6:	f803 2f01 	strb.w	r2, [r3, #1]!
100041ca:	d1f9      	bne.n	100041c0 <memmove+0x38>
100041cc:	4770      	bx	lr
100041ce:	ea40 0301 	orr.w	r3, r0, r1
100041d2:	079b      	lsls	r3, r3, #30
100041d4:	d151      	bne.n	1000427a <memmove+0xf2>
100041d6:	f1a2 0310 	sub.w	r3, r2, #16
100041da:	f101 0c20 	add.w	ip, r1, #32
100041de:	b570      	push	{r4, r5, r6, lr}
100041e0:	f023 050f 	bic.w	r5, r3, #15
100041e4:	f101 0e10 	add.w	lr, r1, #16
100041e8:	f100 0410 	add.w	r4, r0, #16
100041ec:	091b      	lsrs	r3, r3, #4
100041ee:	44ac      	add	ip, r5
100041f0:	f85e 5c10 	ldr.w	r5, [lr, #-16]
100041f4:	f10e 0e10 	add.w	lr, lr, #16
100041f8:	3410      	adds	r4, #16
100041fa:	f844 5c20 	str.w	r5, [r4, #-32]
100041fe:	f85e 5c1c 	ldr.w	r5, [lr, #-28]
10004202:	f844 5c1c 	str.w	r5, [r4, #-28]
10004206:	f85e 5c18 	ldr.w	r5, [lr, #-24]
1000420a:	f844 5c18 	str.w	r5, [r4, #-24]
1000420e:	f85e 5c14 	ldr.w	r5, [lr, #-20]
10004212:	45e6      	cmp	lr, ip
10004214:	f844 5c14 	str.w	r5, [r4, #-20]
10004218:	d1ea      	bne.n	100041f0 <memmove+0x68>
1000421a:	3301      	adds	r3, #1
1000421c:	f012 0f0c 	tst.w	r2, #12
10004220:	f002 0c0f 	and.w	ip, r2, #15
10004224:	eb01 1103 	add.w	r1, r1, r3, lsl #4
10004228:	eb00 1303 	add.w	r3, r0, r3, lsl #4
1000422c:	d029      	beq.n	10004282 <memmove+0xfa>
1000422e:	f1ac 0c04 	sub.w	ip, ip, #4
10004232:	1f1c      	subs	r4, r3, #4
10004234:	468e      	mov	lr, r1
10004236:	f02c 0603 	bic.w	r6, ip, #3
1000423a:	ea4f 0c9c 	mov.w	ip, ip, lsr #2
1000423e:	441e      	add	r6, r3
10004240:	f85e 5b04 	ldr.w	r5, [lr], #4
10004244:	f844 5f04 	str.w	r5, [r4, #4]!
10004248:	42b4      	cmp	r4, r6
1000424a:	d1f9      	bne.n	10004240 <memmove+0xb8>
1000424c:	f10c 0401 	add.w	r4, ip, #1
10004250:	f002 0203 	and.w	r2, r2, #3
10004254:	eb03 0384 	add.w	r3, r3, r4, lsl #2
10004258:	eb01 0184 	add.w	r1, r1, r4, lsl #2
1000425c:	f102 3cff 	add.w	ip, r2, #4294967295	@ 0xffffffff
10004260:	b14a      	cbz	r2, 10004276 <memmove+0xee>
10004262:	f10c 0c01 	add.w	ip, ip, #1
10004266:	3b01      	subs	r3, #1
10004268:	448c      	add	ip, r1
1000426a:	f811 2b01 	ldrb.w	r2, [r1], #1
1000426e:	4561      	cmp	r1, ip
10004270:	f803 2f01 	strb.w	r2, [r3, #1]!
10004274:	d1f9      	bne.n	1000426a <memmove+0xe2>
10004276:	bd70      	pop	{r4, r5, r6, pc}
10004278:	4770      	bx	lr
1000427a:	f102 3cff 	add.w	ip, r2, #4294967295	@ 0xffffffff
1000427e:	4603      	mov	r3, r0
10004280:	e79a      	b.n	100041b8 <memmove+0x30>
10004282:	4662      	mov	r2, ip
10004284:	e7ea      	b.n	1000425c <memmove+0xd4>
10004286:	bf00      	nop

10004288 <memset>:
10004288:	b570      	push	{r4, r5, r6, lr}
1000428a:	0786      	lsls	r6, r0, #30
1000428c:	d047      	beq.n	1000431e <memset+0x96>
1000428e:	1e54      	subs	r4, r2, #1
10004290:	2a00      	cmp	r2, #0
10004292:	d03e      	beq.n	10004312 <memset+0x8a>
10004294:	b2ca      	uxtb	r2, r1
10004296:	4603      	mov	r3, r0
10004298:	e001      	b.n	1000429e <memset+0x16>
1000429a:	3c01      	subs	r4, #1
1000429c:	d339      	bcc.n	10004312 <memset+0x8a>
1000429e:	f803 2b01 	strb.w	r2, [r3], #1
100042a2:	079d      	lsls	r5, r3, #30
100042a4:	d1f9      	bne.n	1000429a <memset+0x12>
100042a6:	2c03      	cmp	r4, #3
100042a8:	d92c      	bls.n	10004304 <memset+0x7c>
100042aa:	b2cd      	uxtb	r5, r1
100042ac:	2c0f      	cmp	r4, #15
100042ae:	eb05 2505 	add.w	r5, r5, r5, lsl #8
100042b2:	eb05 4505 	add.w	r5, r5, r5, lsl #16
100042b6:	d935      	bls.n	10004324 <memset+0x9c>
100042b8:	f1a4 0c10 	sub.w	ip, r4, #16
100042bc:	f103 0e10 	add.w	lr, r3, #16
100042c0:	461a      	mov	r2, r3
100042c2:	f02c 060f 	bic.w	r6, ip, #15
100042c6:	ea4f 1c1c 	mov.w	ip, ip, lsr #4
100042ca:	44b6      	add	lr, r6
100042cc:	e9c2 5500 	strd	r5, r5, [r2]
100042d0:	e9c2 5502 	strd	r5, r5, [r2, #8]
100042d4:	3210      	adds	r2, #16
100042d6:	4572      	cmp	r2, lr
100042d8:	d1f8      	bne.n	100042cc <memset+0x44>
100042da:	f10c 0201 	add.w	r2, ip, #1
100042de:	f014 0f0c 	tst.w	r4, #12
100042e2:	f004 0c0f 	and.w	ip, r4, #15
100042e6:	eb03 1202 	add.w	r2, r3, r2, lsl #4
100042ea:	d013      	beq.n	10004314 <memset+0x8c>
100042ec:	f1ac 0304 	sub.w	r3, ip, #4
100042f0:	f023 0303 	bic.w	r3, r3, #3
100042f4:	3304      	adds	r3, #4
100042f6:	4413      	add	r3, r2
100042f8:	f842 5b04 	str.w	r5, [r2], #4
100042fc:	4293      	cmp	r3, r2
100042fe:	d1fb      	bne.n	100042f8 <memset+0x70>
10004300:	f00c 0403 	and.w	r4, ip, #3
10004304:	b12c      	cbz	r4, 10004312 <memset+0x8a>
10004306:	b2c9      	uxtb	r1, r1
10004308:	441c      	add	r4, r3
1000430a:	f803 1b01 	strb.w	r1, [r3], #1
1000430e:	42a3      	cmp	r3, r4
10004310:	d1fb      	bne.n	1000430a <memset+0x82>
10004312:	bd70      	pop	{r4, r5, r6, pc}
10004314:	4664      	mov	r4, ip
10004316:	4613      	mov	r3, r2
10004318:	2c00      	cmp	r4, #0
1000431a:	d1f4      	bne.n	10004306 <memset+0x7e>
1000431c:	e7f9      	b.n	10004312 <memset+0x8a>
1000431e:	4603      	mov	r3, r0
10004320:	4614      	mov	r4, r2
10004322:	e7c0      	b.n	100042a6 <memset+0x1e>
10004324:	461a      	mov	r2, r3
10004326:	46a4      	mov	ip, r4
10004328:	e7e0      	b.n	100042ec <memset+0x64>
1000432a:	bf00      	nop

1000432c <_sbrk_r>:
1000432c:	b538      	push	{r3, r4, r5, lr}
1000432e:	2200      	movs	r2, #0
10004330:	4d06      	ldr	r5, [pc, #24]	@ (1000434c <_sbrk_r+0x20>)
10004332:	4604      	mov	r4, r0
10004334:	4608      	mov	r0, r1
10004336:	602a      	str	r2, [r5, #0]
10004338:	f7ff f8c4 	bl	100034c4 <_sbrk>
1000433c:	1c43      	adds	r3, r0, #1
1000433e:	d000      	beq.n	10004342 <_sbrk_r+0x16>
10004340:	bd38      	pop	{r3, r4, r5, pc}
10004342:	682b      	ldr	r3, [r5, #0]
10004344:	2b00      	cmp	r3, #0
10004346:	d0fb      	beq.n	10004340 <_sbrk_r+0x14>
10004348:	6023      	str	r3, [r4, #0]
1000434a:	bd38      	pop	{r3, r4, r5, pc}
1000434c:	20001054 	.word	0x20001054

10004350 <__errno>:
10004350:	4b01      	ldr	r3, [pc, #4]	@ (10004358 <__errno+0x8>)
10004352:	6818      	ldr	r0, [r3, #0]
10004354:	4770      	bx	lr
10004356:	bf00      	nop
10004358:	20000a70 	.word	0x20000a70

1000435c <sysconf>:
1000435c:	2808      	cmp	r0, #8
1000435e:	d102      	bne.n	10004366 <sysconf+0xa>
10004360:	f44f 5080 	mov.w	r0, #4096	@ 0x1000
10004364:	4770      	bx	lr
10004366:	b508      	push	{r3, lr}
10004368:	f7ff fff2 	bl	10004350 <__errno>
1000436c:	2216      	movs	r2, #22
1000436e:	4603      	mov	r3, r0
10004370:	f04f 30ff 	mov.w	r0, #4294967295	@ 0xffffffff
10004374:	601a      	str	r2, [r3, #0]
10004376:	bd08      	pop	{r3, pc}

10004378 <strcmp>:
10004378:	ea80 0c01 	eor.w	ip, r0, r1
1000437c:	f01c 0f03 	tst.w	ip, #3
10004380:	d137      	bne.n	100043f2 <strcmp+0x7a>
10004382:	f010 0c03 	ands.w	ip, r0, #3
10004386:	f020 0003 	bic.w	r0, r0, #3
1000438a:	f021 0103 	bic.w	r1, r1, #3
1000438e:	f850 2b04 	ldr.w	r2, [r0], #4
10004392:	bf08      	it	eq
10004394:	f851 3b04 	ldreq.w	r3, [r1], #4
10004398:	d00e      	beq.n	100043b8 <strcmp+0x40>
1000439a:	f08c 0c03 	eor.w	ip, ip, #3
1000439e:	f06f 437f 	mvn.w	r3, #4278190080	@ 0xff000000
100043a2:	ea4f 0ccc 	mov.w	ip, ip, lsl #3
100043a6:	fa23 fc0c 	lsr.w	ip, r3, ip
100043aa:	f851 3b04 	ldr.w	r3, [r1], #4
100043ae:	ea42 020c 	orr.w	r2, r2, ip
100043b2:	ea43 030c 	orr.w	r3, r3, ip
100043b6:	bf00      	nop
100043b8:	f1a2 3c01 	sub.w	ip, r2, #16843009	@ 0x1010101
100043bc:	429a      	cmp	r2, r3
100043be:	bf01      	itttt	eq
100043c0:	ea2c 0c02 	biceq.w	ip, ip, r2
100043c4:	f01c 3f80 	tsteq.w	ip, #2155905152	@ 0x80808080
100043c8:	f850 2b04 	ldreq.w	r2, [r0], #4
100043cc:	f851 3b04 	ldreq.w	r3, [r1], #4
100043d0:	d0f2      	beq.n	100043b8 <strcmp+0x40>
100043d2:	ea4f 6002 	mov.w	r0, r2, lsl #24
100043d6:	ea4f 2212 	mov.w	r2, r2, lsr #8
100043da:	2801      	cmp	r0, #1
100043dc:	bf28      	it	cs
100043de:	ebb0 6f03 	cmpcs.w	r0, r3, lsl #24
100043e2:	bf08      	it	eq
100043e4:	0a1b      	lsreq	r3, r3, #8
100043e6:	d0f4      	beq.n	100043d2 <strcmp+0x5a>
100043e8:	f003 03ff 	and.w	r3, r3, #255	@ 0xff
100043ec:	0e00      	lsrs	r0, r0, #24
100043ee:	1ac0      	subs	r0, r0, r3
100043f0:	4770      	bx	lr
100043f2:	f010 0f03 	tst.w	r0, #3
100043f6:	d00a      	beq.n	1000440e <strcmp+0x96>
100043f8:	f810 2b01 	ldrb.w	r2, [r0], #1
100043fc:	f811 3b01 	ldrb.w	r3, [r1], #1
10004400:	2a01      	cmp	r2, #1
10004402:	bf28      	it	cs
10004404:	429a      	cmpcs	r2, r3
10004406:	d0f4      	beq.n	100043f2 <strcmp+0x7a>
10004408:	eba2 0003 	sub.w	r0, r2, r3
1000440c:	4770      	bx	lr
1000440e:	f84d 5d04 	str.w	r5, [sp, #-4]!
10004412:	f850 2b04 	ldr.w	r2, [r0], #4
10004416:	f001 0503 	and.w	r5, r1, #3
1000441a:	f021 0103 	bic.w	r1, r1, #3
1000441e:	f851 3b04 	ldr.w	r3, [r1], #4
10004422:	2d02      	cmp	r5, #2
10004424:	d026      	beq.n	10004474 <strcmp+0xfc>
10004426:	d84d      	bhi.n	100044c4 <strcmp+0x14c>
10004428:	f022 457f 	bic.w	r5, r2, #4278190080	@ 0xff000000
1000442c:	ebb5 2f13 	cmp.w	r5, r3, lsr #8
10004430:	f1a2 3c01 	sub.w	ip, r2, #16843009	@ 0x1010101
10004434:	ea2c 0c02 	bic.w	ip, ip, r2
10004438:	d10d      	bne.n	10004456 <strcmp+0xde>
1000443a:	f01c 3c80 	ands.w	ip, ip, #2155905152	@ 0x80808080
1000443e:	bf08      	it	eq
10004440:	f851 3b04 	ldreq.w	r3, [r1], #4
10004444:	d10a      	bne.n	1000445c <strcmp+0xe4>
10004446:	ea85 0502 	eor.w	r5, r5, r2
1000444a:	ebb5 6f03 	cmp.w	r5, r3, lsl #24
1000444e:	d10c      	bne.n	1000446a <strcmp+0xf2>
10004450:	f850 2b04 	ldr.w	r2, [r0], #4
10004454:	e7e8      	b.n	10004428 <strcmp+0xb0>
10004456:	ea4f 2313 	mov.w	r3, r3, lsr #8
1000445a:	e05b      	b.n	10004514 <strcmp+0x19c>
1000445c:	f03c 4c7f 	bics.w	ip, ip, #4278190080	@ 0xff000000
10004460:	d154      	bne.n	1000450c <strcmp+0x194>
10004462:	780b      	ldrb	r3, [r1, #0]
10004464:	ea4f 6512 	mov.w	r5, r2, lsr #24
10004468:	e054      	b.n	10004514 <strcmp+0x19c>
1000446a:	ea4f 6512 	mov.w	r5, r2, lsr #24
1000446e:	f003 03ff 	and.w	r3, r3, #255	@ 0xff
10004472:	e04f      	b.n	10004514 <strcmp+0x19c>
10004474:	ea4f 4502 	mov.w	r5, r2, lsl #16
10004478:	f1a2 3c01 	sub.w	ip, r2, #16843009	@ 0x1010101
1000447c:	ea4f 4515 	mov.w	r5, r5, lsr #16
10004480:	ea2c 0c02 	bic.w	ip, ip, r2
10004484:	ebb5 4f13 	cmp.w	r5, r3, lsr #16
10004488:	d118      	bne.n	100044bc <strcmp+0x144>
1000448a:	f01c 3c80 	ands.w	ip, ip, #2155905152	@ 0x80808080
1000448e:	bf08      	it	eq
10004490:	f851 3b04 	ldreq.w	r3, [r1], #4
10004494:	d107      	bne.n	100044a6 <strcmp+0x12e>
10004496:	ea85 0502 	eor.w	r5, r5, r2
1000449a:	ebb5 4f03 	cmp.w	r5, r3, lsl #16
1000449e:	d109      	bne.n	100044b4 <strcmp+0x13c>
100044a0:	f850 2b04 	ldr.w	r2, [r0], #4
100044a4:	e7e6      	b.n	10004474 <strcmp+0xfc>
100044a6:	ea5f 4c0c 	movs.w	ip, ip, lsl #16
100044aa:	d12f      	bne.n	1000450c <strcmp+0x194>
100044ac:	880b      	ldrh	r3, [r1, #0]
100044ae:	ea4f 4512 	mov.w	r5, r2, lsr #16
100044b2:	e02f      	b.n	10004514 <strcmp+0x19c>
100044b4:	ea4f 4303 	mov.w	r3, r3, lsl #16
100044b8:	ea4f 4512 	mov.w	r5, r2, lsr #16
100044bc:	ea4f 4313 	mov.w	r3, r3, lsr #16
100044c0:	e028      	b.n	10004514 <strcmp+0x19c>
100044c2:	bf00      	nop
100044c4:	f002 05ff 	and.w	r5, r2, #255	@ 0xff
100044c8:	ebb5 6f13 	cmp.w	r5, r3, lsr #24
100044cc:	f1a2 3c01 	sub.w	ip, r2, #16843009	@ 0x1010101
100044d0:	ea2c 0c02 	bic.w	ip, ip, r2
100044d4:	d10d      	bne.n	100044f2 <strcmp+0x17a>
100044d6:	f01c 3c80 	ands.w	ip, ip, #2155905152	@ 0x80808080
100044da:	bf08      	it	eq
100044dc:	f851 3b04 	ldreq.w	r3, [r1], #4
100044e0:	d10a      	bne.n	100044f8 <strcmp+0x180>
100044e2:	ea85 0502 	eor.w	r5, r5, r2
100044e6:	ebb5 2f03 	cmp.w	r5, r3, lsl #8
100044ea:	d10a      	bne.n	10004502 <strcmp+0x18a>
100044ec:	f850 2b04 	ldr.w	r2, [r0], #4
100044f0:	e7e8      	b.n	100044c4 <strcmp+0x14c>
100044f2:	ea4f 6313 	mov.w	r3, r3, lsr #24
100044f6:	e00d      	b.n	10004514 <strcmp+0x19c>
100044f8:	f012 0fff 	tst.w	r2, #255	@ 0xff
100044fc:	d006      	beq.n	1000450c <strcmp+0x194>
100044fe:	f851 3b04 	ldr.w	r3, [r1], #4
10004502:	ea4f 2512 	mov.w	r5, r2, lsr #8
10004506:	f023 437f 	bic.w	r3, r3, #4278190080	@ 0xff000000
1000450a:	e003      	b.n	10004514 <strcmp+0x19c>
1000450c:	f04f 0000 	mov.w	r0, #0
10004510:	bc20      	pop	{r5}
10004512:	4770      	bx	lr
10004514:	f005 02ff 	and.w	r2, r5, #255	@ 0xff
10004518:	f003 00ff 	and.w	r0, r3, #255	@ 0xff
1000451c:	2801      	cmp	r0, #1
1000451e:	bf28      	it	cs
10004520:	4290      	cmpcs	r0, r2
10004522:	bf04      	itt	eq
10004524:	0a2d      	lsreq	r5, r5, #8
10004526:	0a1b      	lsreq	r3, r3, #8
10004528:	d0f4      	beq.n	10004514 <strcmp+0x19c>
1000452a:	eba2 0000 	sub.w	r0, r2, r0
1000452e:	bc20      	pop	{r5}
10004530:	4770      	bx	lr
10004532:	bf00      	nop

10004534 <__retarget_lock_acquire_recursive>:
10004534:	4770      	bx	lr
10004536:	bf00      	nop

10004538 <__retarget_lock_release_recursive>:
10004538:	4770      	bx	lr
1000453a:	bf00      	nop

1000453c <memcpy>:
1000453c:	4684      	mov	ip, r0
1000453e:	ea41 0300 	orr.w	r3, r1, r0
10004542:	f013 0303 	ands.w	r3, r3, #3
10004546:	d149      	bne.n	100045dc <memcpy+0xa0>
10004548:	3a40      	subs	r2, #64	@ 0x40
1000454a:	d323      	bcc.n	10004594 <memcpy+0x58>
1000454c:	680b      	ldr	r3, [r1, #0]
1000454e:	6003      	str	r3, [r0, #0]
10004550:	684b      	ldr	r3, [r1, #4]
10004552:	6043      	str	r3, [r0, #4]
10004554:	688b      	ldr	r3, [r1, #8]
10004556:	6083      	str	r3, [r0, #8]
10004558:	68cb      	ldr	r3, [r1, #12]
1000455a:	60c3      	str	r3, [r0, #12]
1000455c:	690b      	ldr	r3, [r1, #16]
1000455e:	6103      	str	r3, [r0, #16]
10004560:	694b      	ldr	r3, [r1, #20]
10004562:	6143      	str	r3, [r0, #20]
10004564:	698b      	ldr	r3, [r1, #24]
10004566:	6183      	str	r3, [r0, #24]
10004568:	69cb      	ldr	r3, [r1, #28]
1000456a:	61c3      	str	r3, [r0, #28]
1000456c:	6a0b      	ldr	r3, [r1, #32]
1000456e:	6203      	str	r3, [r0, #32]
10004570:	6a4b      	ldr	r3, [r1, #36]	@ 0x24
10004572:	6243      	str	r3, [r0, #36]	@ 0x24
10004574:	6a8b      	ldr	r3, [r1, #40]	@ 0x28
10004576:	6283      	str	r3, [r0, #40]	@ 0x28
10004578:	6acb      	ldr	r3, [r1, #44]	@ 0x2c
1000457a:	62c3      	str	r3, [r0, #44]	@ 0x2c
1000457c:	6b0b      	ldr	r3, [r1, #48]	@ 0x30
1000457e:	6303      	str	r3, [r0, #48]	@ 0x30
10004580:	6b4b      	ldr	r3, [r1, #52]	@ 0x34
10004582:	6343      	str	r3, [r0, #52]	@ 0x34
10004584:	6b8b      	ldr	r3, [r1, #56]	@ 0x38
10004586:	6383      	str	r3, [r0, #56]	@ 0x38
10004588:	6bcb      	ldr	r3, [r1, #60]	@ 0x3c
1000458a:	63c3      	str	r3, [r0, #60]	@ 0x3c
1000458c:	3040      	adds	r0, #64	@ 0x40
1000458e:	3140      	adds	r1, #64	@ 0x40
10004590:	3a40      	subs	r2, #64	@ 0x40
10004592:	d2db      	bcs.n	1000454c <memcpy+0x10>
10004594:	3230      	adds	r2, #48	@ 0x30
10004596:	d30b      	bcc.n	100045b0 <memcpy+0x74>
10004598:	680b      	ldr	r3, [r1, #0]
1000459a:	6003      	str	r3, [r0, #0]
1000459c:	684b      	ldr	r3, [r1, #4]
1000459e:	6043      	str	r3, [r0, #4]
100045a0:	688b      	ldr	r3, [r1, #8]
100045a2:	6083      	str	r3, [r0, #8]
100045a4:	68cb      	ldr	r3, [r1, #12]
100045a6:	60c3      	str	r3, [r0, #12]
100045a8:	3010      	adds	r0, #16
100045aa:	3110      	adds	r1, #16
100045ac:	3a10      	subs	r2, #16
100045ae:	d2f3      	bcs.n	10004598 <memcpy+0x5c>
100045b0:	320c      	adds	r2, #12
100045b2:	d305      	bcc.n	100045c0 <memcpy+0x84>
100045b4:	f851 3b04 	ldr.w	r3, [r1], #4
100045b8:	f840 3b04 	str.w	r3, [r0], #4
100045bc:	3a04      	subs	r2, #4
100045be:	d2f9      	bcs.n	100045b4 <memcpy+0x78>
100045c0:	3204      	adds	r2, #4
100045c2:	d008      	beq.n	100045d6 <memcpy+0x9a>
100045c4:	07d2      	lsls	r2, r2, #31
100045c6:	bf1c      	itt	ne
100045c8:	f811 3b01 	ldrbne.w	r3, [r1], #1
100045cc:	f800 3b01 	strbne.w	r3, [r0], #1
100045d0:	d301      	bcc.n	100045d6 <memcpy+0x9a>
100045d2:	880b      	ldrh	r3, [r1, #0]
100045d4:	8003      	strh	r3, [r0, #0]
100045d6:	4660      	mov	r0, ip
100045d8:	4770      	bx	lr
100045da:	bf00      	nop
100045dc:	2a08      	cmp	r2, #8
100045de:	d313      	bcc.n	10004608 <memcpy+0xcc>
100045e0:	078b      	lsls	r3, r1, #30
100045e2:	d0b1      	beq.n	10004548 <memcpy+0xc>
100045e4:	f010 0303 	ands.w	r3, r0, #3
100045e8:	d0ae      	beq.n	10004548 <memcpy+0xc>
100045ea:	f1c3 0304 	rsb	r3, r3, #4
100045ee:	1ad2      	subs	r2, r2, r3
100045f0:	07db      	lsls	r3, r3, #31
100045f2:	bf1c      	itt	ne
100045f4:	f811 3b01 	ldrbne.w	r3, [r1], #1
100045f8:	f800 3b01 	strbne.w	r3, [r0], #1
100045fc:	d3a4      	bcc.n	10004548 <memcpy+0xc>
100045fe:	f831 3b02 	ldrh.w	r3, [r1], #2
10004602:	f820 3b02 	strh.w	r3, [r0], #2
10004606:	e79f      	b.n	10004548 <memcpy+0xc>
10004608:	3a04      	subs	r2, #4
1000460a:	d3d9      	bcc.n	100045c0 <memcpy+0x84>
1000460c:	3a01      	subs	r2, #1
1000460e:	f811 3b01 	ldrb.w	r3, [r1], #1
10004612:	f800 3b01 	strb.w	r3, [r0], #1
10004616:	d2f9      	bcs.n	1000460c <memcpy+0xd0>
10004618:	780b      	ldrb	r3, [r1, #0]
1000461a:	7003      	strb	r3, [r0, #0]
1000461c:	784b      	ldrb	r3, [r1, #1]
1000461e:	7043      	strb	r3, [r0, #1]
10004620:	788b      	ldrb	r3, [r1, #2]
10004622:	7083      	strb	r3, [r0, #2]
10004624:	4660      	mov	r0, ip
10004626:	4770      	bx	lr

10004628 <strlen>:
10004628:	f020 0103 	bic.w	r1, r0, #3
1000462c:	f010 0003 	ands.w	r0, r0, #3
10004630:	f1c0 0000 	rsb	r0, r0, #0
10004634:	f851 3b04 	ldr.w	r3, [r1], #4
10004638:	f100 0c04 	add.w	ip, r0, #4
1000463c:	ea4f 0ccc 	mov.w	ip, ip, lsl #3
10004640:	f06f 0200 	mvn.w	r2, #0
10004644:	bf1c      	itt	ne
10004646:	fa22 f20c 	lsrne.w	r2, r2, ip
1000464a:	4313      	orrne	r3, r2
1000464c:	f04f 0c01 	mov.w	ip, #1
10004650:	ea4c 2c0c 	orr.w	ip, ip, ip, lsl #8
10004654:	ea4c 4c0c 	orr.w	ip, ip, ip, lsl #16
10004658:	eba3 020c 	sub.w	r2, r3, ip
1000465c:	ea22 0203 	bic.w	r2, r2, r3
10004660:	ea12 12cc 	ands.w	r2, r2, ip, lsl #7
10004664:	bf04      	itt	eq
10004666:	f851 3b04 	ldreq.w	r3, [r1], #4
1000466a:	3004      	addeq	r0, #4
1000466c:	d0f4      	beq.n	10004658 <strlen+0x30>
1000466e:	f1c2 0100 	rsb	r1, r2, #0
10004672:	ea02 0201 	and.w	r2, r2, r1
10004676:	fab2 f282 	clz	r2, r2
1000467a:	f1c2 021f 	rsb	r2, r2, #31
1000467e:	eb00 00d2 	add.w	r0, r0, r2, lsr #3
10004682:	4770      	bx	lr

10004684 <_malloc_trim_r>:
10004684:	e92d 43f8 	stmdb	sp!, {r3, r4, r5, r6, r7, r8, r9, lr}
10004688:	4606      	mov	r6, r0
1000468a:	f8df 80ac 	ldr.w	r8, [pc, #172]	@ 10004738 <_malloc_trim_r+0xb4>
1000468e:	2008      	movs	r0, #8
10004690:	4689      	mov	r9, r1
10004692:	f7ff fe63 	bl	1000435c <sysconf>
10004696:	4605      	mov	r5, r0
10004698:	4630      	mov	r0, r6
1000469a:	f7ff fb7d 	bl	10003d98 <__malloc_lock>
1000469e:	f8d8 3008 	ldr.w	r3, [r8, #8]
100046a2:	685f      	ldr	r7, [r3, #4]
100046a4:	f027 0703 	bic.w	r7, r7, #3
100046a8:	f1a7 0411 	sub.w	r4, r7, #17
100046ac:	eba4 0409 	sub.w	r4, r4, r9
100046b0:	442c      	add	r4, r5
100046b2:	fbb4 f4f5 	udiv	r4, r4, r5
100046b6:	3c01      	subs	r4, #1
100046b8:	fb05 f404 	mul.w	r4, r5, r4
100046bc:	42a5      	cmp	r5, r4
100046be:	dc08      	bgt.n	100046d2 <_malloc_trim_r+0x4e>
100046c0:	2100      	movs	r1, #0
100046c2:	4630      	mov	r0, r6
100046c4:	f7ff fe32 	bl	1000432c <_sbrk_r>
100046c8:	f8d8 3008 	ldr.w	r3, [r8, #8]
100046cc:	443b      	add	r3, r7
100046ce:	4298      	cmp	r0, r3
100046d0:	d005      	beq.n	100046de <_malloc_trim_r+0x5a>
100046d2:	4630      	mov	r0, r6
100046d4:	f7ff fb66 	bl	10003da4 <__malloc_unlock>
100046d8:	2000      	movs	r0, #0
100046da:	e8bd 83f8 	ldmia.w	sp!, {r3, r4, r5, r6, r7, r8, r9, pc}
100046de:	4261      	negs	r1, r4
100046e0:	4630      	mov	r0, r6
100046e2:	f7ff fe23 	bl	1000432c <_sbrk_r>
100046e6:	3001      	adds	r0, #1
100046e8:	d00f      	beq.n	1000470a <_malloc_trim_r+0x86>
100046ea:	1b3f      	subs	r7, r7, r4
100046ec:	4a10      	ldr	r2, [pc, #64]	@ (10004730 <_malloc_trim_r+0xac>)
100046ee:	f8d8 3008 	ldr.w	r3, [r8, #8]
100046f2:	4630      	mov	r0, r6
100046f4:	f047 0701 	orr.w	r7, r7, #1
100046f8:	605f      	str	r7, [r3, #4]
100046fa:	6813      	ldr	r3, [r2, #0]
100046fc:	1b1b      	subs	r3, r3, r4
100046fe:	6013      	str	r3, [r2, #0]
10004700:	f7ff fb50 	bl	10003da4 <__malloc_unlock>
10004704:	2001      	movs	r0, #1
10004706:	e8bd 83f8 	ldmia.w	sp!, {r3, r4, r5, r6, r7, r8, r9, pc}
1000470a:	2100      	movs	r1, #0
1000470c:	4630      	mov	r0, r6
1000470e:	f7ff fe0d 	bl	1000432c <_sbrk_r>
10004712:	f8d8 2008 	ldr.w	r2, [r8, #8]
10004716:	1a83      	subs	r3, r0, r2
10004718:	2b0f      	cmp	r3, #15
1000471a:	ddda      	ble.n	100046d2 <_malloc_trim_r+0x4e>
1000471c:	f043 0301 	orr.w	r3, r3, #1
10004720:	4903      	ldr	r1, [pc, #12]	@ (10004730 <_malloc_trim_r+0xac>)
10004722:	6053      	str	r3, [r2, #4]
10004724:	4b03      	ldr	r3, [pc, #12]	@ (10004734 <_malloc_trim_r+0xb0>)
10004726:	681b      	ldr	r3, [r3, #0]
10004728:	1ac0      	subs	r0, r0, r3
1000472a:	6008      	str	r0, [r1, #0]
1000472c:	e7d1      	b.n	100046d2 <_malloc_trim_r+0x4e>
1000472e:	bf00      	nop
10004730:	20000e94 	.word	0x20000e94
10004734:	2000065c 	.word	0x2000065c
10004738:	20000668 	.word	0x20000668

1000473c <_free_r>:
1000473c:	2900      	cmp	r1, #0
1000473e:	d07c      	beq.n	1000483a <_free_r+0xfe>
10004740:	e92d 41f0 	stmdb	sp!, {r4, r5, r6, r7, r8, lr}
10004744:	460c      	mov	r4, r1
10004746:	4680      	mov	r8, r0
10004748:	f7ff fb26 	bl	10003d98 <__malloc_lock>
1000474c:	4f76      	ldr	r7, [pc, #472]	@ (10004928 <_free_r+0x1ec>)
1000474e:	f854 3c04 	ldr.w	r3, [r4, #-4]
10004752:	f1a4 0508 	sub.w	r5, r4, #8
10004756:	68be      	ldr	r6, [r7, #8]
10004758:	f023 0101 	bic.w	r1, r3, #1
1000475c:	1868      	adds	r0, r5, r1
1000475e:	6842      	ldr	r2, [r0, #4]
10004760:	4286      	cmp	r6, r0
10004762:	f022 0203 	bic.w	r2, r2, #3
10004766:	f000 8083 	beq.w	10004870 <_free_r+0x134>
1000476a:	07de      	lsls	r6, r3, #31
1000476c:	eb00 0c02 	add.w	ip, r0, r2
10004770:	6042      	str	r2, [r0, #4]
10004772:	d433      	bmi.n	100047dc <_free_r+0xa0>
10004774:	f854 4c08 	ldr.w	r4, [r4, #-8]
10004778:	f8dc 3004 	ldr.w	r3, [ip, #4]
1000477c:	f107 0c08 	add.w	ip, r7, #8
10004780:	1b2d      	subs	r5, r5, r4
10004782:	4421      	add	r1, r4
10004784:	f003 0301 	and.w	r3, r3, #1
10004788:	68ac      	ldr	r4, [r5, #8]
1000478a:	4564      	cmp	r4, ip
1000478c:	d064      	beq.n	10004858 <_free_r+0x11c>
1000478e:	f8d5 e00c 	ldr.w	lr, [r5, #12]
10004792:	f8c4 e00c 	str.w	lr, [r4, #12]
10004796:	f8ce 4008 	str.w	r4, [lr, #8]
1000479a:	2b00      	cmp	r3, #0
1000479c:	f000 8081 	beq.w	100048a2 <_free_r+0x166>
100047a0:	f041 0301 	orr.w	r3, r1, #1
100047a4:	606b      	str	r3, [r5, #4]
100047a6:	6001      	str	r1, [r0, #0]
100047a8:	f5b1 7f00 	cmp.w	r1, #512	@ 0x200
100047ac:	d222      	bcs.n	100047f4 <_free_r+0xb8>
100047ae:	08cb      	lsrs	r3, r1, #3
100047b0:	2201      	movs	r2, #1
100047b2:	0949      	lsrs	r1, r1, #5
100047b4:	3301      	adds	r3, #1
100047b6:	408a      	lsls	r2, r1
100047b8:	6879      	ldr	r1, [r7, #4]
100047ba:	430a      	orrs	r2, r1
100047bc:	f857 1033 	ldr.w	r1, [r7, r3, lsl #3]
100047c0:	607a      	str	r2, [r7, #4]
100047c2:	eb07 02c3 	add.w	r2, r7, r3, lsl #3
100047c6:	3a08      	subs	r2, #8
100047c8:	e9c5 1202 	strd	r1, r2, [r5, #8]
100047cc:	f847 5033 	str.w	r5, [r7, r3, lsl #3]
100047d0:	60cd      	str	r5, [r1, #12]
100047d2:	4640      	mov	r0, r8
100047d4:	e8bd 41f0 	ldmia.w	sp!, {r4, r5, r6, r7, r8, lr}
100047d8:	f7ff bae4 	b.w	10003da4 <__malloc_unlock>
100047dc:	f8dc 3004 	ldr.w	r3, [ip, #4]
100047e0:	07db      	lsls	r3, r3, #31
100047e2:	d52b      	bpl.n	1000483c <_free_r+0x100>
100047e4:	f041 0301 	orr.w	r3, r1, #1
100047e8:	f5b1 7f00 	cmp.w	r1, #512	@ 0x200
100047ec:	f844 3c04 	str.w	r3, [r4, #-4]
100047f0:	6001      	str	r1, [r0, #0]
100047f2:	d3dc      	bcc.n	100047ae <_free_r+0x72>
100047f4:	f5b1 6f20 	cmp.w	r1, #2560	@ 0xa00
100047f8:	ea4f 2351 	mov.w	r3, r1, lsr #9
100047fc:	d253      	bcs.n	100048a6 <_free_r+0x16a>
100047fe:	098b      	lsrs	r3, r1, #6
10004800:	f103 0039 	add.w	r0, r3, #57	@ 0x39
10004804:	f103 0238 	add.w	r2, r3, #56	@ 0x38
10004808:	00c3      	lsls	r3, r0, #3
1000480a:	18f8      	adds	r0, r7, r3
1000480c:	58fb      	ldr	r3, [r7, r3]
1000480e:	3808      	subs	r0, #8
10004810:	4298      	cmp	r0, r3
10004812:	d103      	bne.n	1000481c <_free_r+0xe0>
10004814:	e061      	b.n	100048da <_free_r+0x19e>
10004816:	689b      	ldr	r3, [r3, #8]
10004818:	4298      	cmp	r0, r3
1000481a:	d004      	beq.n	10004826 <_free_r+0xea>
1000481c:	685a      	ldr	r2, [r3, #4]
1000481e:	f022 0203 	bic.w	r2, r2, #3
10004822:	428a      	cmp	r2, r1
10004824:	d8f7      	bhi.n	10004816 <_free_r+0xda>
10004826:	68d8      	ldr	r0, [r3, #12]
10004828:	e9c5 3002 	strd	r3, r0, [r5, #8]
1000482c:	6085      	str	r5, [r0, #8]
1000482e:	4640      	mov	r0, r8
10004830:	60dd      	str	r5, [r3, #12]
10004832:	e8bd 41f0 	ldmia.w	sp!, {r4, r5, r6, r7, r8, lr}
10004836:	f7ff bab5 	b.w	10003da4 <__malloc_unlock>
1000483a:	4770      	bx	lr
1000483c:	4411      	add	r1, r2
1000483e:	f107 0c08 	add.w	ip, r7, #8
10004842:	6883      	ldr	r3, [r0, #8]
10004844:	4563      	cmp	r3, ip
10004846:	d03f      	beq.n	100048c8 <_free_r+0x18c>
10004848:	68c2      	ldr	r2, [r0, #12]
1000484a:	60da      	str	r2, [r3, #12]
1000484c:	6093      	str	r3, [r2, #8]
1000484e:	f041 0301 	orr.w	r3, r1, #1
10004852:	606b      	str	r3, [r5, #4]
10004854:	5069      	str	r1, [r5, r1]
10004856:	e7a7      	b.n	100047a8 <_free_r+0x6c>
10004858:	2b00      	cmp	r3, #0
1000485a:	d15f      	bne.n	1000491c <_free_r+0x1e0>
1000485c:	440a      	add	r2, r1
1000485e:	e9d0 1302 	ldrd	r1, r3, [r0, #8]
10004862:	60cb      	str	r3, [r1, #12]
10004864:	6099      	str	r1, [r3, #8]
10004866:	f042 0301 	orr.w	r3, r2, #1
1000486a:	606b      	str	r3, [r5, #4]
1000486c:	50aa      	str	r2, [r5, r2]
1000486e:	e7b0      	b.n	100047d2 <_free_r+0x96>
10004870:	07db      	lsls	r3, r3, #31
10004872:	440a      	add	r2, r1
10004874:	d407      	bmi.n	10004886 <_free_r+0x14a>
10004876:	f854 3c08 	ldr.w	r3, [r4, #-8]
1000487a:	1aed      	subs	r5, r5, r3
1000487c:	441a      	add	r2, r3
1000487e:	e9d5 1302 	ldrd	r1, r3, [r5, #8]
10004882:	60cb      	str	r3, [r1, #12]
10004884:	6099      	str	r1, [r3, #8]
10004886:	f042 0301 	orr.w	r3, r2, #1
1000488a:	606b      	str	r3, [r5, #4]
1000488c:	4b27      	ldr	r3, [pc, #156]	@ (1000492c <_free_r+0x1f0>)
1000488e:	60bd      	str	r5, [r7, #8]
10004890:	681b      	ldr	r3, [r3, #0]
10004892:	4293      	cmp	r3, r2
10004894:	d89d      	bhi.n	100047d2 <_free_r+0x96>
10004896:	4b26      	ldr	r3, [pc, #152]	@ (10004930 <_free_r+0x1f4>)
10004898:	4640      	mov	r0, r8
1000489a:	6819      	ldr	r1, [r3, #0]
1000489c:	f7ff fef2 	bl	10004684 <_malloc_trim_r>
100048a0:	e797      	b.n	100047d2 <_free_r+0x96>
100048a2:	4411      	add	r1, r2
100048a4:	e7cd      	b.n	10004842 <_free_r+0x106>
100048a6:	2b14      	cmp	r3, #20
100048a8:	d908      	bls.n	100048bc <_free_r+0x180>
100048aa:	2b54      	cmp	r3, #84	@ 0x54
100048ac:	d81d      	bhi.n	100048ea <_free_r+0x1ae>
100048ae:	0b0b      	lsrs	r3, r1, #12
100048b0:	f103 006f 	add.w	r0, r3, #111	@ 0x6f
100048b4:	f103 026e 	add.w	r2, r3, #110	@ 0x6e
100048b8:	00c3      	lsls	r3, r0, #3
100048ba:	e7a6      	b.n	1000480a <_free_r+0xce>
100048bc:	f103 005c 	add.w	r0, r3, #92	@ 0x5c
100048c0:	f103 025b 	add.w	r2, r3, #91	@ 0x5b
100048c4:	00c3      	lsls	r3, r0, #3
100048c6:	e7a0      	b.n	1000480a <_free_r+0xce>
100048c8:	f041 0301 	orr.w	r3, r1, #1
100048cc:	e9c7 5504 	strd	r5, r5, [r7, #16]
100048d0:	e9c5 cc02 	strd	ip, ip, [r5, #8]
100048d4:	606b      	str	r3, [r5, #4]
100048d6:	5069      	str	r1, [r5, r1]
100048d8:	e77b      	b.n	100047d2 <_free_r+0x96>
100048da:	2101      	movs	r1, #1
100048dc:	1092      	asrs	r2, r2, #2
100048de:	fa01 f202 	lsl.w	r2, r1, r2
100048e2:	6879      	ldr	r1, [r7, #4]
100048e4:	430a      	orrs	r2, r1
100048e6:	607a      	str	r2, [r7, #4]
100048e8:	e79e      	b.n	10004828 <_free_r+0xec>
100048ea:	f5b3 7faa 	cmp.w	r3, #340	@ 0x154
100048ee:	d806      	bhi.n	100048fe <_free_r+0x1c2>
100048f0:	0bcb      	lsrs	r3, r1, #15
100048f2:	f103 0078 	add.w	r0, r3, #120	@ 0x78
100048f6:	f103 0277 	add.w	r2, r3, #119	@ 0x77
100048fa:	00c3      	lsls	r3, r0, #3
100048fc:	e785      	b.n	1000480a <_free_r+0xce>
100048fe:	f240 5254 	movw	r2, #1364	@ 0x554
10004902:	4293      	cmp	r3, r2
10004904:	d806      	bhi.n	10004914 <_free_r+0x1d8>
10004906:	0c8b      	lsrs	r3, r1, #18
10004908:	f103 007d 	add.w	r0, r3, #125	@ 0x7d
1000490c:	f103 027c 	add.w	r2, r3, #124	@ 0x7c
10004910:	00c3      	lsls	r3, r0, #3
10004912:	e77a      	b.n	1000480a <_free_r+0xce>
10004914:	f44f 737e 	mov.w	r3, #1016	@ 0x3f8
10004918:	227e      	movs	r2, #126	@ 0x7e
1000491a:	e776      	b.n	1000480a <_free_r+0xce>
1000491c:	f041 0301 	orr.w	r3, r1, #1
10004920:	606b      	str	r3, [r5, #4]
10004922:	6001      	str	r1, [r0, #0]
10004924:	e755      	b.n	100047d2 <_free_r+0x96>
10004926:	bf00      	nop
10004928:	20000668 	.word	0x20000668
1000492c:	20000660 	.word	0x20000660
10004930:	20000ec4 	.word	0x20000ec4

10004934 <_sungetc_r>:
10004934:	b538      	push	{r3, r4, r5, lr}
10004936:	1c4b      	adds	r3, r1, #1
10004938:	d01a      	beq.n	10004970 <_sungetc_r+0x3c>
1000493a:	8993      	ldrh	r3, [r2, #12]
1000493c:	4614      	mov	r4, r2
1000493e:	6852      	ldr	r2, [r2, #4]
10004940:	b2cd      	uxtb	r5, r1
10004942:	f023 0320 	bic.w	r3, r3, #32
10004946:	81a3      	strh	r3, [r4, #12]
10004948:	6b23      	ldr	r3, [r4, #48]	@ 0x30
1000494a:	b1a3      	cbz	r3, 10004976 <_sungetc_r+0x42>
1000494c:	6b63      	ldr	r3, [r4, #52]	@ 0x34
1000494e:	4293      	cmp	r3, r2
10004950:	dd09      	ble.n	10004966 <_sungetc_r+0x32>
10004952:	6823      	ldr	r3, [r4, #0]
10004954:	1e5a      	subs	r2, r3, #1
10004956:	6022      	str	r2, [r4, #0]
10004958:	f803 5c01 	strb.w	r5, [r3, #-1]
1000495c:	6863      	ldr	r3, [r4, #4]
1000495e:	3301      	adds	r3, #1
10004960:	6063      	str	r3, [r4, #4]
10004962:	4628      	mov	r0, r5
10004964:	bd38      	pop	{r3, r4, r5, pc}
10004966:	4621      	mov	r1, r4
10004968:	f002 fe8e 	bl	10007688 <__submore>
1000496c:	2800      	cmp	r0, #0
1000496e:	d0f0      	beq.n	10004952 <_sungetc_r+0x1e>
10004970:	f04f 35ff 	mov.w	r5, #4294967295	@ 0xffffffff
10004974:	e7f5      	b.n	10004962 <_sungetc_r+0x2e>
10004976:	6923      	ldr	r3, [r4, #16]
10004978:	6821      	ldr	r1, [r4, #0]
1000497a:	b12b      	cbz	r3, 10004988 <_sungetc_r+0x54>
1000497c:	428b      	cmp	r3, r1
1000497e:	d203      	bcs.n	10004988 <_sungetc_r+0x54>
10004980:	f811 3c01 	ldrb.w	r3, [r1, #-1]
10004984:	42ab      	cmp	r3, r5
10004986:	d00e      	beq.n	100049a6 <_sungetc_r+0x72>
10004988:	4623      	mov	r3, r4
1000498a:	f104 0040 	add.w	r0, r4, #64	@ 0x40
1000498e:	e9c4 120e 	strd	r1, r2, [r4, #56]	@ 0x38
10004992:	2103      	movs	r1, #3
10004994:	2201      	movs	r2, #1
10004996:	6320      	str	r0, [r4, #48]	@ 0x30
10004998:	4628      	mov	r0, r5
1000499a:	6361      	str	r1, [r4, #52]	@ 0x34
1000499c:	f803 5f42 	strb.w	r5, [r3, #66]!
100049a0:	e9c4 3200 	strd	r3, r2, [r4]
100049a4:	bd38      	pop	{r3, r4, r5, pc}
100049a6:	3901      	subs	r1, #1
100049a8:	3201      	adds	r2, #1
100049aa:	e9c4 1200 	strd	r1, r2, [r4]
100049ae:	e7d8      	b.n	10004962 <_sungetc_r+0x2e>

100049b0 <__ssrefill_r>:
100049b0:	b510      	push	{r4, lr}
100049b2:	460c      	mov	r4, r1
100049b4:	6b09      	ldr	r1, [r1, #48]	@ 0x30
100049b6:	b169      	cbz	r1, 100049d4 <__ssrefill_r+0x24>
100049b8:	f104 0340 	add.w	r3, r4, #64	@ 0x40
100049bc:	4299      	cmp	r1, r3
100049be:	d001      	beq.n	100049c4 <__ssrefill_r+0x14>
100049c0:	f7ff febc 	bl	1000473c <_free_r>
100049c4:	2000      	movs	r0, #0
100049c6:	6be3      	ldr	r3, [r4, #60]	@ 0x3c
100049c8:	6320      	str	r0, [r4, #48]	@ 0x30
100049ca:	6063      	str	r3, [r4, #4]
100049cc:	b113      	cbz	r3, 100049d4 <__ssrefill_r+0x24>
100049ce:	6ba3      	ldr	r3, [r4, #56]	@ 0x38
100049d0:	6023      	str	r3, [r4, #0]
100049d2:	bd10      	pop	{r4, pc}
100049d4:	89a2      	ldrh	r2, [r4, #12]
100049d6:	2100      	movs	r1, #0
100049d8:	6923      	ldr	r3, [r4, #16]
100049da:	f04f 30ff 	mov.w	r0, #4294967295	@ 0xffffffff
100049de:	f042 0220 	orr.w	r2, r2, #32
100049e2:	6061      	str	r1, [r4, #4]
100049e4:	81a2      	strh	r2, [r4, #12]
100049e6:	e7f3      	b.n	100049d0 <__ssrefill_r+0x20>

100049e8 <_sfread_r>:
100049e8:	e92d 4ff0 	stmdb	sp!, {r4, r5, r6, r7, r8, r9, sl, fp, lr}
100049ec:	4683      	mov	fp, r0
100049ee:	b085      	sub	sp, #20
100049f0:	fb02 f003 	mul.w	r0, r2, r3
100049f4:	9c0e      	ldr	r4, [sp, #56]	@ 0x38
100049f6:	9301      	str	r3, [sp, #4]
100049f8:	b3a0      	cbz	r0, 10004a64 <_sfread_r+0x7c>
100049fa:	4688      	mov	r8, r1
100049fc:	4606      	mov	r6, r0
100049fe:	e9d4 1500 	ldrd	r1, r5, [r4]
10004a02:	42a8      	cmp	r0, r5
10004a04:	d923      	bls.n	10004a4e <_sfread_r+0x66>
10004a06:	f04f 0900 	mov.w	r9, #0
10004a0a:	f104 0a40 	add.w	sl, r4, #64	@ 0x40
10004a0e:	e9cd 0202 	strd	r0, r2, [sp, #8]
10004a12:	4640      	mov	r0, r8
10004a14:	462a      	mov	r2, r5
10004a16:	f7ff fd91 	bl	1000453c <memcpy>
10004a1a:	6821      	ldr	r1, [r4, #0]
10004a1c:	6b23      	ldr	r3, [r4, #48]	@ 0x30
10004a1e:	4658      	mov	r0, fp
10004a20:	194f      	adds	r7, r1, r5
10004a22:	44a8      	add	r8, r5
10004a24:	4619      	mov	r1, r3
10004a26:	f8c4 9004 	str.w	r9, [r4, #4]
10004a2a:	6027      	str	r7, [r4, #0]
10004a2c:	4637      	mov	r7, r6
10004a2e:	1b76      	subs	r6, r6, r5
10004a30:	b1db      	cbz	r3, 10004a6a <_sfread_r+0x82>
10004a32:	4553      	cmp	r3, sl
10004a34:	d001      	beq.n	10004a3a <_sfread_r+0x52>
10004a36:	f7ff fe81 	bl	1000473c <_free_r>
10004a3a:	6be0      	ldr	r0, [r4, #60]	@ 0x3c
10004a3c:	f8c4 9030 	str.w	r9, [r4, #48]	@ 0x30
10004a40:	6060      	str	r0, [r4, #4]
10004a42:	b190      	cbz	r0, 10004a6a <_sfread_r+0x82>
10004a44:	6ba1      	ldr	r1, [r4, #56]	@ 0x38
10004a46:	42b0      	cmp	r0, r6
10004a48:	4605      	mov	r5, r0
10004a4a:	6021      	str	r1, [r4, #0]
10004a4c:	d3e1      	bcc.n	10004a12 <_sfread_r+0x2a>
10004a4e:	4632      	mov	r2, r6
10004a50:	4640      	mov	r0, r8
10004a52:	f7ff fd73 	bl	1000453c <memcpy>
10004a56:	9801      	ldr	r0, [sp, #4]
10004a58:	e9d4 3200 	ldrd	r3, r2, [r4]
10004a5c:	1b92      	subs	r2, r2, r6
10004a5e:	4433      	add	r3, r6
10004a60:	e9c4 3200 	strd	r3, r2, [r4]
10004a64:	b005      	add	sp, #20
10004a66:	e8bd 8ff0 	ldmia.w	sp!, {r4, r5, r6, r7, r8, r9, sl, fp, pc}
10004a6a:	e9dd 0202 	ldrd	r0, r2, [sp, #8]
10004a6e:	89a3      	ldrh	r3, [r4, #12]
10004a70:	4428      	add	r0, r5
10004a72:	f043 0320 	orr.w	r3, r3, #32
10004a76:	1bc0      	subs	r0, r0, r7
10004a78:	81a3      	strh	r3, [r4, #12]
10004a7a:	2300      	movs	r3, #0
10004a7c:	fbb0 f0f2 	udiv	r0, r0, r2
10004a80:	6922      	ldr	r2, [r4, #16]
10004a82:	e9c4 2300 	strd	r2, r3, [r4]
10004a86:	b005      	add	sp, #20
10004a88:	e8bd 8ff0 	ldmia.w	sp!, {r4, r5, r6, r7, r8, r9, sl, fp, pc}

10004a8c <__ssvfscanf_r>:
10004a8c:	e92d 4ff0 	stmdb	sp!, {r4, r5, r6, r7, r8, r9, sl, fp, lr}
10004a90:	f5ad 7d37 	sub.w	sp, sp, #732	@ 0x2dc
10004a94:	468a      	mov	sl, r1
10004a96:	af02      	add	r7, sp, #8
10004a98:	62fb      	str	r3, [r7, #44]	@ 0x2c
10004a9a:	f9b1 300c 	ldrsh.w	r3, [r1, #12]
10004a9e:	049d      	lsls	r5, r3, #18
10004aa0:	e9c7 0212 	strd	r0, r2, [r7, #72]	@ 0x48
10004aa4:	d406      	bmi.n	10004ab4 <__ssvfscanf_r+0x28>
10004aa6:	6e4a      	ldr	r2, [r1, #100]	@ 0x64
10004aa8:	f443 5300 	orr.w	r3, r3, #8192	@ 0x2000
10004aac:	f422 5200 	bic.w	r2, r2, #8192	@ 0x2000
10004ab0:	818b      	strh	r3, [r1, #12]
10004ab2:	664a      	str	r2, [r1, #100]	@ 0x64
10004ab4:	2208      	movs	r2, #8
10004ab6:	2100      	movs	r1, #0
10004ab8:	f107 0058 	add.w	r0, r7, #88	@ 0x58
10004abc:	f7ff fbe4 	bl	10004288 <memset>
10004ac0:	f04f 0e00 	mov.w	lr, #0
10004ac4:	46f1      	mov	r9, lr
10004ac6:	f8c7 e038 	str.w	lr, [r7, #56]	@ 0x38
10004aca:	f8c7 e01c 	str.w	lr, [r7, #28]
10004ace:	f8c7 e034 	str.w	lr, [r7, #52]	@ 0x34
10004ad2:	f8c7 e040 	str.w	lr, [r7, #64]	@ 0x40
10004ad6:	f8c7 e028 	str.w	lr, [r7, #40]	@ 0x28
10004ada:	4b9a      	ldr	r3, [pc, #616]	@ (10004d44 <__ssvfscanf_r+0x2b8>)
10004adc:	f8d3 40e4 	ldr.w	r4, [r3, #228]	@ 0xe4
10004ae0:	f002 fe8c 	bl	100077fc <__locale_mb_cur_max>
10004ae4:	f107 0258 	add.w	r2, r7, #88	@ 0x58
10004ae8:	4603      	mov	r3, r0
10004aea:	f107 0154 	add.w	r1, r7, #84	@ 0x54
10004aee:	9200      	str	r2, [sp, #0]
10004af0:	6cfa      	ldr	r2, [r7, #76]	@ 0x4c
10004af2:	6cb8      	ldr	r0, [r7, #72]	@ 0x48
10004af4:	47a0      	blx	r4
10004af6:	2800      	cmp	r0, #0
10004af8:	db4b      	blt.n	10004b92 <__ssvfscanf_r+0x106>
10004afa:	6cfb      	ldr	r3, [r7, #76]	@ 0x4c
10004afc:	4602      	mov	r2, r0
10004afe:	4403      	add	r3, r0
10004b00:	64fb      	str	r3, [r7, #76]	@ 0x4c
10004b02:	6d7b      	ldr	r3, [r7, #84]	@ 0x54
10004b04:	b3a3      	cbz	r3, 10004b70 <__ssvfscanf_r+0xe4>
10004b06:	2801      	cmp	r0, #1
10004b08:	d052      	beq.n	10004bb0 <__ssvfscanf_r+0x124>
10004b0a:	2b25      	cmp	r3, #37	@ 0x25
10004b0c:	d059      	beq.n	10004bc2 <__ssvfscanf_r+0x136>
10004b0e:	2800      	cmp	r0, #0
10004b10:	d0e3      	beq.n	10004ada <__ssvfscanf_r+0x4e>
10004b12:	6cfb      	ldr	r3, [r7, #76]	@ 0x4c
10004b14:	3801      	subs	r0, #1
10004b16:	1a9e      	subs	r6, r3, r2
10004b18:	f8da 3004 	ldr.w	r3, [sl, #4]
10004b1c:	461a      	mov	r2, r3
10004b1e:	1834      	adds	r4, r6, r0
10004b20:	1e75      	subs	r5, r6, #1
10004b22:	2a00      	cmp	r2, #0
10004b24:	dd15      	ble.n	10004b52 <__ssvfscanf_r+0xc6>
10004b26:	f8da 3000 	ldr.w	r3, [sl]
10004b2a:	1c69      	adds	r1, r5, #1
10004b2c:	786a      	ldrb	r2, [r5, #1]
10004b2e:	7818      	ldrb	r0, [r3, #0]
10004b30:	3301      	adds	r3, #1
10004b32:	4290      	cmp	r0, r2
10004b34:	d11c      	bne.n	10004b70 <__ssvfscanf_r+0xe4>
10004b36:	f8da 2004 	ldr.w	r2, [sl, #4]
10004b3a:	428c      	cmp	r4, r1
10004b3c:	f8ca 3000 	str.w	r3, [sl]
10004b40:	f102 32ff 	add.w	r2, r2, #4294967295	@ 0xffffffff
10004b44:	f8ca 2004 	str.w	r2, [sl, #4]
10004b48:	f000 80f6 	beq.w	10004d38 <__ssvfscanf_r+0x2ac>
10004b4c:	2a00      	cmp	r2, #0
10004b4e:	460d      	mov	r5, r1
10004b50:	dce9      	bgt.n	10004b26 <__ssvfscanf_r+0x9a>
10004b52:	4651      	mov	r1, sl
10004b54:	6cb8      	ldr	r0, [r7, #72]	@ 0x48
10004b56:	f7ff ff2b 	bl	100049b0 <__ssrefill_r>
10004b5a:	2800      	cmp	r0, #0
10004b5c:	d0e3      	beq.n	10004b26 <__ssvfscanf_r+0x9a>
10004b5e:	6c3b      	ldr	r3, [r7, #64]	@ 0x40
10004b60:	2b00      	cmp	r3, #0
10004b62:	f001 8214 	beq.w	10005f8e <__ssvfscanf_r+0x1502>
10004b66:	f8ba 300c 	ldrh.w	r3, [sl, #12]
10004b6a:	065a      	lsls	r2, r3, #25
10004b6c:	f101 820f 	bmi.w	10005f8e <__ssvfscanf_r+0x1502>
10004b70:	6bbb      	ldr	r3, [r7, #56]	@ 0x38
10004b72:	b143      	cbz	r3, 10004b86 <__ssvfscanf_r+0xfa>
10004b74:	6bbb      	ldr	r3, [r7, #56]	@ 0x38
10004b76:	6818      	ldr	r0, [r3, #0]
10004b78:	6c3b      	ldr	r3, [r7, #64]	@ 0x40
10004b7a:	3301      	adds	r3, #1
10004b7c:	f000 8133 	beq.w	10004de6 <__ssvfscanf_r+0x35a>
10004b80:	b108      	cbz	r0, 10004b86 <__ssvfscanf_r+0xfa>
10004b82:	f7fd f969 	bl	10001e58 <__wrap_free>
10004b86:	6c38      	ldr	r0, [r7, #64]	@ 0x40
10004b88:	f507 7735 	add.w	r7, r7, #724	@ 0x2d4
10004b8c:	46bd      	mov	sp, r7
10004b8e:	e8bd 8ff0 	ldmia.w	sp!, {r4, r5, r6, r7, r8, r9, sl, fp, pc}
10004b92:	f64f 73fd 	movw	r3, #65533	@ 0xfffd
10004b96:	2208      	movs	r2, #8
10004b98:	2100      	movs	r1, #0
10004b9a:	f107 0058 	add.w	r0, r7, #88	@ 0x58
10004b9e:	657b      	str	r3, [r7, #84]	@ 0x54
10004ba0:	f7ff fb72 	bl	10004288 <memset>
10004ba4:	6cfb      	ldr	r3, [r7, #76]	@ 0x4c
10004ba6:	3301      	adds	r3, #1
10004ba8:	64fb      	str	r3, [r7, #76]	@ 0x4c
10004baa:	6d7b      	ldr	r3, [r7, #84]	@ 0x54
10004bac:	2b00      	cmp	r3, #0
10004bae:	d0df      	beq.n	10004b70 <__ssvfscanf_r+0xe4>
10004bb0:	4a65      	ldr	r2, [pc, #404]	@ (10004d48 <__ssvfscanf_r+0x2bc>)
10004bb2:	5cd2      	ldrb	r2, [r2, r3]
10004bb4:	0714      	lsls	r4, r2, #28
10004bb6:	f100 85a6 	bmi.w	10005706 <__ssvfscanf_r+0xc7a>
10004bba:	2201      	movs	r2, #1
10004bbc:	2b25      	cmp	r3, #37	@ 0x25
10004bbe:	4610      	mov	r0, r2
10004bc0:	d1a7      	bne.n	10004b12 <__ssvfscanf_r+0x86>
10004bc2:	2400      	movs	r4, #0
10004bc4:	6cfe      	ldr	r6, [r7, #76]	@ 0x4c
10004bc6:	4625      	mov	r5, r4
10004bc8:	7831      	ldrb	r1, [r6, #0]
10004bca:	f1a1 0325 	sub.w	r3, r1, #37	@ 0x25
10004bce:	f106 0b01 	add.w	fp, r6, #1
10004bd2:	2b55      	cmp	r3, #85	@ 0x55
10004bd4:	d8cc      	bhi.n	10004b70 <__ssvfscanf_r+0xe4>
10004bd6:	f20f 0c08 	addw	ip, pc, #8
10004bda:	f85c f023 	ldr.w	pc, [ip, r3, lsl #2]
10004bde:	bf00      	nop
10004be0:	10005bf3 	.word	0x10005bf3
10004be4:	10004b71 	.word	0x10004b71
10004be8:	10004b71 	.word	0x10004b71
10004bec:	10004b71 	.word	0x10004b71
10004bf0:	10004b71 	.word	0x10004b71
10004bf4:	10005bcf 	.word	0x10005bcf
10004bf8:	10004b71 	.word	0x10004b71
10004bfc:	10004b71 	.word	0x10004b71
10004c00:	10004b71 	.word	0x10004b71
10004c04:	10004b71 	.word	0x10004b71
10004c08:	10004b71 	.word	0x10004b71
10004c0c:	10005981 	.word	0x10005981
10004c10:	10005981 	.word	0x10005981
10004c14:	10005981 	.word	0x10005981
10004c18:	10005981 	.word	0x10005981
10004c1c:	10005981 	.word	0x10005981
10004c20:	10005981 	.word	0x10005981
10004c24:	10005981 	.word	0x10005981
10004c28:	10005981 	.word	0x10005981
10004c2c:	10005981 	.word	0x10005981
10004c30:	10005981 	.word	0x10005981
10004c34:	10004b71 	.word	0x10004b71
10004c38:	10004b71 	.word	0x10004b71
10004c3c:	10004b71 	.word	0x10004b71
10004c40:	10004b71 	.word	0x10004b71
10004c44:	10004b71 	.word	0x10004b71
10004c48:	10004b71 	.word	0x10004b71
10004c4c:	10004b71 	.word	0x10004b71
10004c50:	1000599b 	.word	0x1000599b
10004c54:	10004b71 	.word	0x10004b71
10004c58:	100055f1 	.word	0x100055f1
10004c5c:	10004e39 	.word	0x10004e39
10004c60:	1000599b 	.word	0x1000599b
10004c64:	1000599b 	.word	0x1000599b
10004c68:	1000599b 	.word	0x1000599b
10004c6c:	10004b71 	.word	0x10004b71
10004c70:	10004b71 	.word	0x10004b71
10004c74:	10004b71 	.word	0x10004b71
10004c78:	10004b71 	.word	0x10004b71
10004c7c:	10004e29 	.word	0x10004e29
10004c80:	10004b71 	.word	0x10004b71
10004c84:	10004b71 	.word	0x10004b71
10004c88:	1000560f 	.word	0x1000560f
10004c8c:	10004b71 	.word	0x10004b71
10004c90:	10004b71 	.word	0x10004b71
10004c94:	10004b71 	.word	0x10004b71
10004c98:	1000569d 	.word	0x1000569d
10004c9c:	10004b71 	.word	0x10004b71
10004ca0:	10004b71 	.word	0x10004b71
10004ca4:	10004b71 	.word	0x10004b71
10004ca8:	10004b71 	.word	0x10004b71
10004cac:	100059bd 	.word	0x100059bd
10004cb0:	10004b71 	.word	0x10004b71
10004cb4:	10004b71 	.word	0x10004b71
10004cb8:	10005bbb 	.word	0x10005bbb
10004cbc:	10004b71 	.word	0x10004b71
10004cc0:	10004b71 	.word	0x10004b71
10004cc4:	10004b71 	.word	0x10004b71
10004cc8:	10004b71 	.word	0x10004b71
10004ccc:	10004b71 	.word	0x10004b71
10004cd0:	1000599b 	.word	0x1000599b
10004cd4:	10004b71 	.word	0x10004b71
10004cd8:	100055f5 	.word	0x100055f5
10004cdc:	10004e3d 	.word	0x10004e3d
10004ce0:	1000599b 	.word	0x1000599b
10004ce4:	1000599b 	.word	0x1000599b
10004ce8:	1000599b 	.word	0x1000599b
10004cec:	10005ba3 	.word	0x10005ba3
10004cf0:	10005bfb 	.word	0x10005bfb
10004cf4:	10004e29 	.word	0x10004e29
10004cf8:	10004b71 	.word	0x10004b71
10004cfc:	10005b8b 	.word	0x10005b8b
10004d00:	10005b4f 	.word	0x10005b4f
10004d04:	10005b6b 	.word	0x10005b6b
10004d08:	10005613 	.word	0x10005613
10004d0c:	10005bed 	.word	0x10005bed
10004d10:	10004b71 	.word	0x10004b71
10004d14:	10004b71 	.word	0x10004b71
10004d18:	100056a1 	.word	0x100056a1
10004d1c:	10004e1d 	.word	0x10004e1d
10004d20:	10005bdf 	.word	0x10005bdf
10004d24:	10004b71 	.word	0x10004b71
10004d28:	10004b71 	.word	0x10004b71
10004d2c:	100059bd 	.word	0x100059bd
10004d30:	10004b71 	.word	0x10004b71
10004d34:	10004e1d 	.word	0x10004e1d
10004d38:	3502      	adds	r5, #2
10004d3a:	444d      	add	r5, r9
10004d3c:	eba5 0906 	sub.w	r9, r5, r6
10004d40:	e6cb      	b.n	10004ada <__ssvfscanf_r+0x4e>
10004d42:	bf00      	nop
10004d44:	20000b98 	.word	0x20000b98
10004d48:	10009559 	.word	0x10009559
10004d4c:	2d01      	cmp	r5, #1
10004d4e:	f004 0210 	and.w	r2, r4, #16
10004d52:	bf38      	it	cc
10004d54:	2501      	movcc	r5, #1
10004d56:	f014 0301 	ands.w	r3, r4, #1
10004d5a:	647a      	str	r2, [r7, #68]	@ 0x44
10004d5c:	f041 81af 	bne.w	100060be <__ssvfscanf_r+0x1632>
10004d60:	6c7a      	ldr	r2, [r7, #68]	@ 0x44
10004d62:	2a00      	cmp	r2, #0
10004d64:	f041 827b 	bne.w	1000625e <__ssvfscanf_r+0x17d2>
10004d68:	f8d7 802c 	ldr.w	r8, [r7, #44]	@ 0x2c
10004d6c:	0624      	lsls	r4, r4, #24
10004d6e:	f858 6b04 	ldr.w	r6, [r8], #4
10004d72:	f141 828b 	bpl.w	1000628c <__ssvfscanf_r+0x1800>
10004d76:	2e00      	cmp	r6, #0
10004d78:	f43f aefa 	beq.w	10004b70 <__ssvfscanf_r+0xe4>
10004d7c:	4628      	mov	r0, r5
10004d7e:	f7fd f847 	bl	10001e10 <__wrap_malloc>
10004d82:	4602      	mov	r2, r0
10004d84:	2800      	cmp	r0, #0
10004d86:	f001 8102 	beq.w	10005f8e <__ssvfscanf_r+0x1502>
10004d8a:	6bbb      	ldr	r3, [r7, #56]	@ 0x38
10004d8c:	6030      	str	r0, [r6, #0]
10004d8e:	f8b3 b006 	ldrh.w	fp, [r3, #6]
10004d92:	889c      	ldrh	r4, [r3, #4]
10004d94:	45a3      	cmp	fp, r4
10004d96:	f0c1 82c6 	bcc.w	10006326 <__ssvfscanf_r+0x189a>
10004d9a:	f64f 73f6 	movw	r3, #65526	@ 0xfff6
10004d9e:	6478      	str	r0, [r7, #68]	@ 0x44
10004da0:	429c      	cmp	r4, r3
10004da2:	d820      	bhi.n	10004de6 <__ssvfscanf_r+0x35a>
10004da4:	3408      	adds	r4, #8
10004da6:	6bbb      	ldr	r3, [r7, #56]	@ 0x38
10004da8:	00a1      	lsls	r1, r4, #2
10004daa:	6818      	ldr	r0, [r3, #0]
10004dac:	f7fd f842 	bl	10001e34 <__wrap_realloc>
10004db0:	b1c8      	cbz	r0, 10004de6 <__ssvfscanf_r+0x35a>
10004db2:	6bbb      	ldr	r3, [r7, #56]	@ 0x38
10004db4:	6c7a      	ldr	r2, [r7, #68]	@ 0x44
10004db6:	809c      	strh	r4, [r3, #4]
10004db8:	6018      	str	r0, [r3, #0]
10004dba:	6bb9      	ldr	r1, [r7, #56]	@ 0x38
10004dbc:	f10b 0301 	add.w	r3, fp, #1
10004dc0:	f840 602b 	str.w	r6, [r0, fp, lsl #2]
10004dc4:	80cb      	strh	r3, [r1, #6]
10004dc6:	4611      	mov	r1, r2
10004dc8:	f8cd a000 	str.w	sl, [sp]
10004dcc:	462b      	mov	r3, r5
10004dce:	2201      	movs	r2, #1
10004dd0:	6cb8      	ldr	r0, [r7, #72]	@ 0x48
10004dd2:	f7ff fe09 	bl	100049e8 <_sfread_r>
10004dd6:	4604      	mov	r4, r0
10004dd8:	2800      	cmp	r0, #0
10004dda:	f041 82a7 	bne.w	1000632c <__ssvfscanf_r+0x18a0>
10004dde:	6c3b      	ldr	r3, [r7, #64]	@ 0x40
10004de0:	2b00      	cmp	r3, #0
10004de2:	f041 82ad 	bne.w	10006340 <__ssvfscanf_r+0x18b4>
10004de6:	6bbb      	ldr	r3, [r7, #56]	@ 0x38
10004de8:	88de      	ldrh	r6, [r3, #6]
10004dea:	6818      	ldr	r0, [r3, #0]
10004dec:	b17e      	cbz	r6, 10004e0e <__ssvfscanf_r+0x382>
10004dee:	2400      	movs	r4, #0
10004df0:	1f05      	subs	r5, r0, #4
10004df2:	4681      	mov	r9, r0
10004df4:	46a0      	mov	r8, r4
10004df6:	f855 3f04 	ldr.w	r3, [r5, #4]!
10004dfa:	3401      	adds	r4, #1
10004dfc:	6818      	ldr	r0, [r3, #0]
10004dfe:	f7fd f82b 	bl	10001e58 <__wrap_free>
10004e02:	682b      	ldr	r3, [r5, #0]
10004e04:	42a6      	cmp	r6, r4
10004e06:	f8c3 8000 	str.w	r8, [r3]
10004e0a:	d1f4      	bne.n	10004df6 <__ssvfscanf_r+0x36a>
10004e0c:	4648      	mov	r0, r9
10004e0e:	f04f 33ff 	mov.w	r3, #4294967295	@ 0xffffffff
10004e12:	643b      	str	r3, [r7, #64]	@ 0x40
10004e14:	2800      	cmp	r0, #0
10004e16:	f47f aeb4 	bne.w	10004b82 <__ssvfscanf_r+0xf6>
10004e1a:	e6b4      	b.n	10004b86 <__ssvfscanf_r+0xfa>
10004e1c:	0723      	lsls	r3, r4, #28
10004e1e:	f47f aea7 	bne.w	10004b70 <__ssvfscanf_r+0xe4>
10004e22:	7871      	ldrb	r1, [r6, #1]
10004e24:	465e      	mov	r6, fp
10004e26:	e6d0      	b.n	10004bca <__ssvfscanf_r+0x13e>
10004e28:	0721      	lsls	r1, r4, #28
10004e2a:	f47f aea1 	bne.w	10004b70 <__ssvfscanf_r+0xe4>
10004e2e:	7871      	ldrb	r1, [r6, #1]
10004e30:	f044 0402 	orr.w	r4, r4, #2
10004e34:	465e      	mov	r6, fp
10004e36:	e6c8      	b.n	10004bca <__ssvfscanf_r+0x13e>
10004e38:	f044 0401 	orr.w	r4, r4, #1
10004e3c:	4ba4      	ldr	r3, [pc, #656]	@ (100050d0 <__ssvfscanf_r+0x644>)
10004e3e:	2603      	movs	r6, #3
10004e40:	62bb      	str	r3, [r7, #40]	@ 0x28
10004e42:	230a      	movs	r3, #10
10004e44:	637b      	str	r3, [r7, #52]	@ 0x34
10004e46:	f8da 3004 	ldr.w	r3, [sl, #4]
10004e4a:	2b00      	cmp	r3, #0
10004e4c:	f300 83eb 	bgt.w	10005626 <__ssvfscanf_r+0xb9a>
10004e50:	4651      	mov	r1, sl
10004e52:	6cb8      	ldr	r0, [r7, #72]	@ 0x48
10004e54:	f7ff fdac 	bl	100049b0 <__ssrefill_r>
10004e58:	2800      	cmp	r0, #0
10004e5a:	f47f ae80 	bne.w	10004b5e <__ssvfscanf_r+0xd2>
10004e5e:	f8c7 b04c 	str.w	fp, [r7, #76]	@ 0x4c
10004e62:	0660      	lsls	r0, r4, #25
10004e64:	f141 81f1 	bpl.w	1000624a <__ssvfscanf_r+0x17be>
10004e68:	1e73      	subs	r3, r6, #1
10004e6a:	2b03      	cmp	r3, #3
10004e6c:	f63f af6e 	bhi.w	10004d4c <__ssvfscanf_r+0x2c0>
10004e70:	e8df f013 	tbh	[pc, r3, lsl #1]
10004e74:	01da0229 	.word	0x01da0229
10004e78:	00040130 	.word	0x00040130
10004e7c:	6cb8      	ldr	r0, [r7, #72]	@ 0x48
10004e7e:	f444 68f0 	orr.w	r8, r4, #1920	@ 0x780
10004e82:	f002 fcc1 	bl	10007808 <_localeconv_r>
10004e86:	6803      	ldr	r3, [r0, #0]
10004e88:	623b      	str	r3, [r7, #32]
10004e8a:	1e6b      	subs	r3, r5, #1
10004e8c:	f5b3 7fae 	cmp.w	r3, #348	@ 0x15c
10004e90:	f240 873e 	bls.w	10005d10 <__ssvfscanf_r+0x1284>
10004e94:	f46f 74ae 	mvn.w	r4, #348	@ 0x15c
10004e98:	eb05 0c04 	add.w	ip, r5, r4
10004e9c:	f240 155d 	movw	r5, #349	@ 0x15d
10004ea0:	f507 7bb8 	add.w	fp, r7, #368	@ 0x170
10004ea4:	2300      	movs	r3, #0
10004ea6:	f8c7 c00c 	str.w	ip, [r7, #12]
10004eaa:	465c      	mov	r4, fp
10004eac:	647b      	str	r3, [r7, #68]	@ 0x44
10004eae:	63fb      	str	r3, [r7, #60]	@ 0x3c
10004eb0:	633b      	str	r3, [r7, #48]	@ 0x30
10004eb2:	61bb      	str	r3, [r7, #24]
10004eb4:	f8c7 b024 	str.w	fp, [r7, #36]	@ 0x24
10004eb8:	e9c7 3304 	strd	r3, r3, [r7, #16]
10004ebc:	f8da 1000 	ldr.w	r1, [sl]
10004ec0:	780a      	ldrb	r2, [r1, #0]
10004ec2:	f1a2 032b 	sub.w	r3, r2, #43	@ 0x2b
10004ec6:	2b4e      	cmp	r3, #78	@ 0x4e
10004ec8:	d850      	bhi.n	10004f6c <__ssvfscanf_r+0x4e0>
10004eca:	e8df f013 	tbh	[pc, r3, lsl #1]
10004ece:	033c      	.short	0x033c
10004ed0:	033c004f 	.word	0x033c004f
10004ed4:	004f004f 	.word	0x004f004f
10004ed8:	009d0380 	.word	0x009d0380
10004edc:	009d009d 	.word	0x009d009d
10004ee0:	009d009d 	.word	0x009d009d
10004ee4:	009d009d 	.word	0x009d009d
10004ee8:	009d009d 	.word	0x009d009d
10004eec:	004f004f 	.word	0x004f004f
10004ef0:	004f004f 	.word	0x004f004f
10004ef4:	004f004f 	.word	0x004f004f
10004ef8:	032a004f 	.word	0x032a004f
10004efc:	009a009a 	.word	0x009a009a
10004f00:	0363009a 	.word	0x0363009a
10004f04:	004f0358 	.word	0x004f0358
10004f08:	0343004f 	.word	0x0343004f
10004f0c:	004f004f 	.word	0x004f004f
10004f10:	004f004f 	.word	0x004f004f
10004f14:	004f0311 	.word	0x004f0311
10004f18:	004f02f1 	.word	0x004f02f1
10004f1c:	004f004f 	.word	0x004f004f
10004f20:	004f02ea 	.word	0x004f02ea
10004f24:	004f004f 	.word	0x004f004f
10004f28:	033502d5 	.word	0x033502d5
10004f2c:	004f004f 	.word	0x004f004f
10004f30:	004f004f 	.word	0x004f004f
10004f34:	004f004f 	.word	0x004f004f
10004f38:	032a004f 	.word	0x032a004f
10004f3c:	009a009a 	.word	0x009a009a
10004f40:	0363009a 	.word	0x0363009a
10004f44:	004f0358 	.word	0x004f0358
10004f48:	0343004f 	.word	0x0343004f
10004f4c:	004f004f 	.word	0x004f004f
10004f50:	004f004f 	.word	0x004f004f
10004f54:	004f0311 	.word	0x004f0311
10004f58:	004f02f1 	.word	0x004f02f1
10004f5c:	004f004f 	.word	0x004f004f
10004f60:	004f02ea 	.word	0x004f02ea
10004f64:	004f004f 	.word	0x004f004f
10004f68:	033502d5 	.word	0x033502d5
10004f6c:	f418 7f00 	tst.w	r8, #512	@ 0x200
10004f70:	d067      	beq.n	10005042 <__ssvfscanf_r+0x5b6>
10004f72:	6a38      	ldr	r0, [r7, #32]
10004f74:	7803      	ldrb	r3, [r0, #0]
10004f76:	4293      	cmp	r3, r2
10004f78:	d163      	bne.n	10005042 <__ssvfscanf_r+0x5b6>
10004f7a:	4683      	mov	fp, r0
10004f7c:	2600      	movs	r6, #0
10004f7e:	e9c7 5401 	strd	r5, r4, [r7, #4]
10004f82:	4655      	mov	r5, sl
10004f84:	46c2      	mov	sl, r8
10004f86:	e006      	b.n	10004f96 <__ssvfscanf_r+0x50a>
10004f88:	6029      	str	r1, [r5, #0]
10004f8a:	f89b 0000 	ldrb.w	r0, [fp]
10004f8e:	f891 e000 	ldrb.w	lr, [r1]
10004f92:	4586      	cmp	lr, r0
10004f94:	d11b      	bne.n	10004fce <__ssvfscanf_r+0x542>
10004f96:	f81b 0f01 	ldrb.w	r0, [fp, #1]!
10004f9a:	4634      	mov	r4, r6
10004f9c:	46c8      	mov	r8, r9
10004f9e:	3101      	adds	r1, #1
10004fa0:	3601      	adds	r6, #1
10004fa2:	f109 0901 	add.w	r9, r9, #1
10004fa6:	2800      	cmp	r0, #0
10004fa8:	f000 869d 	beq.w	10005ce6 <__ssvfscanf_r+0x125a>
10004fac:	6868      	ldr	r0, [r5, #4]
10004fae:	3801      	subs	r0, #1
10004fb0:	2800      	cmp	r0, #0
10004fb2:	6068      	str	r0, [r5, #4]
10004fb4:	dce8      	bgt.n	10004f88 <__ssvfscanf_r+0x4fc>
10004fb6:	4629      	mov	r1, r5
10004fb8:	6cb8      	ldr	r0, [r7, #72]	@ 0x48
10004fba:	f7ff fcf9 	bl	100049b0 <__ssrefill_r>
10004fbe:	b930      	cbnz	r0, 10004fce <__ssvfscanf_r+0x542>
10004fc0:	6829      	ldr	r1, [r5, #0]
10004fc2:	f89b 0000 	ldrb.w	r0, [fp]
10004fc6:	f891 e000 	ldrb.w	lr, [r1]
10004fca:	4586      	cmp	lr, r0
10004fcc:	d0e3      	beq.n	10004f96 <__ssvfscanf_r+0x50a>
10004fce:	4643      	mov	r3, r8
10004fd0:	46d0      	mov	r8, sl
10004fd2:	46aa      	mov	sl, r5
10004fd4:	4622      	mov	r2, r4
10004fd6:	68bc      	ldr	r4, [r7, #8]
10004fd8:	4691      	mov	r9, r2
10004fda:	e9d7 5b08 	ldrd	r5, fp, [r7, #32]
10004fde:	627c      	str	r4, [r7, #36]	@ 0x24
10004fe0:	442e      	add	r6, r5
10004fe2:	623b      	str	r3, [r7, #32]
10004fe4:	4634      	mov	r4, r6
10004fe6:	6cbe      	ldr	r6, [r7, #72]	@ 0x48
10004fe8:	f814 1d01 	ldrb.w	r1, [r4, #-1]!
10004fec:	4652      	mov	r2, sl
10004fee:	4630      	mov	r0, r6
10004ff0:	f7ff fca0 	bl	10004934 <_sungetc_r>
10004ff4:	42a5      	cmp	r5, r4
10004ff6:	d1f7      	bne.n	10004fe8 <__ssvfscanf_r+0x55c>
10004ff8:	6a3b      	ldr	r3, [r7, #32]
10004ffa:	6a7c      	ldr	r4, [r7, #36]	@ 0x24
10004ffc:	eba3 0909 	sub.w	r9, r3, r9
10005000:	e021      	b.n	10005046 <__ssvfscanf_r+0x5ba>
10005002:	f418 6f00 	tst.w	r8, #2048	@ 0x800
10005006:	d01c      	beq.n	10005042 <__ssvfscanf_r+0x5b6>
10005008:	6bfb      	ldr	r3, [r7, #60]	@ 0x3c
1000500a:	6c79      	ldr	r1, [r7, #68]	@ 0x44
1000500c:	185b      	adds	r3, r3, r1
1000500e:	d118      	bne.n	10005042 <__ssvfscanf_r+0x5b6>
10005010:	f428 78c0 	bic.w	r8, r8, #384	@ 0x180
10005014:	647b      	str	r3, [r7, #68]	@ 0x44
10005016:	63fb      	str	r3, [r7, #60]	@ 0x3c
10005018:	f804 2b01 	strb.w	r2, [r4], #1
1000501c:	3d01      	subs	r5, #1
1000501e:	f8da 3004 	ldr.w	r3, [sl, #4]
10005022:	f109 0901 	add.w	r9, r9, #1
10005026:	3b01      	subs	r3, #1
10005028:	2b00      	cmp	r3, #0
1000502a:	f8ca 3004 	str.w	r3, [sl, #4]
1000502e:	f340 835f 	ble.w	100056f0 <__ssvfscanf_r+0xc64>
10005032:	f8da 3000 	ldr.w	r3, [sl]
10005036:	3301      	adds	r3, #1
10005038:	f8ca 3000 	str.w	r3, [sl]
1000503c:	2d00      	cmp	r5, #0
1000503e:	f47f af3d 	bne.w	10004ebc <__ssvfscanf_r+0x430>
10005042:	f8d7 b024 	ldr.w	fp, [r7, #36]	@ 0x24
10005046:	6b3b      	ldr	r3, [r7, #48]	@ 0x30
10005048:	b10b      	cbz	r3, 1000504e <__ssvfscanf_r+0x5c2>
1000504a:	f428 7880 	bic.w	r8, r8, #256	@ 0x100
1000504e:	6bfb      	ldr	r3, [r7, #60]	@ 0x3c
10005050:	3b01      	subs	r3, #1
10005052:	2b01      	cmp	r3, #1
10005054:	f241 80c1 	bls.w	100061da <__ssvfscanf_r+0x174e>
10005058:	6c7b      	ldr	r3, [r7, #68]	@ 0x44
1000505a:	3b01      	subs	r3, #1
1000505c:	2b06      	cmp	r3, #6
1000505e:	f240 865e 	bls.w	10005d1e <__ssvfscanf_r+0x1292>
10005062:	f418 7f80 	tst.w	r8, #256	@ 0x100
10005066:	f000 846e 	beq.w	10005946 <__ssvfscanf_r+0xeba>
1000506a:	f418 6f80 	tst.w	r8, #1024	@ 0x400
1000506e:	f041 80c7 	bne.w	10006200 <__ssvfscanf_r+0x1774>
10005072:	f814 1c01 	ldrb.w	r1, [r4, #-1]
10005076:	f001 03df 	and.w	r3, r1, #223	@ 0xdf
1000507a:	2b45      	cmp	r3, #69	@ 0x45
1000507c:	f040 855c 	bne.w	10005b38 <__ssvfscanf_r+0x10ac>
10005080:	1e65      	subs	r5, r4, #1
10005082:	f109 39ff 	add.w	r9, r9, #4294967295	@ 0xffffffff
10005086:	4652      	mov	r2, sl
10005088:	6cb8      	ldr	r0, [r7, #72]	@ 0x48
1000508a:	f7ff fc53 	bl	10004934 <_sungetc_r>
1000508e:	f018 0310 	ands.w	r3, r8, #16
10005092:	f47f ad22 	bne.w	10004ada <__ssvfscanf_r+0x4e>
10005096:	702b      	strb	r3, [r5, #0]
10005098:	697b      	ldr	r3, [r7, #20]
1000509a:	2b00      	cmp	r3, #0
1000509c:	f040 8794 	bne.w	10005fc8 <__ssvfscanf_r+0x153c>
100050a0:	2200      	movs	r2, #0
100050a2:	4659      	mov	r1, fp
100050a4:	6cb8      	ldr	r0, [r7, #72]	@ 0x48
100050a6:	f002 f9bf 	bl	10007428 <_strtod_r>
100050aa:	6afb      	ldr	r3, [r7, #44]	@ 0x2c
100050ac:	f018 0f01 	tst.w	r8, #1
100050b0:	4602      	mov	r2, r0
100050b2:	4605      	mov	r5, r0
100050b4:	460e      	mov	r6, r1
100050b6:	f103 0404 	add.w	r4, r3, #4
100050ba:	f000 8666 	beq.w	10005d8a <__ssvfscanf_r+0x12fe>
100050be:	681b      	ldr	r3, [r3, #0]
100050c0:	e9c3 5600 	strd	r5, r6, [r3]
100050c4:	6c3b      	ldr	r3, [r7, #64]	@ 0x40
100050c6:	62fc      	str	r4, [r7, #44]	@ 0x2c
100050c8:	3301      	adds	r3, #1
100050ca:	643b      	str	r3, [r7, #64]	@ 0x40
100050cc:	e505      	b.n	10004ada <__ssvfscanf_r+0x4e>
100050ce:	bf00      	nop
100050d0:	10007541 	.word	0x10007541
100050d4:	1e6b      	subs	r3, r5, #1
100050d6:	f444 6458 	orr.w	r4, r4, #3456	@ 0xd80
100050da:	f5b3 7fae 	cmp.w	r3, #348	@ 0x15c
100050de:	f240 83aa 	bls.w	10005836 <__ssvfscanf_r+0xdaa>
100050e2:	f46f 72ae 	mvn.w	r2, #348	@ 0x15c
100050e6:	18a9      	adds	r1, r5, r2
100050e8:	f240 155d 	movw	r5, #349	@ 0x15d
100050ec:	f507 7bb8 	add.w	fp, r7, #368	@ 0x170
100050f0:	f04f 0800 	mov.w	r8, #0
100050f4:	6b7a      	ldr	r2, [r7, #52]	@ 0x34
100050f6:	465e      	mov	r6, fp
100050f8:	46cb      	mov	fp, r9
100050fa:	46d1      	mov	r9, sl
100050fc:	46c2      	mov	sl, r8
100050fe:	46b0      	mov	r8, r6
10005100:	63f9      	str	r1, [r7, #60]	@ 0x3c
10005102:	f8d9 0000 	ldr.w	r0, [r9]
10005106:	f890 c000 	ldrb.w	ip, [r0]
1000510a:	f1ac 032b 	sub.w	r3, ip, #43	@ 0x2b
1000510e:	2b4d      	cmp	r3, #77	@ 0x4d
10005110:	d862      	bhi.n	100051d8 <__ssvfscanf_r+0x74c>
10005112:	e8df f013 	tbh	[pc, r3, lsl #1]
10005116:	024f      	.short	0x024f
10005118:	024f0061 	.word	0x024f0061
1000511c:	00610061 	.word	0x00610061
10005120:	01ab02c8 	.word	0x01ab02c8
10005124:	01ab01ab 	.word	0x01ab01ab
10005128:	01ab01ab 	.word	0x01ab01ab
1000512c:	01ab01ab 	.word	0x01ab01ab
10005130:	02550255 	.word	0x02550255
10005134:	00610061 	.word	0x00610061
10005138:	00610061 	.word	0x00610061
1000513c:	00610061 	.word	0x00610061
10005140:	004e0061 	.word	0x004e0061
10005144:	004e004e 	.word	0x004e004e
10005148:	004e004e 	.word	0x004e004e
1000514c:	0061004e 	.word	0x0061004e
10005150:	00610061 	.word	0x00610061
10005154:	00610061 	.word	0x00610061
10005158:	00610061 	.word	0x00610061
1000515c:	00610061 	.word	0x00610061
10005160:	00610061 	.word	0x00610061
10005164:	00610061 	.word	0x00610061
10005168:	00610061 	.word	0x00610061
1000516c:	00610061 	.word	0x00610061
10005170:	00610243 	.word	0x00610243
10005174:	00610061 	.word	0x00610061
10005178:	00610061 	.word	0x00610061
1000517c:	00610061 	.word	0x00610061
10005180:	004e0061 	.word	0x004e0061
10005184:	004e004e 	.word	0x004e004e
10005188:	004e004e 	.word	0x004e004e
1000518c:	0061004e 	.word	0x0061004e
10005190:	00610061 	.word	0x00610061
10005194:	00610061 	.word	0x00610061
10005198:	00610061 	.word	0x00610061
1000519c:	00610061 	.word	0x00610061
100051a0:	00610061 	.word	0x00610061
100051a4:	00610061 	.word	0x00610061
100051a8:	00610061 	.word	0x00610061
100051ac:	00610061 	.word	0x00610061
100051b0:	0243      	.short	0x0243
100051b2:	2a0a      	cmp	r2, #10
100051b4:	dd10      	ble.n	100051d8 <__ssvfscanf_r+0x74c>
100051b6:	f424 6438 	bic.w	r4, r4, #2944	@ 0xb80
100051ba:	f806 cb01 	strb.w	ip, [r6], #1
100051be:	f8d9 3004 	ldr.w	r3, [r9, #4]
100051c2:	3b01      	subs	r3, #1
100051c4:	2b00      	cmp	r3, #0
100051c6:	f8c9 3004 	str.w	r3, [r9, #4]
100051ca:	f340 8287 	ble.w	100056dc <__ssvfscanf_r+0xc50>
100051ce:	3001      	adds	r0, #1
100051d0:	f8c9 0000 	str.w	r0, [r9]
100051d4:	3d01      	subs	r5, #1
100051d6:	d194      	bne.n	10005102 <__ssvfscanf_r+0x676>
100051d8:	4643      	mov	r3, r8
100051da:	05e1      	lsls	r1, r4, #23
100051dc:	46d0      	mov	r8, sl
100051de:	637a      	str	r2, [r7, #52]	@ 0x34
100051e0:	46ca      	mov	sl, r9
100051e2:	46d9      	mov	r9, fp
100051e4:	469b      	mov	fp, r3
100051e6:	d505      	bpl.n	100051f4 <__ssvfscanf_r+0x768>
100051e8:	429e      	cmp	r6, r3
100051ea:	f200 8413 	bhi.w	10005a14 <__ssvfscanf_r+0xf88>
100051ee:	455e      	cmp	r6, fp
100051f0:	f43f acbe 	beq.w	10004b70 <__ssvfscanf_r+0xe4>
100051f4:	f014 0210 	ands.w	r2, r4, #16
100051f8:	d111      	bne.n	1000521e <__ssvfscanf_r+0x792>
100051fa:	6b7b      	ldr	r3, [r7, #52]	@ 0x34
100051fc:	4659      	mov	r1, fp
100051fe:	6abd      	ldr	r5, [r7, #40]	@ 0x28
10005200:	7032      	strb	r2, [r6, #0]
10005202:	6cb8      	ldr	r0, [r7, #72]	@ 0x48
10005204:	47a8      	blx	r5
10005206:	6afb      	ldr	r3, [r7, #44]	@ 0x2c
10005208:	06a2      	lsls	r2, r4, #26
1000520a:	f103 0504 	add.w	r5, r3, #4
1000520e:	f140 83e2 	bpl.w	100059d6 <__ssvfscanf_r+0xf4a>
10005212:	681b      	ldr	r3, [r3, #0]
10005214:	6018      	str	r0, [r3, #0]
10005216:	6c3b      	ldr	r3, [r7, #64]	@ 0x40
10005218:	62fd      	str	r5, [r7, #44]	@ 0x2c
1000521a:	3301      	adds	r3, #1
1000521c:	643b      	str	r3, [r7, #64]	@ 0x40
1000521e:	eba6 060b 	sub.w	r6, r6, fp
10005222:	4446      	add	r6, r8
10005224:	44b1      	add	r9, r6
10005226:	e458      	b.n	10004ada <__ssvfscanf_r+0x4e>
10005228:	2d00      	cmp	r5, #0
1000522a:	f004 0210 	and.w	r2, r4, #16
1000522e:	bf08      	it	eq
10005230:	f04f 35ff 	moveq.w	r5, #4294967295	@ 0xffffffff
10005234:	07e0      	lsls	r0, r4, #31
10005236:	f140 8300 	bpl.w	1000583a <__ssvfscanf_r+0xdae>
1000523a:	2a00      	cmp	r2, #0
1000523c:	f040 851d 	bne.w	10005c7a <__ssvfscanf_r+0x11ee>
10005240:	6afe      	ldr	r6, [r7, #44]	@ 0x2c
10005242:	0621      	lsls	r1, r4, #24
10005244:	f856 bb04 	ldr.w	fp, [r6], #4
10005248:	f140 86cc 	bpl.w	10005fe4 <__ssvfscanf_r+0x1558>
1000524c:	647a      	str	r2, [r7, #68]	@ 0x44
1000524e:	f1bb 0f00 	cmp.w	fp, #0
10005252:	f43f ac8d 	beq.w	10004b70 <__ssvfscanf_r+0xe4>
10005256:	2080      	movs	r0, #128	@ 0x80
10005258:	f7fc fdda 	bl	10001e10 <__wrap_malloc>
1000525c:	6c7a      	ldr	r2, [r7, #68]	@ 0x44
1000525e:	4603      	mov	r3, r0
10005260:	2800      	cmp	r0, #0
10005262:	f000 878d 	beq.w	10006180 <__ssvfscanf_r+0x16f4>
10005266:	6bb9      	ldr	r1, [r7, #56]	@ 0x38
10005268:	f8cb 0000 	str.w	r0, [fp]
1000526c:	88cc      	ldrh	r4, [r1, #6]
1000526e:	f8b1 8004 	ldrh.w	r8, [r1, #4]
10005272:	4544      	cmp	r4, r8
10005274:	f080 85af 	bcs.w	10005dd6 <__ssvfscanf_r+0x134a>
10005278:	6808      	ldr	r0, [r1, #0]
1000527a:	6bb9      	ldr	r1, [r7, #56]	@ 0x38
1000527c:	469e      	mov	lr, r3
1000527e:	f840 b024 	str.w	fp, [r0, r4, lsl #2]
10005282:	f04f 0c20 	mov.w	ip, #32
10005286:	3401      	adds	r4, #1
10005288:	62fe      	str	r6, [r7, #44]	@ 0x2c
1000528a:	80cc      	strh	r4, [r1, #6]
1000528c:	f8da 1000 	ldr.w	r1, [sl]
10005290:	f8df 83bc 	ldr.w	r8, [pc, #956]	@ 10005650 <__ssvfscanf_r+0xbc4>
10005294:	7809      	ldrb	r1, [r1, #0]
10005296:	f818 6001 	ldrb.w	r6, [r8, r1]
1000529a:	f016 0608 	ands.w	r6, r6, #8
1000529e:	f000 83c2 	beq.w	10005a26 <__ssvfscanf_r+0xf9a>
100052a2:	2a00      	cmp	r2, #0
100052a4:	f47f ac19 	bne.w	10004ada <__ssvfscanf_r+0x4e>
100052a8:	601a      	str	r2, [r3, #0]
100052aa:	eba3 030e 	sub.w	r3, r3, lr
100052ae:	1099      	asrs	r1, r3, #2
100052b0:	3101      	adds	r1, #1
100052b2:	458c      	cmp	ip, r1
100052b4:	d903      	bls.n	100052be <__ssvfscanf_r+0x832>
100052b6:	f1bb 0f00 	cmp.w	fp, #0
100052ba:	f040 861f 	bne.w	10005efc <__ssvfscanf_r+0x1470>
100052be:	6c3b      	ldr	r3, [r7, #64]	@ 0x40
100052c0:	3301      	adds	r3, #1
100052c2:	643b      	str	r3, [r7, #64]	@ 0x40
100052c4:	e409      	b.n	10004ada <__ssvfscanf_r+0x4e>
100052c6:	2d00      	cmp	r5, #0
100052c8:	f004 0310 	and.w	r3, r4, #16
100052cc:	bf08      	it	eq
100052ce:	f04f 35ff 	moveq.w	r5, #4294967295	@ 0xffffffff
100052d2:	07e0      	lsls	r0, r4, #31
100052d4:	633b      	str	r3, [r7, #48]	@ 0x30
100052d6:	f140 8236 	bpl.w	10005746 <__ssvfscanf_r+0xcba>
100052da:	f8d7 b02c 	ldr.w	fp, [r7, #44]	@ 0x2c
100052de:	2b00      	cmp	r3, #0
100052e0:	f040 84d3 	bne.w	10005c8a <__ssvfscanf_r+0x11fe>
100052e4:	f85b 3b04 	ldr.w	r3, [fp], #4
100052e8:	0621      	lsls	r1, r4, #24
100052ea:	623b      	str	r3, [r7, #32]
100052ec:	f140 8681 	bpl.w	10005ff2 <__ssvfscanf_r+0x1566>
100052f0:	2b00      	cmp	r3, #0
100052f2:	f43f ac3d 	beq.w	10004b70 <__ssvfscanf_r+0xe4>
100052f6:	2080      	movs	r0, #128	@ 0x80
100052f8:	f7fc fd8a 	bl	10001e10 <__wrap_malloc>
100052fc:	4680      	mov	r8, r0
100052fe:	2800      	cmp	r0, #0
10005300:	f000 873e 	beq.w	10006180 <__ssvfscanf_r+0x16f4>
10005304:	6a3b      	ldr	r3, [r7, #32]
10005306:	6018      	str	r0, [r3, #0]
10005308:	6bbb      	ldr	r3, [r7, #56]	@ 0x38
1000530a:	88dc      	ldrh	r4, [r3, #6]
1000530c:	889a      	ldrh	r2, [r3, #4]
1000530e:	4294      	cmp	r4, r2
10005310:	f080 857b 	bcs.w	10005e0a <__ssvfscanf_r+0x137e>
10005314:	6818      	ldr	r0, [r3, #0]
10005316:	6a3b      	ldr	r3, [r7, #32]
10005318:	f8c7 802c 	str.w	r8, [r7, #44]	@ 0x2c
1000531c:	f840 3024 	str.w	r3, [r0, r4, lsl #2]
10005320:	3401      	adds	r4, #1
10005322:	6bbb      	ldr	r3, [r7, #56]	@ 0x38
10005324:	80dc      	strh	r4, [r3, #6]
10005326:	2320      	movs	r3, #32
10005328:	627b      	str	r3, [r7, #36]	@ 0x24
1000532a:	f8c7 b018 	str.w	fp, [r7, #24]
1000532e:	2400      	movs	r4, #0
10005330:	69fe      	ldr	r6, [r7, #28]
10005332:	46cb      	mov	fp, r9
10005334:	647d      	str	r5, [r7, #68]	@ 0x44
10005336:	f002 fa61 	bl	100077fc <__locale_mb_cur_max>
1000533a:	42a0      	cmp	r0, r4
1000533c:	f43f ac0f 	beq.w	10004b5e <__ssvfscanf_r+0xd2>
10005340:	2e03      	cmp	r6, #3
10005342:	f107 0960 	add.w	r9, r7, #96	@ 0x60
10005346:	e9da 3200 	ldrd	r3, r2, [sl]
1000534a:	f102 32ff 	add.w	r2, r2, #4294967295	@ 0xffffffff
1000534e:	f813 1b01 	ldrb.w	r1, [r3], #1
10005352:	f8ca 2004 	str.w	r2, [sl, #4]
10005356:	f507 72b8 	add.w	r2, r7, #368	@ 0x170
1000535a:	f8ca 3000 	str.w	r3, [sl]
1000535e:	5511      	strb	r1, [r2, r4]
10005360:	f104 0401 	add.w	r4, r4, #1
10005364:	d103      	bne.n	1000536e <__ssvfscanf_r+0x8e2>
10005366:	f8d9 3000 	ldr.w	r3, [r9]
1000536a:	2b04      	cmp	r3, #4
1000536c:	d004      	beq.n	10005378 <__ssvfscanf_r+0x8ec>
1000536e:	2208      	movs	r2, #8
10005370:	2100      	movs	r1, #0
10005372:	4648      	mov	r0, r9
10005374:	f7fe ff88 	bl	10004288 <memset>
10005378:	f8cd 9000 	str.w	r9, [sp]
1000537c:	f507 72b8 	add.w	r2, r7, #368	@ 0x170
10005380:	4623      	mov	r3, r4
10005382:	4641      	mov	r1, r8
10005384:	6cb8      	ldr	r0, [r7, #72]	@ 0x48
10005386:	f002 fbc1 	bl	10007b0c <_mbrtowc_r>
1000538a:	1c42      	adds	r2, r0, #1
1000538c:	4606      	mov	r6, r0
1000538e:	f43f abe6 	beq.w	10004b5e <__ssvfscanf_r+0xd2>
10005392:	2800      	cmp	r0, #0
10005394:	f040 8482 	bne.w	10005c9c <__ssvfscanf_r+0x1210>
10005398:	4603      	mov	r3, r0
1000539a:	f8c8 0000 	str.w	r0, [r8]
1000539e:	2208      	movs	r2, #8
100053a0:	2100      	movs	r1, #0
100053a2:	f107 0068 	add.w	r0, r7, #104	@ 0x68
100053a6:	63fb      	str	r3, [r7, #60]	@ 0x3c
100053a8:	f7fe ff6e 	bl	10004288 <memset>
100053ac:	6bfb      	ldr	r3, [r7, #60]	@ 0x3c
100053ae:	6cb8      	ldr	r0, [r7, #72]	@ 0x48
100053b0:	f107 0150 	add.w	r1, r7, #80	@ 0x50
100053b4:	461a      	mov	r2, r3
100053b6:	4ba3      	ldr	r3, [pc, #652]	@ (10005644 <__ssvfscanf_r+0xbb8>)
100053b8:	f8d3 30e0 	ldr.w	r3, [r3, #224]	@ 0xe0
100053bc:	461d      	mov	r5, r3
100053be:	f107 0368 	add.w	r3, r7, #104	@ 0x68
100053c2:	47a8      	blx	r5
100053c4:	2801      	cmp	r0, #1
100053c6:	bf0c      	ite	eq
100053c8:	f897 3050 	ldrbeq.w	r3, [r7, #80]	@ 0x50
100053cc:	2300      	movne	r3, #0
100053ce:	f107 0270 	add.w	r2, r7, #112	@ 0x70
100053d2:	5cd3      	ldrb	r3, [r2, r3]
100053d4:	2b00      	cmp	r3, #0
100053d6:	f000 8614 	beq.w	10006002 <__ssvfscanf_r+0x1576>
100053da:	2e03      	cmp	r6, #3
100053dc:	44a3      	add	fp, r4
100053de:	f000 8466 	beq.w	10005cae <__ssvfscanf_r+0x1222>
100053e2:	6c7b      	ldr	r3, [r7, #68]	@ 0x44
100053e4:	3b01      	subs	r3, #1
100053e6:	647b      	str	r3, [r7, #68]	@ 0x44
100053e8:	6b3b      	ldr	r3, [r7, #48]	@ 0x30
100053ea:	b9bb      	cbnz	r3, 1000541c <__ssvfscanf_r+0x990>
100053ec:	f108 0804 	add.w	r8, r8, #4
100053f0:	6af8      	ldr	r0, [r7, #44]	@ 0x2c
100053f2:	6a7d      	ldr	r5, [r7, #36]	@ 0x24
100053f4:	eba8 0400 	sub.w	r4, r8, r0
100053f8:	ebb5 0fa4 	cmp.w	r5, r4, asr #2
100053fc:	d80e      	bhi.n	1000541c <__ssvfscanf_r+0x990>
100053fe:	6a3b      	ldr	r3, [r7, #32]
10005400:	b163      	cbz	r3, 1000541c <__ssvfscanf_r+0x990>
10005402:	00e9      	lsls	r1, r5, #3
10005404:	f7fc fd16 	bl	10001e34 <__wrap_realloc>
10005408:	62f8      	str	r0, [r7, #44]	@ 0x2c
1000540a:	2800      	cmp	r0, #0
1000540c:	f000 86b8 	beq.w	10006180 <__ssvfscanf_r+0x16f4>
10005410:	0069      	lsls	r1, r5, #1
10005412:	6a3b      	ldr	r3, [r7, #32]
10005414:	eb00 0804 	add.w	r8, r0, r4
10005418:	6279      	str	r1, [r7, #36]	@ 0x24
1000541a:	6018      	str	r0, [r3, #0]
1000541c:	f8da 3004 	ldr.w	r3, [sl, #4]
10005420:	2400      	movs	r4, #0
10005422:	2b00      	cmp	r3, #0
10005424:	f340 844f 	ble.w	10005cc6 <__ssvfscanf_r+0x123a>
10005428:	6c7b      	ldr	r3, [r7, #68]	@ 0x44
1000542a:	2b00      	cmp	r3, #0
1000542c:	d183      	bne.n	10005336 <__ssvfscanf_r+0x8aa>
1000542e:	46d9      	mov	r9, fp
10005430:	f8d7 b018 	ldr.w	fp, [r7, #24]
10005434:	61fe      	str	r6, [r7, #28]
10005436:	6b3b      	ldr	r3, [r7, #48]	@ 0x30
10005438:	b9a3      	cbnz	r3, 10005464 <__ssvfscanf_r+0x9d8>
1000543a:	f8c8 3000 	str.w	r3, [r8]
1000543e:	6afb      	ldr	r3, [r7, #44]	@ 0x2c
10005440:	6a7a      	ldr	r2, [r7, #36]	@ 0x24
10005442:	eba8 0103 	sub.w	r1, r8, r3
10005446:	108b      	asrs	r3, r1, #2
10005448:	3301      	adds	r3, #1
1000544a:	429a      	cmp	r2, r3
1000544c:	d907      	bls.n	1000545e <__ssvfscanf_r+0x9d2>
1000544e:	6a3c      	ldr	r4, [r7, #32]
10005450:	b12c      	cbz	r4, 1000545e <__ssvfscanf_r+0x9d2>
10005452:	3104      	adds	r1, #4
10005454:	6820      	ldr	r0, [r4, #0]
10005456:	f7fc fced 	bl	10001e34 <__wrap_realloc>
1000545a:	b100      	cbz	r0, 1000545e <__ssvfscanf_r+0x9d2>
1000545c:	6020      	str	r0, [r4, #0]
1000545e:	6c3b      	ldr	r3, [r7, #64]	@ 0x40
10005460:	3301      	adds	r3, #1
10005462:	643b      	str	r3, [r7, #64]	@ 0x40
10005464:	f8c7 b02c 	str.w	fp, [r7, #44]	@ 0x2c
10005468:	f7ff bb37 	b.w	10004ada <__ssvfscanf_r+0x4e>
1000546c:	4b76      	ldr	r3, [pc, #472]	@ (10005648 <__ssvfscanf_r+0xbbc>)
1000546e:	f424 6438 	bic.w	r4, r4, #2944	@ 0xb80
10005472:	f933 2012 	ldrsh.w	r2, [r3, r2, lsl #1]
10005476:	e6a0      	b.n	100051ba <__ssvfscanf_r+0x72e>
10005478:	f408 6318 	and.w	r3, r8, #2432	@ 0x980
1000547c:	f5b3 7f80 	cmp.w	r3, #256	@ 0x100
10005480:	f47f addf 	bne.w	10005042 <__ssvfscanf_r+0x5b6>
10005484:	6b3b      	ldr	r3, [r7, #48]	@ 0x30
10005486:	2b01      	cmp	r3, #1
10005488:	f47f addb 	bne.w	10005042 <__ssvfscanf_r+0x5b6>
1000548c:	2330      	movs	r3, #48	@ 0x30
1000548e:	f428 7880 	bic.w	r8, r8, #256	@ 0x100
10005492:	3d01      	subs	r5, #1
10005494:	f804 3b01 	strb.w	r3, [r4], #1
10005498:	2300      	movs	r3, #0
1000549a:	f448 6800 	orr.w	r8, r8, #2048	@ 0x800
1000549e:	633b      	str	r3, [r7, #48]	@ 0x30
100054a0:	e5ba      	b.n	10005018 <__ssvfscanf_r+0x58c>
100054a2:	6c7b      	ldr	r3, [r7, #68]	@ 0x44
100054a4:	2b06      	cmp	r3, #6
100054a6:	f47f adcc 	bne.w	10005042 <__ssvfscanf_r+0x5b6>
100054aa:	2307      	movs	r3, #7
100054ac:	647b      	str	r3, [r7, #68]	@ 0x44
100054ae:	e5b3      	b.n	10005018 <__ssvfscanf_r+0x58c>
100054b0:	f418 6f00 	tst.w	r8, #2048	@ 0x800
100054b4:	f43f adc5 	beq.w	10005042 <__ssvfscanf_r+0x5b6>
100054b8:	f408 63a0 	and.w	r3, r8, #1280	@ 0x500
100054bc:	f5b3 6f80 	cmp.w	r3, #1024	@ 0x400
100054c0:	d007      	beq.n	100054d2 <__ssvfscanf_r+0xa46>
100054c2:	f418 6f80 	tst.w	r8, #1024	@ 0x400
100054c6:	f43f adbc 	beq.w	10005042 <__ssvfscanf_r+0x5b6>
100054ca:	6b3b      	ldr	r3, [r7, #48]	@ 0x30
100054cc:	2b00      	cmp	r3, #0
100054ce:	f000 8693 	beq.w	100061f8 <__ssvfscanf_r+0x176c>
100054d2:	f418 7f00 	tst.w	r8, #512	@ 0x200
100054d6:	d104      	bne.n	100054e2 <__ssvfscanf_r+0xa56>
100054d8:	6b3b      	ldr	r3, [r7, #48]	@ 0x30
100054da:	69b9      	ldr	r1, [r7, #24]
100054dc:	1a5b      	subs	r3, r3, r1
100054de:	e9c7 4304 	strd	r4, r3, [r7, #16]
100054e2:	f428 6878 	bic.w	r8, r8, #3968	@ 0xf80
100054e6:	2300      	movs	r3, #0
100054e8:	f448 78c0 	orr.w	r8, r8, #384	@ 0x180
100054ec:	633b      	str	r3, [r7, #48]	@ 0x30
100054ee:	e593      	b.n	10005018 <__ssvfscanf_r+0x58c>
100054f0:	6bfb      	ldr	r3, [r7, #60]	@ 0x3c
100054f2:	2b00      	cmp	r3, #0
100054f4:	f040 827f 	bne.w	100059f6 <__ssvfscanf_r+0xf6a>
100054f8:	6b3b      	ldr	r3, [r7, #48]	@ 0x30
100054fa:	2b00      	cmp	r3, #0
100054fc:	f040 827b 	bne.w	100059f6 <__ssvfscanf_r+0xf6a>
10005500:	f408 63e0 	and.w	r3, r8, #1792	@ 0x700
10005504:	f5b3 6fe0 	cmp.w	r3, #1792	@ 0x700
10005508:	f000 8592 	beq.w	10006030 <__ssvfscanf_r+0x15a4>
1000550c:	6c7b      	ldr	r3, [r7, #68]	@ 0x44
1000550e:	2b01      	cmp	r3, #1
10005510:	d002      	beq.n	10005518 <__ssvfscanf_r+0xa8c>
10005512:	2b04      	cmp	r3, #4
10005514:	f47f ad95 	bne.w	10005042 <__ssvfscanf_r+0x5b6>
10005518:	6c7b      	ldr	r3, [r7, #68]	@ 0x44
1000551a:	3301      	adds	r3, #1
1000551c:	b2db      	uxtb	r3, r3
1000551e:	647b      	str	r3, [r7, #68]	@ 0x44
10005520:	e57a      	b.n	10005018 <__ssvfscanf_r+0x58c>
10005522:	f418 6f00 	tst.w	r8, #2048	@ 0x800
10005526:	f040 823b 	bne.w	100059a0 <__ssvfscanf_r+0xf14>
1000552a:	6bfb      	ldr	r3, [r7, #60]	@ 0x3c
1000552c:	2b01      	cmp	r3, #1
1000552e:	f47f ad88 	bne.w	10005042 <__ssvfscanf_r+0x5b6>
10005532:	2302      	movs	r3, #2
10005534:	63fb      	str	r3, [r7, #60]	@ 0x3c
10005536:	e56f      	b.n	10005018 <__ssvfscanf_r+0x58c>
10005538:	6c7b      	ldr	r3, [r7, #68]	@ 0x44
1000553a:	2b07      	cmp	r3, #7
1000553c:	f47f ad81 	bne.w	10005042 <__ssvfscanf_r+0x5b6>
10005540:	2308      	movs	r3, #8
10005542:	647b      	str	r3, [r7, #68]	@ 0x44
10005544:	e568      	b.n	10005018 <__ssvfscanf_r+0x58c>
10005546:	f018 0f80 	tst.w	r8, #128	@ 0x80
1000554a:	f43f ad7a 	beq.w	10005042 <__ssvfscanf_r+0x5b6>
1000554e:	f028 0880 	bic.w	r8, r8, #128	@ 0x80
10005552:	e561      	b.n	10005018 <__ssvfscanf_r+0x58c>
10005554:	6c7b      	ldr	r3, [r7, #68]	@ 0x44
10005556:	2b00      	cmp	r3, #0
10005558:	f040 8244 	bne.w	100059e4 <__ssvfscanf_r+0xf58>
1000555c:	6b3b      	ldr	r3, [r7, #48]	@ 0x30
1000555e:	2b00      	cmp	r3, #0
10005560:	f040 8240 	bne.w	100059e4 <__ssvfscanf_r+0xf58>
10005564:	f408 63e0 	and.w	r3, r8, #1792	@ 0x700
10005568:	f5b3 6fe0 	cmp.w	r3, #1792	@ 0x700
1000556c:	f000 8568 	beq.w	10006040 <__ssvfscanf_r+0x15b4>
10005570:	2300      	movs	r3, #0
10005572:	f8d7 b024 	ldr.w	fp, [r7, #36]	@ 0x24
10005576:	647b      	str	r3, [r7, #68]	@ 0x44
10005578:	2300      	movs	r3, #0
1000557a:	633b      	str	r3, [r7, #48]	@ 0x30
1000557c:	e567      	b.n	1000504e <__ssvfscanf_r+0x5c2>
1000557e:	f418 6f00 	tst.w	r8, #2048	@ 0x800
10005582:	f040 8214 	bne.w	100059ae <__ssvfscanf_r+0xf22>
10005586:	6c7b      	ldr	r3, [r7, #68]	@ 0x44
10005588:	2b02      	cmp	r3, #2
1000558a:	f47f ad5a 	bne.w	10005042 <__ssvfscanf_r+0x5b6>
1000558e:	2303      	movs	r3, #3
10005590:	647b      	str	r3, [r7, #68]	@ 0x44
10005592:	e541      	b.n	10005018 <__ssvfscanf_r+0x58c>
10005594:	f418 6f00 	tst.w	r8, #2048	@ 0x800
10005598:	d08e      	beq.n	100054b8 <__ssvfscanf_r+0xa2c>
1000559a:	e535      	b.n	10005008 <__ssvfscanf_r+0x57c>
1000559c:	f404 63c0 	and.w	r3, r4, #1536	@ 0x600
100055a0:	f5b3 7f00 	cmp.w	r3, #512	@ 0x200
100055a4:	f47f ae18 	bne.w	100051d8 <__ssvfscanf_r+0x74c>
100055a8:	f424 7400 	bic.w	r4, r4, #512	@ 0x200
100055ac:	2210      	movs	r2, #16
100055ae:	f444 64a0 	orr.w	r4, r4, #1280	@ 0x500
100055b2:	e602      	b.n	100051ba <__ssvfscanf_r+0x72e>
100055b4:	0623      	lsls	r3, r4, #24
100055b6:	f57f ae0f 	bpl.w	100051d8 <__ssvfscanf_r+0x74c>
100055ba:	f024 0480 	bic.w	r4, r4, #128	@ 0x80
100055be:	e5fc      	b.n	100051ba <__ssvfscanf_r+0x72e>
100055c0:	4b21      	ldr	r3, [pc, #132]	@ (10005648 <__ssvfscanf_r+0xbbc>)
100055c2:	f933 2012 	ldrsh.w	r2, [r3, r2, lsl #1]
100055c6:	2a08      	cmp	r2, #8
100055c8:	f73f adf5 	bgt.w	100051b6 <__ssvfscanf_r+0x72a>
100055cc:	e604      	b.n	100051d8 <__ssvfscanf_r+0x74c>
100055ce:	f418 7f80 	tst.w	r8, #256	@ 0x100
100055d2:	f43f ad19 	beq.w	10005008 <__ssvfscanf_r+0x57c>
100055d6:	6b3b      	ldr	r3, [r7, #48]	@ 0x30
100055d8:	f028 0880 	bic.w	r8, r8, #128	@ 0x80
100055dc:	3301      	adds	r3, #1
100055de:	633b      	str	r3, [r7, #48]	@ 0x30
100055e0:	68fb      	ldr	r3, [r7, #12]
100055e2:	2b00      	cmp	r3, #0
100055e4:	f43f ad1a 	beq.w	1000501c <__ssvfscanf_r+0x590>
100055e8:	68fb      	ldr	r3, [r7, #12]
100055ea:	3b01      	subs	r3, #1
100055ec:	60fb      	str	r3, [r7, #12]
100055ee:	e516      	b.n	1000501e <__ssvfscanf_r+0x592>
100055f0:	f044 0401 	orr.w	r4, r4, #1
100055f4:	f044 0440 	orr.w	r4, r4, #64	@ 0x40
100055f8:	2600      	movs	r6, #0
100055fa:	f8c7 b04c 	str.w	fp, [r7, #76]	@ 0x4c
100055fe:	f8da 3004 	ldr.w	r3, [sl, #4]
10005602:	2b00      	cmp	r3, #0
10005604:	f73f ac2d 	bgt.w	10004e62 <__ssvfscanf_r+0x3d6>
10005608:	f8d7 b04c 	ldr.w	fp, [r7, #76]	@ 0x4c
1000560c:	e420      	b.n	10004e50 <__ssvfscanf_r+0x3c4>
1000560e:	f044 0401 	orr.w	r4, r4, #1
10005612:	4b0e      	ldr	r3, [pc, #56]	@ (1000564c <__ssvfscanf_r+0xbc0>)
10005614:	2603      	movs	r6, #3
10005616:	62bb      	str	r3, [r7, #40]	@ 0x28
10005618:	2308      	movs	r3, #8
1000561a:	637b      	str	r3, [r7, #52]	@ 0x34
1000561c:	f8da 3004 	ldr.w	r3, [sl, #4]
10005620:	2b00      	cmp	r3, #0
10005622:	f77f ac15 	ble.w	10004e50 <__ssvfscanf_r+0x3c4>
10005626:	f8da 2000 	ldr.w	r2, [sl]
1000562a:	f8df 8024 	ldr.w	r8, [pc, #36]	@ 10005650 <__ssvfscanf_r+0xbc4>
1000562e:	7813      	ldrb	r3, [r2, #0]
10005630:	f818 3003 	ldrb.w	r3, [r8, r3]
10005634:	0719      	lsls	r1, r3, #28
10005636:	f140 8515 	bpl.w	10006064 <__ssvfscanf_r+0x15d8>
1000563a:	4643      	mov	r3, r8
1000563c:	46d0      	mov	r8, sl
1000563e:	469a      	mov	sl, r3
10005640:	e00f      	b.n	10005662 <__ssvfscanf_r+0xbd6>
10005642:	bf00      	nop
10005644:	20000b98 	.word	0x20000b98
10005648:	100094e4 	.word	0x100094e4
1000564c:	10007685 	.word	0x10007685
10005650:	10009559 	.word	0x10009559
10005654:	f8c8 2000 	str.w	r2, [r8]
10005658:	7813      	ldrb	r3, [r2, #0]
1000565a:	f81a 3003 	ldrb.w	r3, [sl, r3]
1000565e:	071b      	lsls	r3, r3, #28
10005660:	d517      	bpl.n	10005692 <__ssvfscanf_r+0xc06>
10005662:	f8d8 3004 	ldr.w	r3, [r8, #4]
10005666:	f109 0901 	add.w	r9, r9, #1
1000566a:	3201      	adds	r2, #1
1000566c:	3b01      	subs	r3, #1
1000566e:	2b00      	cmp	r3, #0
10005670:	f8c8 3004 	str.w	r3, [r8, #4]
10005674:	dcee      	bgt.n	10005654 <__ssvfscanf_r+0xbc8>
10005676:	4641      	mov	r1, r8
10005678:	6cb8      	ldr	r0, [r7, #72]	@ 0x48
1000567a:	f7ff f999 	bl	100049b0 <__ssrefill_r>
1000567e:	2800      	cmp	r0, #0
10005680:	f040 834a 	bne.w	10005d18 <__ssvfscanf_r+0x128c>
10005684:	f8d8 2000 	ldr.w	r2, [r8]
10005688:	7813      	ldrb	r3, [r2, #0]
1000568a:	f81a 3003 	ldrb.w	r3, [sl, r3]
1000568e:	071b      	lsls	r3, r3, #28
10005690:	d4e7      	bmi.n	10005662 <__ssvfscanf_r+0xbd6>
10005692:	46c2      	mov	sl, r8
10005694:	f8c7 b04c 	str.w	fp, [r7, #76]	@ 0x4c
10005698:	f7ff bbe6 	b.w	10004e68 <__ssvfscanf_r+0x3dc>
1000569c:	f044 0401 	orr.w	r4, r4, #1
100056a0:	2602      	movs	r6, #2
100056a2:	f7ff bbd0 	b.w	10004e46 <__ssvfscanf_r+0x3ba>
100056a6:	0523      	lsls	r3, r4, #20
100056a8:	f57f ad87 	bpl.w	100051ba <__ssvfscanf_r+0x72e>
100056ac:	b912      	cbnz	r2, 100056b4 <__ssvfscanf_r+0xc28>
100056ae:	f444 7400 	orr.w	r4, r4, #512	@ 0x200
100056b2:	2208      	movs	r2, #8
100056b4:	0561      	lsls	r1, r4, #21
100056b6:	f100 818a 	bmi.w	100059ce <__ssvfscanf_r+0xf42>
100056ba:	6bfb      	ldr	r3, [r7, #60]	@ 0x3c
100056bc:	f424 7460 	bic.w	r4, r4, #896	@ 0x380
100056c0:	b113      	cbz	r3, 100056c8 <__ssvfscanf_r+0xc3c>
100056c2:	3b01      	subs	r3, #1
100056c4:	3501      	adds	r5, #1
100056c6:	63fb      	str	r3, [r7, #60]	@ 0x3c
100056c8:	f8d9 3004 	ldr.w	r3, [r9, #4]
100056cc:	f10a 0a01 	add.w	sl, sl, #1
100056d0:	3b01      	subs	r3, #1
100056d2:	2b00      	cmp	r3, #0
100056d4:	f8c9 3004 	str.w	r3, [r9, #4]
100056d8:	f73f ad79 	bgt.w	100051ce <__ssvfscanf_r+0x742>
100056dc:	4649      	mov	r1, r9
100056de:	6cb8      	ldr	r0, [r7, #72]	@ 0x48
100056e0:	647a      	str	r2, [r7, #68]	@ 0x44
100056e2:	f7ff f965 	bl	100049b0 <__ssrefill_r>
100056e6:	6c7a      	ldr	r2, [r7, #68]	@ 0x44
100056e8:	2800      	cmp	r0, #0
100056ea:	f43f ad73 	beq.w	100051d4 <__ssvfscanf_r+0x748>
100056ee:	e573      	b.n	100051d8 <__ssvfscanf_r+0x74c>
100056f0:	4651      	mov	r1, sl
100056f2:	6cb8      	ldr	r0, [r7, #72]	@ 0x48
100056f4:	f7ff f95c 	bl	100049b0 <__ssrefill_r>
100056f8:	2800      	cmp	r0, #0
100056fa:	f47f aca2 	bne.w	10005042 <__ssvfscanf_r+0x5b6>
100056fe:	2d00      	cmp	r5, #0
10005700:	f47f abdc 	bne.w	10004ebc <__ssvfscanf_r+0x430>
10005704:	e49d      	b.n	10005042 <__ssvfscanf_r+0x5b6>
10005706:	f8da 2004 	ldr.w	r2, [sl, #4]
1000570a:	6cbc      	ldr	r4, [r7, #72]	@ 0x48
1000570c:	e011      	b.n	10005732 <__ssvfscanf_r+0xca6>
1000570e:	f8da 3000 	ldr.w	r3, [sl]
10005712:	49bd      	ldr	r1, [pc, #756]	@ (10005a08 <__ssvfscanf_r+0xf7c>)
10005714:	781a      	ldrb	r2, [r3, #0]
10005716:	3301      	adds	r3, #1
10005718:	5c8a      	ldrb	r2, [r1, r2]
1000571a:	0710      	lsls	r0, r2, #28
1000571c:	f57f a9dd 	bpl.w	10004ada <__ssvfscanf_r+0x4e>
10005720:	f8da 2004 	ldr.w	r2, [sl, #4]
10005724:	f109 0901 	add.w	r9, r9, #1
10005728:	f8ca 3000 	str.w	r3, [sl]
1000572c:	3a01      	subs	r2, #1
1000572e:	f8ca 2004 	str.w	r2, [sl, #4]
10005732:	2a00      	cmp	r2, #0
10005734:	dceb      	bgt.n	1000570e <__ssvfscanf_r+0xc82>
10005736:	4651      	mov	r1, sl
10005738:	4620      	mov	r0, r4
1000573a:	f7ff f939 	bl	100049b0 <__ssrefill_r>
1000573e:	2800      	cmp	r0, #0
10005740:	d0e5      	beq.n	1000570e <__ssvfscanf_r+0xc82>
10005742:	f7ff b9ca 	b.w	10004ada <__ssvfscanf_r+0x4e>
10005746:	6b3b      	ldr	r3, [r7, #48]	@ 0x30
10005748:	2b00      	cmp	r3, #0
1000574a:	f040 825e 	bne.w	10005c0a <__ssvfscanf_r+0x117e>
1000574e:	6afb      	ldr	r3, [r7, #44]	@ 0x2c
10005750:	f853 2b04 	ldr.w	r2, [r3], #4
10005754:	633b      	str	r3, [r7, #48]	@ 0x30
10005756:	f014 0380 	ands.w	r3, r4, #128	@ 0x80
1000575a:	4616      	mov	r6, r2
1000575c:	63fa      	str	r2, [r7, #60]	@ 0x3c
1000575e:	f000 843d 	beq.w	10005fdc <__ssvfscanf_r+0x1550>
10005762:	2a00      	cmp	r2, #0
10005764:	f43f aa04 	beq.w	10004b70 <__ssvfscanf_r+0xe4>
10005768:	2020      	movs	r0, #32
1000576a:	f7fc fb51 	bl	10001e10 <__wrap_malloc>
1000576e:	4604      	mov	r4, r0
10005770:	2800      	cmp	r0, #0
10005772:	f000 840c 	beq.w	10005f8e <__ssvfscanf_r+0x1502>
10005776:	6bbb      	ldr	r3, [r7, #56]	@ 0x38
10005778:	6030      	str	r0, [r6, #0]
1000577a:	f8b3 8004 	ldrh.w	r8, [r3, #4]
1000577e:	88de      	ldrh	r6, [r3, #6]
10005780:	4546      	cmp	r6, r8
10005782:	f080 8356 	bcs.w	10005e32 <__ssvfscanf_r+0x13a6>
10005786:	6818      	ldr	r0, [r3, #0]
10005788:	6bfb      	ldr	r3, [r7, #60]	@ 0x3c
1000578a:	f840 3026 	str.w	r3, [r0, r6, lsl #2]
1000578e:	3601      	adds	r6, #1
10005790:	6bbb      	ldr	r3, [r7, #56]	@ 0x38
10005792:	80de      	strh	r6, [r3, #6]
10005794:	2320      	movs	r3, #32
10005796:	f8da 0000 	ldr.w	r0, [sl]
1000579a:	f107 0270 	add.w	r2, r7, #112	@ 0x70
1000579e:	7801      	ldrb	r1, [r0, #0]
100057a0:	5c51      	ldrb	r1, [r2, r1]
100057a2:	2900      	cmp	r1, #0
100057a4:	f43f a9e4 	beq.w	10004b70 <__ssvfscanf_r+0xe4>
100057a8:	6bf9      	ldr	r1, [r7, #60]	@ 0x3c
100057aa:	4626      	mov	r6, r4
100057ac:	f8c7 902c 	str.w	r9, [r7, #44]	@ 0x2c
100057b0:	4690      	mov	r8, r2
100057b2:	f1b1 0b00 	subs.w	fp, r1, #0
100057b6:	4699      	mov	r9, r3
100057b8:	bf18      	it	ne
100057ba:	f04f 0b01 	movne.w	fp, #1
100057be:	e007      	b.n	100057d0 <__ssvfscanf_r+0xd44>
100057c0:	f8da 0000 	ldr.w	r0, [sl]
100057c4:	7802      	ldrb	r2, [r0, #0]
100057c6:	f818 2002 	ldrb.w	r2, [r8, r2]
100057ca:	2a00      	cmp	r2, #0
100057cc:	f000 82c6 	beq.w	10005d5c <__ssvfscanf_r+0x12d0>
100057d0:	f8da 2004 	ldr.w	r2, [sl, #4]
100057d4:	1c41      	adds	r1, r0, #1
100057d6:	3a01      	subs	r2, #1
100057d8:	e9ca 1200 	strd	r1, r2, [sl]
100057dc:	7802      	ldrb	r2, [r0, #0]
100057de:	f804 2b01 	strb.w	r2, [r4], #1
100057e2:	1ba2      	subs	r2, r4, r6
100057e4:	454a      	cmp	r2, r9
100057e6:	647a      	str	r2, [r7, #68]	@ 0x44
100057e8:	d310      	bcc.n	1000580c <__ssvfscanf_r+0xd80>
100057ea:	4630      	mov	r0, r6
100057ec:	f1bb 0f00 	cmp.w	fp, #0
100057f0:	d00c      	beq.n	1000580c <__ssvfscanf_r+0xd80>
100057f2:	ea4f 0949 	mov.w	r9, r9, lsl #1
100057f6:	4649      	mov	r1, r9
100057f8:	f7fc fb1c 	bl	10001e34 <__wrap_realloc>
100057fc:	4606      	mov	r6, r0
100057fe:	2800      	cmp	r0, #0
10005800:	f000 83c5 	beq.w	10005f8e <__ssvfscanf_r+0x1502>
10005804:	6c7a      	ldr	r2, [r7, #68]	@ 0x44
10005806:	6bfb      	ldr	r3, [r7, #60]	@ 0x3c
10005808:	1884      	adds	r4, r0, r2
1000580a:	6018      	str	r0, [r3, #0]
1000580c:	3d01      	subs	r5, #1
1000580e:	f000 82a5 	beq.w	10005d5c <__ssvfscanf_r+0x12d0>
10005812:	f8da 2004 	ldr.w	r2, [sl, #4]
10005816:	2a00      	cmp	r2, #0
10005818:	dcd2      	bgt.n	100057c0 <__ssvfscanf_r+0xd34>
1000581a:	4651      	mov	r1, sl
1000581c:	6cb8      	ldr	r0, [r7, #72]	@ 0x48
1000581e:	f7ff f8c7 	bl	100049b0 <__ssrefill_r>
10005822:	2800      	cmp	r0, #0
10005824:	d0cc      	beq.n	100057c0 <__ssvfscanf_r+0xd34>
10005826:	42b4      	cmp	r4, r6
10005828:	464b      	mov	r3, r9
1000582a:	f8d7 902c 	ldr.w	r9, [r7, #44]	@ 0x2c
1000582e:	f43f a996 	beq.w	10004b5e <__ssvfscanf_r+0xd2>
10005832:	1ba6      	subs	r6, r4, r6
10005834:	e298      	b.n	10005d68 <__ssvfscanf_r+0x12dc>
10005836:	2100      	movs	r1, #0
10005838:	e458      	b.n	100050ec <__ssvfscanf_r+0x660>
1000583a:	2a00      	cmp	r2, #0
1000583c:	f040 836a 	bne.w	10005f14 <__ssvfscanf_r+0x1488>
10005840:	6afa      	ldr	r2, [r7, #44]	@ 0x2c
10005842:	f014 0480 	ands.w	r4, r4, #128	@ 0x80
10005846:	f852 3b04 	ldr.w	r3, [r2], #4
1000584a:	647b      	str	r3, [r7, #68]	@ 0x44
1000584c:	63fa      	str	r2, [r7, #60]	@ 0x3c
1000584e:	f000 83b0 	beq.w	10005fb2 <__ssvfscanf_r+0x1526>
10005852:	461c      	mov	r4, r3
10005854:	2b00      	cmp	r3, #0
10005856:	f43f a98b 	beq.w	10004b70 <__ssvfscanf_r+0xe4>
1000585a:	2020      	movs	r0, #32
1000585c:	f7fc fad8 	bl	10001e10 <__wrap_malloc>
10005860:	4606      	mov	r6, r0
10005862:	2800      	cmp	r0, #0
10005864:	f000 8393 	beq.w	10005f8e <__ssvfscanf_r+0x1502>
10005868:	6bbb      	ldr	r3, [r7, #56]	@ 0x38
1000586a:	6020      	str	r0, [r4, #0]
1000586c:	f8b3 8004 	ldrh.w	r8, [r3, #4]
10005870:	88dc      	ldrh	r4, [r3, #6]
10005872:	4544      	cmp	r4, r8
10005874:	f080 8298 	bcs.w	10005da8 <__ssvfscanf_r+0x131c>
10005878:	6818      	ldr	r0, [r3, #0]
1000587a:	6c7b      	ldr	r3, [r7, #68]	@ 0x44
1000587c:	f04f 0b01 	mov.w	fp, #1
10005880:	f840 3024 	str.w	r3, [r0, r4, lsl #2]
10005884:	3401      	adds	r4, #1
10005886:	6bbb      	ldr	r3, [r7, #56]	@ 0x38
10005888:	80dc      	strh	r4, [r3, #6]
1000588a:	2320      	movs	r3, #32
1000588c:	f8da 0000 	ldr.w	r0, [sl]
10005890:	f8df 8174 	ldr.w	r8, [pc, #372]	@ 10005a08 <__ssvfscanf_r+0xf7c>
10005894:	7801      	ldrb	r1, [r0, #0]
10005896:	f818 1001 	ldrb.w	r1, [r8, r1]
1000589a:	0709      	lsls	r1, r1, #28
1000589c:	f100 8299 	bmi.w	10005dd2 <__ssvfscanf_r+0x1346>
100058a0:	4642      	mov	r2, r8
100058a2:	4634      	mov	r4, r6
100058a4:	4631      	mov	r1, r6
100058a6:	4698      	mov	r8, r3
100058a8:	462e      	mov	r6, r5
100058aa:	464b      	mov	r3, r9
100058ac:	4691      	mov	r9, r2
100058ae:	f8da 2004 	ldr.w	r2, [sl, #4]
100058b2:	460d      	mov	r5, r1
100058b4:	3a01      	subs	r2, #1
100058b6:	f8ca 2004 	str.w	r2, [sl, #4]
100058ba:	1c42      	adds	r2, r0, #1
100058bc:	f8ca 2000 	str.w	r2, [sl]
100058c0:	7802      	ldrb	r2, [r0, #0]
100058c2:	f805 2b01 	strb.w	r2, [r5], #1
100058c6:	1b2a      	subs	r2, r5, r4
100058c8:	4542      	cmp	r2, r8
100058ca:	633a      	str	r2, [r7, #48]	@ 0x30
100058cc:	d312      	bcc.n	100058f4 <__ssvfscanf_r+0xe68>
100058ce:	4620      	mov	r0, r4
100058d0:	f1bb 0f00 	cmp.w	fp, #0
100058d4:	d00e      	beq.n	100058f4 <__ssvfscanf_r+0xe68>
100058d6:	ea4f 0848 	mov.w	r8, r8, lsl #1
100058da:	62fb      	str	r3, [r7, #44]	@ 0x2c
100058dc:	4641      	mov	r1, r8
100058de:	f7fc faa9 	bl	10001e34 <__wrap_realloc>
100058e2:	4604      	mov	r4, r0
100058e4:	2800      	cmp	r0, #0
100058e6:	f000 8352 	beq.w	10005f8e <__ssvfscanf_r+0x1502>
100058ea:	6c7b      	ldr	r3, [r7, #68]	@ 0x44
100058ec:	6b3a      	ldr	r2, [r7, #48]	@ 0x30
100058ee:	6018      	str	r0, [r3, #0]
100058f0:	1885      	adds	r5, r0, r2
100058f2:	6afb      	ldr	r3, [r7, #44]	@ 0x2c
100058f4:	3e01      	subs	r6, #1
100058f6:	d00c      	beq.n	10005912 <__ssvfscanf_r+0xe86>
100058f8:	f8da 2004 	ldr.w	r2, [sl, #4]
100058fc:	2a00      	cmp	r2, #0
100058fe:	f340 83a7 	ble.w	10006050 <__ssvfscanf_r+0x15c4>
10005902:	f8da 0000 	ldr.w	r0, [sl]
10005906:	4629      	mov	r1, r5
10005908:	7802      	ldrb	r2, [r0, #0]
1000590a:	f819 2002 	ldrb.w	r2, [r9, r2]
1000590e:	0712      	lsls	r2, r2, #28
10005910:	d5cd      	bpl.n	100058ae <__ssvfscanf_r+0xe22>
10005912:	4699      	mov	r9, r3
10005914:	1b29      	subs	r1, r5, r4
10005916:	4643      	mov	r3, r8
10005918:	462e      	mov	r6, r5
1000591a:	4489      	add	r9, r1
1000591c:	3101      	adds	r1, #1
1000591e:	2000      	movs	r0, #0
10005920:	428b      	cmp	r3, r1
10005922:	7030      	strb	r0, [r6, #0]
10005924:	d908      	bls.n	10005938 <__ssvfscanf_r+0xeac>
10005926:	f1bb 0f00 	cmp.w	fp, #0
1000592a:	d005      	beq.n	10005938 <__ssvfscanf_r+0xeac>
1000592c:	6c7c      	ldr	r4, [r7, #68]	@ 0x44
1000592e:	6820      	ldr	r0, [r4, #0]
10005930:	f7fc fa80 	bl	10001e34 <__wrap_realloc>
10005934:	b100      	cbz	r0, 10005938 <__ssvfscanf_r+0xeac>
10005936:	6020      	str	r0, [r4, #0]
10005938:	6c3b      	ldr	r3, [r7, #64]	@ 0x40
1000593a:	3301      	adds	r3, #1
1000593c:	643b      	str	r3, [r7, #64]	@ 0x40
1000593e:	6bfb      	ldr	r3, [r7, #60]	@ 0x3c
10005940:	62fb      	str	r3, [r7, #44]	@ 0x2c
10005942:	f7ff b8ca 	b.w	10004ada <__ssvfscanf_r+0x4e>
10005946:	f018 0310 	ands.w	r3, r8, #16
1000594a:	f47f a8c6 	bne.w	10004ada <__ssvfscanf_r+0x4e>
1000594e:	7023      	strb	r3, [r4, #0]
10005950:	f408 63c0 	and.w	r3, r8, #1536	@ 0x600
10005954:	f5b3 6f80 	cmp.w	r3, #1024	@ 0x400
10005958:	f47f ab9e 	bne.w	10005098 <__ssvfscanf_r+0x60c>
1000595c:	69bb      	ldr	r3, [r7, #24]
1000595e:	6b3a      	ldr	r2, [r7, #48]	@ 0x30
10005960:	4293      	cmp	r3, r2
10005962:	f43f ab9d 	beq.w	100050a0 <__ssvfscanf_r+0x614>
10005966:	1a9a      	subs	r2, r3, r2
10005968:	f207 23c3 	addw	r3, r7, #707	@ 0x2c3
1000596c:	4927      	ldr	r1, [pc, #156]	@ (10005a0c <__ssvfscanf_r+0xf80>)
1000596e:	429c      	cmp	r4, r3
10005970:	bf28      	it	cs
10005972:	f207 24c2 	addwcs	r4, r7, #706	@ 0x2c2
10005976:	4620      	mov	r0, r4
10005978:	f7fd fd38 	bl	100033ec <__wrap_sprintf>
1000597c:	f7ff bb90 	b.w	100050a0 <__ssvfscanf_r+0x614>
10005980:	f014 0f8f 	tst.w	r4, #143	@ 0x8f
10005984:	f47f a8f4 	bne.w	10004b70 <__ssvfscanf_r+0xe4>
10005988:	eb05 0585 	add.w	r5, r5, r5, lsl #2
1000598c:	eb01 0545 	add.w	r5, r1, r5, lsl #1
10005990:	7871      	ldrb	r1, [r6, #1]
10005992:	465e      	mov	r6, fp
10005994:	3d30      	subs	r5, #48	@ 0x30
10005996:	f7ff b918 	b.w	10004bca <__ssvfscanf_r+0x13e>
1000599a:	2604      	movs	r6, #4
1000599c:	f7ff ba53 	b.w	10004e46 <__ssvfscanf_r+0x3ba>
100059a0:	6bfb      	ldr	r3, [r7, #60]	@ 0x3c
100059a2:	6c79      	ldr	r1, [r7, #68]	@ 0x44
100059a4:	185b      	adds	r3, r3, r1
100059a6:	f47f adc0 	bne.w	1000552a <__ssvfscanf_r+0xa9e>
100059aa:	f7ff bb31 	b.w	10005010 <__ssvfscanf_r+0x584>
100059ae:	6bfb      	ldr	r3, [r7, #60]	@ 0x3c
100059b0:	6c79      	ldr	r1, [r7, #68]	@ 0x44
100059b2:	185b      	adds	r3, r3, r1
100059b4:	f47f ade7 	bne.w	10005586 <__ssvfscanf_r+0xafa>
100059b8:	f7ff bb2a 	b.w	10005010 <__ssvfscanf_r+0x584>
100059bc:	f444 7400 	orr.w	r4, r4, #512	@ 0x200
100059c0:	4b13      	ldr	r3, [pc, #76]	@ (10005a10 <__ssvfscanf_r+0xf84>)
100059c2:	2603      	movs	r6, #3
100059c4:	62bb      	str	r3, [r7, #40]	@ 0x28
100059c6:	2310      	movs	r3, #16
100059c8:	637b      	str	r3, [r7, #52]	@ 0x34
100059ca:	f7ff ba3c 	b.w	10004e46 <__ssvfscanf_r+0x3ba>
100059ce:	f424 64b0 	bic.w	r4, r4, #1408	@ 0x580
100059d2:	f7ff bbf2 	b.w	100051ba <__ssvfscanf_r+0x72e>
100059d6:	0721      	lsls	r1, r4, #28
100059d8:	f140 824c 	bpl.w	10005e74 <__ssvfscanf_r+0x13e8>
100059dc:	6afb      	ldr	r3, [r7, #44]	@ 0x2c
100059de:	681b      	ldr	r3, [r3, #0]
100059e0:	7018      	strb	r0, [r3, #0]
100059e2:	e418      	b.n	10005216 <__ssvfscanf_r+0x78a>
100059e4:	6c7b      	ldr	r3, [r7, #68]	@ 0x44
100059e6:	2b03      	cmp	r3, #3
100059e8:	f43f ad96 	beq.w	10005518 <__ssvfscanf_r+0xa8c>
100059ec:	2b05      	cmp	r3, #5
100059ee:	f43f ad93 	beq.w	10005518 <__ssvfscanf_r+0xa8c>
100059f2:	f7ff bb26 	b.w	10005042 <__ssvfscanf_r+0x5b6>
100059f6:	6bfb      	ldr	r3, [r7, #60]	@ 0x3c
100059f8:	2b02      	cmp	r3, #2
100059fa:	f47f ad87 	bne.w	1000550c <__ssvfscanf_r+0xa80>
100059fe:	2303      	movs	r3, #3
10005a00:	63fb      	str	r3, [r7, #60]	@ 0x3c
10005a02:	f7ff bb09 	b.w	10005018 <__ssvfscanf_r+0x58c>
10005a06:	bf00      	nop
10005a08:	10009559 	.word	0x10009559
10005a0c:	100092d4 	.word	0x100092d4
10005a10:	10007685 	.word	0x10007685
10005a14:	f816 1c01 	ldrb.w	r1, [r6, #-1]
10005a18:	4652      	mov	r2, sl
10005a1a:	6cb8      	ldr	r0, [r7, #72]	@ 0x48
10005a1c:	3e01      	subs	r6, #1
10005a1e:	f7fe ff89 	bl	10004934 <_sungetc_r>
10005a22:	f7ff bbe4 	b.w	100051ee <__ssvfscanf_r+0x762>
10005a26:	f8c7 b024 	str.w	fp, [r7, #36]	@ 0x24
10005a2a:	f8c7 8020 	str.w	r8, [r7, #32]
10005a2e:	46a8      	mov	r8, r5
10005a30:	f8d7 b01c 	ldr.w	fp, [r7, #28]
10005a34:	461d      	mov	r5, r3
10005a36:	f8c7 e030 	str.w	lr, [r7, #48]	@ 0x30
10005a3a:	f8c7 c03c 	str.w	ip, [r7, #60]	@ 0x3c
10005a3e:	647a      	str	r2, [r7, #68]	@ 0x44
10005a40:	f001 fedc 	bl	100077fc <__locale_mb_cur_max>
10005a44:	42b0      	cmp	r0, r6
10005a46:	f43f a88a 	beq.w	10004b5e <__ssvfscanf_r+0xd2>
10005a4a:	f1bb 0f03 	cmp.w	fp, #3
10005a4e:	f107 0468 	add.w	r4, r7, #104	@ 0x68
10005a52:	e9da 3200 	ldrd	r3, r2, [sl]
10005a56:	f102 32ff 	add.w	r2, r2, #4294967295	@ 0xffffffff
10005a5a:	f813 1b01 	ldrb.w	r1, [r3], #1
10005a5e:	f8ca 2004 	str.w	r2, [sl, #4]
10005a62:	f507 72b8 	add.w	r2, r7, #368	@ 0x170
10005a66:	f8ca 3000 	str.w	r3, [sl]
10005a6a:	5591      	strb	r1, [r2, r6]
10005a6c:	f106 0601 	add.w	r6, r6, #1
10005a70:	d102      	bne.n	10005a78 <__ssvfscanf_r+0xfec>
10005a72:	6823      	ldr	r3, [r4, #0]
10005a74:	2b04      	cmp	r3, #4
10005a76:	d004      	beq.n	10005a82 <__ssvfscanf_r+0xff6>
10005a78:	2208      	movs	r2, #8
10005a7a:	2100      	movs	r1, #0
10005a7c:	4620      	mov	r0, r4
10005a7e:	f7fe fc03 	bl	10004288 <memset>
10005a82:	9400      	str	r4, [sp, #0]
10005a84:	4633      	mov	r3, r6
10005a86:	f507 72b8 	add.w	r2, r7, #368	@ 0x170
10005a8a:	4629      	mov	r1, r5
10005a8c:	6cb8      	ldr	r0, [r7, #72]	@ 0x48
10005a8e:	f002 f83d 	bl	10007b0c <_mbrtowc_r>
10005a92:	f1b0 3fff 	cmp.w	r0, #4294967295	@ 0xffffffff
10005a96:	4683      	mov	fp, r0
10005a98:	f43f a861 	beq.w	10004b5e <__ssvfscanf_r+0xd2>
10005a9c:	2800      	cmp	r0, #0
10005a9e:	f000 8211 	beq.w	10005ec4 <__ssvfscanf_r+0x1438>
10005aa2:	f110 0f02 	cmn.w	r0, #2
10005aa6:	d02c      	beq.n	10005b02 <__ssvfscanf_r+0x1076>
10005aa8:	6828      	ldr	r0, [r5, #0]
10005aaa:	f002 f859 	bl	10007b60 <iswspace>
10005aae:	2800      	cmp	r0, #0
10005ab0:	f040 836b 	bne.w	1000618a <__ssvfscanf_r+0x16fe>
10005ab4:	f1bb 0f03 	cmp.w	fp, #3
10005ab8:	44b1      	add	r9, r6
10005aba:	d102      	bne.n	10005ac2 <__ssvfscanf_r+0x1036>
10005abc:	6823      	ldr	r3, [r4, #0]
10005abe:	2b04      	cmp	r3, #4
10005ac0:	d001      	beq.n	10005ac6 <__ssvfscanf_r+0x103a>
10005ac2:	f108 38ff 	add.w	r8, r8, #4294967295	@ 0xffffffff
10005ac6:	6c7e      	ldr	r6, [r7, #68]	@ 0x44
10005ac8:	2e00      	cmp	r6, #0
10005aca:	f040 8270 	bne.w	10005fae <__ssvfscanf_r+0x1522>
10005ace:	3504      	adds	r5, #4
10005ad0:	6b38      	ldr	r0, [r7, #48]	@ 0x30
10005ad2:	6bfb      	ldr	r3, [r7, #60]	@ 0x3c
10005ad4:	1a2c      	subs	r4, r5, r0
10005ad6:	ebb3 0fa4 	cmp.w	r3, r4, asr #2
10005ada:	f200 8268 	bhi.w	10005fae <__ssvfscanf_r+0x1522>
10005ade:	6a7a      	ldr	r2, [r7, #36]	@ 0x24
10005ae0:	2a00      	cmp	r2, #0
10005ae2:	f000 8264 	beq.w	10005fae <__ssvfscanf_r+0x1522>
10005ae6:	00d9      	lsls	r1, r3, #3
10005ae8:	f7fc f9a4 	bl	10001e34 <__wrap_realloc>
10005aec:	4601      	mov	r1, r0
10005aee:	6338      	str	r0, [r7, #48]	@ 0x30
10005af0:	2800      	cmp	r0, #0
10005af2:	f000 8345 	beq.w	10006180 <__ssvfscanf_r+0x16f4>
10005af6:	6bfb      	ldr	r3, [r7, #60]	@ 0x3c
10005af8:	1905      	adds	r5, r0, r4
10005afa:	0058      	lsls	r0, r3, #1
10005afc:	6a7b      	ldr	r3, [r7, #36]	@ 0x24
10005afe:	63f8      	str	r0, [r7, #60]	@ 0x3c
10005b00:	6019      	str	r1, [r3, #0]
10005b02:	f8da 3004 	ldr.w	r3, [sl, #4]
10005b06:	2b00      	cmp	r3, #0
10005b08:	f340 82b0 	ble.w	1000606c <__ssvfscanf_r+0x15e0>
10005b0c:	f8da 3000 	ldr.w	r3, [sl]
10005b10:	6a3a      	ldr	r2, [r7, #32]
10005b12:	781b      	ldrb	r3, [r3, #0]
10005b14:	5cd3      	ldrb	r3, [r2, r3]
10005b16:	071b      	lsls	r3, r3, #28
10005b18:	d402      	bmi.n	10005b20 <__ssvfscanf_r+0x1094>
10005b1a:	f1b8 0f00 	cmp.w	r8, #0
10005b1e:	d18f      	bne.n	10005a40 <__ssvfscanf_r+0xfb4>
10005b20:	f8c7 b01c 	str.w	fp, [r7, #28]
10005b24:	462b      	mov	r3, r5
10005b26:	f8d7 b024 	ldr.w	fp, [r7, #36]	@ 0x24
10005b2a:	f8d7 e030 	ldr.w	lr, [r7, #48]	@ 0x30
10005b2e:	f8d7 c03c 	ldr.w	ip, [r7, #60]	@ 0x3c
10005b32:	6c7a      	ldr	r2, [r7, #68]	@ 0x44
10005b34:	f7ff bbb5 	b.w	100052a2 <__ssvfscanf_r+0x816>
10005b38:	4652      	mov	r2, sl
10005b3a:	6cb8      	ldr	r0, [r7, #72]	@ 0x48
10005b3c:	f7fe fefa 	bl	10004934 <_sungetc_r>
10005b40:	f1a9 0902 	sub.w	r9, r9, #2
10005b44:	1ea5      	subs	r5, r4, #2
10005b46:	f814 1c02 	ldrb.w	r1, [r4, #-2]
10005b4a:	f7ff ba9c 	b.w	10005086 <__ssvfscanf_r+0x5fa>
10005b4e:	f014 038f 	ands.w	r3, r4, #143	@ 0x8f
10005b52:	f47f a80d 	bne.w	10004b70 <__ssvfscanf_r+0xe4>
10005b56:	6bb9      	ldr	r1, [r7, #56]	@ 0x38
10005b58:	2900      	cmp	r1, #0
10005b5a:	f000 822f 	beq.w	10005fbc <__ssvfscanf_r+0x1530>
10005b5e:	7871      	ldrb	r1, [r6, #1]
10005b60:	f044 0480 	orr.w	r4, r4, #128	@ 0x80
10005b64:	465e      	mov	r6, fp
10005b66:	f7ff b830 	b.w	10004bca <__ssvfscanf_r+0x13e>
10005b6a:	06e0      	lsls	r0, r4, #27
10005b6c:	f100 8118 	bmi.w	10005da0 <__ssvfscanf_r+0x1314>
10005b70:	6afb      	ldr	r3, [r7, #44]	@ 0x2c
10005b72:	0721      	lsls	r1, r4, #28
10005b74:	f853 2b04 	ldr.w	r2, [r3], #4
10005b78:	f140 81ba 	bpl.w	10005ef0 <__ssvfscanf_r+0x1464>
10005b7c:	f882 9000 	strb.w	r9, [r2]
10005b80:	62fb      	str	r3, [r7, #44]	@ 0x2c
10005b82:	f8c7 b04c 	str.w	fp, [r7, #76]	@ 0x4c
10005b86:	f7fe bfa8 	b.w	10004ada <__ssvfscanf_r+0x4e>
10005b8a:	0721      	lsls	r1, r4, #28
10005b8c:	f47e aff0 	bne.w	10004b70 <__ssvfscanf_r+0xe4>
10005b90:	7871      	ldrb	r1, [r6, #1]
10005b92:	296c      	cmp	r1, #108	@ 0x6c
10005b94:	f000 8162 	beq.w	10005e5c <__ssvfscanf_r+0x13d0>
10005b98:	f044 0401 	orr.w	r4, r4, #1
10005b9c:	465e      	mov	r6, fp
10005b9e:	f7ff b814 	b.w	10004bca <__ssvfscanf_r+0x13e>
10005ba2:	0723      	lsls	r3, r4, #28
10005ba4:	f47e afe4 	bne.w	10004b70 <__ssvfscanf_r+0xe4>
10005ba8:	7871      	ldrb	r1, [r6, #1]
10005baa:	2968      	cmp	r1, #104	@ 0x68
10005bac:	f000 815c 	beq.w	10005e68 <__ssvfscanf_r+0x13dc>
10005bb0:	f044 0404 	orr.w	r4, r4, #4
10005bb4:	465e      	mov	r6, fp
10005bb6:	f7ff b808 	b.w	10004bca <__ssvfscanf_r+0x13e>
10005bba:	4659      	mov	r1, fp
10005bbc:	f107 0070 	add.w	r0, r7, #112	@ 0x70
10005bc0:	f000 fc14 	bl	100063ec <__sccl>
10005bc4:	f044 0440 	orr.w	r4, r4, #64	@ 0x40
10005bc8:	2601      	movs	r6, #1
10005bca:	64f8      	str	r0, [r7, #76]	@ 0x4c
10005bcc:	e517      	b.n	100055fe <__ssvfscanf_r+0xb72>
10005bce:	4325      	orrs	r5, r4
10005bd0:	f47e afce 	bne.w	10004b70 <__ssvfscanf_r+0xe4>
10005bd4:	7871      	ldrb	r1, [r6, #1]
10005bd6:	2410      	movs	r4, #16
10005bd8:	465e      	mov	r6, fp
10005bda:	f7fe bff6 	b.w	10004bca <__ssvfscanf_r+0x13e>
10005bde:	4bc2      	ldr	r3, [pc, #776]	@ (10005ee8 <__ssvfscanf_r+0x145c>)
10005be0:	2603      	movs	r6, #3
10005be2:	62bb      	str	r3, [r7, #40]	@ 0x28
10005be4:	230a      	movs	r3, #10
10005be6:	637b      	str	r3, [r7, #52]	@ 0x34
10005be8:	f7ff b92d 	b.w	10004e46 <__ssvfscanf_r+0x3ba>
10005bec:	f444 7408 	orr.w	r4, r4, #544	@ 0x220
10005bf0:	e6e6      	b.n	100059c0 <__ssvfscanf_r+0xf34>
10005bf2:	f8c7 b04c 	str.w	fp, [r7, #76]	@ 0x4c
10005bf6:	f7fe bf8a 	b.w	10004b0e <__ssvfscanf_r+0x82>
10005bfa:	4bbc      	ldr	r3, [pc, #752]	@ (10005eec <__ssvfscanf_r+0x1460>)
10005bfc:	2603      	movs	r6, #3
10005bfe:	f8c7 b04c 	str.w	fp, [r7, #76]	@ 0x4c
10005c02:	62bb      	str	r3, [r7, #40]	@ 0x28
10005c04:	2300      	movs	r3, #0
10005c06:	637b      	str	r3, [r7, #52]	@ 0x34
10005c08:	e4f9      	b.n	100055fe <__ssvfscanf_r+0xb72>
10005c0a:	f8da 3000 	ldr.w	r3, [sl]
10005c0e:	f107 0270 	add.w	r2, r7, #112	@ 0x70
10005c12:	7819      	ldrb	r1, [r3, #0]
10005c14:	5c51      	ldrb	r1, [r2, r1]
10005c16:	2900      	cmp	r1, #0
10005c18:	f43e afaa 	beq.w	10004b70 <__ssvfscanf_r+0xe4>
10005c1c:	3301      	adds	r3, #1
10005c1e:	2d01      	cmp	r5, #1
10005c20:	f8ca 3000 	str.w	r3, [sl]
10005c24:	f8da 3004 	ldr.w	r3, [sl, #4]
10005c28:	f103 33ff 	add.w	r3, r3, #4294967295	@ 0xffffffff
10005c2c:	f8ca 3004 	str.w	r3, [sl, #4]
10005c30:	f43f aaf8 	beq.w	10005224 <__ssvfscanf_r+0x798>
10005c34:	6cbc      	ldr	r4, [r7, #72]	@ 0x48
10005c36:	4690      	mov	r8, r2
10005c38:	e014      	b.n	10005c64 <__ssvfscanf_r+0x11d8>
10005c3a:	f8da 3000 	ldr.w	r3, [sl]
10005c3e:	781a      	ldrb	r2, [r3, #0]
10005c40:	3301      	adds	r3, #1
10005c42:	f818 2002 	ldrb.w	r2, [r8, r2]
10005c46:	2a00      	cmp	r2, #0
10005c48:	f43f aaec 	beq.w	10005224 <__ssvfscanf_r+0x798>
10005c4c:	3601      	adds	r6, #1
10005c4e:	f8ca 3000 	str.w	r3, [sl]
10005c52:	f8da 3004 	ldr.w	r3, [sl, #4]
10005c56:	42b5      	cmp	r5, r6
10005c58:	f103 33ff 	add.w	r3, r3, #4294967295	@ 0xffffffff
10005c5c:	f8ca 3004 	str.w	r3, [sl, #4]
10005c60:	f43f aae0 	beq.w	10005224 <__ssvfscanf_r+0x798>
10005c64:	2b00      	cmp	r3, #0
10005c66:	dce8      	bgt.n	10005c3a <__ssvfscanf_r+0x11ae>
10005c68:	4651      	mov	r1, sl
10005c6a:	4620      	mov	r0, r4
10005c6c:	f7fe fea0 	bl	100049b0 <__ssrefill_r>
10005c70:	2800      	cmp	r0, #0
10005c72:	d0e2      	beq.n	10005c3a <__ssvfscanf_r+0x11ae>
10005c74:	44b1      	add	r9, r6
10005c76:	f7fe bf30 	b.w	10004ada <__ssvfscanf_r+0x4e>
10005c7a:	f04f 0c00 	mov.w	ip, #0
10005c7e:	f107 0354 	add.w	r3, r7, #84	@ 0x54
10005c82:	46e6      	mov	lr, ip
10005c84:	46e3      	mov	fp, ip
10005c86:	f7ff bb01 	b.w	1000528c <__ssvfscanf_r+0x800>
10005c8a:	2300      	movs	r3, #0
10005c8c:	f107 0254 	add.w	r2, r7, #84	@ 0x54
10005c90:	627b      	str	r3, [r7, #36]	@ 0x24
10005c92:	4690      	mov	r8, r2
10005c94:	62fb      	str	r3, [r7, #44]	@ 0x2c
10005c96:	623b      	str	r3, [r7, #32]
10005c98:	f7ff bb47 	b.w	1000532a <__ssvfscanf_r+0x89e>
10005c9c:	1c83      	adds	r3, r0, #2
10005c9e:	d00d      	beq.n	10005cbc <__ssvfscanf_r+0x1230>
10005ca0:	f8d8 3000 	ldr.w	r3, [r8]
10005ca4:	1c5d      	adds	r5, r3, #1
10005ca6:	f47f ab7a 	bne.w	1000539e <__ssvfscanf_r+0x912>
10005caa:	f7ff bb90 	b.w	100053ce <__ssvfscanf_r+0x942>
10005cae:	f8d9 3000 	ldr.w	r3, [r9]
10005cb2:	2b04      	cmp	r3, #4
10005cb4:	f47f ab95 	bne.w	100053e2 <__ssvfscanf_r+0x956>
10005cb8:	f7ff bb96 	b.w	100053e8 <__ssvfscanf_r+0x95c>
10005cbc:	f8da 3004 	ldr.w	r3, [sl, #4]
10005cc0:	2b00      	cmp	r3, #0
10005cc2:	f73f ab38 	bgt.w	10005336 <__ssvfscanf_r+0x8aa>
10005cc6:	4651      	mov	r1, sl
10005cc8:	6cb8      	ldr	r0, [r7, #72]	@ 0x48
10005cca:	f7fe fe71 	bl	100049b0 <__ssrefill_r>
10005cce:	2800      	cmp	r0, #0
10005cd0:	f43f abaa 	beq.w	10005428 <__ssvfscanf_r+0x99c>
10005cd4:	46d9      	mov	r9, fp
10005cd6:	61fe      	str	r6, [r7, #28]
10005cd8:	f8d7 b018 	ldr.w	fp, [r7, #24]
10005cdc:	2c00      	cmp	r4, #0
10005cde:	f43f abaa 	beq.w	10005436 <__ssvfscanf_r+0x9aa>
10005ce2:	f7fe bf3c 	b.w	10004b5e <__ssvfscanf_r+0xd2>
10005ce6:	68bc      	ldr	r4, [r7, #8]
10005ce8:	4632      	mov	r2, r6
10005cea:	6a39      	ldr	r1, [r7, #32]
10005cec:	4620      	mov	r0, r4
10005cee:	f8c7 8018 	str.w	r8, [r7, #24]
10005cf2:	46d0      	mov	r8, sl
10005cf4:	46aa      	mov	sl, r5
10005cf6:	687d      	ldr	r5, [r7, #4]
10005cf8:	f001 fd40 	bl	1000777c <stpncpy>
10005cfc:	69bb      	ldr	r3, [r7, #24]
10005cfe:	f428 7820 	bic.w	r8, r8, #640	@ 0x280
10005d02:	3d01      	subs	r5, #1
10005d04:	4604      	mov	r4, r0
10005d06:	4699      	mov	r9, r3
10005d08:	6b3b      	ldr	r3, [r7, #48]	@ 0x30
10005d0a:	61bb      	str	r3, [r7, #24]
10005d0c:	f7ff b987 	b.w	1000501e <__ssvfscanf_r+0x592>
10005d10:	f04f 0c00 	mov.w	ip, #0
10005d14:	f7ff b8c4 	b.w	10004ea0 <__ssvfscanf_r+0x414>
10005d18:	46c2      	mov	sl, r8
10005d1a:	f7fe bf20 	b.w	10004b5e <__ssvfscanf_r+0xd2>
10005d1e:	6c7b      	ldr	r3, [r7, #68]	@ 0x44
10005d20:	2b02      	cmp	r3, #2
10005d22:	f240 827c 	bls.w	1000621e <__ssvfscanf_r+0x1792>
10005d26:	2b03      	cmp	r3, #3
10005d28:	f43f a99b 	beq.w	10005062 <__ssvfscanf_r+0x5d6>
10005d2c:	6c7b      	ldr	r3, [r7, #68]	@ 0x44
10005d2e:	1f1e      	subs	r6, r3, #4
10005d30:	b2f6      	uxtb	r6, r6
10005d32:	43f5      	mvns	r5, r6
10005d34:	647e      	str	r6, [r7, #68]	@ 0x44
10005d36:	4626      	mov	r6, r4
10005d38:	4425      	add	r5, r4
10005d3a:	6cbc      	ldr	r4, [r7, #72]	@ 0x48
10005d3c:	f816 1d01 	ldrb.w	r1, [r6, #-1]!
10005d40:	4652      	mov	r2, sl
10005d42:	4620      	mov	r0, r4
10005d44:	f7fe fdf6 	bl	10004934 <_sungetc_r>
10005d48:	42ae      	cmp	r6, r5
10005d4a:	d1f7      	bne.n	10005d3c <__ssvfscanf_r+0x12b0>
10005d4c:	4634      	mov	r4, r6
10005d4e:	f109 39ff 	add.w	r9, r9, #4294967295	@ 0xffffffff
10005d52:	6c7e      	ldr	r6, [r7, #68]	@ 0x44
10005d54:	eba9 0906 	sub.w	r9, r9, r6
10005d58:	f7ff b983 	b.w	10005062 <__ssvfscanf_r+0x5d6>
10005d5c:	1ba6      	subs	r6, r4, r6
10005d5e:	464b      	mov	r3, r9
10005d60:	f8d7 902c 	ldr.w	r9, [r7, #44]	@ 0x2c
10005d64:	f43e af04 	beq.w	10004b70 <__ssvfscanf_r+0xe4>
10005d68:	1c71      	adds	r1, r6, #1
10005d6a:	2200      	movs	r2, #0
10005d6c:	428b      	cmp	r3, r1
10005d6e:	7022      	strb	r2, [r4, #0]
10005d70:	d903      	bls.n	10005d7a <__ssvfscanf_r+0x12ee>
10005d72:	f1bb 0f00 	cmp.w	fp, #0
10005d76:	f040 80ad 	bne.w	10005ed4 <__ssvfscanf_r+0x1448>
10005d7a:	44b1      	add	r9, r6
10005d7c:	6c3b      	ldr	r3, [r7, #64]	@ 0x40
10005d7e:	3301      	adds	r3, #1
10005d80:	643b      	str	r3, [r7, #64]	@ 0x40
10005d82:	6b3b      	ldr	r3, [r7, #48]	@ 0x30
10005d84:	62fb      	str	r3, [r7, #44]	@ 0x2c
10005d86:	f7fe bea8 	b.w	10004ada <__ssvfscanf_r+0x4e>
10005d8a:	6afb      	ldr	r3, [r7, #44]	@ 0x2c
10005d8c:	f018 0f02 	tst.w	r8, #2
10005d90:	f8d3 b000 	ldr.w	fp, [r3]
10005d94:	f000 8089 	beq.w	10005eaa <__ssvfscanf_r+0x141e>
10005d98:	e9cb 5600 	strd	r5, r6, [fp]
10005d9c:	f7ff b992 	b.w	100050c4 <__ssvfscanf_r+0x638>
10005da0:	f8c7 b04c 	str.w	fp, [r7, #76]	@ 0x4c
10005da4:	f7fe be99 	b.w	10004ada <__ssvfscanf_r+0x4e>
10005da8:	f64f 71f6 	movw	r1, #65526	@ 0xfff6
10005dac:	4588      	cmp	r8, r1
10005dae:	f63f a81a 	bhi.w	10004de6 <__ssvfscanf_r+0x35a>
10005db2:	f108 0808 	add.w	r8, r8, #8
10005db6:	6bbb      	ldr	r3, [r7, #56]	@ 0x38
10005db8:	ea4f 0188 	mov.w	r1, r8, lsl #2
10005dbc:	6818      	ldr	r0, [r3, #0]
10005dbe:	f7fc f839 	bl	10001e34 <__wrap_realloc>
10005dc2:	2800      	cmp	r0, #0
10005dc4:	f43f a80f 	beq.w	10004de6 <__ssvfscanf_r+0x35a>
10005dc8:	6bbb      	ldr	r3, [r7, #56]	@ 0x38
10005dca:	f8a3 8004 	strh.w	r8, [r3, #4]
10005dce:	6018      	str	r0, [r3, #0]
10005dd0:	e553      	b.n	1000587a <__ssvfscanf_r+0xdee>
10005dd2:	2101      	movs	r1, #1
10005dd4:	e5a3      	b.n	1000591e <__ssvfscanf_r+0xe92>
10005dd6:	f64f 71f6 	movw	r1, #65526	@ 0xfff6
10005dda:	63fa      	str	r2, [r7, #60]	@ 0x3c
10005ddc:	6478      	str	r0, [r7, #68]	@ 0x44
10005dde:	4588      	cmp	r8, r1
10005de0:	f200 81ce 	bhi.w	10006180 <__ssvfscanf_r+0x16f4>
10005de4:	f108 0808 	add.w	r8, r8, #8
10005de8:	6bbb      	ldr	r3, [r7, #56]	@ 0x38
10005dea:	ea4f 0188 	mov.w	r1, r8, lsl #2
10005dee:	6818      	ldr	r0, [r3, #0]
10005df0:	f7fc f820 	bl	10001e34 <__wrap_realloc>
10005df4:	2800      	cmp	r0, #0
10005df6:	f000 81c3 	beq.w	10006180 <__ssvfscanf_r+0x16f4>
10005dfa:	6bbb      	ldr	r3, [r7, #56]	@ 0x38
10005dfc:	6bfa      	ldr	r2, [r7, #60]	@ 0x3c
10005dfe:	f8a3 8004 	strh.w	r8, [r3, #4]
10005e02:	6018      	str	r0, [r3, #0]
10005e04:	6c7b      	ldr	r3, [r7, #68]	@ 0x44
10005e06:	f7ff ba38 	b.w	1000527a <__ssvfscanf_r+0x7ee>
10005e0a:	f64f 73f6 	movw	r3, #65526	@ 0xfff6
10005e0e:	429a      	cmp	r2, r3
10005e10:	f200 81b6 	bhi.w	10006180 <__ssvfscanf_r+0x16f4>
10005e14:	f102 0608 	add.w	r6, r2, #8
10005e18:	6bbb      	ldr	r3, [r7, #56]	@ 0x38
10005e1a:	00b1      	lsls	r1, r6, #2
10005e1c:	6818      	ldr	r0, [r3, #0]
10005e1e:	f7fc f809 	bl	10001e34 <__wrap_realloc>
10005e22:	2800      	cmp	r0, #0
10005e24:	f000 81ac 	beq.w	10006180 <__ssvfscanf_r+0x16f4>
10005e28:	6bbb      	ldr	r3, [r7, #56]	@ 0x38
10005e2a:	809e      	strh	r6, [r3, #4]
10005e2c:	6018      	str	r0, [r3, #0]
10005e2e:	f7ff ba72 	b.w	10005316 <__ssvfscanf_r+0x88a>
10005e32:	f64f 73f6 	movw	r3, #65526	@ 0xfff6
10005e36:	4598      	cmp	r8, r3
10005e38:	f63e afd5 	bhi.w	10004de6 <__ssvfscanf_r+0x35a>
10005e3c:	f108 0808 	add.w	r8, r8, #8
10005e40:	6bbb      	ldr	r3, [r7, #56]	@ 0x38
10005e42:	ea4f 0188 	mov.w	r1, r8, lsl #2
10005e46:	6818      	ldr	r0, [r3, #0]
10005e48:	f7fb fff4 	bl	10001e34 <__wrap_realloc>
10005e4c:	2800      	cmp	r0, #0
10005e4e:	f43e afca 	beq.w	10004de6 <__ssvfscanf_r+0x35a>
10005e52:	6bbb      	ldr	r3, [r7, #56]	@ 0x38
10005e54:	f8a3 8004 	strh.w	r8, [r3, #4]
10005e58:	6018      	str	r0, [r3, #0]
10005e5a:	e495      	b.n	10005788 <__ssvfscanf_r+0xcfc>
10005e5c:	78b1      	ldrb	r1, [r6, #2]
10005e5e:	f044 0402 	orr.w	r4, r4, #2
10005e62:	3602      	adds	r6, #2
10005e64:	f7fe beb1 	b.w	10004bca <__ssvfscanf_r+0x13e>
10005e68:	78b1      	ldrb	r1, [r6, #2]
10005e6a:	f044 0408 	orr.w	r4, r4, #8
10005e6e:	3602      	adds	r6, #2
10005e70:	f7fe beab 	b.w	10004bca <__ssvfscanf_r+0x13e>
10005e74:	0762      	lsls	r2, r4, #29
10005e76:	f100 8085 	bmi.w	10005f84 <__ssvfscanf_r+0x14f8>
10005e7a:	f014 0201 	ands.w	r2, r4, #1
10005e7e:	f040 8115 	bne.w	100060ac <__ssvfscanf_r+0x1620>
10005e82:	07a3      	lsls	r3, r4, #30
10005e84:	f140 8112 	bpl.w	100060ac <__ssvfscanf_r+0x1620>
10005e88:	4b17      	ldr	r3, [pc, #92]	@ (10005ee8 <__ssvfscanf_r+0x145c>)
10005e8a:	6ab9      	ldr	r1, [r7, #40]	@ 0x28
10005e8c:	6cb8      	ldr	r0, [r7, #72]	@ 0x48
10005e8e:	4299      	cmp	r1, r3
10005e90:	6b7b      	ldr	r3, [r7, #52]	@ 0x34
10005e92:	4659      	mov	r1, fp
10005e94:	f000 81d1 	beq.w	1000623a <__ssvfscanf_r+0x17ae>
10005e98:	f001 fd6e 	bl	10007978 <_strtoll_r>
10005e9c:	460b      	mov	r3, r1
10005e9e:	6afa      	ldr	r2, [r7, #44]	@ 0x2c
10005ea0:	6811      	ldr	r1, [r2, #0]
10005ea2:	e9c1 0300 	strd	r0, r3, [r1]
10005ea6:	f7ff b9b6 	b.w	10005216 <__ssvfscanf_r+0x78a>
10005eaa:	460b      	mov	r3, r1
10005eac:	f7fb fdea 	bl	10001a84 <__wrap___aeabi_dcmpun>
10005eb0:	2800      	cmp	r0, #0
10005eb2:	d175      	bne.n	10005fa0 <__ssvfscanf_r+0x1514>
10005eb4:	4628      	mov	r0, r5
10005eb6:	4631      	mov	r1, r6
10005eb8:	f7fb fd8e 	bl	100019d8 <__wrap___aeabi_d2f>
10005ebc:	f8cb 0000 	str.w	r0, [fp]
10005ec0:	f7ff b900 	b.w	100050c4 <__ssvfscanf_r+0x638>
10005ec4:	6028      	str	r0, [r5, #0]
10005ec6:	f001 fe4b 	bl	10007b60 <iswspace>
10005eca:	2800      	cmp	r0, #0
10005ecc:	f040 815d 	bne.w	1000618a <__ssvfscanf_r+0x16fe>
10005ed0:	44b1      	add	r9, r6
10005ed2:	e5f6      	b.n	10005ac2 <__ssvfscanf_r+0x1036>
10005ed4:	6bfc      	ldr	r4, [r7, #60]	@ 0x3c
10005ed6:	6820      	ldr	r0, [r4, #0]
10005ed8:	f7fb ffac 	bl	10001e34 <__wrap_realloc>
10005edc:	2800      	cmp	r0, #0
10005ede:	f43f af4c 	beq.w	10005d7a <__ssvfscanf_r+0x12ee>
10005ee2:	6020      	str	r0, [r4, #0]
10005ee4:	e749      	b.n	10005d7a <__ssvfscanf_r+0x12ee>
10005ee6:	bf00      	nop
10005ee8:	10007685 	.word	0x10007685
10005eec:	10007541 	.word	0x10007541
10005ef0:	0766      	lsls	r6, r4, #29
10005ef2:	f140 80d1 	bpl.w	10006098 <__ssvfscanf_r+0x160c>
10005ef6:	f8a2 9000 	strh.w	r9, [r2]
10005efa:	e641      	b.n	10005b80 <__ssvfscanf_r+0x10f4>
10005efc:	1d19      	adds	r1, r3, #4
10005efe:	f8db 0000 	ldr.w	r0, [fp]
10005f02:	f7fb ff97 	bl	10001e34 <__wrap_realloc>
10005f06:	2800      	cmp	r0, #0
10005f08:	f43f a9d9 	beq.w	100052be <__ssvfscanf_r+0x832>
10005f0c:	f8cb 0000 	str.w	r0, [fp]
10005f10:	f7ff b9d5 	b.w	100052be <__ssvfscanf_r+0x832>
10005f14:	f8da 3000 	ldr.w	r3, [sl]
10005f18:	f8df 839c 	ldr.w	r8, [pc, #924]	@ 100062b8 <__ssvfscanf_r+0x182c>
10005f1c:	781a      	ldrb	r2, [r3, #0]
10005f1e:	f818 2002 	ldrb.w	r2, [r8, r2]
10005f22:	0714      	lsls	r4, r2, #28
10005f24:	f53e add9 	bmi.w	10004ada <__ssvfscanf_r+0x4e>
10005f28:	3301      	adds	r3, #1
10005f2a:	2d01      	cmp	r5, #1
10005f2c:	f8ca 3000 	str.w	r3, [sl]
10005f30:	f8da 3004 	ldr.w	r3, [sl, #4]
10005f34:	f103 33ff 	add.w	r3, r3, #4294967295	@ 0xffffffff
10005f38:	f8ca 3004 	str.w	r3, [sl, #4]
10005f3c:	f000 8181 	beq.w	10006242 <__ssvfscanf_r+0x17b6>
10005f40:	2401      	movs	r4, #1
10005f42:	6cbe      	ldr	r6, [r7, #72]	@ 0x48
10005f44:	e013      	b.n	10005f6e <__ssvfscanf_r+0x14e2>
10005f46:	f8da 3000 	ldr.w	r3, [sl]
10005f4a:	781a      	ldrb	r2, [r3, #0]
10005f4c:	3301      	adds	r3, #1
10005f4e:	f818 2002 	ldrb.w	r2, [r8, r2]
10005f52:	0710      	lsls	r0, r2, #28
10005f54:	d413      	bmi.n	10005f7e <__ssvfscanf_r+0x14f2>
10005f56:	3401      	adds	r4, #1
10005f58:	f8ca 3000 	str.w	r3, [sl]
10005f5c:	f8da 3004 	ldr.w	r3, [sl, #4]
10005f60:	42a5      	cmp	r5, r4
10005f62:	f103 33ff 	add.w	r3, r3, #4294967295	@ 0xffffffff
10005f66:	f8ca 3004 	str.w	r3, [sl, #4]
10005f6a:	f000 80a5 	beq.w	100060b8 <__ssvfscanf_r+0x162c>
10005f6e:	2b00      	cmp	r3, #0
10005f70:	dce9      	bgt.n	10005f46 <__ssvfscanf_r+0x14ba>
10005f72:	4651      	mov	r1, sl
10005f74:	4630      	mov	r0, r6
10005f76:	f7fe fd1b 	bl	100049b0 <__ssrefill_r>
10005f7a:	2800      	cmp	r0, #0
10005f7c:	d0e3      	beq.n	10005f46 <__ssvfscanf_r+0x14ba>
10005f7e:	44a1      	add	r9, r4
10005f80:	f7fe bdab 	b.w	10004ada <__ssvfscanf_r+0x4e>
10005f84:	6afb      	ldr	r3, [r7, #44]	@ 0x2c
10005f86:	681b      	ldr	r3, [r3, #0]
10005f88:	8018      	strh	r0, [r3, #0]
10005f8a:	f7ff b944 	b.w	10005216 <__ssvfscanf_r+0x78a>
10005f8e:	6bbb      	ldr	r3, [r7, #56]	@ 0x38
10005f90:	2b00      	cmp	r3, #0
10005f92:	f47e af28 	bne.w	10004de6 <__ssvfscanf_r+0x35a>
10005f96:	f04f 33ff 	mov.w	r3, #4294967295	@ 0xffffffff
10005f9a:	643b      	str	r3, [r7, #64]	@ 0x40
10005f9c:	f7fe bdf3 	b.w	10004b86 <__ssvfscanf_r+0xfa>
10005fa0:	48c4      	ldr	r0, [pc, #784]	@ (100062b4 <__ssvfscanf_r+0x1828>)
10005fa2:	f001 fdfb 	bl	10007b9c <nanf>
10005fa6:	f8cb 0000 	str.w	r0, [fp]
10005faa:	f7ff b88b 	b.w	100050c4 <__ssvfscanf_r+0x638>
10005fae:	2600      	movs	r6, #0
10005fb0:	e5a7      	b.n	10005b02 <__ssvfscanf_r+0x1076>
10005fb2:	6c7e      	ldr	r6, [r7, #68]	@ 0x44
10005fb4:	46a3      	mov	fp, r4
10005fb6:	4623      	mov	r3, r4
10005fb8:	647c      	str	r4, [r7, #68]	@ 0x44
10005fba:	e467      	b.n	1000588c <__ssvfscanf_r+0xe00>
10005fbc:	b082      	sub	sp, #8
10005fbe:	e9cd 3302 	strd	r3, r3, [sp, #8]
10005fc2:	ab02      	add	r3, sp, #8
10005fc4:	63bb      	str	r3, [r7, #56]	@ 0x38
10005fc6:	e5ca      	b.n	10005b5e <__ssvfscanf_r+0x10d2>
10005fc8:	693c      	ldr	r4, [r7, #16]
10005fca:	230a      	movs	r3, #10
10005fcc:	2200      	movs	r2, #0
10005fce:	6cb8      	ldr	r0, [r7, #72]	@ 0x48
10005fd0:	1c61      	adds	r1, r4, #1
10005fd2:	f001 fab5 	bl	10007540 <_strtol_r>
10005fd6:	697b      	ldr	r3, [r7, #20]
10005fd8:	1ac2      	subs	r2, r0, r3
10005fda:	e4c5      	b.n	10005968 <__ssvfscanf_r+0xedc>
10005fdc:	6bfc      	ldr	r4, [r7, #60]	@ 0x3c
10005fde:	63fb      	str	r3, [r7, #60]	@ 0x3c
10005fe0:	f7ff bbd9 	b.w	10005796 <__ssvfscanf_r+0xd0a>
10005fe4:	465b      	mov	r3, fp
10005fe6:	4694      	mov	ip, r2
10005fe8:	4696      	mov	lr, r2
10005fea:	4693      	mov	fp, r2
10005fec:	62fe      	str	r6, [r7, #44]	@ 0x2c
10005fee:	f7ff b94d 	b.w	1000528c <__ssvfscanf_r+0x800>
10005ff2:	6b3b      	ldr	r3, [r7, #48]	@ 0x30
10005ff4:	f8d7 8020 	ldr.w	r8, [r7, #32]
10005ff8:	627b      	str	r3, [r7, #36]	@ 0x24
10005ffa:	62fb      	str	r3, [r7, #44]	@ 0x2c
10005ffc:	623b      	str	r3, [r7, #32]
10005ffe:	f7ff b994 	b.w	1000532a <__ssvfscanf_r+0x89e>
10006002:	46d9      	mov	r9, fp
10006004:	61fe      	str	r6, [r7, #28]
10006006:	f8d7 b018 	ldr.w	fp, [r7, #24]
1000600a:	4626      	mov	r6, r4
1000600c:	2c00      	cmp	r4, #0
1000600e:	f43f aa12 	beq.w	10005436 <__ssvfscanf_r+0x9aa>
10006012:	f507 73b8 	add.w	r3, r7, #368	@ 0x170
10006016:	6cbd      	ldr	r5, [r7, #72]	@ 0x48
10006018:	191c      	adds	r4, r3, r4
1000601a:	3e01      	subs	r6, #1
1000601c:	4652      	mov	r2, sl
1000601e:	f814 1d01 	ldrb.w	r1, [r4, #-1]!
10006022:	4628      	mov	r0, r5
10006024:	f7fe fc86 	bl	10004934 <_sungetc_r>
10006028:	2e00      	cmp	r6, #0
1000602a:	d1f6      	bne.n	1000601a <__ssvfscanf_r+0x158e>
1000602c:	f7ff ba03 	b.w	10005436 <__ssvfscanf_r+0x9aa>
10006030:	2301      	movs	r3, #1
10006032:	f428 68f0 	bic.w	r8, r8, #1920	@ 0x780
10006036:	63fb      	str	r3, [r7, #60]	@ 0x3c
10006038:	2300      	movs	r3, #0
1000603a:	633b      	str	r3, [r7, #48]	@ 0x30
1000603c:	f7fe bfec 	b.w	10005018 <__ssvfscanf_r+0x58c>
10006040:	2301      	movs	r3, #1
10006042:	f428 68f0 	bic.w	r8, r8, #1920	@ 0x780
10006046:	647b      	str	r3, [r7, #68]	@ 0x44
10006048:	2300      	movs	r3, #0
1000604a:	633b      	str	r3, [r7, #48]	@ 0x30
1000604c:	f7fe bfe4 	b.w	10005018 <__ssvfscanf_r+0x58c>
10006050:	4651      	mov	r1, sl
10006052:	6cb8      	ldr	r0, [r7, #72]	@ 0x48
10006054:	633b      	str	r3, [r7, #48]	@ 0x30
10006056:	f7fe fcab 	bl	100049b0 <__ssrefill_r>
1000605a:	6b3b      	ldr	r3, [r7, #48]	@ 0x30
1000605c:	2800      	cmp	r0, #0
1000605e:	f43f ac50 	beq.w	10005902 <__ssvfscanf_r+0xe76>
10006062:	e456      	b.n	10005912 <__ssvfscanf_r+0xe86>
10006064:	f8c7 b04c 	str.w	fp, [r7, #76]	@ 0x4c
10006068:	f7fe befe 	b.w	10004e68 <__ssvfscanf_r+0x3dc>
1000606c:	4651      	mov	r1, sl
1000606e:	6cb8      	ldr	r0, [r7, #72]	@ 0x48
10006070:	f7fe fc9e 	bl	100049b0 <__ssrefill_r>
10006074:	2800      	cmp	r0, #0
10006076:	f43f ad49 	beq.w	10005b0c <__ssvfscanf_r+0x1080>
1000607a:	f8c7 b01c 	str.w	fp, [r7, #28]
1000607e:	462b      	mov	r3, r5
10006080:	f8d7 b024 	ldr.w	fp, [r7, #36]	@ 0x24
10006084:	f8d7 e030 	ldr.w	lr, [r7, #48]	@ 0x30
10006088:	f8d7 c03c 	ldr.w	ip, [r7, #60]	@ 0x3c
1000608c:	6c7a      	ldr	r2, [r7, #68]	@ 0x44
1000608e:	2e00      	cmp	r6, #0
10006090:	f47e ad65 	bne.w	10004b5e <__ssvfscanf_r+0xd2>
10006094:	f7ff b905 	b.w	100052a2 <__ssvfscanf_r+0x816>
10006098:	07e5      	lsls	r5, r4, #31
1000609a:	d40a      	bmi.n	100060b2 <__ssvfscanf_r+0x1626>
1000609c:	07a4      	lsls	r4, r4, #30
1000609e:	d508      	bpl.n	100060b2 <__ssvfscanf_r+0x1626>
100060a0:	ea4f 71e9 	mov.w	r1, r9, asr #31
100060a4:	f8c2 9000 	str.w	r9, [r2]
100060a8:	6051      	str	r1, [r2, #4]
100060aa:	e569      	b.n	10005b80 <__ssvfscanf_r+0x10f4>
100060ac:	6afb      	ldr	r3, [r7, #44]	@ 0x2c
100060ae:	f7ff b8b0 	b.w	10005212 <__ssvfscanf_r+0x786>
100060b2:	f8c2 9000 	str.w	r9, [r2]
100060b6:	e563      	b.n	10005b80 <__ssvfscanf_r+0x10f4>
100060b8:	44a9      	add	r9, r5
100060ba:	f7fe bd0e 	b.w	10004ada <__ssvfscanf_r+0x4e>
100060be:	6afb      	ldr	r3, [r7, #44]	@ 0x2c
100060c0:	2a00      	cmp	r2, #0
100060c2:	f040 80c6 	bne.w	10006252 <__ssvfscanf_r+0x17c6>
100060c6:	f853 bb04 	ldr.w	fp, [r3], #4
100060ca:	0624      	lsls	r4, r4, #24
100060cc:	633b      	str	r3, [r7, #48]	@ 0x30
100060ce:	f100 80f5 	bmi.w	100062bc <__ssvfscanf_r+0x1830>
100060d2:	46d8      	mov	r8, fp
100060d4:	f8d7 b044 	ldr.w	fp, [r7, #68]	@ 0x44
100060d8:	465b      	mov	r3, fp
100060da:	46dc      	mov	ip, fp
100060dc:	f8c7 b03c 	str.w	fp, [r7, #60]	@ 0x3c
100060e0:	2600      	movs	r6, #0
100060e2:	469b      	mov	fp, r3
100060e4:	4664      	mov	r4, ip
100060e6:	f001 fb89 	bl	100077fc <__locale_mb_cur_max>
100060ea:	42b0      	cmp	r0, r6
100060ec:	f43e ad37 	beq.w	10004b5e <__ssvfscanf_r+0xd2>
100060f0:	e9da 3200 	ldrd	r3, r2, [sl]
100060f4:	3a01      	subs	r2, #1
100060f6:	f813 1b01 	ldrb.w	r1, [r3], #1
100060fa:	f8ca 2004 	str.w	r2, [sl, #4]
100060fe:	f507 72b8 	add.w	r2, r7, #368	@ 0x170
10006102:	f8ca 3000 	str.w	r3, [sl]
10006106:	1c73      	adds	r3, r6, #1
10006108:	5591      	strb	r1, [r2, r6]
1000610a:	f107 0668 	add.w	r6, r7, #104	@ 0x68
1000610e:	69fa      	ldr	r2, [r7, #28]
10006110:	2a03      	cmp	r2, #3
10006112:	d102      	bne.n	1000611a <__ssvfscanf_r+0x168e>
10006114:	6832      	ldr	r2, [r6, #0]
10006116:	2a04      	cmp	r2, #4
10006118:	d006      	beq.n	10006128 <__ssvfscanf_r+0x169c>
1000611a:	2208      	movs	r2, #8
1000611c:	2100      	movs	r1, #0
1000611e:	4630      	mov	r0, r6
10006120:	62fb      	str	r3, [r7, #44]	@ 0x2c
10006122:	f7fe f8b1 	bl	10004288 <memset>
10006126:	6afb      	ldr	r3, [r7, #44]	@ 0x2c
10006128:	9600      	str	r6, [sp, #0]
1000612a:	f507 72b8 	add.w	r2, r7, #368	@ 0x170
1000612e:	4641      	mov	r1, r8
10006130:	6cb8      	ldr	r0, [r7, #72]	@ 0x48
10006132:	62fb      	str	r3, [r7, #44]	@ 0x2c
10006134:	f001 fcea 	bl	10007b0c <_mbrtowc_r>
10006138:	4602      	mov	r2, r0
1000613a:	61f8      	str	r0, [r7, #28]
1000613c:	1c50      	adds	r0, r2, #1
1000613e:	f43e ad0e 	beq.w	10004b5e <__ssvfscanf_r+0xd2>
10006142:	6afb      	ldr	r3, [r7, #44]	@ 0x2c
10006144:	2a00      	cmp	r2, #0
10006146:	f040 8104 	bne.w	10006352 <__ssvfscanf_r+0x18c6>
1000614a:	4499      	add	r9, r3
1000614c:	6c7b      	ldr	r3, [r7, #68]	@ 0x44
1000614e:	3d01      	subs	r5, #1
10006150:	2b00      	cmp	r3, #0
10006152:	f040 810c 	bne.w	1000636e <__ssvfscanf_r+0x18e2>
10006156:	f8c8 3000 	str.w	r3, [r8]
1000615a:	eba8 0604 	sub.w	r6, r8, r4
1000615e:	ebbb 0fa6 	cmp.w	fp, r6, asr #2
10006162:	f200 8137 	bhi.w	100063d4 <__ssvfscanf_r+0x1948>
10006166:	6bfb      	ldr	r3, [r7, #60]	@ 0x3c
10006168:	2b00      	cmp	r3, #0
1000616a:	f000 8133 	beq.w	100063d4 <__ssvfscanf_r+0x1948>
1000616e:	4620      	mov	r0, r4
10006170:	ea4f 01cb 	mov.w	r1, fp, lsl #3
10006174:	f7fb fe5e 	bl	10001e34 <__wrap_realloc>
10006178:	4604      	mov	r4, r0
1000617a:	2800      	cmp	r0, #0
1000617c:	f040 8124 	bne.w	100063c8 <__ssvfscanf_r+0x193c>
10006180:	f04f 33ff 	mov.w	r3, #4294967295	@ 0xffffffff
10006184:	643b      	str	r3, [r7, #64]	@ 0x40
10006186:	f7fe bcf3 	b.w	10004b70 <__ssvfscanf_r+0xe4>
1000618a:	f8c7 b01c 	str.w	fp, [r7, #28]
1000618e:	462b      	mov	r3, r5
10006190:	f8d7 b024 	ldr.w	fp, [r7, #36]	@ 0x24
10006194:	f8d7 e030 	ldr.w	lr, [r7, #48]	@ 0x30
10006198:	f8d7 c03c 	ldr.w	ip, [r7, #60]	@ 0x3c
1000619c:	6c7a      	ldr	r2, [r7, #68]	@ 0x44
1000619e:	2e00      	cmp	r6, #0
100061a0:	f43f a87f 	beq.w	100052a2 <__ssvfscanf_r+0x816>
100061a4:	f507 71b8 	add.w	r1, r7, #368	@ 0x170
100061a8:	f8c7 9044 	str.w	r9, [r7, #68]	@ 0x44
100061ac:	63fd      	str	r5, [r7, #60]	@ 0x3c
100061ae:	46f0      	mov	r8, lr
100061b0:	198c      	adds	r4, r1, r6
100061b2:	46e1      	mov	r9, ip
100061b4:	6cbd      	ldr	r5, [r7, #72]	@ 0x48
100061b6:	633a      	str	r2, [r7, #48]	@ 0x30
100061b8:	3e01      	subs	r6, #1
100061ba:	4652      	mov	r2, sl
100061bc:	f814 1d01 	ldrb.w	r1, [r4, #-1]!
100061c0:	4628      	mov	r0, r5
100061c2:	f7fe fbb7 	bl	10004934 <_sungetc_r>
100061c6:	2e00      	cmp	r6, #0
100061c8:	d1f6      	bne.n	100061b8 <__ssvfscanf_r+0x172c>
100061ca:	46cc      	mov	ip, r9
100061cc:	6bfb      	ldr	r3, [r7, #60]	@ 0x3c
100061ce:	46c6      	mov	lr, r8
100061d0:	f8d7 9044 	ldr.w	r9, [r7, #68]	@ 0x44
100061d4:	6b3a      	ldr	r2, [r7, #48]	@ 0x30
100061d6:	f7ff b864 	b.w	100052a2 <__ssvfscanf_r+0x816>
100061da:	455c      	cmp	r4, fp
100061dc:	465e      	mov	r6, fp
100061de:	f67e acc7 	bls.w	10004b70 <__ssvfscanf_r+0xe4>
100061e2:	6cbd      	ldr	r5, [r7, #72]	@ 0x48
100061e4:	f814 1d01 	ldrb.w	r1, [r4, #-1]!
100061e8:	4652      	mov	r2, sl
100061ea:	4628      	mov	r0, r5
100061ec:	f7fe fba2 	bl	10004934 <_sungetc_r>
100061f0:	42b4      	cmp	r4, r6
100061f2:	d1f7      	bne.n	100061e4 <__ssvfscanf_r+0x1758>
100061f4:	f7fe bcbc 	b.w	10004b70 <__ssvfscanf_r+0xe4>
100061f8:	f8d7 b024 	ldr.w	fp, [r7, #36]	@ 0x24
100061fc:	f7ff b9bc 	b.w	10005578 <__ssvfscanf_r+0xaec>
10006200:	455c      	cmp	r4, fp
10006202:	465e      	mov	r6, fp
10006204:	f67e acb4 	bls.w	10004b70 <__ssvfscanf_r+0xe4>
10006208:	6cbd      	ldr	r5, [r7, #72]	@ 0x48
1000620a:	f814 1d01 	ldrb.w	r1, [r4, #-1]!
1000620e:	4652      	mov	r2, sl
10006210:	4628      	mov	r0, r5
10006212:	f7fe fb8f 	bl	10004934 <_sungetc_r>
10006216:	42b4      	cmp	r4, r6
10006218:	d1f7      	bne.n	1000620a <__ssvfscanf_r+0x177e>
1000621a:	f7fe bca9 	b.w	10004b70 <__ssvfscanf_r+0xe4>
1000621e:	455c      	cmp	r4, fp
10006220:	f67e aca6 	bls.w	10004b70 <__ssvfscanf_r+0xe4>
10006224:	465d      	mov	r5, fp
10006226:	f814 1d01 	ldrb.w	r1, [r4, #-1]!
1000622a:	4652      	mov	r2, sl
1000622c:	6cb8      	ldr	r0, [r7, #72]	@ 0x48
1000622e:	f7fe fb81 	bl	10004934 <_sungetc_r>
10006232:	42ac      	cmp	r4, r5
10006234:	d1f7      	bne.n	10006226 <__ssvfscanf_r+0x179a>
10006236:	f7fe bc9b 	b.w	10004b70 <__ssvfscanf_r+0xe4>
1000623a:	f001 fc65 	bl	10007b08 <_strtoull_r>
1000623e:	460b      	mov	r3, r1
10006240:	e62d      	b.n	10005e9e <__ssvfscanf_r+0x1412>
10006242:	f109 0901 	add.w	r9, r9, #1
10006246:	f7fe bc48 	b.w	10004ada <__ssvfscanf_r+0x4e>
1000624a:	f8d7 b04c 	ldr.w	fp, [r7, #76]	@ 0x4c
1000624e:	f7ff b9ea 	b.w	10005626 <__ssvfscanf_r+0xb9a>
10006252:	633b      	str	r3, [r7, #48]	@ 0x30
10006254:	2300      	movs	r3, #0
10006256:	469c      	mov	ip, r3
10006258:	469b      	mov	fp, r3
1000625a:	4698      	mov	r8, r3
1000625c:	e73e      	b.n	100060dc <__ssvfscanf_r+0x1650>
1000625e:	461c      	mov	r4, r3
10006260:	e9da 2300 	ldrd	r2, r3, [sl]
10006264:	429d      	cmp	r5, r3
10006266:	eb02 0103 	add.w	r1, r2, r3
1000626a:	dd52      	ble.n	10006312 <__ssvfscanf_r+0x1886>
1000626c:	f8ca 1000 	str.w	r1, [sl]
10006270:	4651      	mov	r1, sl
10006272:	6cb8      	ldr	r0, [r7, #72]	@ 0x48
10006274:	441c      	add	r4, r3
10006276:	1aed      	subs	r5, r5, r3
10006278:	f7fe fb9a 	bl	100049b0 <__ssrefill_r>
1000627c:	2800      	cmp	r0, #0
1000627e:	d0ef      	beq.n	10006260 <__ssvfscanf_r+0x17d4>
10006280:	2c00      	cmp	r4, #0
10006282:	f43e ac6c 	beq.w	10004b5e <__ssvfscanf_r+0xd2>
10006286:	44a1      	add	r9, r4
10006288:	f7fe bc27 	b.w	10004ada <__ssvfscanf_r+0x4e>
1000628c:	f8cd a000 	str.w	sl, [sp]
10006290:	462b      	mov	r3, r5
10006292:	4631      	mov	r1, r6
10006294:	2201      	movs	r2, #1
10006296:	6cb8      	ldr	r0, [r7, #72]	@ 0x48
10006298:	f7fe fba6 	bl	100049e8 <_sfread_r>
1000629c:	4604      	mov	r4, r0
1000629e:	2800      	cmp	r0, #0
100062a0:	f43e ac5d 	beq.w	10004b5e <__ssvfscanf_r+0xd2>
100062a4:	6c3b      	ldr	r3, [r7, #64]	@ 0x40
100062a6:	44a1      	add	r9, r4
100062a8:	f8c7 802c 	str.w	r8, [r7, #44]	@ 0x2c
100062ac:	3301      	adds	r3, #1
100062ae:	643b      	str	r3, [r7, #64]	@ 0x40
100062b0:	f7fe bc13 	b.w	10004ada <__ssvfscanf_r+0x4e>
100062b4:	10009148 	.word	0x10009148
100062b8:	10009559 	.word	0x10009559
100062bc:	f1bb 0f00 	cmp.w	fp, #0
100062c0:	f43e ac56 	beq.w	10004b70 <__ssvfscanf_r+0xe4>
100062c4:	2080      	movs	r0, #128	@ 0x80
100062c6:	f7fb fda3 	bl	10001e10 <__wrap_malloc>
100062ca:	4680      	mov	r8, r0
100062cc:	2800      	cmp	r0, #0
100062ce:	f43f af57 	beq.w	10006180 <__ssvfscanf_r+0x16f4>
100062d2:	6bbb      	ldr	r3, [r7, #56]	@ 0x38
100062d4:	f8cb 0000 	str.w	r0, [fp]
100062d8:	88de      	ldrh	r6, [r3, #6]
100062da:	889c      	ldrh	r4, [r3, #4]
100062dc:	42a6      	cmp	r6, r4
100062de:	d336      	bcc.n	1000634e <__ssvfscanf_r+0x18c2>
100062e0:	f64f 73f6 	movw	r3, #65526	@ 0xfff6
100062e4:	429c      	cmp	r4, r3
100062e6:	f63f af4b 	bhi.w	10006180 <__ssvfscanf_r+0x16f4>
100062ea:	3408      	adds	r4, #8
100062ec:	6bbb      	ldr	r3, [r7, #56]	@ 0x38
100062ee:	00a1      	lsls	r1, r4, #2
100062f0:	6818      	ldr	r0, [r3, #0]
100062f2:	f7fb fd9f 	bl	10001e34 <__wrap_realloc>
100062f6:	2800      	cmp	r0, #0
100062f8:	f43f af42 	beq.w	10006180 <__ssvfscanf_r+0x16f4>
100062fc:	6bbb      	ldr	r3, [r7, #56]	@ 0x38
100062fe:	809c      	strh	r4, [r3, #4]
10006300:	6018      	str	r0, [r3, #0]
10006302:	6bbb      	ldr	r3, [r7, #56]	@ 0x38
10006304:	46c4      	mov	ip, r8
10006306:	f840 b026 	str.w	fp, [r0, r6, lsl #2]
1000630a:	3601      	adds	r6, #1
1000630c:	80de      	strh	r6, [r3, #6]
1000630e:	2320      	movs	r3, #32
10006310:	e6e4      	b.n	100060dc <__ssvfscanf_r+0x1650>
10006312:	1b5b      	subs	r3, r3, r5
10006314:	442a      	add	r2, r5
10006316:	442c      	add	r4, r5
10006318:	f8ca 3004 	str.w	r3, [sl, #4]
1000631c:	44a1      	add	r9, r4
1000631e:	f8ca 2000 	str.w	r2, [sl]
10006322:	f7fe bbda 	b.w	10004ada <__ssvfscanf_r+0x4e>
10006326:	6818      	ldr	r0, [r3, #0]
10006328:	f7fe bd47 	b.w	10004dba <__ssvfscanf_r+0x32e>
1000632c:	4285      	cmp	r5, r0
1000632e:	d9b9      	bls.n	100062a4 <__ssvfscanf_r+0x1818>
10006330:	4601      	mov	r1, r0
10006332:	6830      	ldr	r0, [r6, #0]
10006334:	f7fb fd7e 	bl	10001e34 <__wrap_realloc>
10006338:	2800      	cmp	r0, #0
1000633a:	d0b3      	beq.n	100062a4 <__ssvfscanf_r+0x1818>
1000633c:	6030      	str	r0, [r6, #0]
1000633e:	e7b1      	b.n	100062a4 <__ssvfscanf_r+0x1818>
10006340:	f8ba 300c 	ldrh.w	r3, [sl, #12]
10006344:	065b      	lsls	r3, r3, #25
10006346:	f57e ac15 	bpl.w	10004b74 <__ssvfscanf_r+0xe8>
1000634a:	f7fe bd4c 	b.w	10004de6 <__ssvfscanf_r+0x35a>
1000634e:	6818      	ldr	r0, [r3, #0]
10006350:	e7d7      	b.n	10006302 <__ssvfscanf_r+0x1876>
10006352:	69fa      	ldr	r2, [r7, #28]
10006354:	1c91      	adds	r1, r2, #2
10006356:	d023      	beq.n	100063a0 <__ssvfscanf_r+0x1914>
10006358:	2a03      	cmp	r2, #3
1000635a:	4499      	add	r9, r3
1000635c:	d102      	bne.n	10006364 <__ssvfscanf_r+0x18d8>
1000635e:	6833      	ldr	r3, [r6, #0]
10006360:	2b04      	cmp	r3, #4
10006362:	d000      	beq.n	10006366 <__ssvfscanf_r+0x18da>
10006364:	3d01      	subs	r5, #1
10006366:	6c7b      	ldr	r3, [r7, #68]	@ 0x44
10006368:	2b00      	cmp	r3, #0
1000636a:	f43f aef6 	beq.w	1000615a <__ssvfscanf_r+0x16ce>
1000636e:	f8da 3004 	ldr.w	r3, [sl, #4]
10006372:	2600      	movs	r6, #0
10006374:	2b00      	cmp	r3, #0
10006376:	dd19      	ble.n	100063ac <__ssvfscanf_r+0x1920>
10006378:	2d00      	cmp	r5, #0
1000637a:	f47f aeb4 	bne.w	100060e6 <__ssvfscanf_r+0x165a>
1000637e:	465b      	mov	r3, fp
10006380:	46a4      	mov	ip, r4
10006382:	f8d7 b03c 	ldr.w	fp, [r7, #60]	@ 0x3c
10006386:	eba8 010c 	sub.w	r1, r8, ip
1000638a:	ebb3 0fa1 	cmp.w	r3, r1, asr #2
1000638e:	d902      	bls.n	10006396 <__ssvfscanf_r+0x190a>
10006390:	f1bb 0f00 	cmp.w	fp, #0
10006394:	d121      	bne.n	100063da <__ssvfscanf_r+0x194e>
10006396:	6c7b      	ldr	r3, [r7, #68]	@ 0x44
10006398:	2b00      	cmp	r3, #0
1000639a:	f47f acf2 	bne.w	10005d82 <__ssvfscanf_r+0x12f6>
1000639e:	e4ed      	b.n	10005d7c <__ssvfscanf_r+0x12f0>
100063a0:	f8da 2004 	ldr.w	r2, [sl, #4]
100063a4:	461e      	mov	r6, r3
100063a6:	2a00      	cmp	r2, #0
100063a8:	f73f ae9d 	bgt.w	100060e6 <__ssvfscanf_r+0x165a>
100063ac:	4651      	mov	r1, sl
100063ae:	6cb8      	ldr	r0, [r7, #72]	@ 0x48
100063b0:	f7fe fafe 	bl	100049b0 <__ssrefill_r>
100063b4:	2800      	cmp	r0, #0
100063b6:	d0df      	beq.n	10006378 <__ssvfscanf_r+0x18ec>
100063b8:	465b      	mov	r3, fp
100063ba:	46a4      	mov	ip, r4
100063bc:	f8d7 b03c 	ldr.w	fp, [r7, #60]	@ 0x3c
100063c0:	2e00      	cmp	r6, #0
100063c2:	d0e0      	beq.n	10006386 <__ssvfscanf_r+0x18fa>
100063c4:	f7fe bbcb 	b.w	10004b5e <__ssvfscanf_r+0xd2>
100063c8:	6bfb      	ldr	r3, [r7, #60]	@ 0x3c
100063ca:	eb00 0806 	add.w	r8, r0, r6
100063ce:	ea4f 0b4b 	mov.w	fp, fp, lsl #1
100063d2:	6018      	str	r0, [r3, #0]
100063d4:	f108 0804 	add.w	r8, r8, #4
100063d8:	e7c9      	b.n	1000636e <__ssvfscanf_r+0x18e2>
100063da:	f8db 0000 	ldr.w	r0, [fp]
100063de:	f7fb fd29 	bl	10001e34 <__wrap_realloc>
100063e2:	2800      	cmp	r0, #0
100063e4:	d0d7      	beq.n	10006396 <__ssvfscanf_r+0x190a>
100063e6:	f8cb 0000 	str.w	r0, [fp]
100063ea:	e7d4      	b.n	10006396 <__ssvfscanf_r+0x190a>

100063ec <__sccl>:
100063ec:	b570      	push	{r4, r5, r6, lr}
100063ee:	780c      	ldrb	r4, [r1, #0]
100063f0:	4684      	mov	ip, r0
100063f2:	2c5e      	cmp	r4, #94	@ 0x5e
100063f4:	d024      	beq.n	10006440 <__sccl+0x54>
100063f6:	2300      	movs	r3, #0
100063f8:	1c48      	adds	r0, r1, #1
100063fa:	469e      	mov	lr, r3
100063fc:	2200      	movs	r2, #0
100063fe:	f50c 7180 	add.w	r1, ip, #256	@ 0x100
10006402:	f363 0207 	bfi	r2, r3, #0, #8
10006406:	f363 220f 	bfi	r2, r3, #8, #8
1000640a:	f363 4217 	bfi	r2, r3, #16, #8
1000640e:	f363 621f 	bfi	r2, r3, #24, #8
10006412:	4663      	mov	r3, ip
10006414:	f843 2b04 	str.w	r2, [r3], #4
10006418:	428b      	cmp	r3, r1
1000641a:	d1fb      	bne.n	10006414 <__sccl+0x28>
1000641c:	b174      	cbz	r4, 1000643c <__sccl+0x50>
1000641e:	f08e 0101 	eor.w	r1, lr, #1
10006422:	1c45      	adds	r5, r0, #1
10006424:	f80c 1004 	strb.w	r1, [ip, r4]
10006428:	f815 3c01 	ldrb.w	r3, [r5, #-1]
1000642c:	2b2d      	cmp	r3, #45	@ 0x2d
1000642e:	d00e      	beq.n	1000644e <__sccl+0x62>
10006430:	2b5d      	cmp	r3, #93	@ 0x5d
10006432:	d00a      	beq.n	1000644a <__sccl+0x5e>
10006434:	b11b      	cbz	r3, 1000643e <__sccl+0x52>
10006436:	461c      	mov	r4, r3
10006438:	4628      	mov	r0, r5
1000643a:	e7f2      	b.n	10006422 <__sccl+0x36>
1000643c:	3801      	subs	r0, #1
1000643e:	bd70      	pop	{r4, r5, r6, pc}
10006440:	2301      	movs	r3, #1
10006442:	1c88      	adds	r0, r1, #2
10006444:	784c      	ldrb	r4, [r1, #1]
10006446:	469e      	mov	lr, r3
10006448:	e7d8      	b.n	100063fc <__sccl+0x10>
1000644a:	4628      	mov	r0, r5
1000644c:	bd70      	pop	{r4, r5, r6, pc}
1000644e:	f890 e001 	ldrb.w	lr, [r0, #1]
10006452:	f1be 0f5d 	cmp.w	lr, #93	@ 0x5d
10006456:	d015      	beq.n	10006484 <__sccl+0x98>
10006458:	4574      	cmp	r4, lr
1000645a:	dc13      	bgt.n	10006484 <__sccl+0x98>
1000645c:	1c66      	adds	r6, r4, #1
1000645e:	3002      	adds	r0, #2
10006460:	eb0c 0206 	add.w	r2, ip, r6
10006464:	f802 1b01 	strb.w	r1, [r2], #1
10006468:	eba2 030c 	sub.w	r3, r2, ip
1000646c:	3b01      	subs	r3, #1
1000646e:	459e      	cmp	lr, r3
10006470:	dcf8      	bgt.n	10006464 <__sccl+0x78>
10006472:	ebae 0304 	sub.w	r3, lr, r4
10006476:	3502      	adds	r5, #2
10006478:	3b01      	subs	r3, #1
1000647a:	4574      	cmp	r4, lr
1000647c:	bfa8      	it	ge
1000647e:	2300      	movge	r3, #0
10006480:	199c      	adds	r4, r3, r6
10006482:	e7d1      	b.n	10006428 <__sccl+0x3c>
10006484:	242d      	movs	r4, #45	@ 0x2d
10006486:	4628      	mov	r0, r5
10006488:	e7cb      	b.n	10006422 <__sccl+0x36>
1000648a:	bf00      	nop
1000648c:	0000      	movs	r0, r0
	...

10006490 <_strtod_l>:
10006490:	e92d 4ff0 	stmdb	sp!, {r4, r5, r6, r7, r8, r9, sl, fp, lr}
10006494:	4688      	mov	r8, r1
10006496:	b09f      	sub	sp, #124	@ 0x7c
10006498:	2100      	movs	r1, #0
1000649a:	4683      	mov	fp, r0
1000649c:	9207      	str	r2, [sp, #28]
1000649e:	2200      	movs	r2, #0
100064a0:	911a      	str	r1, [sp, #104]	@ 0x68
100064a2:	2100      	movs	r1, #0
100064a4:	e9cd 1204 	strd	r1, r2, [sp, #16]
100064a8:	4642      	mov	r2, r8
100064aa:	4617      	mov	r7, r2
100064ac:	9219      	str	r2, [sp, #100]	@ 0x64
100064ae:	f812 9b01 	ldrb.w	r9, [r2], #1
100064b2:	f1b9 0f2d 	cmp.w	r9, #45	@ 0x2d
100064b6:	d85f      	bhi.n	10006578 <_strtod_l+0xe8>
100064b8:	a101      	add	r1, pc, #4	@ (adr r1, 100064c0 <_strtod_l+0x30>)
100064ba:	f851 f029 	ldr.w	pc, [r1, r9, lsl #2]
100064be:	bf00      	nop
100064c0:	1000660d 	.word	0x1000660d
100064c4:	10006579 	.word	0x10006579
100064c8:	10006579 	.word	0x10006579
100064cc:	10006579 	.word	0x10006579
100064d0:	10006579 	.word	0x10006579
100064d4:	10006579 	.word	0x10006579
100064d8:	10006579 	.word	0x10006579
100064dc:	10006579 	.word	0x10006579
100064e0:	10006579 	.word	0x10006579
100064e4:	100064ab 	.word	0x100064ab
100064e8:	100064ab 	.word	0x100064ab
100064ec:	100064ab 	.word	0x100064ab
100064f0:	100064ab 	.word	0x100064ab
100064f4:	100064ab 	.word	0x100064ab
100064f8:	10006579 	.word	0x10006579
100064fc:	10006579 	.word	0x10006579
10006500:	10006579 	.word	0x10006579
10006504:	10006579 	.word	0x10006579
10006508:	10006579 	.word	0x10006579
1000650c:	10006579 	.word	0x10006579
10006510:	10006579 	.word	0x10006579
10006514:	10006579 	.word	0x10006579
10006518:	10006579 	.word	0x10006579
1000651c:	10006579 	.word	0x10006579
10006520:	10006579 	.word	0x10006579
10006524:	10006579 	.word	0x10006579
10006528:	10006579 	.word	0x10006579
1000652c:	10006579 	.word	0x10006579
10006530:	10006579 	.word	0x10006579
10006534:	10006579 	.word	0x10006579
10006538:	10006579 	.word	0x10006579
1000653c:	10006579 	.word	0x10006579
10006540:	100064ab 	.word	0x100064ab
10006544:	10006579 	.word	0x10006579
10006548:	10006579 	.word	0x10006579
1000654c:	10006579 	.word	0x10006579
10006550:	10006579 	.word	0x10006579
10006554:	10006579 	.word	0x10006579
10006558:	10006579 	.word	0x10006579
1000655c:	10006579 	.word	0x10006579
10006560:	10006579 	.word	0x10006579
10006564:	10006579 	.word	0x10006579
10006568:	10006579 	.word	0x10006579
1000656c:	10006b7b 	.word	0x10006b7b
10006570:	10006579 	.word	0x10006579
10006574:	10006b93 	.word	0x10006b93
10006578:	2200      	movs	r2, #0
1000657a:	9208      	str	r2, [sp, #32]
1000657c:	f1b9 0f30 	cmp.w	r9, #48	@ 0x30
10006580:	d07e      	beq.n	10006680 <_strtod_l+0x1f0>
10006582:	2300      	movs	r3, #0
10006584:	930a      	str	r3, [sp, #40]	@ 0x28
10006586:	f1a9 0330 	sub.w	r3, r9, #48	@ 0x30
1000658a:	2b09      	cmp	r3, #9
1000658c:	f200 8434 	bhi.w	10006df8 <_strtod_l+0x968>
10006590:	2500      	movs	r5, #0
10006592:	4638      	mov	r0, r7
10006594:	462e      	mov	r6, r5
10006596:	462c      	mov	r4, r5
10006598:	3001      	adds	r0, #1
1000659a:	2c08      	cmp	r4, #8
1000659c:	eb05 0285 	add.w	r2, r5, r5, lsl #2
100065a0:	f104 0401 	add.w	r4, r4, #1
100065a4:	eb06 0186 	add.w	r1, r6, r6, lsl #2
100065a8:	9019      	str	r0, [sp, #100]	@ 0x64
100065aa:	f890 9000 	ldrb.w	r9, [r0]
100065ae:	bfcc      	ite	gt
100065b0:	eb03 0542 	addgt.w	r5, r3, r2, lsl #1
100065b4:	eb03 0641 	addle.w	r6, r3, r1, lsl #1
100065b8:	f1a9 0330 	sub.w	r3, r9, #48	@ 0x30
100065bc:	2b09      	cmp	r3, #9
100065be:	d9eb      	bls.n	10006598 <_strtod_l+0x108>
100065c0:	2201      	movs	r2, #1
100065c2:	49a3      	ldr	r1, [pc, #652]	@ (10006850 <_strtod_l+0x3c0>)
100065c4:	f001 f89a 	bl	100076fc <strncmp>
100065c8:	bb58      	cbnz	r0, 10006622 <_strtod_l+0x192>
100065ca:	9b19      	ldr	r3, [sp, #100]	@ 0x64
100065cc:	46a2      	mov	sl, r4
100065ce:	9009      	str	r0, [sp, #36]	@ 0x24
100065d0:	1c5a      	adds	r2, r3, #1
100065d2:	9219      	str	r2, [sp, #100]	@ 0x64
100065d4:	785b      	ldrb	r3, [r3, #1]
100065d6:	f1a3 0230 	sub.w	r2, r3, #48	@ 0x30
100065da:	2a09      	cmp	r2, #9
100065dc:	d809      	bhi.n	100065f2 <_strtod_l+0x162>
100065de:	3001      	adds	r0, #1
100065e0:	4691      	mov	r9, r2
100065e2:	9919      	ldr	r1, [sp, #100]	@ 0x64
100065e4:	2a00      	cmp	r2, #0
100065e6:	f040 84d4 	bne.w	10006f92 <_strtod_l+0xb02>
100065ea:	1c4b      	adds	r3, r1, #1
100065ec:	9319      	str	r3, [sp, #100]	@ 0x64
100065ee:	784b      	ldrb	r3, [r1, #1]
100065f0:	e7f1      	b.n	100065d6 <_strtod_l+0x146>
100065f2:	f04f 0901 	mov.w	r9, #1
100065f6:	f023 0220 	bic.w	r2, r3, #32
100065fa:	2a45      	cmp	r2, #69	@ 0x45
100065fc:	f040 82b7 	bne.w	10006b6e <_strtod_l+0x6de>
10006600:	ea44 0300 	orr.w	r3, r4, r0
10006604:	9a0a      	ldr	r2, [sp, #40]	@ 0x28
10006606:	4313      	orrs	r3, r2
10006608:	f040 8250 	bne.w	10006aac <_strtod_l+0x61c>
1000660c:	9b07      	ldr	r3, [sp, #28]
1000660e:	2600      	movs	r6, #0
10006610:	2700      	movs	r7, #0
10006612:	b10b      	cbz	r3, 10006618 <_strtod_l+0x188>
10006614:	f8c3 8000 	str.w	r8, [r3]
10006618:	4630      	mov	r0, r6
1000661a:	4639      	mov	r1, r7
1000661c:	b01f      	add	sp, #124	@ 0x7c
1000661e:	e8bd 8ff0 	ldmia.w	sp!, {r4, r5, r6, r7, r8, r9, sl, fp, pc}
10006622:	f029 0220 	bic.w	r2, r9, #32
10006626:	2000      	movs	r0, #0
10006628:	464b      	mov	r3, r9
1000662a:	46a2      	mov	sl, r4
1000662c:	2a45      	cmp	r2, #69	@ 0x45
1000662e:	4681      	mov	r9, r0
10006630:	9009      	str	r0, [sp, #36]	@ 0x24
10006632:	f000 823b 	beq.w	10006aac <_strtod_l+0x61c>
10006636:	900e      	str	r0, [sp, #56]	@ 0x38
10006638:	2c00      	cmp	r4, #0
1000663a:	d135      	bne.n	100066a8 <_strtod_l+0x218>
1000663c:	9a0a      	ldr	r2, [sp, #40]	@ 0x28
1000663e:	4302      	orrs	r2, r0
10006640:	f040 8283 	bne.w	10006b4a <_strtod_l+0x6ba>
10006644:	f1b9 0f00 	cmp.w	r9, #0
10006648:	d1e0      	bne.n	1000660c <_strtod_l+0x17c>
1000664a:	2b69      	cmp	r3, #105	@ 0x69
1000664c:	f000 84cc 	beq.w	10006fe8 <_strtod_l+0xb58>
10006650:	f300 831f 	bgt.w	10006c92 <_strtod_l+0x802>
10006654:	2b49      	cmp	r3, #73	@ 0x49
10006656:	f000 84c7 	beq.w	10006fe8 <_strtod_l+0xb58>
1000665a:	2b4e      	cmp	r3, #78	@ 0x4e
1000665c:	d1d6      	bne.n	1000660c <_strtod_l+0x17c>
1000665e:	497d      	ldr	r1, [pc, #500]	@ (10006854 <_strtod_l+0x3c4>)
10006660:	a819      	add	r0, sp, #100	@ 0x64
10006662:	f001 fec7 	bl	100083f4 <__match>
10006666:	2800      	cmp	r0, #0
10006668:	d0d0      	beq.n	1000660c <_strtod_l+0x17c>
1000666a:	9b19      	ldr	r3, [sp, #100]	@ 0x64
1000666c:	781b      	ldrb	r3, [r3, #0]
1000666e:	2b28      	cmp	r3, #40	@ 0x28
10006670:	f000 8583 	beq.w	1000717a <_strtod_l+0xcea>
10006674:	4878      	ldr	r0, [pc, #480]	@ (10006858 <_strtod_l+0x3c8>)
10006676:	f001 fa8b 	bl	10007b90 <nan>
1000667a:	4606      	mov	r6, r0
1000667c:	460f      	mov	r7, r1
1000667e:	e266      	b.n	10006b4e <_strtod_l+0x6be>
10006680:	787a      	ldrb	r2, [r7, #1]
10006682:	f002 02df 	and.w	r2, r2, #223	@ 0xdf
10006686:	2a58      	cmp	r2, #88	@ 0x58
10006688:	f000 843f 	beq.w	10006f0a <_strtod_l+0xa7a>
1000668c:	3701      	adds	r7, #1
1000668e:	9719      	str	r7, [sp, #100]	@ 0x64
10006690:	f897 9000 	ldrb.w	r9, [r7]
10006694:	f1b9 0f30 	cmp.w	r9, #48	@ 0x30
10006698:	d0f8      	beq.n	1000668c <_strtod_l+0x1fc>
1000669a:	f1b9 0f00 	cmp.w	r9, #0
1000669e:	f000 8254 	beq.w	10006b4a <_strtod_l+0x6ba>
100066a2:	2301      	movs	r3, #1
100066a4:	930a      	str	r3, [sp, #40]	@ 0x28
100066a6:	e76e      	b.n	10006586 <_strtod_l+0xf6>
100066a8:	9a09      	ldr	r2, [sp, #36]	@ 0x24
100066aa:	f1ba 0f00 	cmp.w	sl, #0
100066ae:	bf08      	it	eq
100066b0:	46a2      	moveq	sl, r4
100066b2:	9b0e      	ldr	r3, [sp, #56]	@ 0x38
100066b4:	2c10      	cmp	r4, #16
100066b6:	4630      	mov	r0, r6
100066b8:	46a0      	mov	r8, r4
100066ba:	eba3 0302 	sub.w	r3, r3, r2
100066be:	bfa8      	it	ge
100066c0:	f04f 0810 	movge.w	r8, #16
100066c4:	930d      	str	r3, [sp, #52]	@ 0x34
100066c6:	f7fb f9a7 	bl	10001a18 <__wrap___aeabi_ui2d>
100066ca:	2c09      	cmp	r4, #9
100066cc:	4602      	mov	r2, r0
100066ce:	460b      	mov	r3, r1
100066d0:	e9cd 2304 	strd	r2, r3, [sp, #16]
100066d4:	dd17      	ble.n	10006706 <_strtod_l+0x276>
100066d6:	4b61      	ldr	r3, [pc, #388]	@ (1000685c <_strtod_l+0x3cc>)
100066d8:	eb03 03c8 	add.w	r3, r3, r8, lsl #3
100066dc:	e953 2312 	ldrd	r2, r3, [r3, #-72]	@ 0x48
100066e0:	f7fb f908 	bl	100018f4 <__wrap___aeabi_dmul>
100066e4:	4602      	mov	r2, r0
100066e6:	460b      	mov	r3, r1
100066e8:	4628      	mov	r0, r5
100066ea:	e9cd 2304 	strd	r2, r3, [sp, #16]
100066ee:	f7fb f993 	bl	10001a18 <__wrap___aeabi_ui2d>
100066f2:	4602      	mov	r2, r0
100066f4:	460b      	mov	r3, r1
100066f6:	e9dd 0104 	ldrd	r0, r1, [sp, #16]
100066fa:	f7fb f8d3 	bl	100018a4 <__wrap___aeabi_dadd>
100066fe:	2c0f      	cmp	r4, #15
10006700:	e9cd 0104 	strd	r0, r1, [sp, #16]
10006704:	dc24      	bgt.n	10006750 <_strtod_l+0x2c0>
10006706:	9b0d      	ldr	r3, [sp, #52]	@ 0x34
10006708:	2b00      	cmp	r3, #0
1000670a:	f000 83b5 	beq.w	10006e78 <_strtod_l+0x9e8>
1000670e:	9b0d      	ldr	r3, [sp, #52]	@ 0x34
10006710:	f340 82ad 	ble.w	10006c6e <_strtod_l+0x7de>
10006714:	2b16      	cmp	r3, #22
10006716:	f340 8484 	ble.w	10007022 <_strtod_l+0xb92>
1000671a:	f1c4 0325 	rsb	r3, r4, #37	@ 0x25
1000671e:	9a0d      	ldr	r2, [sp, #52]	@ 0x34
10006720:	4293      	cmp	r3, r2
10006722:	db15      	blt.n	10006750 <_strtod_l+0x2c0>
10006724:	f1c4 040f 	rsb	r4, r4, #15
10006728:	4d4c      	ldr	r5, [pc, #304]	@ (1000685c <_strtod_l+0x3cc>)
1000672a:	eb05 01c4 	add.w	r1, r5, r4, lsl #3
1000672e:	e9dd 2304 	ldrd	r2, r3, [sp, #16]
10006732:	e9d1 0100 	ldrd	r0, r1, [r1]
10006736:	f7fb f8dd 	bl	100018f4 <__wrap___aeabi_dmul>
1000673a:	9b0d      	ldr	r3, [sp, #52]	@ 0x34
1000673c:	1b1c      	subs	r4, r3, r4
1000673e:	eb05 05c4 	add.w	r5, r5, r4, lsl #3
10006742:	e9d5 2300 	ldrd	r2, r3, [r5]
10006746:	f7fb f8d5 	bl	100018f4 <__wrap___aeabi_dmul>
1000674a:	4606      	mov	r6, r0
1000674c:	460f      	mov	r7, r1
1000674e:	e1fe      	b.n	10006b4e <_strtod_l+0x6be>
10006750:	eba4 0308 	sub.w	r3, r4, r8
10006754:	9a0d      	ldr	r2, [sp, #52]	@ 0x34
10006756:	189d      	adds	r5, r3, r2
10006758:	2d00      	cmp	r5, #0
1000675a:	f340 822b 	ble.w	10006bb4 <_strtod_l+0x724>
1000675e:	f015 000f 	ands.w	r0, r5, #15
10006762:	d00a      	beq.n	1000677a <_strtod_l+0x2ea>
10006764:	493d      	ldr	r1, [pc, #244]	@ (1000685c <_strtod_l+0x3cc>)
10006766:	eb01 01c0 	add.w	r1, r1, r0, lsl #3
1000676a:	e9dd 2304 	ldrd	r2, r3, [sp, #16]
1000676e:	e9d1 0100 	ldrd	r0, r1, [r1]
10006772:	f7fb f8bf 	bl	100018f4 <__wrap___aeabi_dmul>
10006776:	e9cd 0104 	strd	r0, r1, [sp, #16]
1000677a:	f035 030f 	bics.w	r3, r5, #15
1000677e:	d04b      	beq.n	10006818 <_strtod_l+0x388>
10006780:	f5b3 7f9a 	cmp.w	r3, #308	@ 0x134
10006784:	f300 845a 	bgt.w	1000703c <_strtod_l+0xbac>
10006788:	2b10      	cmp	r3, #16
1000678a:	ea4f 1523 	mov.w	r5, r3, asr #4
1000678e:	f340 85b3 	ble.w	100072f8 <_strtod_l+0xe68>
10006792:	f8df e0dc 	ldr.w	lr, [pc, #220]	@ 10006870 <_strtod_l+0x3e0>
10006796:	f04f 0c00 	mov.w	ip, #0
1000679a:	960a      	str	r6, [sp, #40]	@ 0x28
1000679c:	46f0      	mov	r8, lr
1000679e:	46e1      	mov	r9, ip
100067a0:	4676      	mov	r6, lr
100067a2:	e9dd 2304 	ldrd	r2, r3, [sp, #16]
100067a6:	f015 0f01 	tst.w	r5, #1
100067aa:	4610      	mov	r0, r2
100067ac:	4619      	mov	r1, r3
100067ae:	d007      	beq.n	100067c0 <_strtod_l+0x330>
100067b0:	e9d8 2300 	ldrd	r2, r3, [r8]
100067b4:	f7fb f89e 	bl	100018f4 <__wrap___aeabi_dmul>
100067b8:	f04f 0c01 	mov.w	ip, #1
100067bc:	4602      	mov	r2, r0
100067be:	460b      	mov	r3, r1
100067c0:	106d      	asrs	r5, r5, #1
100067c2:	f109 0901 	add.w	r9, r9, #1
100067c6:	f108 0808 	add.w	r8, r8, #8
100067ca:	2d01      	cmp	r5, #1
100067cc:	d1eb      	bne.n	100067a6 <_strtod_l+0x316>
100067ce:	46b6      	mov	lr, r6
100067d0:	9e0a      	ldr	r6, [sp, #40]	@ 0x28
100067d2:	f1bc 0f00 	cmp.w	ip, #0
100067d6:	d001      	beq.n	100067dc <_strtod_l+0x34c>
100067d8:	e9cd 2304 	strd	r2, r3, [sp, #16]
100067dc:	9b05      	ldr	r3, [sp, #20]
100067de:	eb0e 01c9 	add.w	r1, lr, r9, lsl #3
100067e2:	f1a3 7354 	sub.w	r3, r3, #55574528	@ 0x3500000
100067e6:	9305      	str	r3, [sp, #20]
100067e8:	e9dd 2304 	ldrd	r2, r3, [sp, #16]
100067ec:	e9d1 0100 	ldrd	r0, r1, [r1]
100067f0:	f7fb f880 	bl	100018f4 <__wrap___aeabi_dmul>
100067f4:	4b1a      	ldr	r3, [pc, #104]	@ (10006860 <_strtod_l+0x3d0>)
100067f6:	460a      	mov	r2, r1
100067f8:	400b      	ands	r3, r1
100067fa:	e9cd 0104 	strd	r0, r1, [sp, #16]
100067fe:	4919      	ldr	r1, [pc, #100]	@ (10006864 <_strtod_l+0x3d4>)
10006800:	428b      	cmp	r3, r1
10006802:	f200 841b 	bhi.w	1000703c <_strtod_l+0xbac>
10006806:	4918      	ldr	r1, [pc, #96]	@ (10006868 <_strtod_l+0x3d8>)
10006808:	428b      	cmp	r3, r1
1000680a:	f240 84c9 	bls.w	100071a0 <_strtod_l+0xd10>
1000680e:	f04f 32ff 	mov.w	r2, #4294967295	@ 0xffffffff
10006812:	4b16      	ldr	r3, [pc, #88]	@ (1000686c <_strtod_l+0x3dc>)
10006814:	e9cd 2304 	strd	r2, r3, [sp, #16]
10006818:	2300      	movs	r3, #0
1000681a:	930c      	str	r3, [sp, #48]	@ 0x30
1000681c:	4623      	mov	r3, r4
1000681e:	4652      	mov	r2, sl
10006820:	4639      	mov	r1, r7
10006822:	4658      	mov	r0, fp
10006824:	9600      	str	r6, [sp, #0]
10006826:	f001 ff77 	bl	10008718 <__s2b>
1000682a:	9015      	str	r0, [sp, #84]	@ 0x54
1000682c:	2800      	cmp	r0, #0
1000682e:	f000 8405 	beq.w	1000703c <_strtod_l+0xbac>
10006832:	9a0e      	ldr	r2, [sp, #56]	@ 0x38
10006834:	9b09      	ldr	r3, [sp, #36]	@ 0x24
10006836:	1a9b      	subs	r3, r3, r2
10006838:	9a0d      	ldr	r2, [sp, #52]	@ 0x34
1000683a:	2a00      	cmp	r2, #0
1000683c:	ea22 72e2 	bic.w	r2, r2, r2, asr #31
10006840:	bfa8      	it	ge
10006842:	2300      	movge	r3, #0
10006844:	9214      	str	r2, [sp, #80]	@ 0x50
10006846:	930e      	str	r3, [sp, #56]	@ 0x38
10006848:	2300      	movs	r3, #0
1000684a:	469a      	mov	sl, r3
1000684c:	9309      	str	r3, [sp, #36]	@ 0x24
1000684e:	e0eb      	b.n	10006a28 <_strtod_l+0x598>
10006850:	100092dc 	.word	0x100092dc
10006854:	100092ec 	.word	0x100092ec
10006858:	10009148 	.word	0x10009148
1000685c:	10010240 	.word	0x10010240
10006860:	7ff00000 	.word	0x7ff00000
10006864:	7ca00000 	.word	0x7ca00000
10006868:	7c900000 	.word	0x7c900000
1000686c:	7fefffff 	.word	0x7fefffff
10006870:	10010218 	.word	0x10010218
10006874:	1ad2      	subs	r2, r2, r3
10006876:	2a1f      	cmp	r2, #31
10006878:	eba4 0402 	sub.w	r4, r4, r2
1000687c:	f300 827c 	bgt.w	10006d78 <_strtod_l+0x8e8>
10006880:	2301      	movs	r3, #1
10006882:	2500      	movs	r5, #0
10006884:	4093      	lsls	r3, r2
10006886:	461e      	mov	r6, r3
10006888:	44a0      	add	r8, r4
1000688a:	444c      	add	r4, r9
1000688c:	9b0c      	ldr	r3, [sp, #48]	@ 0x30
1000688e:	45a1      	cmp	r9, r4
10006890:	4498      	add	r8, r3
10006892:	464b      	mov	r3, r9
10006894:	bfa8      	it	ge
10006896:	4623      	movge	r3, r4
10006898:	4543      	cmp	r3, r8
1000689a:	bfa8      	it	ge
1000689c:	4643      	movge	r3, r8
1000689e:	2b00      	cmp	r3, #0
100068a0:	dd04      	ble.n	100068ac <_strtod_l+0x41c>
100068a2:	1ae4      	subs	r4, r4, r3
100068a4:	eba8 0803 	sub.w	r8, r8, r3
100068a8:	eba9 0903 	sub.w	r9, r9, r3
100068ac:	9b0e      	ldr	r3, [sp, #56]	@ 0x38
100068ae:	2b00      	cmp	r3, #0
100068b0:	f300 8203 	bgt.w	10006cba <_strtod_l+0x82a>
100068b4:	2c00      	cmp	r4, #0
100068b6:	f300 8219 	bgt.w	10006cec <_strtod_l+0x85c>
100068ba:	9b0d      	ldr	r3, [sp, #52]	@ 0x34
100068bc:	2b00      	cmp	r3, #0
100068be:	f300 824c 	bgt.w	10006d5a <_strtod_l+0x8ca>
100068c2:	f1b8 0f00 	cmp.w	r8, #0
100068c6:	f300 823c 	bgt.w	10006d42 <_strtod_l+0x8b2>
100068ca:	f1b9 0f00 	cmp.w	r9, #0
100068ce:	dd08      	ble.n	100068e2 <_strtod_l+0x452>
100068d0:	4651      	mov	r1, sl
100068d2:	464a      	mov	r2, r9
100068d4:	4658      	mov	r0, fp
100068d6:	f002 f905 	bl	10008ae4 <__lshift>
100068da:	4682      	mov	sl, r0
100068dc:	2800      	cmp	r0, #0
100068de:	f000 8239 	beq.w	10006d54 <_strtod_l+0x8c4>
100068e2:	463a      	mov	r2, r7
100068e4:	991a      	ldr	r1, [sp, #104]	@ 0x68
100068e6:	4658      	mov	r0, fp
100068e8:	f002 f992 	bl	10008c10 <__mdiff>
100068ec:	9009      	str	r0, [sp, #36]	@ 0x24
100068ee:	2800      	cmp	r0, #0
100068f0:	f000 8230 	beq.w	10006d54 <_strtod_l+0x8c4>
100068f4:	9a09      	ldr	r2, [sp, #36]	@ 0x24
100068f6:	2300      	movs	r3, #0
100068f8:	68d1      	ldr	r1, [r2, #12]
100068fa:	60d3      	str	r3, [r2, #12]
100068fc:	910f      	str	r1, [sp, #60]	@ 0x3c
100068fe:	4651      	mov	r1, sl
10006900:	f002 f964 	bl	10008bcc <__mcmp>
10006904:	2800      	cmp	r0, #0
10006906:	f2c0 8479 	blt.w	100071fc <_strtod_l+0xd6c>
1000690a:	f8dd 9014 	ldr.w	r9, [sp, #20]
1000690e:	f000 83e7 	beq.w	100070e0 <_strtod_l+0xc50>
10006912:	4651      	mov	r1, sl
10006914:	9809      	ldr	r0, [sp, #36]	@ 0x24
10006916:	f002 fb23 	bl	10008f60 <__ratio>
1000691a:	2200      	movs	r2, #0
1000691c:	f04f 4380 	mov.w	r3, #1073741824	@ 0x40000000
10006920:	4604      	mov	r4, r0
10006922:	460d      	mov	r5, r1
10006924:	f7fb f8e6 	bl	10001af4 <__wrap___aeabi_dcmple>
10006928:	2800      	cmp	r0, #0
1000692a:	f000 81b6 	beq.w	10006c9a <_strtod_l+0x80a>
1000692e:	9b0f      	ldr	r3, [sp, #60]	@ 0x3c
10006930:	2b00      	cmp	r3, #0
10006932:	f040 8228 	bne.w	10006d86 <_strtod_l+0x8f6>
10006936:	9b04      	ldr	r3, [sp, #16]
10006938:	2b00      	cmp	r3, #0
1000693a:	f040 8312 	bne.w	10006f62 <_strtod_l+0xad2>
1000693e:	f3c9 0313 	ubfx	r3, r9, #0, #20
10006942:	2b00      	cmp	r3, #0
10006944:	f040 829b 	bne.w	10006e7e <_strtod_l+0x9ee>
10006948:	2200      	movs	r2, #0
1000694a:	4b95      	ldr	r3, [pc, #596]	@ (10006ba0 <_strtod_l+0x710>)
1000694c:	4620      	mov	r0, r4
1000694e:	4629      	mov	r1, r5
10006950:	f7fb f8bc 	bl	10001acc <__wrap___aeabi_dcmplt>
10006954:	2800      	cmp	r0, #0
10006956:	f040 83ba 	bne.w	100070ce <_strtod_l+0xc3e>
1000695a:	2200      	movs	r2, #0
1000695c:	4b91      	ldr	r3, [pc, #580]	@ (10006ba4 <_strtod_l+0x714>)
1000695e:	4620      	mov	r0, r4
10006960:	4629      	mov	r1, r5
10006962:	f7fa ffc7 	bl	100018f4 <__wrap___aeabi_dmul>
10006966:	460a      	mov	r2, r1
10006968:	4601      	mov	r1, r0
1000696a:	9010      	str	r0, [sp, #64]	@ 0x40
1000696c:	f102 4300 	add.w	r3, r2, #2147483648	@ 0x80000000
10006970:	e9cd 1212 	strd	r1, r2, [sp, #72]	@ 0x48
10006974:	9311      	str	r3, [sp, #68]	@ 0x44
10006976:	f8df 8234 	ldr.w	r8, [pc, #564]	@ 10006bac <_strtod_l+0x71c>
1000697a:	4b8b      	ldr	r3, [pc, #556]	@ (10006ba8 <_strtod_l+0x718>)
1000697c:	ea09 0808 	and.w	r8, r9, r8
10006980:	4598      	cmp	r8, r3
10006982:	e9dd 4510 	ldrd	r4, r5, [sp, #64]	@ 0x40
10006986:	f000 820a 	beq.w	10006d9e <_strtod_l+0x90e>
1000698a:	9b0c      	ldr	r3, [sp, #48]	@ 0x30
1000698c:	b31b      	cbz	r3, 100069d6 <_strtod_l+0x546>
1000698e:	f1b8 6fd4 	cmp.w	r8, #111149056	@ 0x6a00000
10006992:	d820      	bhi.n	100069d6 <_strtod_l+0x546>
10006994:	a380      	add	r3, pc, #512	@ (adr r3, 10006b98 <_strtod_l+0x708>)
10006996:	e9d3 2300 	ldrd	r2, r3, [r3]
1000699a:	e9dd 0112 	ldrd	r0, r1, [sp, #72]	@ 0x48
1000699e:	f7fb f8a9 	bl	10001af4 <__wrap___aeabi_dcmple>
100069a2:	b1a0      	cbz	r0, 100069ce <_strtod_l+0x53e>
100069a4:	e9dd 0112 	ldrd	r0, r1, [sp, #72]	@ 0x48
100069a8:	f7fb f85a 	bl	10001a60 <__wrap___aeabi_d2uiz>
100069ac:	2801      	cmp	r0, #1
100069ae:	bf38      	it	cc
100069b0:	2001      	movcc	r0, #1
100069b2:	f7fb f831 	bl	10001a18 <__wrap___aeabi_ui2d>
100069b6:	9b0f      	ldr	r3, [sp, #60]	@ 0x3c
100069b8:	e9cd 0112 	strd	r0, r1, [sp, #72]	@ 0x48
100069bc:	2b00      	cmp	r3, #0
100069be:	f040 82e3 	bne.w	10006f88 <_strtod_l+0xaf8>
100069c2:	f101 4300 	add.w	r3, r1, #2147483648	@ 0x80000000
100069c6:	9016      	str	r0, [sp, #88]	@ 0x58
100069c8:	9317      	str	r3, [sp, #92]	@ 0x5c
100069ca:	e9dd 4516 	ldrd	r4, r5, [sp, #88]	@ 0x58
100069ce:	f105 63d6 	add.w	r3, r5, #112197632	@ 0x6b00000
100069d2:	eba3 0508 	sub.w	r5, r3, r8
100069d6:	e9dd 010a 	ldrd	r0, r1, [sp, #40]	@ 0x28
100069da:	f002 f9d9 	bl	10008d90 <__ulp>
100069de:	4602      	mov	r2, r0
100069e0:	460b      	mov	r3, r1
100069e2:	4620      	mov	r0, r4
100069e4:	4629      	mov	r1, r5
100069e6:	f7fa ff85 	bl	100018f4 <__wrap___aeabi_dmul>
100069ea:	e9dd 230a 	ldrd	r2, r3, [sp, #40]	@ 0x28
100069ee:	f7fa ff59 	bl	100018a4 <__wrap___aeabi_dadd>
100069f2:	460c      	mov	r4, r1
100069f4:	e9cd 0104 	strd	r0, r1, [sp, #16]
100069f8:	4b6c      	ldr	r3, [pc, #432]	@ (10006bac <_strtod_l+0x71c>)
100069fa:	4023      	ands	r3, r4
100069fc:	4543      	cmp	r3, r8
100069fe:	d103      	bne.n	10006a08 <_strtod_l+0x578>
10006a00:	9b0c      	ldr	r3, [sp, #48]	@ 0x30
10006a02:	2b00      	cmp	r3, #0
10006a04:	f000 825c 	beq.w	10006ec0 <_strtod_l+0xa30>
10006a08:	991a      	ldr	r1, [sp, #104]	@ 0x68
10006a0a:	4658      	mov	r0, fp
10006a0c:	f001 fe28 	bl	10008660 <_Bfree>
10006a10:	4639      	mov	r1, r7
10006a12:	4658      	mov	r0, fp
10006a14:	f001 fe24 	bl	10008660 <_Bfree>
10006a18:	4651      	mov	r1, sl
10006a1a:	4658      	mov	r0, fp
10006a1c:	f001 fe20 	bl	10008660 <_Bfree>
10006a20:	9909      	ldr	r1, [sp, #36]	@ 0x24
10006a22:	4658      	mov	r0, fp
10006a24:	f001 fe1c 	bl	10008660 <_Bfree>
10006a28:	9c15      	ldr	r4, [sp, #84]	@ 0x54
10006a2a:	4658      	mov	r0, fp
10006a2c:	6861      	ldr	r1, [r4, #4]
10006a2e:	f001 fdf1 	bl	10008614 <_Balloc>
10006a32:	4607      	mov	r7, r0
10006a34:	2800      	cmp	r0, #0
10006a36:	f000 818d 	beq.w	10006d54 <_strtod_l+0x8c4>
10006a3a:	6922      	ldr	r2, [r4, #16]
10006a3c:	f104 010c 	add.w	r1, r4, #12
10006a40:	300c      	adds	r0, #12
10006a42:	3202      	adds	r2, #2
10006a44:	0092      	lsls	r2, r2, #2
10006a46:	f7fd fd79 	bl	1000453c <memcpy>
10006a4a:	ab1c      	add	r3, sp, #112	@ 0x70
10006a4c:	4658      	mov	r0, fp
10006a4e:	9301      	str	r3, [sp, #4]
10006a50:	ab1b      	add	r3, sp, #108	@ 0x6c
10006a52:	ed9d 7b04 	vldr	d7, [sp, #16]
10006a56:	9300      	str	r3, [sp, #0]
10006a58:	ec53 2b17 	vmov	r2, r3, d7
10006a5c:	ed8d 7b0a 	vstr	d7, [sp, #40]	@ 0x28
10006a60:	f002 fa1e 	bl	10008ea0 <__d2b>
10006a64:	901a      	str	r0, [sp, #104]	@ 0x68
10006a66:	2800      	cmp	r0, #0
10006a68:	f000 8149 	beq.w	10006cfe <_strtod_l+0x86e>
10006a6c:	2101      	movs	r1, #1
10006a6e:	4658      	mov	r0, fp
10006a70:	f001 fefe 	bl	10008870 <__i2b>
10006a74:	4682      	mov	sl, r0
10006a76:	2800      	cmp	r0, #0
10006a78:	f000 816c 	beq.w	10006d54 <_strtod_l+0x8c4>
10006a7c:	9b1b      	ldr	r3, [sp, #108]	@ 0x6c
10006a7e:	2b00      	cmp	r3, #0
10006a80:	f2c0 8159 	blt.w	10006d36 <_strtod_l+0x8a6>
10006a84:	9a0e      	ldr	r2, [sp, #56]	@ 0x38
10006a86:	f8dd 8050 	ldr.w	r8, [sp, #80]	@ 0x50
10006a8a:	eb03 0902 	add.w	r9, r3, r2
10006a8e:	9a0c      	ldr	r2, [sp, #48]	@ 0x30
10006a90:	9c1c      	ldr	r4, [sp, #112]	@ 0x70
10006a92:	1a9b      	subs	r3, r3, r2
10006a94:	4a46      	ldr	r2, [pc, #280]	@ (10006bb0 <_strtod_l+0x720>)
10006a96:	4423      	add	r3, r4
10006a98:	f1c4 0436 	rsb	r4, r4, #54	@ 0x36
10006a9c:	3b01      	subs	r3, #1
10006a9e:	4293      	cmp	r3, r2
10006aa0:	f6ff aee8 	blt.w	10006874 <_strtod_l+0x3e4>
10006aa4:	2301      	movs	r3, #1
10006aa6:	2500      	movs	r5, #0
10006aa8:	461e      	mov	r6, r3
10006aaa:	e6ed      	b.n	10006888 <_strtod_l+0x3f8>
10006aac:	f8dd 8064 	ldr.w	r8, [sp, #100]	@ 0x64
10006ab0:	f108 0301 	add.w	r3, r8, #1
10006ab4:	9319      	str	r3, [sp, #100]	@ 0x64
10006ab6:	f898 3001 	ldrb.w	r3, [r8, #1]
10006aba:	2b2b      	cmp	r3, #43	@ 0x2b
10006abc:	f000 8199 	beq.w	10006df2 <_strtod_l+0x962>
10006ac0:	2b2d      	cmp	r3, #45	@ 0x2d
10006ac2:	d157      	bne.n	10006b74 <_strtod_l+0x6e4>
10006ac4:	f04f 0e01 	mov.w	lr, #1
10006ac8:	f108 0302 	add.w	r3, r8, #2
10006acc:	9319      	str	r3, [sp, #100]	@ 0x64
10006ace:	f898 3002 	ldrb.w	r3, [r8, #2]
10006ad2:	f1a3 0c30 	sub.w	ip, r3, #48	@ 0x30
10006ad6:	f1bc 0f09 	cmp.w	ip, #9
10006ada:	f200 8148 	bhi.w	10006d6e <_strtod_l+0x8de>
10006ade:	9a19      	ldr	r2, [sp, #100]	@ 0x64
10006ae0:	2b30      	cmp	r3, #48	@ 0x30
10006ae2:	920c      	str	r2, [sp, #48]	@ 0x30
10006ae4:	d10b      	bne.n	10006afe <_strtod_l+0x66e>
10006ae6:	3201      	adds	r2, #1
10006ae8:	9219      	str	r2, [sp, #100]	@ 0x64
10006aea:	7813      	ldrb	r3, [r2, #0]
10006aec:	2b30      	cmp	r3, #48	@ 0x30
10006aee:	d0fa      	beq.n	10006ae6 <_strtod_l+0x656>
10006af0:	f1a3 0131 	sub.w	r1, r3, #49	@ 0x31
10006af4:	920c      	str	r2, [sp, #48]	@ 0x30
10006af6:	2908      	cmp	r1, #8
10006af8:	d839      	bhi.n	10006b6e <_strtod_l+0x6de>
10006afa:	f1a3 0c30 	sub.w	ip, r3, #48	@ 0x30
10006afe:	9b0c      	ldr	r3, [sp, #48]	@ 0x30
10006b00:	1c59      	adds	r1, r3, #1
10006b02:	9119      	str	r1, [sp, #100]	@ 0x64
10006b04:	785b      	ldrb	r3, [r3, #1]
10006b06:	f1a3 0230 	sub.w	r2, r3, #48	@ 0x30
10006b0a:	2a09      	cmp	r2, #9
10006b0c:	f200 8281 	bhi.w	10007012 <_strtod_l+0xb82>
10006b10:	3101      	adds	r1, #1
10006b12:	eb0c 0c8c 	add.w	ip, ip, ip, lsl #2
10006b16:	9119      	str	r1, [sp, #100]	@ 0x64
10006b18:	eb03 0c4c 	add.w	ip, r3, ip, lsl #1
10006b1c:	780b      	ldrb	r3, [r1, #0]
10006b1e:	f1ac 0c30 	sub.w	ip, ip, #48	@ 0x30
10006b22:	f1a3 0230 	sub.w	r2, r3, #48	@ 0x30
10006b26:	2a09      	cmp	r2, #9
10006b28:	d9f2      	bls.n	10006b10 <_strtod_l+0x680>
10006b2a:	9a0c      	ldr	r2, [sp, #48]	@ 0x30
10006b2c:	1a89      	subs	r1, r1, r2
10006b2e:	2908      	cmp	r1, #8
10006b30:	f340 826f 	ble.w	10007012 <_strtod_l+0xb82>
10006b34:	f644 621f 	movw	r2, #19999	@ 0x4e1f
10006b38:	920e      	str	r2, [sp, #56]	@ 0x38
10006b3a:	f1be 0f00 	cmp.w	lr, #0
10006b3e:	f43f ad7b 	beq.w	10006638 <_strtod_l+0x1a8>
10006b42:	9a0e      	ldr	r2, [sp, #56]	@ 0x38
10006b44:	4252      	negs	r2, r2
10006b46:	920e      	str	r2, [sp, #56]	@ 0x38
10006b48:	e576      	b.n	10006638 <_strtod_l+0x1a8>
10006b4a:	2600      	movs	r6, #0
10006b4c:	2700      	movs	r7, #0
10006b4e:	9a07      	ldr	r2, [sp, #28]
10006b50:	b10a      	cbz	r2, 10006b56 <_strtod_l+0x6c6>
10006b52:	9b19      	ldr	r3, [sp, #100]	@ 0x64
10006b54:	6013      	str	r3, [r2, #0]
10006b56:	9b08      	ldr	r3, [sp, #32]
10006b58:	2b00      	cmp	r3, #0
10006b5a:	f43f ad5d 	beq.w	10006618 <_strtod_l+0x188>
10006b5e:	f107 4300 	add.w	r3, r7, #2147483648	@ 0x80000000
10006b62:	4630      	mov	r0, r6
10006b64:	461f      	mov	r7, r3
10006b66:	4639      	mov	r1, r7
10006b68:	b01f      	add	sp, #124	@ 0x7c
10006b6a:	e8bd 8ff0 	ldmia.w	sp!, {r4, r5, r6, r7, r8, r9, sl, fp, pc}
10006b6e:	2200      	movs	r2, #0
10006b70:	920e      	str	r2, [sp, #56]	@ 0x38
10006b72:	e561      	b.n	10006638 <_strtod_l+0x1a8>
10006b74:	f04f 0e00 	mov.w	lr, #0
10006b78:	e7ab      	b.n	10006ad2 <_strtod_l+0x642>
10006b7a:	2200      	movs	r2, #0
10006b7c:	9208      	str	r2, [sp, #32]
10006b7e:	1c7a      	adds	r2, r7, #1
10006b80:	9219      	str	r2, [sp, #100]	@ 0x64
10006b82:	f897 9001 	ldrb.w	r9, [r7, #1]
10006b86:	f1b9 0f00 	cmp.w	r9, #0
10006b8a:	f43f ad3f 	beq.w	1000660c <_strtod_l+0x17c>
10006b8e:	4617      	mov	r7, r2
10006b90:	e4f4      	b.n	1000657c <_strtod_l+0xec>
10006b92:	2201      	movs	r2, #1
10006b94:	9208      	str	r2, [sp, #32]
10006b96:	e7f2      	b.n	10006b7e <_strtod_l+0x6ee>
10006b98:	ffc00000 	.word	0xffc00000
10006b9c:	41dfffff 	.word	0x41dfffff
10006ba0:	3ff00000 	.word	0x3ff00000
10006ba4:	3fe00000 	.word	0x3fe00000
10006ba8:	7fe00000 	.word	0x7fe00000
10006bac:	7ff00000 	.word	0x7ff00000
10006bb0:	fffffc02 	.word	0xfffffc02
10006bb4:	f43f ae30 	beq.w	10006818 <_strtod_l+0x388>
10006bb8:	426d      	negs	r5, r5
10006bba:	f015 020f 	ands.w	r2, r5, #15
10006bbe:	d00a      	beq.n	10006bd6 <_strtod_l+0x746>
10006bc0:	4bb7      	ldr	r3, [pc, #732]	@ (10006ea0 <_strtod_l+0xa10>)
10006bc2:	eb03 03c2 	add.w	r3, r3, r2, lsl #3
10006bc6:	e9dd 0104 	ldrd	r0, r1, [sp, #16]
10006bca:	e9d3 2300 	ldrd	r2, r3, [r3]
10006bce:	f7fa feb5 	bl	1000193c <__wrap___aeabi_ddiv>
10006bd2:	e9cd 0104 	strd	r0, r1, [sp, #16]
10006bd6:	112d      	asrs	r5, r5, #4
10006bd8:	f43f ae1e 	beq.w	10006818 <_strtod_l+0x388>
10006bdc:	2d1f      	cmp	r5, #31
10006bde:	dc40      	bgt.n	10006c62 <_strtod_l+0x7d2>
10006be0:	f015 0310 	ands.w	r3, r5, #16
10006be4:	f8df 82d4 	ldr.w	r8, [pc, #724]	@ 10006ebc <_strtod_l+0xa2c>
10006be8:	f04f 0c00 	mov.w	ip, #0
10006bec:	bf18      	it	ne
10006bee:	236a      	movne	r3, #106	@ 0x6a
10006bf0:	930c      	str	r3, [sp, #48]	@ 0x30
10006bf2:	e9dd 2304 	ldrd	r2, r3, [sp, #16]
10006bf6:	f015 0f01 	tst.w	r5, #1
10006bfa:	4610      	mov	r0, r2
10006bfc:	4619      	mov	r1, r3
10006bfe:	d007      	beq.n	10006c10 <_strtod_l+0x780>
10006c00:	e9d8 2300 	ldrd	r2, r3, [r8]
10006c04:	f7fa fe76 	bl	100018f4 <__wrap___aeabi_dmul>
10006c08:	f04f 0c01 	mov.w	ip, #1
10006c0c:	4602      	mov	r2, r0
10006c0e:	460b      	mov	r3, r1
10006c10:	106d      	asrs	r5, r5, #1
10006c12:	f108 0808 	add.w	r8, r8, #8
10006c16:	d1ee      	bne.n	10006bf6 <_strtod_l+0x766>
10006c18:	f1bc 0f00 	cmp.w	ip, #0
10006c1c:	d001      	beq.n	10006c22 <_strtod_l+0x792>
10006c1e:	e9cd 2304 	strd	r2, r3, [sp, #16]
10006c22:	9b0c      	ldr	r3, [sp, #48]	@ 0x30
10006c24:	b1a3      	cbz	r3, 10006c50 <_strtod_l+0x7c0>
10006c26:	e9dd 0104 	ldrd	r0, r1, [sp, #16]
10006c2a:	f3c1 520a 	ubfx	r2, r1, #20, #11
10006c2e:	f1c2 036b 	rsb	r3, r2, #107	@ 0x6b
10006c32:	2b00      	cmp	r3, #0
10006c34:	dd0a      	ble.n	10006c4c <_strtod_l+0x7bc>
10006c36:	2b1f      	cmp	r3, #31
10006c38:	f340 8382 	ble.w	10007340 <_strtod_l+0xeb0>
10006c3c:	2000      	movs	r0, #0
10006c3e:	2b34      	cmp	r3, #52	@ 0x34
10006c40:	9004      	str	r0, [sp, #16]
10006c42:	f340 83b8 	ble.w	100073b6 <_strtod_l+0xf26>
10006c46:	f04f 735c 	mov.w	r3, #57671680	@ 0x3700000
10006c4a:	9305      	str	r3, [sp, #20]
10006c4c:	236a      	movs	r3, #106	@ 0x6a
10006c4e:	930c      	str	r3, [sp, #48]	@ 0x30
10006c50:	2200      	movs	r2, #0
10006c52:	2300      	movs	r3, #0
10006c54:	e9dd 0104 	ldrd	r0, r1, [sp, #16]
10006c58:	f7fa ff26 	bl	10001aa8 <__wrap___aeabi_dcmpeq>
10006c5c:	2800      	cmp	r0, #0
10006c5e:	f43f addd 	beq.w	1000681c <_strtod_l+0x38c>
10006c62:	2322      	movs	r3, #34	@ 0x22
10006c64:	2600      	movs	r6, #0
10006c66:	2700      	movs	r7, #0
10006c68:	f8cb 3000 	str.w	r3, [fp]
10006c6c:	e76f      	b.n	10006b4e <_strtod_l+0x6be>
10006c6e:	3316      	adds	r3, #22
10006c70:	f6ff ad6e 	blt.w	10006750 <_strtod_l+0x2c0>
10006c74:	9b09      	ldr	r3, [sp, #36]	@ 0x24
10006c76:	9a0e      	ldr	r2, [sp, #56]	@ 0x38
10006c78:	1a9a      	subs	r2, r3, r2
10006c7a:	4b89      	ldr	r3, [pc, #548]	@ (10006ea0 <_strtod_l+0xa10>)
10006c7c:	eb03 03c2 	add.w	r3, r3, r2, lsl #3
10006c80:	e9dd 0104 	ldrd	r0, r1, [sp, #16]
10006c84:	e9d3 2300 	ldrd	r2, r3, [r3]
10006c88:	f7fa fe58 	bl	1000193c <__wrap___aeabi_ddiv>
10006c8c:	4606      	mov	r6, r0
10006c8e:	460f      	mov	r7, r1
10006c90:	e75d      	b.n	10006b4e <_strtod_l+0x6be>
10006c92:	2b6e      	cmp	r3, #110	@ 0x6e
10006c94:	f43f ace3 	beq.w	1000665e <_strtod_l+0x1ce>
10006c98:	e4b8      	b.n	1000660c <_strtod_l+0x17c>
10006c9a:	4b82      	ldr	r3, [pc, #520]	@ (10006ea4 <_strtod_l+0xa14>)
10006c9c:	4620      	mov	r0, r4
10006c9e:	4629      	mov	r1, r5
10006ca0:	2200      	movs	r2, #0
10006ca2:	f7fa fe27 	bl	100018f4 <__wrap___aeabi_dmul>
10006ca6:	9b0f      	ldr	r3, [sp, #60]	@ 0x3c
10006ca8:	e9cd 0112 	strd	r0, r1, [sp, #72]	@ 0x48
10006cac:	2b00      	cmp	r3, #0
10006cae:	d171      	bne.n	10006d94 <_strtod_l+0x904>
10006cb0:	f101 4300 	add.w	r3, r1, #2147483648	@ 0x80000000
10006cb4:	9010      	str	r0, [sp, #64]	@ 0x40
10006cb6:	9311      	str	r3, [sp, #68]	@ 0x44
10006cb8:	e65d      	b.n	10006976 <_strtod_l+0x4e6>
10006cba:	4651      	mov	r1, sl
10006cbc:	461a      	mov	r2, r3
10006cbe:	4658      	mov	r0, fp
10006cc0:	f001 feb6 	bl	10008a30 <__pow5mult>
10006cc4:	4682      	mov	sl, r0
10006cc6:	2800      	cmp	r0, #0
10006cc8:	d044      	beq.n	10006d54 <_strtod_l+0x8c4>
10006cca:	4601      	mov	r1, r0
10006ccc:	9a1a      	ldr	r2, [sp, #104]	@ 0x68
10006cce:	4658      	mov	r0, fp
10006cd0:	f001 fdfc 	bl	100088cc <__multiply>
10006cd4:	2800      	cmp	r0, #0
10006cd6:	d03d      	beq.n	10006d54 <_strtod_l+0x8c4>
10006cd8:	900f      	str	r0, [sp, #60]	@ 0x3c
10006cda:	4658      	mov	r0, fp
10006cdc:	991a      	ldr	r1, [sp, #104]	@ 0x68
10006cde:	f001 fcbf 	bl	10008660 <_Bfree>
10006ce2:	9b0f      	ldr	r3, [sp, #60]	@ 0x3c
10006ce4:	2c00      	cmp	r4, #0
10006ce6:	931a      	str	r3, [sp, #104]	@ 0x68
10006ce8:	f77f ade7 	ble.w	100068ba <_strtod_l+0x42a>
10006cec:	4622      	mov	r2, r4
10006cee:	991a      	ldr	r1, [sp, #104]	@ 0x68
10006cf0:	4658      	mov	r0, fp
10006cf2:	f001 fef7 	bl	10008ae4 <__lshift>
10006cf6:	901a      	str	r0, [sp, #104]	@ 0x68
10006cf8:	2800      	cmp	r0, #0
10006cfa:	f47f adde 	bne.w	100068ba <_strtod_l+0x42a>
10006cfe:	46b9      	mov	r9, r7
10006d00:	4605      	mov	r5, r0
10006d02:	2322      	movs	r3, #34	@ 0x22
10006d04:	2600      	movs	r6, #0
10006d06:	4f68      	ldr	r7, [pc, #416]	@ (10006ea8 <_strtod_l+0xa18>)
10006d08:	f8cb 3000 	str.w	r3, [fp]
10006d0c:	4629      	mov	r1, r5
10006d0e:	4658      	mov	r0, fp
10006d10:	f001 fca6 	bl	10008660 <_Bfree>
10006d14:	4649      	mov	r1, r9
10006d16:	4658      	mov	r0, fp
10006d18:	f001 fca2 	bl	10008660 <_Bfree>
10006d1c:	4651      	mov	r1, sl
10006d1e:	4658      	mov	r0, fp
10006d20:	f001 fc9e 	bl	10008660 <_Bfree>
10006d24:	9915      	ldr	r1, [sp, #84]	@ 0x54
10006d26:	4658      	mov	r0, fp
10006d28:	f001 fc9a 	bl	10008660 <_Bfree>
10006d2c:	9909      	ldr	r1, [sp, #36]	@ 0x24
10006d2e:	4658      	mov	r0, fp
10006d30:	f001 fc96 	bl	10008660 <_Bfree>
10006d34:	e70b      	b.n	10006b4e <_strtod_l+0x6be>
10006d36:	9a14      	ldr	r2, [sp, #80]	@ 0x50
10006d38:	f8dd 9038 	ldr.w	r9, [sp, #56]	@ 0x38
10006d3c:	eba2 0803 	sub.w	r8, r2, r3
10006d40:	e6a5      	b.n	10006a8e <_strtod_l+0x5fe>
10006d42:	4639      	mov	r1, r7
10006d44:	4642      	mov	r2, r8
10006d46:	4658      	mov	r0, fp
10006d48:	f001 fecc 	bl	10008ae4 <__lshift>
10006d4c:	4607      	mov	r7, r0
10006d4e:	2800      	cmp	r0, #0
10006d50:	f47f adbb 	bne.w	100068ca <_strtod_l+0x43a>
10006d54:	46b9      	mov	r9, r7
10006d56:	9d1a      	ldr	r5, [sp, #104]	@ 0x68
10006d58:	e7d3      	b.n	10006d02 <_strtod_l+0x872>
10006d5a:	4639      	mov	r1, r7
10006d5c:	9a14      	ldr	r2, [sp, #80]	@ 0x50
10006d5e:	4658      	mov	r0, fp
10006d60:	f001 fe66 	bl	10008a30 <__pow5mult>
10006d64:	4607      	mov	r7, r0
10006d66:	2800      	cmp	r0, #0
10006d68:	f47f adab 	bne.w	100068c2 <_strtod_l+0x432>
10006d6c:	e7f2      	b.n	10006d54 <_strtod_l+0x8c4>
10006d6e:	2200      	movs	r2, #0
10006d70:	f8cd 8064 	str.w	r8, [sp, #100]	@ 0x64
10006d74:	920e      	str	r2, [sp, #56]	@ 0x38
10006d76:	e45f      	b.n	10006638 <_strtod_l+0x1a8>
10006d78:	4a4c      	ldr	r2, [pc, #304]	@ (10006eac <_strtod_l+0xa1c>)
10006d7a:	1ad3      	subs	r3, r2, r3
10006d7c:	2201      	movs	r2, #1
10006d7e:	fa02 f503 	lsl.w	r5, r2, r3
10006d82:	4616      	mov	r6, r2
10006d84:	e580      	b.n	10006888 <_strtod_l+0x3f8>
10006d86:	ed9f 7b42 	vldr	d7, [pc, #264]	@ 10006e90 <_strtod_l+0xa00>
10006d8a:	ed8d 7b10 	vstr	d7, [sp, #64]	@ 0x40
10006d8e:	ed8d 7b12 	vstr	d7, [sp, #72]	@ 0x48
10006d92:	e5f0      	b.n	10006976 <_strtod_l+0x4e6>
10006d94:	ed9d 7b12 	vldr	d7, [sp, #72]	@ 0x48
10006d98:	ed8d 7b10 	vstr	d7, [sp, #64]	@ 0x40
10006d9c:	e5eb      	b.n	10006976 <_strtod_l+0x4e6>
10006d9e:	f1a9 7354 	sub.w	r3, r9, #55574528	@ 0x3500000
10006da2:	f8df 9104 	ldr.w	r9, [pc, #260]	@ 10006ea8 <_strtod_l+0xa18>
10006da6:	9305      	str	r3, [sp, #20]
10006da8:	e9dd 4504 	ldrd	r4, r5, [sp, #16]
10006dac:	4620      	mov	r0, r4
10006dae:	4629      	mov	r1, r5
10006db0:	f001 ffee 	bl	10008d90 <__ulp>
10006db4:	e9dd 2310 	ldrd	r2, r3, [sp, #64]	@ 0x40
10006db8:	f7fa fd9c 	bl	100018f4 <__wrap___aeabi_dmul>
10006dbc:	462b      	mov	r3, r5
10006dbe:	4622      	mov	r2, r4
10006dc0:	f7fa fd70 	bl	100018a4 <__wrap___aeabi_dadd>
10006dc4:	4b3a      	ldr	r3, [pc, #232]	@ (10006eb0 <_strtod_l+0xa20>)
10006dc6:	ea01 0909 	and.w	r9, r1, r9
10006dca:	4599      	cmp	r9, r3
10006dcc:	e9cd 0104 	strd	r0, r1, [sp, #16]
10006dd0:	f240 80d6 	bls.w	10006f80 <_strtod_l+0xaf0>
10006dd4:	f103 7354 	add.w	r3, r3, #55574528	@ 0x3500000
10006dd8:	e9dd 010a 	ldrd	r0, r1, [sp, #40]	@ 0x28
10006ddc:	4299      	cmp	r1, r3
10006dde:	d102      	bne.n	10006de6 <_strtod_l+0x956>
10006de0:	4606      	mov	r6, r0
10006de2:	3601      	adds	r6, #1
10006de4:	d0b6      	beq.n	10006d54 <_strtod_l+0x8c4>
10006de6:	f04f 33ff 	mov.w	r3, #4294967295	@ 0xffffffff
10006dea:	4c32      	ldr	r4, [pc, #200]	@ (10006eb4 <_strtod_l+0xa24>)
10006dec:	e9cd 3404 	strd	r3, r4, [sp, #16]
10006df0:	e60a      	b.n	10006a08 <_strtod_l+0x578>
10006df2:	f04f 0e00 	mov.w	lr, #0
10006df6:	e667      	b.n	10006ac8 <_strtod_l+0x638>
10006df8:	2201      	movs	r2, #1
10006dfa:	492f      	ldr	r1, [pc, #188]	@ (10006eb8 <_strtod_l+0xa28>)
10006dfc:	4638      	mov	r0, r7
10006dfe:	f000 fc7d 	bl	100076fc <strncmp>
10006e02:	4682      	mov	sl, r0
10006e04:	b158      	cbz	r0, 10006e1e <_strtod_l+0x98e>
10006e06:	f04f 0a00 	mov.w	sl, #0
10006e0a:	464b      	mov	r3, r9
10006e0c:	4655      	mov	r5, sl
10006e0e:	4656      	mov	r6, sl
10006e10:	4650      	mov	r0, sl
10006e12:	4654      	mov	r4, sl
10006e14:	46d1      	mov	r9, sl
10006e16:	f8cd a024 	str.w	sl, [sp, #36]	@ 0x24
10006e1a:	f7ff bbec 	b.w	100065f6 <_strtod_l+0x166>
10006e1e:	9919      	ldr	r1, [sp, #100]	@ 0x64
10006e20:	1c4b      	adds	r3, r1, #1
10006e22:	9319      	str	r3, [sp, #100]	@ 0x64
10006e24:	784b      	ldrb	r3, [r1, #1]
10006e26:	2b30      	cmp	r3, #48	@ 0x30
10006e28:	f040 814f 	bne.w	100070ca <_strtod_l+0xc3a>
10006e2c:	1c8a      	adds	r2, r1, #2
10006e2e:	4610      	mov	r0, r2
10006e30:	9219      	str	r2, [sp, #100]	@ 0x64
10006e32:	3201      	adds	r2, #1
10006e34:	7803      	ldrb	r3, [r0, #0]
10006e36:	2b30      	cmp	r3, #48	@ 0x30
10006e38:	d0f9      	beq.n	10006e2e <_strtod_l+0x99e>
10006e3a:	1a40      	subs	r0, r0, r1
10006e3c:	3801      	subs	r0, #1
10006e3e:	f1a3 0231 	sub.w	r2, r3, #49	@ 0x31
10006e42:	2a08      	cmp	r2, #8
10006e44:	d80f      	bhi.n	10006e66 <_strtod_l+0x9d6>
10006e46:	9f19      	ldr	r7, [sp, #100]	@ 0x64
10006e48:	2600      	movs	r6, #0
10006e4a:	f1a3 0930 	sub.w	r9, r3, #48	@ 0x30
10006e4e:	2401      	movs	r4, #1
10006e50:	1c43      	adds	r3, r0, #1
10006e52:	4639      	mov	r1, r7
10006e54:	4635      	mov	r5, r6
10006e56:	9309      	str	r3, [sp, #36]	@ 0x24
10006e58:	eb06 0686 	add.w	r6, r6, r6, lsl #2
10006e5c:	2000      	movs	r0, #0
10006e5e:	eb09 0646 	add.w	r6, r9, r6, lsl #1
10006e62:	f7ff bbc2 	b.w	100065ea <_strtod_l+0x15a>
10006e66:	2200      	movs	r2, #0
10006e68:	f04f 0901 	mov.w	r9, #1
10006e6c:	4616      	mov	r6, r2
10006e6e:	4614      	mov	r4, r2
10006e70:	4615      	mov	r5, r2
10006e72:	9209      	str	r2, [sp, #36]	@ 0x24
10006e74:	f7ff bbbf 	b.w	100065f6 <_strtod_l+0x166>
10006e78:	e9dd 6704 	ldrd	r6, r7, [sp, #16]
10006e7c:	e667      	b.n	10006b4e <_strtod_l+0x6be>
10006e7e:	ed9f 7b06 	vldr	d7, [pc, #24]	@ 10006e98 <_strtod_l+0xa08>
10006e82:	ed8d 7b10 	vstr	d7, [sp, #64]	@ 0x40
10006e86:	ed9f 7b02 	vldr	d7, [pc, #8]	@ 10006e90 <_strtod_l+0xa00>
10006e8a:	ed8d 7b12 	vstr	d7, [sp, #72]	@ 0x48
10006e8e:	e572      	b.n	10006976 <_strtod_l+0x4e6>
10006e90:	00000000 	.word	0x00000000
10006e94:	3ff00000 	.word	0x3ff00000
10006e98:	00000000 	.word	0x00000000
10006e9c:	bff00000 	.word	0xbff00000
10006ea0:	10010240 	.word	0x10010240
10006ea4:	3fe00000 	.word	0x3fe00000
10006ea8:	7ff00000 	.word	0x7ff00000
10006eac:	fffffbe2 	.word	0xfffffbe2
10006eb0:	7c9fffff 	.word	0x7c9fffff
10006eb4:	7fefffff 	.word	0x7fefffff
10006eb8:	100092dc 	.word	0x100092dc
10006ebc:	10009530 	.word	0x10009530
10006ec0:	e9dd 5612 	ldrd	r5, r6, [sp, #72]	@ 0x48
10006ec4:	4628      	mov	r0, r5
10006ec6:	4631      	mov	r1, r6
10006ec8:	f7fa ff52 	bl	10001d70 <__wrap___aeabi_d2lz>
10006ecc:	f7fa fe4a 	bl	10001b64 <__wrap___aeabi_l2d>
10006ed0:	460b      	mov	r3, r1
10006ed2:	4602      	mov	r2, r0
10006ed4:	4631      	mov	r1, r6
10006ed6:	4628      	mov	r0, r5
10006ed8:	f7fa fcf8 	bl	100018cc <__wrap___aeabi_dsub>
10006edc:	9d04      	ldr	r5, [sp, #16]
10006ede:	9e0f      	ldr	r6, [sp, #60]	@ 0x3c
10006ee0:	f3c4 0c13 	ubfx	ip, r4, #0, #20
10006ee4:	4604      	mov	r4, r0
10006ee6:	432e      	orrs	r6, r5
10006ee8:	460d      	mov	r5, r1
10006eea:	ea56 030c 	orrs.w	r3, r6, ip
10006eee:	d126      	bne.n	10006f3e <_strtod_l+0xaae>
10006ef0:	a3c0      	add	r3, pc, #768	@ (adr r3, 100071f4 <_strtod_l+0xd64>)
10006ef2:	e9d3 2300 	ldrd	r2, r3, [r3]
10006ef6:	f7fa fde9 	bl	10001acc <__wrap___aeabi_dcmplt>
10006efa:	2800      	cmp	r0, #0
10006efc:	f43f ad84 	beq.w	10006a08 <_strtod_l+0x578>
10006f00:	46b9      	mov	r9, r7
10006f02:	e9dd 6704 	ldrd	r6, r7, [sp, #16]
10006f06:	9d1a      	ldr	r5, [sp, #104]	@ 0x68
10006f08:	e700      	b.n	10006d0c <_strtod_l+0x87c>
10006f0a:	9302      	str	r3, [sp, #8]
10006f0c:	a919      	add	r1, sp, #100	@ 0x64
10006f0e:	9b08      	ldr	r3, [sp, #32]
10006f10:	4658      	mov	r0, fp
10006f12:	4aaf      	ldr	r2, [pc, #700]	@ (100071d0 <_strtod_l+0xd40>)
10006f14:	9301      	str	r3, [sp, #4]
10006f16:	ab1a      	add	r3, sp, #104	@ 0x68
10006f18:	9300      	str	r3, [sp, #0]
10006f1a:	ab1b      	add	r3, sp, #108	@ 0x6c
10006f1c:	f000 ff9c 	bl	10007e58 <__gethex>
10006f20:	f010 050f 	ands.w	r5, r0, #15
10006f24:	4604      	mov	r4, r0
10006f26:	f43f ae10 	beq.w	10006b4a <_strtod_l+0x6ba>
10006f2a:	2d06      	cmp	r5, #6
10006f2c:	f040 808a 	bne.w	10007044 <_strtod_l+0xbb4>
10006f30:	1c7b      	adds	r3, r7, #1
10006f32:	2200      	movs	r2, #0
10006f34:	2600      	movs	r6, #0
10006f36:	2700      	movs	r7, #0
10006f38:	9208      	str	r2, [sp, #32]
10006f3a:	9319      	str	r3, [sp, #100]	@ 0x64
10006f3c:	e607      	b.n	10006b4e <_strtod_l+0x6be>
10006f3e:	a39c      	add	r3, pc, #624	@ (adr r3, 100071b0 <_strtod_l+0xd20>)
10006f40:	e9d3 2300 	ldrd	r2, r3, [r3]
10006f44:	f7fa fdc2 	bl	10001acc <__wrap___aeabi_dcmplt>
10006f48:	2800      	cmp	r0, #0
10006f4a:	d1d9      	bne.n	10006f00 <_strtod_l+0xa70>
10006f4c:	4620      	mov	r0, r4
10006f4e:	4629      	mov	r1, r5
10006f50:	a399      	add	r3, pc, #612	@ (adr r3, 100071b8 <_strtod_l+0xd28>)
10006f52:	e9d3 2300 	ldrd	r2, r3, [r3]
10006f56:	f7fa fdf5 	bl	10001b44 <__wrap___aeabi_dcmpgt>
10006f5a:	2800      	cmp	r0, #0
10006f5c:	f43f ad54 	beq.w	10006a08 <_strtod_l+0x578>
10006f60:	e7ce      	b.n	10006f00 <_strtod_l+0xa70>
10006f62:	9b04      	ldr	r3, [sp, #16]
10006f64:	2b01      	cmp	r3, #1
10006f66:	d18a      	bne.n	10006e7e <_strtod_l+0x9ee>
10006f68:	f1b9 0f00 	cmp.w	r9, #0
10006f6c:	d187      	bne.n	10006e7e <_strtod_l+0x9ee>
10006f6e:	46b9      	mov	r9, r7
10006f70:	9c1a      	ldr	r4, [sp, #104]	@ 0x68
10006f72:	2322      	movs	r3, #34	@ 0x22
10006f74:	4625      	mov	r5, r4
10006f76:	2600      	movs	r6, #0
10006f78:	2700      	movs	r7, #0
10006f7a:	f8cb 3000 	str.w	r3, [fp]
10006f7e:	e6c5      	b.n	10006d0c <_strtod_l+0x87c>
10006f80:	f101 7454 	add.w	r4, r1, #55574528	@ 0x3500000
10006f84:	9405      	str	r4, [sp, #20]
10006f86:	e537      	b.n	100069f8 <_strtod_l+0x568>
10006f88:	ed9d 7b12 	vldr	d7, [sp, #72]	@ 0x48
10006f8c:	ed8d 7b16 	vstr	d7, [sp, #88]	@ 0x58
10006f90:	e51b      	b.n	100069ca <_strtod_l+0x53a>
10006f92:	2801      	cmp	r0, #1
10006f94:	f340 823b 	ble.w	1000740e <_strtod_l+0xf7e>
10006f98:	eb04 0e00 	add.w	lr, r4, r0
10006f9c:	900c      	str	r0, [sp, #48]	@ 0x30
10006f9e:	f10e 3cff 	add.w	ip, lr, #4294967295	@ 0xffffffff
10006fa2:	e002      	b.n	10006faa <_strtod_l+0xb1a>
10006fa4:	0046      	lsls	r6, r0, #1
10006fa6:	4564      	cmp	r4, ip
10006fa8:	d00b      	beq.n	10006fc2 <_strtod_l+0xb32>
10006faa:	2c08      	cmp	r4, #8
10006fac:	eb06 0086 	add.w	r0, r6, r6, lsl #2
10006fb0:	f104 0401 	add.w	r4, r4, #1
10006fb4:	ddf6      	ble.n	10006fa4 <_strtod_l+0xb14>
10006fb6:	eb05 0385 	add.w	r3, r5, r5, lsl #2
10006fba:	2c10      	cmp	r4, #16
10006fbc:	bfd8      	it	le
10006fbe:	005d      	lslle	r5, r3, #1
10006fc0:	e7f1      	b.n	10006fa6 <_strtod_l+0xb16>
10006fc2:	980c      	ldr	r0, [sp, #48]	@ 0x30
10006fc4:	4674      	mov	r4, lr
10006fc6:	9b09      	ldr	r3, [sp, #36]	@ 0x24
10006fc8:	f1bc 0f08 	cmp.w	ip, #8
10006fcc:	4403      	add	r3, r0
10006fce:	9309      	str	r3, [sp, #36]	@ 0x24
10006fd0:	f77f af42 	ble.w	10006e58 <_strtod_l+0x9c8>
10006fd4:	2c10      	cmp	r4, #16
10006fd6:	f04f 0000 	mov.w	r0, #0
10006fda:	bfdc      	itt	le
10006fdc:	eb05 0585 	addle.w	r5, r5, r5, lsl #2
10006fe0:	eb02 0545 	addle.w	r5, r2, r5, lsl #1
10006fe4:	f7ff bb01 	b.w	100065ea <_strtod_l+0x15a>
10006fe8:	497a      	ldr	r1, [pc, #488]	@ (100071d4 <_strtod_l+0xd44>)
10006fea:	a819      	add	r0, sp, #100	@ 0x64
10006fec:	f001 fa02 	bl	100083f4 <__match>
10006ff0:	2800      	cmp	r0, #0
10006ff2:	f43f ab0b 	beq.w	1000660c <_strtod_l+0x17c>
10006ff6:	9b19      	ldr	r3, [sp, #100]	@ 0x64
10006ff8:	a819      	add	r0, sp, #100	@ 0x64
10006ffa:	4977      	ldr	r1, [pc, #476]	@ (100071d8 <_strtod_l+0xd48>)
10006ffc:	3b01      	subs	r3, #1
10006ffe:	9319      	str	r3, [sp, #100]	@ 0x64
10007000:	f001 f9f8 	bl	100083f4 <__match>
10007004:	b910      	cbnz	r0, 1000700c <_strtod_l+0xb7c>
10007006:	9b19      	ldr	r3, [sp, #100]	@ 0x64
10007008:	3301      	adds	r3, #1
1000700a:	9319      	str	r3, [sp, #100]	@ 0x64
1000700c:	2600      	movs	r6, #0
1000700e:	4f73      	ldr	r7, [pc, #460]	@ (100071dc <_strtod_l+0xd4c>)
10007010:	e59d      	b.n	10006b4e <_strtod_l+0x6be>
10007012:	f644 621f 	movw	r2, #19999	@ 0x4e1f
10007016:	4594      	cmp	ip, r2
10007018:	bfa8      	it	ge
1000701a:	4694      	movge	ip, r2
1000701c:	f8cd c038 	str.w	ip, [sp, #56]	@ 0x38
10007020:	e58b      	b.n	10006b3a <_strtod_l+0x6aa>
10007022:	980d      	ldr	r0, [sp, #52]	@ 0x34
10007024:	496e      	ldr	r1, [pc, #440]	@ (100071e0 <_strtod_l+0xd50>)
10007026:	eb01 01c0 	add.w	r1, r1, r0, lsl #3
1000702a:	e9dd 2304 	ldrd	r2, r3, [sp, #16]
1000702e:	e9d1 0100 	ldrd	r0, r1, [r1]
10007032:	f7fa fc5f 	bl	100018f4 <__wrap___aeabi_dmul>
10007036:	4606      	mov	r6, r0
10007038:	460f      	mov	r7, r1
1000703a:	e588      	b.n	10006b4e <_strtod_l+0x6be>
1000703c:	2322      	movs	r3, #34	@ 0x22
1000703e:	f8cb 3000 	str.w	r3, [fp]
10007042:	e7e3      	b.n	1000700c <_strtod_l+0xb7c>
10007044:	9a1a      	ldr	r2, [sp, #104]	@ 0x68
10007046:	b13a      	cbz	r2, 10007058 <_strtod_l+0xbc8>
10007048:	2135      	movs	r1, #53	@ 0x35
1000704a:	a81c      	add	r0, sp, #112	@ 0x70
1000704c:	f001 ffb6 	bl	10008fbc <__copybits>
10007050:	4658      	mov	r0, fp
10007052:	991a      	ldr	r1, [sp, #104]	@ 0x68
10007054:	f001 fb04 	bl	10008660 <_Bfree>
10007058:	3d01      	subs	r5, #1
1000705a:	9b1b      	ldr	r3, [sp, #108]	@ 0x6c
1000705c:	2d04      	cmp	r5, #4
1000705e:	f200 81d9 	bhi.w	10007414 <_strtod_l+0xf84>
10007062:	e8df f005 	tbb	[pc, r5]
10007066:	2c03      	.short	0x2c03
10007068:	1e29      	.short	0x1e29
1000706a:	03          	.byte	0x03
1000706b:	00          	.byte	0x00
1000706c:	f203 4233 	addw	r2, r3, #1075	@ 0x433
10007070:	9b1c      	ldr	r3, [sp, #112]	@ 0x70
10007072:	9304      	str	r3, [sp, #16]
10007074:	9b1d      	ldr	r3, [sp, #116]	@ 0x74
10007076:	f423 1380 	bic.w	r3, r3, #1048576	@ 0x100000
1000707a:	ea43 5302 	orr.w	r3, r3, r2, lsl #20
1000707e:	9305      	str	r3, [sp, #20]
10007080:	05e2      	lsls	r2, r4, #23
10007082:	d502      	bpl.n	1000708a <_strtod_l+0xbfa>
10007084:	f043 4300 	orr.w	r3, r3, #2147483648	@ 0x80000000
10007088:	9305      	str	r3, [sp, #20]
1000708a:	4a54      	ldr	r2, [pc, #336]	@ (100071dc <_strtod_l+0xd4c>)
1000708c:	401a      	ands	r2, r3
1000708e:	e9dd 6704 	ldrd	r6, r7, [sp, #16]
10007092:	2a00      	cmp	r2, #0
10007094:	f47f ad5b 	bne.w	10006b4e <_strtod_l+0x6be>
10007098:	f7fd f95a 	bl	10004350 <__errno>
1000709c:	2322      	movs	r3, #34	@ 0x22
1000709e:	6003      	str	r3, [r0, #0]
100070a0:	e555      	b.n	10006b4e <_strtod_l+0x6be>
100070a2:	f04f 32ff 	mov.w	r2, #4294967295	@ 0xffffffff
100070a6:	f06f 4300 	mvn.w	r3, #2147483648	@ 0x80000000
100070aa:	e9cd 2304 	strd	r2, r3, [sp, #16]
100070ae:	05e3      	lsls	r3, r4, #23
100070b0:	f57f aee2 	bpl.w	10006e78 <_strtod_l+0x9e8>
100070b4:	9b05      	ldr	r3, [sp, #20]
100070b6:	e7e5      	b.n	10007084 <_strtod_l+0xbf4>
100070b8:	4b48      	ldr	r3, [pc, #288]	@ (100071dc <_strtod_l+0xd4c>)
100070ba:	9305      	str	r3, [sp, #20]
100070bc:	e7f7      	b.n	100070ae <_strtod_l+0xc1e>
100070be:	e9dd 121c 	ldrd	r1, r2, [sp, #112]	@ 0x70
100070c2:	9b1d      	ldr	r3, [sp, #116]	@ 0x74
100070c4:	e9cd 1204 	strd	r1, r2, [sp, #16]
100070c8:	e7da      	b.n	10007080 <_strtod_l+0xbf0>
100070ca:	4650      	mov	r0, sl
100070cc:	e6b7      	b.n	10006e3e <_strtod_l+0x9ae>
100070ce:	ed9f 7b3c 	vldr	d7, [pc, #240]	@ 100071c0 <_strtod_l+0xd30>
100070d2:	ed8d 7b10 	vstr	d7, [sp, #64]	@ 0x40
100070d6:	ed9f 7b3c 	vldr	d7, [pc, #240]	@ 100071c8 <_strtod_l+0xd38>
100070da:	ed8d 7b12 	vstr	d7, [sp, #72]	@ 0x48
100070de:	e44a      	b.n	10006976 <_strtod_l+0x4e6>
100070e0:	464b      	mov	r3, r9
100070e2:	980f      	ldr	r0, [sp, #60]	@ 0x3c
100070e4:	46b6      	mov	lr, r6
100070e6:	46b9      	mov	r9, r7
100070e8:	46ac      	mov	ip, r5
100070ea:	493e      	ldr	r1, [pc, #248]	@ (100071e4 <_strtod_l+0xd54>)
100070ec:	f3c3 0213 	ubfx	r2, r3, #0, #20
100070f0:	e9dd 670a 	ldrd	r6, r7, [sp, #40]	@ 0x28
100070f4:	2800      	cmp	r0, #0
100070f6:	f000 80b5 	beq.w	10007264 <_strtod_l+0xdd4>
100070fa:	428a      	cmp	r2, r1
100070fc:	f000 810a 	beq.w	10007314 <_strtod_l+0xe84>
10007100:	bba5      	cbnz	r5, 1000716c <_strtod_l+0xcdc>
10007102:	9a04      	ldr	r2, [sp, #16]
10007104:	ea1e 0f02 	tst.w	lr, r2
10007108:	d033      	beq.n	10007172 <_strtod_l+0xce2>
1000710a:	4630      	mov	r0, r6
1000710c:	4639      	mov	r1, r7
1000710e:	9304      	str	r3, [sp, #16]
10007110:	f001 fe3e 	bl	10008d90 <__ulp>
10007114:	9b0c      	ldr	r3, [sp, #48]	@ 0x30
10007116:	2b00      	cmp	r3, #0
10007118:	f000 8125 	beq.w	10007366 <_strtod_l+0xed6>
1000711c:	9b04      	ldr	r3, [sp, #16]
1000711e:	f3c3 530a 	ubfx	r3, r3, #20, #11
10007122:	f1c3 0c6b 	rsb	ip, r3, #107	@ 0x6b
10007126:	f1bc 0f00 	cmp.w	ip, #0
1000712a:	f340 8165 	ble.w	100073f8 <_strtod_l+0xf68>
1000712e:	4c2e      	ldr	r4, [pc, #184]	@ (100071e8 <_strtod_l+0xd58>)
10007130:	2200      	movs	r2, #0
10007132:	eb04 530c 	add.w	r3, r4, ip, lsl #20
10007136:	f7fa fbdd 	bl	100018f4 <__wrap___aeabi_dmul>
1000713a:	4602      	mov	r2, r0
1000713c:	460b      	mov	r3, r1
1000713e:	4630      	mov	r0, r6
10007140:	4639      	mov	r1, r7
10007142:	f7fa fbaf 	bl	100018a4 <__wrap___aeabi_dadd>
10007146:	4606      	mov	r6, r0
10007148:	460f      	mov	r7, r1
1000714a:	4630      	mov	r0, r6
1000714c:	4639      	mov	r1, r7
1000714e:	4b27      	ldr	r3, [pc, #156]	@ (100071ec <_strtod_l+0xd5c>)
10007150:	2200      	movs	r2, #0
10007152:	f7fa fbcf 	bl	100018f4 <__wrap___aeabi_dmul>
10007156:	4b21      	ldr	r3, [pc, #132]	@ (100071dc <_strtod_l+0xd4c>)
10007158:	4606      	mov	r6, r0
1000715a:	460f      	mov	r7, r1
1000715c:	400b      	ands	r3, r1
1000715e:	2b00      	cmp	r3, #0
10007160:	f47f aed1 	bne.w	10006f06 <_strtod_l+0xa76>
10007164:	2322      	movs	r3, #34	@ 0x22
10007166:	f8cb 3000 	str.w	r3, [fp]
1000716a:	e6cc      	b.n	10006f06 <_strtod_l+0xa76>
1000716c:	ea1c 0f03 	tst.w	ip, r3
10007170:	d1cb      	bne.n	1000710a <_strtod_l+0xc7a>
10007172:	9b0c      	ldr	r3, [sp, #48]	@ 0x30
10007174:	2b00      	cmp	r3, #0
10007176:	d1e8      	bne.n	1000714a <_strtod_l+0xcba>
10007178:	e6c5      	b.n	10006f06 <_strtod_l+0xa76>
1000717a:	a819      	add	r0, sp, #100	@ 0x64
1000717c:	aa1c      	add	r2, sp, #112	@ 0x70
1000717e:	491c      	ldr	r1, [pc, #112]	@ (100071f0 <_strtod_l+0xd60>)
10007180:	f001 f952 	bl	10008428 <__hexnan>
10007184:	2805      	cmp	r0, #5
10007186:	f47f aa75 	bne.w	10006674 <_strtod_l+0x1e4>
1000718a:	9b1d      	ldr	r3, [sp, #116]	@ 0x74
1000718c:	f043 43ff 	orr.w	r3, r3, #2139095040	@ 0x7f800000
10007190:	f443 03e0 	orr.w	r3, r3, #7340032	@ 0x700000
10007194:	9305      	str	r3, [sp, #20]
10007196:	9b1c      	ldr	r3, [sp, #112]	@ 0x70
10007198:	9304      	str	r3, [sp, #16]
1000719a:	e9dd 6704 	ldrd	r6, r7, [sp, #16]
1000719e:	e4d6      	b.n	10006b4e <_strtod_l+0x6be>
100071a0:	f102 7354 	add.w	r3, r2, #55574528	@ 0x3500000
100071a4:	9305      	str	r3, [sp, #20]
100071a6:	f7ff bb37 	b.w	10006818 <_strtod_l+0x388>
100071aa:	bf00      	nop
100071ac:	f3af 8000 	nop.w
100071b0:	94a03595 	.word	0x94a03595
100071b4:	3fdfffff 	.word	0x3fdfffff
100071b8:	35afe535 	.word	0x35afe535
100071bc:	3fe00000 	.word	0x3fe00000
100071c0:	00000000 	.word	0x00000000
100071c4:	bfe00000 	.word	0xbfe00000
100071c8:	00000000 	.word	0x00000000
100071cc:	3fe00000 	.word	0x3fe00000
100071d0:	1000951c 	.word	0x1000951c
100071d4:	100092e0 	.word	0x100092e0
100071d8:	100092e4 	.word	0x100092e4
100071dc:	7ff00000 	.word	0x7ff00000
100071e0:	10010240 	.word	0x10010240
100071e4:	000fffff 	.word	0x000fffff
100071e8:	3ff00000 	.word	0x3ff00000
100071ec:	39500000 	.word	0x39500000
100071f0:	10009508 	.word	0x10009508
100071f4:	94a03595 	.word	0x94a03595
100071f8:	3fcfffff 	.word	0x3fcfffff
100071fc:	9b0f      	ldr	r3, [sp, #60]	@ 0x3c
100071fe:	46b9      	mov	r9, r7
10007200:	e9dd 0104 	ldrd	r0, r1, [sp, #16]
10007204:	e9dd 670a 	ldrd	r6, r7, [sp, #40]	@ 0x28
10007208:	4303      	orrs	r3, r0
1000720a:	d1b2      	bne.n	10007172 <_strtod_l+0xce2>
1000720c:	f3c1 0313 	ubfx	r3, r1, #0, #20
10007210:	2b00      	cmp	r3, #0
10007212:	d1ae      	bne.n	10007172 <_strtod_l+0xce2>
10007214:	f021 4400 	bic.w	r4, r1, #2147483648	@ 0x80000000
10007218:	0d24      	lsrs	r4, r4, #20
1000721a:	0524      	lsls	r4, r4, #20
1000721c:	f1b4 6fd6 	cmp.w	r4, #112197632	@ 0x6b00000
10007220:	4625      	mov	r5, r4
10007222:	d9a6      	bls.n	10007172 <_strtod_l+0xce2>
10007224:	9a09      	ldr	r2, [sp, #36]	@ 0x24
10007226:	6953      	ldr	r3, [r2, #20]
10007228:	b913      	cbnz	r3, 10007230 <_strtod_l+0xda0>
1000722a:	6913      	ldr	r3, [r2, #16]
1000722c:	2b01      	cmp	r3, #1
1000722e:	dda0      	ble.n	10007172 <_strtod_l+0xce2>
10007230:	9909      	ldr	r1, [sp, #36]	@ 0x24
10007232:	2201      	movs	r2, #1
10007234:	4658      	mov	r0, fp
10007236:	f001 fc55 	bl	10008ae4 <__lshift>
1000723a:	4651      	mov	r1, sl
1000723c:	9009      	str	r0, [sp, #36]	@ 0x24
1000723e:	f001 fcc5 	bl	10008bcc <__mcmp>
10007242:	2800      	cmp	r0, #0
10007244:	dd95      	ble.n	10007172 <_strtod_l+0xce2>
10007246:	9b0c      	ldr	r3, [sp, #48]	@ 0x30
10007248:	b1d3      	cbz	r3, 10007280 <_strtod_l+0xdf0>
1000724a:	f5a5 1380 	sub.w	r3, r5, #1048576	@ 0x100000
1000724e:	ea6f 5313 	mvn.w	r3, r3, lsr #20
10007252:	ea6f 5303 	mvn.w	r3, r3, lsl #20
10007256:	9305      	str	r3, [sp, #20]
10007258:	f04f 33ff 	mov.w	r3, #4294967295	@ 0xffffffff
1000725c:	9304      	str	r3, [sp, #16]
1000725e:	e9dd 6704 	ldrd	r6, r7, [sp, #16]
10007262:	e772      	b.n	1000714a <_strtod_l+0xcba>
10007264:	b9d2      	cbnz	r2, 1000729c <_strtod_l+0xe0c>
10007266:	e9dd 4504 	ldrd	r4, r5, [sp, #16]
1000726a:	4622      	mov	r2, r4
1000726c:	2c00      	cmp	r4, #0
1000726e:	d149      	bne.n	10007304 <_strtod_l+0xe74>
10007270:	9a0c      	ldr	r2, [sp, #48]	@ 0x30
10007272:	2a00      	cmp	r2, #0
10007274:	f040 808e 	bne.w	10007394 <_strtod_l+0xf04>
10007278:	f025 4400 	bic.w	r4, r5, #2147483648	@ 0x80000000
1000727c:	0d24      	lsrs	r4, r4, #20
1000727e:	0524      	lsls	r4, r4, #20
10007280:	f5a4 1480 	sub.w	r4, r4, #1048576	@ 0x100000
10007284:	9d1a      	ldr	r5, [sp, #104]	@ 0x68
10007286:	ea6f 5314 	mvn.w	r3, r4, lsr #20
1000728a:	ea6f 5303 	mvn.w	r3, r3, lsl #20
1000728e:	9305      	str	r3, [sp, #20]
10007290:	f04f 33ff 	mov.w	r3, #4294967295	@ 0xffffffff
10007294:	9304      	str	r3, [sp, #16]
10007296:	e9dd 6704 	ldrd	r6, r7, [sp, #16]
1000729a:	e537      	b.n	10006d0c <_strtod_l+0x87c>
1000729c:	bbad      	cbnz	r5, 1000730a <_strtod_l+0xe7a>
1000729e:	9a04      	ldr	r2, [sp, #16]
100072a0:	ea1e 0f02 	tst.w	lr, r2
100072a4:	f43f af65 	beq.w	10007172 <_strtod_l+0xce2>
100072a8:	4630      	mov	r0, r6
100072aa:	4639      	mov	r1, r7
100072ac:	9304      	str	r3, [sp, #16]
100072ae:	f001 fd6f 	bl	10008d90 <__ulp>
100072b2:	9b0c      	ldr	r3, [sp, #48]	@ 0x30
100072b4:	2b00      	cmp	r3, #0
100072b6:	f000 8086 	beq.w	100073c6 <_strtod_l+0xf36>
100072ba:	9b04      	ldr	r3, [sp, #16]
100072bc:	f3c3 530a 	ubfx	r3, r3, #20, #11
100072c0:	f1c3 0c6b 	rsb	ip, r3, #107	@ 0x6b
100072c4:	f1bc 0f00 	cmp.w	ip, #0
100072c8:	f340 809e 	ble.w	10007408 <_strtod_l+0xf78>
100072cc:	4c52      	ldr	r4, [pc, #328]	@ (10007418 <_strtod_l+0xf88>)
100072ce:	2200      	movs	r2, #0
100072d0:	eb04 530c 	add.w	r3, r4, ip, lsl #20
100072d4:	f7fa fb0e 	bl	100018f4 <__wrap___aeabi_dmul>
100072d8:	4602      	mov	r2, r0
100072da:	460b      	mov	r3, r1
100072dc:	4630      	mov	r0, r6
100072de:	4639      	mov	r1, r7
100072e0:	f7fa faf4 	bl	100018cc <__wrap___aeabi_dsub>
100072e4:	2200      	movs	r2, #0
100072e6:	2300      	movs	r3, #0
100072e8:	4606      	mov	r6, r0
100072ea:	460f      	mov	r7, r1
100072ec:	f7fa fbdc 	bl	10001aa8 <__wrap___aeabi_dcmpeq>
100072f0:	2800      	cmp	r0, #0
100072f2:	f43f af2a 	beq.w	1000714a <_strtod_l+0xcba>
100072f6:	e63b      	b.n	10006f70 <_strtod_l+0xae0>
100072f8:	f04f 0900 	mov.w	r9, #0
100072fc:	f8df e124 	ldr.w	lr, [pc, #292]	@ 10007424 <_strtod_l+0xf94>
10007300:	f7ff ba6c 	b.w	100067dc <_strtod_l+0x34c>
10007304:	f1bc 0f00 	cmp.w	ip, #0
10007308:	d0ca      	beq.n	100072a0 <_strtod_l+0xe10>
1000730a:	ea1c 0f03 	tst.w	ip, r3
1000730e:	f43f af30 	beq.w	10007172 <_strtod_l+0xce2>
10007312:	e7c9      	b.n	100072a8 <_strtod_l+0xe18>
10007314:	9a0c      	ldr	r2, [sp, #48]	@ 0x30
10007316:	9c04      	ldr	r4, [sp, #16]
10007318:	b1d2      	cbz	r2, 10007350 <_strtod_l+0xec0>
1000731a:	4a40      	ldr	r2, [pc, #256]	@ (1000741c <_strtod_l+0xf8c>)
1000731c:	401a      	ands	r2, r3
1000731e:	f1b2 6fd4 	cmp.w	r2, #111149056	@ 0x6a00000
10007322:	d815      	bhi.n	10007350 <_strtod_l+0xec0>
10007324:	0d10      	lsrs	r0, r2, #20
10007326:	f04f 31ff 	mov.w	r1, #4294967295	@ 0xffffffff
1000732a:	f1c0 006b 	rsb	r0, r0, #107	@ 0x6b
1000732e:	4081      	lsls	r1, r0
10007330:	428c      	cmp	r4, r1
10007332:	d027      	beq.n	10007384 <_strtod_l+0xef4>
10007334:	2d00      	cmp	r5, #0
10007336:	d062      	beq.n	100073fe <_strtod_l+0xf6e>
10007338:	421d      	tst	r5, r3
1000733a:	f43f af06 	beq.w	1000714a <_strtod_l+0xcba>
1000733e:	e6e4      	b.n	1000710a <_strtod_l+0xc7a>
10007340:	f04f 32ff 	mov.w	r2, #4294967295	@ 0xffffffff
10007344:	fa02 f303 	lsl.w	r3, r2, r3
10007348:	9a04      	ldr	r2, [sp, #16]
1000734a:	401a      	ands	r2, r3
1000734c:	9204      	str	r2, [sp, #16]
1000734e:	e47d      	b.n	10006c4c <_strtod_l+0x7bc>
10007350:	1c62      	adds	r2, r4, #1
10007352:	d012      	beq.n	1000737a <_strtod_l+0xeea>
10007354:	f1bc 0f00 	cmp.w	ip, #0
10007358:	f47f af08 	bne.w	1000716c <_strtod_l+0xcdc>
1000735c:	ea14 0f0e 	tst.w	r4, lr
10007360:	f43f af07 	beq.w	10007172 <_strtod_l+0xce2>
10007364:	e6d1      	b.n	1000710a <_strtod_l+0xc7a>
10007366:	4602      	mov	r2, r0
10007368:	460b      	mov	r3, r1
1000736a:	4630      	mov	r0, r6
1000736c:	4639      	mov	r1, r7
1000736e:	f7fa fa99 	bl	100018a4 <__wrap___aeabi_dadd>
10007372:	9d1a      	ldr	r5, [sp, #104]	@ 0x68
10007374:	4606      	mov	r6, r0
10007376:	460f      	mov	r7, r1
10007378:	e4c8      	b.n	10006d0c <_strtod_l+0x87c>
1000737a:	4a29      	ldr	r2, [pc, #164]	@ (10007420 <_strtod_l+0xf90>)
1000737c:	4293      	cmp	r3, r2
1000737e:	d034      	beq.n	100073ea <_strtod_l+0xf5a>
10007380:	3201      	adds	r2, #1
10007382:	401a      	ands	r2, r3
10007384:	f502 1380 	add.w	r3, r2, #1048576	@ 0x100000
10007388:	9305      	str	r3, [sp, #20]
1000738a:	2300      	movs	r3, #0
1000738c:	9304      	str	r3, [sp, #16]
1000738e:	e9dd 6704 	ldrd	r6, r7, [sp, #16]
10007392:	e6ee      	b.n	10007172 <_strtod_l+0xce2>
10007394:	4d21      	ldr	r5, [pc, #132]	@ (1000741c <_strtod_l+0xf8c>)
10007396:	401d      	ands	r5, r3
10007398:	f1b5 6fd6 	cmp.w	r5, #112197632	@ 0x6b00000
1000739c:	f63f af55 	bhi.w	1000724a <_strtod_l+0xdba>
100073a0:	f1b5 7f5c 	cmp.w	r5, #57671680	@ 0x3700000
100073a4:	f63f aed1 	bhi.w	1000714a <_strtod_l+0xcba>
100073a8:	2322      	movs	r3, #34	@ 0x22
100073aa:	9d1a      	ldr	r5, [sp, #104]	@ 0x68
100073ac:	2600      	movs	r6, #0
100073ae:	2700      	movs	r7, #0
100073b0:	f8cb 3000 	str.w	r3, [fp]
100073b4:	e4aa      	b.n	10006d0c <_strtod_l+0x87c>
100073b6:	f1c2 024b 	rsb	r2, r2, #75	@ 0x4b
100073ba:	f04f 33ff 	mov.w	r3, #4294967295	@ 0xffffffff
100073be:	4093      	lsls	r3, r2
100073c0:	400b      	ands	r3, r1
100073c2:	9305      	str	r3, [sp, #20]
100073c4:	e442      	b.n	10006c4c <_strtod_l+0x7bc>
100073c6:	4602      	mov	r2, r0
100073c8:	460b      	mov	r3, r1
100073ca:	4630      	mov	r0, r6
100073cc:	4639      	mov	r1, r7
100073ce:	f7fa fa7d 	bl	100018cc <__wrap___aeabi_dsub>
100073d2:	9c1a      	ldr	r4, [sp, #104]	@ 0x68
100073d4:	2200      	movs	r2, #0
100073d6:	2300      	movs	r3, #0
100073d8:	4606      	mov	r6, r0
100073da:	460f      	mov	r7, r1
100073dc:	4625      	mov	r5, r4
100073de:	f7fa fb63 	bl	10001aa8 <__wrap___aeabi_dcmpeq>
100073e2:	2800      	cmp	r0, #0
100073e4:	f43f ac92 	beq.w	10006d0c <_strtod_l+0x87c>
100073e8:	e5c3      	b.n	10006f72 <_strtod_l+0xae2>
100073ea:	2322      	movs	r3, #34	@ 0x22
100073ec:	9d1a      	ldr	r5, [sp, #104]	@ 0x68
100073ee:	2600      	movs	r6, #0
100073f0:	4f0a      	ldr	r7, [pc, #40]	@ (1000741c <_strtod_l+0xf8c>)
100073f2:	f8cb 3000 	str.w	r3, [fp]
100073f6:	e489      	b.n	10006d0c <_strtod_l+0x87c>
100073f8:	4602      	mov	r2, r0
100073fa:	460b      	mov	r3, r1
100073fc:	e69f      	b.n	1000713e <_strtod_l+0xcae>
100073fe:	ea14 0f0e 	tst.w	r4, lr
10007402:	f43f aea2 	beq.w	1000714a <_strtod_l+0xcba>
10007406:	e680      	b.n	1000710a <_strtod_l+0xc7a>
10007408:	4602      	mov	r2, r0
1000740a:	460b      	mov	r3, r1
1000740c:	e766      	b.n	100072dc <_strtod_l+0xe4c>
1000740e:	46a4      	mov	ip, r4
10007410:	3401      	adds	r4, #1
10007412:	e5d8      	b.n	10006fc6 <_strtod_l+0xb36>
10007414:	2300      	movs	r3, #0
10007416:	e633      	b.n	10007080 <_strtod_l+0xbf0>
10007418:	3ff00000 	.word	0x3ff00000
1000741c:	7ff00000 	.word	0x7ff00000
10007420:	7fefffff 	.word	0x7fefffff
10007424:	10010218 	.word	0x10010218

10007428 <_strtod_r>:
10007428:	4b01      	ldr	r3, [pc, #4]	@ (10007430 <_strtod_r+0x8>)
1000742a:	f7ff b831 	b.w	10006490 <_strtod_l>
1000742e:	bf00      	nop
10007430:	20000b98 	.word	0x20000b98

10007434 <_strtol_l.part.0>:
10007434:	e92d 4ff0 	stmdb	sp!, {r4, r5, r6, r7, r8, r9, sl, fp, lr}
10007438:	4682      	mov	sl, r0
1000743a:	468e      	mov	lr, r1
1000743c:	483f      	ldr	r0, [pc, #252]	@ (1000753c <_strtol_l.part.0+0x108>)
1000743e:	4675      	mov	r5, lr
10007440:	f81e bb01 	ldrb.w	fp, [lr], #1
10007444:	f810 400b 	ldrb.w	r4, [r0, fp]
10007448:	f014 0408 	ands.w	r4, r4, #8
1000744c:	d1f7      	bne.n	1000743e <_strtol_l.part.0+0xa>
1000744e:	f1bb 0f2d 	cmp.w	fp, #45	@ 0x2d
10007452:	d05b      	beq.n	1000750c <_strtol_l.part.0+0xd8>
10007454:	f1bb 0f2b 	cmp.w	fp, #43	@ 0x2b
10007458:	f06f 4900 	mvn.w	r9, #2147483648	@ 0x80000000
1000745c:	bf04      	itt	eq
1000745e:	f89e b000 	ldrbeq.w	fp, [lr]
10007462:	f105 0e02 	addeq.w	lr, r5, #2
10007466:	f033 0010 	bics.w	r0, r3, #16
1000746a:	d110      	bne.n	1000748e <_strtol_l.part.0+0x5a>
1000746c:	f1bb 0f30 	cmp.w	fp, #48	@ 0x30
10007470:	d004      	beq.n	1000747c <_strtol_l.part.0+0x48>
10007472:	2b00      	cmp	r3, #0
10007474:	d15e      	bne.n	10007534 <_strtol_l.part.0+0x100>
10007476:	230a      	movs	r3, #10
10007478:	461f      	mov	r7, r3
1000747a:	e009      	b.n	10007490 <_strtol_l.part.0+0x5c>
1000747c:	f89e 0000 	ldrb.w	r0, [lr]
10007480:	f000 00df 	and.w	r0, r0, #223	@ 0xdf
10007484:	2858      	cmp	r0, #88	@ 0x58
10007486:	d04e      	beq.n	10007526 <_strtol_l.part.0+0xf2>
10007488:	2b00      	cmp	r3, #0
1000748a:	d153      	bne.n	10007534 <_strtol_l.part.0+0x100>
1000748c:	2308      	movs	r3, #8
1000748e:	461f      	mov	r7, r3
10007490:	2500      	movs	r5, #0
10007492:	fbb9 f6f7 	udiv	r6, r9, r7
10007496:	4628      	mov	r0, r5
10007498:	fb07 9816 	mls	r8, r7, r6, r9
1000749c:	e00e      	b.n	100074bc <_strtol_l.part.0+0x88>
1000749e:	f1ab 0c37 	sub.w	ip, fp, #55	@ 0x37
100074a2:	4563      	cmp	r3, ip
100074a4:	dd1d      	ble.n	100074e2 <_strtol_l.part.0+0xae>
100074a6:	2d00      	cmp	r5, #0
100074a8:	db04      	blt.n	100074b4 <_strtol_l.part.0+0x80>
100074aa:	4286      	cmp	r6, r0
100074ac:	d302      	bcc.n	100074b4 <_strtol_l.part.0+0x80>
100074ae:	d121      	bne.n	100074f4 <_strtol_l.part.0+0xc0>
100074b0:	45e0      	cmp	r8, ip
100074b2:	da1f      	bge.n	100074f4 <_strtol_l.part.0+0xc0>
100074b4:	f04f 35ff 	mov.w	r5, #4294967295	@ 0xffffffff
100074b8:	f81e bb01 	ldrb.w	fp, [lr], #1
100074bc:	f1ab 0c30 	sub.w	ip, fp, #48	@ 0x30
100074c0:	f1bc 0f09 	cmp.w	ip, #9
100074c4:	d9ed      	bls.n	100074a2 <_strtol_l.part.0+0x6e>
100074c6:	f1ab 0c41 	sub.w	ip, fp, #65	@ 0x41
100074ca:	f1bc 0f19 	cmp.w	ip, #25
100074ce:	d9e6      	bls.n	1000749e <_strtol_l.part.0+0x6a>
100074d0:	f1ab 0c61 	sub.w	ip, fp, #97	@ 0x61
100074d4:	f1bc 0f19 	cmp.w	ip, #25
100074d8:	d803      	bhi.n	100074e2 <_strtol_l.part.0+0xae>
100074da:	f1ab 0c57 	sub.w	ip, fp, #87	@ 0x57
100074de:	4563      	cmp	r3, ip
100074e0:	dce1      	bgt.n	100074a6 <_strtol_l.part.0+0x72>
100074e2:	1c6b      	adds	r3, r5, #1
100074e4:	d00a      	beq.n	100074fc <_strtol_l.part.0+0xc8>
100074e6:	b104      	cbz	r4, 100074ea <_strtol_l.part.0+0xb6>
100074e8:	4240      	negs	r0, r0
100074ea:	b10a      	cbz	r2, 100074f0 <_strtol_l.part.0+0xbc>
100074ec:	b9cd      	cbnz	r5, 10007522 <_strtol_l.part.0+0xee>
100074ee:	6011      	str	r1, [r2, #0]
100074f0:	e8bd 8ff0 	ldmia.w	sp!, {r4, r5, r6, r7, r8, r9, sl, fp, pc}
100074f4:	fb07 c000 	mla	r0, r7, r0, ip
100074f8:	2501      	movs	r5, #1
100074fa:	e7dd      	b.n	100074b8 <_strtol_l.part.0+0x84>
100074fc:	2322      	movs	r3, #34	@ 0x22
100074fe:	f8ca 3000 	str.w	r3, [sl]
10007502:	b15a      	cbz	r2, 1000751c <_strtol_l.part.0+0xe8>
10007504:	f10e 31ff 	add.w	r1, lr, #4294967295	@ 0xffffffff
10007508:	4648      	mov	r0, r9
1000750a:	e7f0      	b.n	100074ee <_strtol_l.part.0+0xba>
1000750c:	f89e b000 	ldrb.w	fp, [lr]
10007510:	f04f 4900 	mov.w	r9, #2147483648	@ 0x80000000
10007514:	f105 0e02 	add.w	lr, r5, #2
10007518:	2401      	movs	r4, #1
1000751a:	e7a4      	b.n	10007466 <_strtol_l.part.0+0x32>
1000751c:	4648      	mov	r0, r9
1000751e:	e8bd 8ff0 	ldmia.w	sp!, {r4, r5, r6, r7, r8, r9, sl, fp, pc}
10007522:	4681      	mov	r9, r0
10007524:	e7ee      	b.n	10007504 <_strtol_l.part.0+0xd0>
10007526:	2310      	movs	r3, #16
10007528:	f89e b001 	ldrb.w	fp, [lr, #1]
1000752c:	f10e 0e02 	add.w	lr, lr, #2
10007530:	461f      	mov	r7, r3
10007532:	e7ad      	b.n	10007490 <_strtol_l.part.0+0x5c>
10007534:	2310      	movs	r3, #16
10007536:	461f      	mov	r7, r3
10007538:	e7aa      	b.n	10007490 <_strtol_l.part.0+0x5c>
1000753a:	bf00      	nop
1000753c:	10009559 	.word	0x10009559

10007540 <_strtol_r>:
10007540:	2b24      	cmp	r3, #36	@ 0x24
10007542:	d803      	bhi.n	1000754c <_strtol_r+0xc>
10007544:	2b01      	cmp	r3, #1
10007546:	d001      	beq.n	1000754c <_strtol_r+0xc>
10007548:	f7ff bf74 	b.w	10007434 <_strtol_l.part.0>
1000754c:	b510      	push	{r4, lr}
1000754e:	f7fc feff 	bl	10004350 <__errno>
10007552:	2316      	movs	r3, #22
10007554:	6003      	str	r3, [r0, #0]
10007556:	2000      	movs	r0, #0
10007558:	bd10      	pop	{r4, pc}
1000755a:	bf00      	nop

1000755c <_strtoul_l.isra.0>:
1000755c:	e92d 47f0 	stmdb	sp!, {r4, r5, r6, r7, r8, r9, sl, lr}
10007560:	4680      	mov	r8, r0
10007562:	460c      	mov	r4, r1
10007564:	4845      	ldr	r0, [pc, #276]	@ (1000767c <_strtoul_l.isra.0+0x120>)
10007566:	4626      	mov	r6, r4
10007568:	f814 eb01 	ldrb.w	lr, [r4], #1
1000756c:	f810 c00e 	ldrb.w	ip, [r0, lr]
10007570:	f01c 0c08 	ands.w	ip, ip, #8
10007574:	d1f7      	bne.n	10007566 <_strtoul_l.isra.0+0xa>
10007576:	f1be 0f2d 	cmp.w	lr, #45	@ 0x2d
1000757a:	d05b      	beq.n	10007634 <_strtoul_l.isra.0+0xd8>
1000757c:	f1be 0f2b 	cmp.w	lr, #43	@ 0x2b
10007580:	d03a      	beq.n	100075f8 <_strtoul_l.isra.0+0x9c>
10007582:	4665      	mov	r5, ip
10007584:	f033 0010 	bics.w	r0, r3, #16
10007588:	d03e      	beq.n	10007608 <_strtoul_l.isra.0+0xac>
1000758a:	f04f 37ff 	mov.w	r7, #4294967295	@ 0xffffffff
1000758e:	469a      	mov	sl, r3
10007590:	fbb7 f7f3 	udiv	r7, r7, r3
10007594:	fb03 f907 	mul.w	r9, r3, r7
10007598:	ea6f 0909 	mvn.w	r9, r9
1000759c:	2600      	movs	r6, #0
1000759e:	4630      	mov	r0, r6
100075a0:	e00e      	b.n	100075c0 <_strtoul_l.isra.0+0x64>
100075a2:	f1ae 0c37 	sub.w	ip, lr, #55	@ 0x37
100075a6:	4563      	cmp	r3, ip
100075a8:	dd1d      	ble.n	100075e6 <_strtoul_l.isra.0+0x8a>
100075aa:	2e00      	cmp	r6, #0
100075ac:	db04      	blt.n	100075b8 <_strtoul_l.isra.0+0x5c>
100075ae:	42b8      	cmp	r0, r7
100075b0:	d802      	bhi.n	100075b8 <_strtoul_l.isra.0+0x5c>
100075b2:	d133      	bne.n	1000761c <_strtoul_l.isra.0+0xc0>
100075b4:	45cc      	cmp	ip, r9
100075b6:	dd31      	ble.n	1000761c <_strtoul_l.isra.0+0xc0>
100075b8:	f04f 36ff 	mov.w	r6, #4294967295	@ 0xffffffff
100075bc:	f814 eb01 	ldrb.w	lr, [r4], #1
100075c0:	f1ae 0c30 	sub.w	ip, lr, #48	@ 0x30
100075c4:	f1bc 0f09 	cmp.w	ip, #9
100075c8:	d9ed      	bls.n	100075a6 <_strtoul_l.isra.0+0x4a>
100075ca:	f1ae 0c41 	sub.w	ip, lr, #65	@ 0x41
100075ce:	f1bc 0f19 	cmp.w	ip, #25
100075d2:	d9e6      	bls.n	100075a2 <_strtoul_l.isra.0+0x46>
100075d4:	f1ae 0c61 	sub.w	ip, lr, #97	@ 0x61
100075d8:	f1bc 0f19 	cmp.w	ip, #25
100075dc:	d803      	bhi.n	100075e6 <_strtoul_l.isra.0+0x8a>
100075de:	f1ae 0c57 	sub.w	ip, lr, #87	@ 0x57
100075e2:	4563      	cmp	r3, ip
100075e4:	dce1      	bgt.n	100075aa <_strtoul_l.isra.0+0x4e>
100075e6:	1c73      	adds	r3, r6, #1
100075e8:	d01c      	beq.n	10007624 <_strtoul_l.isra.0+0xc8>
100075ea:	b105      	cbz	r5, 100075ee <_strtoul_l.isra.0+0x92>
100075ec:	4240      	negs	r0, r0
100075ee:	b10a      	cbz	r2, 100075f4 <_strtoul_l.isra.0+0x98>
100075f0:	b9f6      	cbnz	r6, 10007630 <_strtoul_l.isra.0+0xd4>
100075f2:	6011      	str	r1, [r2, #0]
100075f4:	e8bd 87f0 	ldmia.w	sp!, {r4, r5, r6, r7, r8, r9, sl, pc}
100075f8:	f033 0010 	bics.w	r0, r3, #16
100075fc:	f894 e000 	ldrb.w	lr, [r4]
10007600:	4665      	mov	r5, ip
10007602:	f106 0402 	add.w	r4, r6, #2
10007606:	d1c0      	bne.n	1000758a <_strtoul_l.isra.0+0x2e>
10007608:	f1be 0f30 	cmp.w	lr, #48	@ 0x30
1000760c:	d017      	beq.n	1000763e <_strtoul_l.isra.0+0xe2>
1000760e:	bb6b      	cbnz	r3, 1000766c <_strtoul_l.isra.0+0x110>
10007610:	230a      	movs	r3, #10
10007612:	f04f 0905 	mov.w	r9, #5
10007616:	4f1a      	ldr	r7, [pc, #104]	@ (10007680 <_strtoul_l.isra.0+0x124>)
10007618:	469a      	mov	sl, r3
1000761a:	e7bf      	b.n	1000759c <_strtoul_l.isra.0+0x40>
1000761c:	fb00 c00a 	mla	r0, r0, sl, ip
10007620:	2601      	movs	r6, #1
10007622:	e7cb      	b.n	100075bc <_strtoul_l.isra.0+0x60>
10007624:	2322      	movs	r3, #34	@ 0x22
10007626:	4630      	mov	r0, r6
10007628:	f8c8 3000 	str.w	r3, [r8]
1000762c:	2a00      	cmp	r2, #0
1000762e:	d0e1      	beq.n	100075f4 <_strtoul_l.isra.0+0x98>
10007630:	1e61      	subs	r1, r4, #1
10007632:	e7de      	b.n	100075f2 <_strtoul_l.isra.0+0x96>
10007634:	f894 e000 	ldrb.w	lr, [r4]
10007638:	2501      	movs	r5, #1
1000763a:	1cb4      	adds	r4, r6, #2
1000763c:	e7a2      	b.n	10007584 <_strtoul_l.isra.0+0x28>
1000763e:	7820      	ldrb	r0, [r4, #0]
10007640:	f000 00df 	and.w	r0, r0, #223	@ 0xdf
10007644:	2858      	cmp	r0, #88	@ 0x58
10007646:	d007      	beq.n	10007658 <_strtoul_l.isra.0+0xfc>
10007648:	b983      	cbnz	r3, 1000766c <_strtoul_l.isra.0+0x110>
1000764a:	2308      	movs	r3, #8
1000764c:	f04f 0907 	mov.w	r9, #7
10007650:	f06f 4760 	mvn.w	r7, #3758096384	@ 0xe0000000
10007654:	469a      	mov	sl, r3
10007656:	e7a1      	b.n	1000759c <_strtoul_l.isra.0+0x40>
10007658:	2310      	movs	r3, #16
1000765a:	f894 e001 	ldrb.w	lr, [r4, #1]
1000765e:	f04f 090f 	mov.w	r9, #15
10007662:	3402      	adds	r4, #2
10007664:	f06f 4770 	mvn.w	r7, #4026531840	@ 0xf0000000
10007668:	469a      	mov	sl, r3
1000766a:	e797      	b.n	1000759c <_strtoul_l.isra.0+0x40>
1000766c:	2310      	movs	r3, #16
1000766e:	f04f 090f 	mov.w	r9, #15
10007672:	f06f 4770 	mvn.w	r7, #4026531840	@ 0xf0000000
10007676:	469a      	mov	sl, r3
10007678:	e790      	b.n	1000759c <_strtoul_l.isra.0+0x40>
1000767a:	bf00      	nop
1000767c:	10009559 	.word	0x10009559
10007680:	19999999 	.word	0x19999999

10007684 <_strtoul_r>:
10007684:	f7ff bf6a 	b.w	1000755c <_strtoul_l.isra.0>

10007688 <__submore>:
10007688:	e92d 41f0 	stmdb	sp!, {r4, r5, r6, r7, r8, lr}
1000768c:	460c      	mov	r4, r1
1000768e:	6b09      	ldr	r1, [r1, #48]	@ 0x30
10007690:	f104 0340 	add.w	r3, r4, #64	@ 0x40
10007694:	4299      	cmp	r1, r3
10007696:	d014      	beq.n	100076c2 <__submore+0x3a>
10007698:	6b66      	ldr	r6, [r4, #52]	@ 0x34
1000769a:	0077      	lsls	r7, r6, #1
1000769c:	463a      	mov	r2, r7
1000769e:	f7fc fb8f 	bl	10003dc0 <_realloc_r>
100076a2:	4605      	mov	r5, r0
100076a4:	b330      	cbz	r0, 100076f4 <__submore+0x6c>
100076a6:	eb00 0806 	add.w	r8, r0, r6
100076aa:	4601      	mov	r1, r0
100076ac:	4632      	mov	r2, r6
100076ae:	4640      	mov	r0, r8
100076b0:	f7fc ff44 	bl	1000453c <memcpy>
100076b4:	f8c4 8000 	str.w	r8, [r4]
100076b8:	e9c4 570c 	strd	r5, r7, [r4, #48]	@ 0x30
100076bc:	2000      	movs	r0, #0
100076be:	e8bd 81f0 	ldmia.w	sp!, {r4, r5, r6, r7, r8, pc}
100076c2:	f44f 6180 	mov.w	r1, #1024	@ 0x400
100076c6:	f7fc f8bd 	bl	10003844 <_malloc_r>
100076ca:	b198      	cbz	r0, 100076f4 <__submore+0x6c>
100076cc:	f894 2042 	ldrb.w	r2, [r4, #66]	@ 0x42
100076d0:	f44f 6180 	mov.w	r1, #1024	@ 0x400
100076d4:	6320      	str	r0, [r4, #48]	@ 0x30
100076d6:	f200 33fd 	addw	r3, r0, #1021	@ 0x3fd
100076da:	6361      	str	r1, [r4, #52]	@ 0x34
100076dc:	f880 23ff 	strb.w	r2, [r0, #1023]	@ 0x3ff
100076e0:	f894 2041 	ldrb.w	r2, [r4, #65]	@ 0x41
100076e4:	f880 23fe 	strb.w	r2, [r0, #1022]	@ 0x3fe
100076e8:	f894 2040 	ldrb.w	r2, [r4, #64]	@ 0x40
100076ec:	f880 23fd 	strb.w	r2, [r0, #1021]	@ 0x3fd
100076f0:	6023      	str	r3, [r4, #0]
100076f2:	e7e3      	b.n	100076bc <__submore+0x34>
100076f4:	f04f 30ff 	mov.w	r0, #4294967295	@ 0xffffffff
100076f8:	e7e1      	b.n	100076be <__submore+0x36>
100076fa:	bf00      	nop

100076fc <strncmp>:
100076fc:	b3ca      	cbz	r2, 10007772 <strncmp+0x76>
100076fe:	4684      	mov	ip, r0
10007700:	460b      	mov	r3, r1
10007702:	b530      	push	{r4, r5, lr}
10007704:	4604      	mov	r4, r0
10007706:	4308      	orrs	r0, r1
10007708:	0780      	lsls	r0, r0, #30
1000770a:	d019      	beq.n	10007740 <strncmp+0x44>
1000770c:	f89c 0000 	ldrb.w	r0, [ip]
10007710:	780c      	ldrb	r4, [r1, #0]
10007712:	42a0      	cmp	r0, r4
10007714:	d112      	bne.n	1000773c <strncmp+0x40>
10007716:	b350      	cbz	r0, 1000776e <strncmp+0x72>
10007718:	2a01      	cmp	r2, #1
1000771a:	d028      	beq.n	1000776e <strncmp+0x72>
1000771c:	46e6      	mov	lr, ip
1000771e:	e003      	b.n	10007728 <strncmp+0x2c>
10007720:	eb1c 0f03 	cmn.w	ip, r3
10007724:	d023      	beq.n	1000776e <strncmp+0x72>
10007726:	b310      	cbz	r0, 1000776e <strncmp+0x72>
10007728:	f81e 0f01 	ldrb.w	r0, [lr, #1]!
1000772c:	f811 4f01 	ldrb.w	r4, [r1, #1]!
10007730:	eba2 030e 	sub.w	r3, r2, lr
10007734:	42a0      	cmp	r0, r4
10007736:	f103 33ff 	add.w	r3, r3, #4294967295	@ 0xffffffff
1000773a:	d0f1      	beq.n	10007720 <strncmp+0x24>
1000773c:	1b00      	subs	r0, r0, r4
1000773e:	bd30      	pop	{r4, r5, pc}
10007740:	2a03      	cmp	r2, #3
10007742:	d807      	bhi.n	10007754 <strncmp+0x58>
10007744:	e7e2      	b.n	1000770c <strncmp+0x10>
10007746:	3a04      	subs	r2, #4
10007748:	d011      	beq.n	1000776e <strncmp+0x72>
1000774a:	f01e 3f80 	tst.w	lr, #2155905152	@ 0x80808080
1000774e:	d10e      	bne.n	1000776e <strncmp+0x72>
10007750:	2a03      	cmp	r2, #3
10007752:	d910      	bls.n	10007776 <strncmp+0x7a>
10007754:	6820      	ldr	r0, [r4, #0]
10007756:	4619      	mov	r1, r3
10007758:	f853 5b04 	ldr.w	r5, [r3], #4
1000775c:	46a4      	mov	ip, r4
1000775e:	f1a0 3e01 	sub.w	lr, r0, #16843009	@ 0x1010101
10007762:	3404      	adds	r4, #4
10007764:	42a8      	cmp	r0, r5
10007766:	ea2e 0e00 	bic.w	lr, lr, r0
1000776a:	d0ec      	beq.n	10007746 <strncmp+0x4a>
1000776c:	e7ce      	b.n	1000770c <strncmp+0x10>
1000776e:	2000      	movs	r0, #0
10007770:	bd30      	pop	{r4, r5, pc}
10007772:	4610      	mov	r0, r2
10007774:	4770      	bx	lr
10007776:	46a4      	mov	ip, r4
10007778:	4619      	mov	r1, r3
1000777a:	e7c7      	b.n	1000770c <strncmp+0x10>

1000777c <stpncpy>:
1000777c:	ea40 0301 	orr.w	r3, r0, r1
10007780:	079b      	lsls	r3, r3, #30
10007782:	b410      	push	{r4}
10007784:	4604      	mov	r4, r0
10007786:	d101      	bne.n	1000778c <stpncpy+0x10>
10007788:	2a03      	cmp	r2, #3
1000778a:	d81c      	bhi.n	100077c6 <stpncpy+0x4a>
1000778c:	f101 3cff 	add.w	ip, r1, #4294967295	@ 0xffffffff
10007790:	e007      	b.n	100077a2 <stpncpy+0x26>
10007792:	f81c 1f01 	ldrb.w	r1, [ip, #1]!
10007796:	1e50      	subs	r0, r2, #1
10007798:	f803 1b01 	strb.w	r1, [r3], #1
1000779c:	b141      	cbz	r1, 100077b0 <stpncpy+0x34>
1000779e:	4602      	mov	r2, r0
100077a0:	461c      	mov	r4, r3
100077a2:	4623      	mov	r3, r4
100077a4:	2a00      	cmp	r2, #0
100077a6:	d1f4      	bne.n	10007792 <stpncpy+0x16>
100077a8:	4620      	mov	r0, r4
100077aa:	f85d 4b04 	ldr.w	r4, [sp], #4
100077ae:	4770      	bx	lr
100077b0:	b1f8      	cbz	r0, 100077f2 <stpncpy+0x76>
100077b2:	18a0      	adds	r0, r4, r2
100077b4:	f803 1b01 	strb.w	r1, [r3], #1
100077b8:	4283      	cmp	r3, r0
100077ba:	d1fb      	bne.n	100077b4 <stpncpy+0x38>
100077bc:	2c00      	cmp	r4, #0
100077be:	d1f3      	bne.n	100077a8 <stpncpy+0x2c>
100077c0:	f85d 4b04 	ldr.w	r4, [sp], #4
100077c4:	4770      	bx	lr
100077c6:	468c      	mov	ip, r1
100077c8:	e004      	b.n	100077d4 <stpncpy+0x58>
100077ca:	3a04      	subs	r2, #4
100077cc:	f844 0b04 	str.w	r0, [r4], #4
100077d0:	2a03      	cmp	r2, #3
100077d2:	d90c      	bls.n	100077ee <stpncpy+0x72>
100077d4:	f8dc 0000 	ldr.w	r0, [ip]
100077d8:	4661      	mov	r1, ip
100077da:	f10c 0c04 	add.w	ip, ip, #4
100077de:	f1a0 3301 	sub.w	r3, r0, #16843009	@ 0x1010101
100077e2:	ea23 0300 	bic.w	r3, r3, r0
100077e6:	f013 3f80 	tst.w	r3, #2155905152	@ 0x80808080
100077ea:	d0ee      	beq.n	100077ca <stpncpy+0x4e>
100077ec:	e7ce      	b.n	1000778c <stpncpy+0x10>
100077ee:	4661      	mov	r1, ip
100077f0:	e7cc      	b.n	1000778c <stpncpy+0x10>
100077f2:	4618      	mov	r0, r3
100077f4:	2c00      	cmp	r4, #0
100077f6:	d1d7      	bne.n	100077a8 <stpncpy+0x2c>
100077f8:	e7e2      	b.n	100077c0 <stpncpy+0x44>
100077fa:	bf00      	nop

100077fc <__locale_mb_cur_max>:
100077fc:	4b01      	ldr	r3, [pc, #4]	@ (10007804 <__locale_mb_cur_max+0x8>)
100077fe:	f893 0128 	ldrb.w	r0, [r3, #296]	@ 0x128
10007802:	4770      	bx	lr
10007804:	20000b98 	.word	0x20000b98

10007808 <_localeconv_r>:
10007808:	4800      	ldr	r0, [pc, #0]	@ (1000780c <_localeconv_r+0x4>)
1000780a:	4770      	bx	lr
1000780c:	20000c88 	.word	0x20000c88

10007810 <_strtoll_l.isra.0>:
10007810:	e92d 4ff0 	stmdb	sp!, {r4, r5, r6, r7, r8, r9, sl, fp, lr}
10007814:	4692      	mov	sl, r2
10007816:	b085      	sub	sp, #20
10007818:	4689      	mov	r9, r1
1000781a:	461e      	mov	r6, r3
1000781c:	460d      	mov	r5, r1
1000781e:	4a55      	ldr	r2, [pc, #340]	@ (10007974 <_strtoll_l.isra.0+0x164>)
10007820:	9003      	str	r0, [sp, #12]
10007822:	4629      	mov	r1, r5
10007824:	f815 4b01 	ldrb.w	r4, [r5], #1
10007828:	5d13      	ldrb	r3, [r2, r4]
1000782a:	f013 0308 	ands.w	r3, r3, #8
1000782e:	d1f8      	bne.n	10007822 <_strtoll_l.isra.0+0x12>
10007830:	2c2d      	cmp	r4, #45	@ 0x2d
10007832:	d07c      	beq.n	1000792e <_strtoll_l.isra.0+0x11e>
10007834:	2c2b      	cmp	r4, #43	@ 0x2b
10007836:	d04e      	beq.n	100078d6 <_strtoll_l.isra.0+0xc6>
10007838:	f04f 31ff 	mov.w	r1, #4294967295	@ 0xffffffff
1000783c:	9302      	str	r3, [sp, #8]
1000783e:	f06f 4300 	mvn.w	r3, #2147483648	@ 0x80000000
10007842:	e9cd 1300 	strd	r1, r3, [sp]
10007846:	f036 0810 	bics.w	r8, r6, #16
1000784a:	d051      	beq.n	100078f0 <_strtoll_l.isra.0+0xe0>
1000784c:	4637      	mov	r7, r6
1000784e:	ea4f 78e6 	mov.w	r8, r6, asr #31
10007852:	463a      	mov	r2, r7
10007854:	4643      	mov	r3, r8
10007856:	e9dd 0100 	ldrd	r0, r1, [sp]
1000785a:	f001 fc21 	bl	100090a0 <____aeabi_uldivmod_veneer>
1000785e:	2300      	movs	r3, #0
10007860:	4683      	mov	fp, r0
10007862:	468e      	mov	lr, r1
10007864:	4618      	mov	r0, r3
10007866:	4619      	mov	r1, r3
10007868:	46a4      	mov	ip, r4
1000786a:	e013      	b.n	10007894 <_strtoll_l.isra.0+0x84>
1000786c:	f1ac 0437 	sub.w	r4, ip, #55	@ 0x37
10007870:	42a6      	cmp	r6, r4
10007872:	dd1f      	ble.n	100078b4 <_strtoll_l.isra.0+0xa4>
10007874:	2b00      	cmp	r3, #0
10007876:	db09      	blt.n	1000788c <_strtoll_l.isra.0+0x7c>
10007878:	4583      	cmp	fp, r0
1000787a:	eb7e 0301 	sbcs.w	r3, lr, r1
1000787e:	d305      	bcc.n	1000788c <_strtoll_l.isra.0+0x7c>
10007880:	458e      	cmp	lr, r1
10007882:	bf08      	it	eq
10007884:	4583      	cmpeq	fp, r0
10007886:	d13b      	bne.n	10007900 <_strtoll_l.isra.0+0xf0>
10007888:	42a2      	cmp	r2, r4
1000788a:	da39      	bge.n	10007900 <_strtoll_l.isra.0+0xf0>
1000788c:	f04f 33ff 	mov.w	r3, #4294967295	@ 0xffffffff
10007890:	f815 cb01 	ldrb.w	ip, [r5], #1
10007894:	f1ac 0430 	sub.w	r4, ip, #48	@ 0x30
10007898:	2c09      	cmp	r4, #9
1000789a:	d9e9      	bls.n	10007870 <_strtoll_l.isra.0+0x60>
1000789c:	f1ac 0441 	sub.w	r4, ip, #65	@ 0x41
100078a0:	2c19      	cmp	r4, #25
100078a2:	d9e3      	bls.n	1000786c <_strtoll_l.isra.0+0x5c>
100078a4:	f1ac 0461 	sub.w	r4, ip, #97	@ 0x61
100078a8:	2c19      	cmp	r4, #25
100078aa:	d803      	bhi.n	100078b4 <_strtoll_l.isra.0+0xa4>
100078ac:	f1ac 0457 	sub.w	r4, ip, #87	@ 0x57
100078b0:	42a6      	cmp	r6, r4
100078b2:	dcdf      	bgt.n	10007874 <_strtoll_l.isra.0+0x64>
100078b4:	1c5a      	adds	r2, r3, #1
100078b6:	d02f      	beq.n	10007918 <_strtoll_l.isra.0+0x108>
100078b8:	9a02      	ldr	r2, [sp, #8]
100078ba:	b112      	cbz	r2, 100078c2 <_strtoll_l.isra.0+0xb2>
100078bc:	4240      	negs	r0, r0
100078be:	eb61 0141 	sbc.w	r1, r1, r1, lsl #1
100078c2:	f1ba 0f00 	cmp.w	sl, #0
100078c6:	d003      	beq.n	100078d0 <_strtoll_l.isra.0+0xc0>
100078c8:	2b00      	cmp	r3, #0
100078ca:	d148      	bne.n	1000795e <_strtoll_l.isra.0+0x14e>
100078cc:	f8ca 9000 	str.w	r9, [sl]
100078d0:	b005      	add	sp, #20
100078d2:	e8bd 8ff0 	ldmia.w	sp!, {r4, r5, r6, r7, r8, r9, sl, fp, pc}
100078d6:	f04f 30ff 	mov.w	r0, #4294967295	@ 0xffffffff
100078da:	9302      	str	r3, [sp, #8]
100078dc:	f036 0810 	bics.w	r8, r6, #16
100078e0:	f06f 4300 	mvn.w	r3, #2147483648	@ 0x80000000
100078e4:	782c      	ldrb	r4, [r5, #0]
100078e6:	f101 0502 	add.w	r5, r1, #2
100078ea:	e9cd 0300 	strd	r0, r3, [sp]
100078ee:	d1ad      	bne.n	1000784c <_strtoll_l.isra.0+0x3c>
100078f0:	2c30      	cmp	r4, #48	@ 0x30
100078f2:	d025      	beq.n	10007940 <_strtoll_l.isra.0+0x130>
100078f4:	2e00      	cmp	r6, #0
100078f6:	d13a      	bne.n	1000796e <_strtoll_l.isra.0+0x15e>
100078f8:	270a      	movs	r7, #10
100078fa:	46b0      	mov	r8, r6
100078fc:	463e      	mov	r6, r7
100078fe:	e7a8      	b.n	10007852 <_strtoll_l.isra.0+0x42>
10007900:	fb00 f308 	mul.w	r3, r0, r8
10007904:	fb07 3301 	mla	r3, r7, r1, r3
10007908:	fba0 0107 	umull	r0, r1, r0, r7
1000790c:	440b      	add	r3, r1
1000790e:	1820      	adds	r0, r4, r0
10007910:	eb43 71e4 	adc.w	r1, r3, r4, asr #31
10007914:	2301      	movs	r3, #1
10007916:	e7bb      	b.n	10007890 <_strtoll_l.isra.0+0x80>
10007918:	2322      	movs	r3, #34	@ 0x22
1000791a:	9a03      	ldr	r2, [sp, #12]
1000791c:	6013      	str	r3, [r2, #0]
1000791e:	f1ba 0f00 	cmp.w	sl, #0
10007922:	d017      	beq.n	10007954 <_strtoll_l.isra.0+0x144>
10007924:	f105 39ff 	add.w	r9, r5, #4294967295	@ 0xffffffff
10007928:	e9dd 0100 	ldrd	r0, r1, [sp]
1000792c:	e7ce      	b.n	100078cc <_strtoll_l.isra.0+0xbc>
1000792e:	f04f 4700 	mov.w	r7, #2147483648	@ 0x80000000
10007932:	9300      	str	r3, [sp, #0]
10007934:	2301      	movs	r3, #1
10007936:	782c      	ldrb	r4, [r5, #0]
10007938:	1c8d      	adds	r5, r1, #2
1000793a:	e9cd 7301 	strd	r7, r3, [sp, #4]
1000793e:	e782      	b.n	10007846 <_strtoll_l.isra.0+0x36>
10007940:	782b      	ldrb	r3, [r5, #0]
10007942:	f003 03df 	and.w	r3, r3, #223	@ 0xdf
10007946:	2b58      	cmp	r3, #88	@ 0x58
10007948:	d00c      	beq.n	10007964 <_strtoll_l.isra.0+0x154>
1000794a:	b986      	cbnz	r6, 1000796e <_strtoll_l.isra.0+0x15e>
1000794c:	2708      	movs	r7, #8
1000794e:	46b0      	mov	r8, r6
10007950:	463e      	mov	r6, r7
10007952:	e77e      	b.n	10007852 <_strtoll_l.isra.0+0x42>
10007954:	e9dd 0100 	ldrd	r0, r1, [sp]
10007958:	b005      	add	sp, #20
1000795a:	e8bd 8ff0 	ldmia.w	sp!, {r4, r5, r6, r7, r8, r9, sl, fp, pc}
1000795e:	e9cd 0100 	strd	r0, r1, [sp]
10007962:	e7df      	b.n	10007924 <_strtoll_l.isra.0+0x114>
10007964:	2710      	movs	r7, #16
10007966:	786c      	ldrb	r4, [r5, #1]
10007968:	3502      	adds	r5, #2
1000796a:	463e      	mov	r6, r7
1000796c:	e771      	b.n	10007852 <_strtoll_l.isra.0+0x42>
1000796e:	2710      	movs	r7, #16
10007970:	463e      	mov	r6, r7
10007972:	e76e      	b.n	10007852 <_strtoll_l.isra.0+0x42>
10007974:	10009559 	.word	0x10009559

10007978 <_strtoll_r>:
10007978:	f7ff bf4a 	b.w	10007810 <_strtoll_l.isra.0>

1000797c <_strtoull_l.isra.0>:
1000797c:	e92d 4ff0 	stmdb	sp!, {r4, r5, r6, r7, r8, r9, sl, fp, lr}
10007980:	b085      	sub	sp, #20
10007982:	468b      	mov	fp, r1
10007984:	461e      	mov	r6, r3
10007986:	460d      	mov	r5, r1
10007988:	9201      	str	r2, [sp, #4]
1000798a:	4a5d      	ldr	r2, [pc, #372]	@ (10007b00 <_strtoull_l.isra.0+0x184>)
1000798c:	9003      	str	r0, [sp, #12]
1000798e:	4629      	mov	r1, r5
10007990:	f815 4b01 	ldrb.w	r4, [r5], #1
10007994:	5d13      	ldrb	r3, [r2, r4]
10007996:	f013 0308 	ands.w	r3, r3, #8
1000799a:	d1f8      	bne.n	1000798e <_strtoull_l.isra.0+0x12>
1000799c:	2c2d      	cmp	r4, #45	@ 0x2d
1000799e:	f000 8082 	beq.w	10007aa6 <_strtoull_l.isra.0+0x12a>
100079a2:	2c2b      	cmp	r4, #43	@ 0x2b
100079a4:	d051      	beq.n	10007a4a <_strtoull_l.isra.0+0xce>
100079a6:	9302      	str	r3, [sp, #8]
100079a8:	f036 0a10 	bics.w	sl, r6, #16
100079ac:	d054      	beq.n	10007a58 <_strtoull_l.isra.0+0xdc>
100079ae:	ea4f 7ae6 	mov.w	sl, r6, asr #31
100079b2:	4632      	mov	r2, r6
100079b4:	f04f 30ff 	mov.w	r0, #4294967295	@ 0xffffffff
100079b8:	f04f 31ff 	mov.w	r1, #4294967295	@ 0xffffffff
100079bc:	4653      	mov	r3, sl
100079be:	46b1      	mov	r9, r6
100079c0:	f001 fb6e 	bl	100090a0 <____aeabi_uldivmod_veneer>
100079c4:	4632      	mov	r2, r6
100079c6:	4607      	mov	r7, r0
100079c8:	4688      	mov	r8, r1
100079ca:	4653      	mov	r3, sl
100079cc:	f04f 30ff 	mov.w	r0, #4294967295	@ 0xffffffff
100079d0:	f04f 31ff 	mov.w	r1, #4294967295	@ 0xffffffff
100079d4:	f001 fb64 	bl	100090a0 <____aeabi_uldivmod_veneer>
100079d8:	4694      	mov	ip, r2
100079da:	2200      	movs	r2, #0
100079dc:	4610      	mov	r0, r2
100079de:	4611      	mov	r1, r2
100079e0:	e013      	b.n	10007a0a <_strtoull_l.isra.0+0x8e>
100079e2:	f1a4 0337 	sub.w	r3, r4, #55	@ 0x37
100079e6:	429e      	cmp	r6, r3
100079e8:	dd1f      	ble.n	10007a2a <_strtoull_l.isra.0+0xae>
100079ea:	2a00      	cmp	r2, #0
100079ec:	db09      	blt.n	10007a02 <_strtoull_l.isra.0+0x86>
100079ee:	4287      	cmp	r7, r0
100079f0:	eb78 0201 	sbcs.w	r2, r8, r1
100079f4:	d305      	bcc.n	10007a02 <_strtoull_l.isra.0+0x86>
100079f6:	4541      	cmp	r1, r8
100079f8:	bf08      	it	eq
100079fa:	42b8      	cmpeq	r0, r7
100079fc:	d13b      	bne.n	10007a76 <_strtoull_l.isra.0+0xfa>
100079fe:	4563      	cmp	r3, ip
10007a00:	dd39      	ble.n	10007a76 <_strtoull_l.isra.0+0xfa>
10007a02:	f04f 32ff 	mov.w	r2, #4294967295	@ 0xffffffff
10007a06:	f815 4b01 	ldrb.w	r4, [r5], #1
10007a0a:	f1a4 0330 	sub.w	r3, r4, #48	@ 0x30
10007a0e:	2b09      	cmp	r3, #9
10007a10:	d9e9      	bls.n	100079e6 <_strtoull_l.isra.0+0x6a>
10007a12:	f1a4 0341 	sub.w	r3, r4, #65	@ 0x41
10007a16:	2b19      	cmp	r3, #25
10007a18:	d9e3      	bls.n	100079e2 <_strtoull_l.isra.0+0x66>
10007a1a:	f1a4 0361 	sub.w	r3, r4, #97	@ 0x61
10007a1e:	2b19      	cmp	r3, #25
10007a20:	d803      	bhi.n	10007a2a <_strtoull_l.isra.0+0xae>
10007a22:	f1a4 0357 	sub.w	r3, r4, #87	@ 0x57
10007a26:	429e      	cmp	r6, r3
10007a28:	dcdf      	bgt.n	100079ea <_strtoull_l.isra.0+0x6e>
10007a2a:	1c53      	adds	r3, r2, #1
10007a2c:	d030      	beq.n	10007a90 <_strtoull_l.isra.0+0x114>
10007a2e:	9b02      	ldr	r3, [sp, #8]
10007a30:	b113      	cbz	r3, 10007a38 <_strtoull_l.isra.0+0xbc>
10007a32:	4240      	negs	r0, r0
10007a34:	eb61 0141 	sbc.w	r1, r1, r1, lsl #1
10007a38:	9b01      	ldr	r3, [sp, #4]
10007a3a:	b11b      	cbz	r3, 10007a44 <_strtoull_l.isra.0+0xc8>
10007a3c:	bb82      	cbnz	r2, 10007aa0 <_strtoull_l.isra.0+0x124>
10007a3e:	9b01      	ldr	r3, [sp, #4]
10007a40:	f8c3 b000 	str.w	fp, [r3]
10007a44:	b005      	add	sp, #20
10007a46:	e8bd 8ff0 	ldmia.w	sp!, {r4, r5, r6, r7, r8, r9, sl, fp, pc}
10007a4a:	f036 0a10 	bics.w	sl, r6, #16
10007a4e:	782c      	ldrb	r4, [r5, #0]
10007a50:	9302      	str	r3, [sp, #8]
10007a52:	f101 0502 	add.w	r5, r1, #2
10007a56:	d1aa      	bne.n	100079ae <_strtoull_l.isra.0+0x32>
10007a58:	2c30      	cmp	r4, #48	@ 0x30
10007a5a:	d029      	beq.n	10007ab0 <_strtoull_l.isra.0+0x134>
10007a5c:	2e00      	cmp	r6, #0
10007a5e:	d144      	bne.n	10007aea <_strtoull_l.isra.0+0x16e>
10007a60:	f04f 090a 	mov.w	r9, #10
10007a64:	46b2      	mov	sl, r6
10007a66:	f04f 0c05 	mov.w	ip, #5
10007a6a:	f04f 3799 	mov.w	r7, #2576980377	@ 0x99999999
10007a6e:	f8df 8094 	ldr.w	r8, [pc, #148]	@ 10007b04 <_strtoull_l.isra.0+0x188>
10007a72:	464e      	mov	r6, r9
10007a74:	e7b1      	b.n	100079da <_strtoull_l.isra.0+0x5e>
10007a76:	fb09 f101 	mul.w	r1, r9, r1
10007a7a:	fb00 110a 	mla	r1, r0, sl, r1
10007a7e:	fba9 0200 	umull	r0, r2, r9, r0
10007a82:	4411      	add	r1, r2
10007a84:	1818      	adds	r0, r3, r0
10007a86:	f04f 0201 	mov.w	r2, #1
10007a8a:	eb41 71e3 	adc.w	r1, r1, r3, asr #31
10007a8e:	e7ba      	b.n	10007a06 <_strtoull_l.isra.0+0x8a>
10007a90:	2322      	movs	r3, #34	@ 0x22
10007a92:	9903      	ldr	r1, [sp, #12]
10007a94:	4610      	mov	r0, r2
10007a96:	600b      	str	r3, [r1, #0]
10007a98:	4611      	mov	r1, r2
10007a9a:	9b01      	ldr	r3, [sp, #4]
10007a9c:	2b00      	cmp	r3, #0
10007a9e:	d0d1      	beq.n	10007a44 <_strtoull_l.isra.0+0xc8>
10007aa0:	f105 3bff 	add.w	fp, r5, #4294967295	@ 0xffffffff
10007aa4:	e7cb      	b.n	10007a3e <_strtoull_l.isra.0+0xc2>
10007aa6:	2301      	movs	r3, #1
10007aa8:	782c      	ldrb	r4, [r5, #0]
10007aaa:	1c8d      	adds	r5, r1, #2
10007aac:	9302      	str	r3, [sp, #8]
10007aae:	e77b      	b.n	100079a8 <_strtoull_l.isra.0+0x2c>
10007ab0:	782b      	ldrb	r3, [r5, #0]
10007ab2:	f003 03df 	and.w	r3, r3, #223	@ 0xdf
10007ab6:	2b58      	cmp	r3, #88	@ 0x58
10007ab8:	d00b      	beq.n	10007ad2 <_strtoull_l.isra.0+0x156>
10007aba:	b9b6      	cbnz	r6, 10007aea <_strtoull_l.isra.0+0x16e>
10007abc:	f04f 0908 	mov.w	r9, #8
10007ac0:	46b2      	mov	sl, r6
10007ac2:	f04f 0c07 	mov.w	ip, #7
10007ac6:	f04f 37ff 	mov.w	r7, #4294967295	@ 0xffffffff
10007aca:	f06f 4860 	mvn.w	r8, #3758096384	@ 0xe0000000
10007ace:	464e      	mov	r6, r9
10007ad0:	e783      	b.n	100079da <_strtoull_l.isra.0+0x5e>
10007ad2:	f04f 0910 	mov.w	r9, #16
10007ad6:	786c      	ldrb	r4, [r5, #1]
10007ad8:	f04f 0c0f 	mov.w	ip, #15
10007adc:	3502      	adds	r5, #2
10007ade:	f04f 37ff 	mov.w	r7, #4294967295	@ 0xffffffff
10007ae2:	f06f 4870 	mvn.w	r8, #4026531840	@ 0xf0000000
10007ae6:	464e      	mov	r6, r9
10007ae8:	e777      	b.n	100079da <_strtoull_l.isra.0+0x5e>
10007aea:	f04f 0910 	mov.w	r9, #16
10007aee:	f04f 0c0f 	mov.w	ip, #15
10007af2:	f04f 37ff 	mov.w	r7, #4294967295	@ 0xffffffff
10007af6:	f06f 4870 	mvn.w	r8, #4026531840	@ 0xf0000000
10007afa:	464e      	mov	r6, r9
10007afc:	e76d      	b.n	100079da <_strtoull_l.isra.0+0x5e>
10007afe:	bf00      	nop
10007b00:	10009559 	.word	0x10009559
10007b04:	19999999 	.word	0x19999999

10007b08 <_strtoull_r>:
10007b08:	f7ff bf38 	b.w	1000797c <_strtoull_l.isra.0>

10007b0c <_mbrtowc_r>:
10007b0c:	b570      	push	{r4, r5, r6, lr}
10007b0e:	b082      	sub	sp, #8
10007b10:	4604      	mov	r4, r0
10007b12:	9d06      	ldr	r5, [sp, #24]
10007b14:	b155      	cbz	r5, 10007b2c <_mbrtowc_r+0x20>
10007b16:	4810      	ldr	r0, [pc, #64]	@ (10007b58 <_mbrtowc_r+0x4c>)
10007b18:	f8d0 60e4 	ldr.w	r6, [r0, #228]	@ 0xe4
10007b1c:	b16a      	cbz	r2, 10007b3a <_mbrtowc_r+0x2e>
10007b1e:	4620      	mov	r0, r4
10007b20:	9500      	str	r5, [sp, #0]
10007b22:	47b0      	blx	r6
10007b24:	1c43      	adds	r3, r0, #1
10007b26:	d010      	beq.n	10007b4a <_mbrtowc_r+0x3e>
10007b28:	b002      	add	sp, #8
10007b2a:	bd70      	pop	{r4, r5, r6, pc}
10007b2c:	f100 05f4 	add.w	r5, r0, #244	@ 0xf4
10007b30:	4809      	ldr	r0, [pc, #36]	@ (10007b58 <_mbrtowc_r+0x4c>)
10007b32:	f8d0 60e4 	ldr.w	r6, [r0, #228]	@ 0xe4
10007b36:	2a00      	cmp	r2, #0
10007b38:	d1f1      	bne.n	10007b1e <_mbrtowc_r+0x12>
10007b3a:	2301      	movs	r3, #1
10007b3c:	4611      	mov	r1, r2
10007b3e:	4620      	mov	r0, r4
10007b40:	4a06      	ldr	r2, [pc, #24]	@ (10007b5c <_mbrtowc_r+0x50>)
10007b42:	9500      	str	r5, [sp, #0]
10007b44:	47b0      	blx	r6
10007b46:	1c43      	adds	r3, r0, #1
10007b48:	d1ee      	bne.n	10007b28 <_mbrtowc_r+0x1c>
10007b4a:	2200      	movs	r2, #0
10007b4c:	238a      	movs	r3, #138	@ 0x8a
10007b4e:	602a      	str	r2, [r5, #0]
10007b50:	6023      	str	r3, [r4, #0]
10007b52:	b002      	add	sp, #8
10007b54:	bd70      	pop	{r4, r5, r6, pc}
10007b56:	bf00      	nop
10007b58:	20000b98 	.word	0x20000b98
10007b5c:	10009148 	.word	0x10009148

10007b60 <iswspace>:
10007b60:	2100      	movs	r1, #0
10007b62:	f000 b801 	b.w	10007b68 <iswspace_l>
10007b66:	bf00      	nop

10007b68 <iswspace_l>:
10007b68:	b510      	push	{r4, lr}
10007b6a:	f000 f8c1 	bl	10007cf0 <_jp2uc_l>
10007b6e:	4604      	mov	r4, r0
10007b70:	f000 f8f0 	bl	10007d54 <category>
10007b74:	f1a0 031a 	sub.w	r3, r0, #26
10007b78:	b2db      	uxtb	r3, r3
10007b7a:	2b02      	cmp	r3, #2
10007b7c:	d801      	bhi.n	10007b82 <iswspace_l+0x1a>
10007b7e:	2001      	movs	r0, #1
10007b80:	bd10      	pop	{r4, pc}
10007b82:	f1a4 0009 	sub.w	r0, r4, #9
10007b86:	2804      	cmp	r0, #4
10007b88:	bf8c      	ite	hi
10007b8a:	2000      	movhi	r0, #0
10007b8c:	2001      	movls	r0, #1
10007b8e:	bd10      	pop	{r4, pc}

10007b90 <nan>:
10007b90:	2000      	movs	r0, #0
10007b92:	4901      	ldr	r1, [pc, #4]	@ (10007b98 <nan+0x8>)
10007b94:	4770      	bx	lr
10007b96:	bf00      	nop
10007b98:	7ff80000 	.word	0x7ff80000

10007b9c <nanf>:
10007b9c:	4800      	ldr	r0, [pc, #0]	@ (10007ba0 <nanf+0x4>)
10007b9e:	4770      	bx	lr
10007ba0:	7fc00000 	.word	0x7fc00000

10007ba4 <__jp2uc>:
10007ba4:	2902      	cmp	r1, #2
10007ba6:	f3c0 2307 	ubfx	r3, r0, #8, #8
10007baa:	fa5f fc80 	uxtb.w	ip, r0
10007bae:	d025      	beq.n	10007bfc <__jp2uc+0x58>
10007bb0:	2903      	cmp	r1, #3
10007bb2:	d003      	beq.n	10007bbc <__jp2uc+0x18>
10007bb4:	f083 0380 	eor.w	r3, r3, #128	@ 0x80
10007bb8:	f08c 0c80 	eor.w	ip, ip, #128	@ 0x80
10007bbc:	f103 0250 	add.w	r2, r3, #80	@ 0x50
10007bc0:	b2d2      	uxtb	r2, r2
10007bc2:	2a1f      	cmp	r2, #31
10007bc4:	d90b      	bls.n	10007bde <__jp2uc+0x3a>
10007bc6:	f103 0230 	add.w	r2, r3, #48	@ 0x30
10007bca:	b2d2      	uxtb	r2, r2
10007bcc:	2a24      	cmp	r2, #36	@ 0x24
10007bce:	d83b      	bhi.n	10007c48 <__jp2uc+0xa4>
10007bd0:	f24f 42a6 	movw	r2, #62630	@ 0xf4a6
10007bd4:	4290      	cmp	r0, r2
10007bd6:	d92c      	bls.n	10007c32 <__jp2uc+0x8e>
10007bd8:	f04f 30ff 	mov.w	r0, #4294967295	@ 0xffffffff
10007bdc:	4770      	bx	lr
10007bde:	f64c 72d3 	movw	r2, #53203	@ 0xcfd3
10007be2:	4290      	cmp	r0, r2
10007be4:	d8f8      	bhi.n	10007bd8 <__jp2uc+0x34>
10007be6:	3bb0      	subs	r3, #176	@ 0xb0
10007be8:	f1ac 0ca1 	sub.w	ip, ip, #161	@ 0xa1
10007bec:	4a38      	ldr	r2, [pc, #224]	@ (10007cd0 <__jp2uc+0x12c>)
10007bee:	ebc3 13c3 	rsb	r3, r3, r3, lsl #7
10007bf2:	eb0c 0343 	add.w	r3, ip, r3, lsl #1
10007bf6:	f832 0013 	ldrh.w	r0, [r2, r3, lsl #1]
10007bfa:	4770      	bx	lr
10007bfc:	f1bc 0f9e 	cmp.w	ip, #158	@ 0x9e
10007c00:	d911      	bls.n	10007c26 <__jp2uc+0x82>
10007c02:	f10c 0c23 	add.w	ip, ip, #35	@ 0x23
10007c06:	2280      	movs	r2, #128	@ 0x80
10007c08:	fa5f fc8c 	uxtb.w	ip, ip
10007c0c:	2b9f      	cmp	r3, #159	@ 0x9f
10007c0e:	bf94      	ite	ls
10007c10:	3b70      	subls	r3, #112	@ 0x70
10007c12:	3350      	addhi	r3, #80	@ 0x50
10007c14:	eb02 0243 	add.w	r2, r2, r3, lsl #1
10007c18:	b2d3      	uxtb	r3, r2
10007c1a:	f103 0250 	add.w	r2, r3, #80	@ 0x50
10007c1e:	b2d2      	uxtb	r2, r2
10007c20:	2a1f      	cmp	r2, #31
10007c22:	d8d0      	bhi.n	10007bc6 <__jp2uc+0x22>
10007c24:	e7db      	b.n	10007bde <__jp2uc+0x3a>
10007c26:	f1ac 0c7e 	sub.w	ip, ip, #126	@ 0x7e
10007c2a:	227f      	movs	r2, #127	@ 0x7f
10007c2c:	fa5f fc8c 	uxtb.w	ip, ip
10007c30:	e7ec      	b.n	10007c0c <__jp2uc+0x68>
10007c32:	3bd0      	subs	r3, #208	@ 0xd0
10007c34:	f1ac 0ca1 	sub.w	ip, ip, #161	@ 0xa1
10007c38:	4a26      	ldr	r2, [pc, #152]	@ (10007cd4 <__jp2uc+0x130>)
10007c3a:	ebc3 13c3 	rsb	r3, r3, r3, lsl #7
10007c3e:	eb0c 0343 	add.w	r3, ip, r3, lsl #1
10007c42:	f832 0013 	ldrh.w	r0, [r2, r3, lsl #1]
10007c46:	4770      	bx	lr
10007c48:	3ba1      	subs	r3, #161	@ 0xa1
10007c4a:	2b07      	cmp	r3, #7
10007c4c:	d8c4      	bhi.n	10007bd8 <__jp2uc+0x34>
10007c4e:	e8df f003 	tbb	[pc, r3]
10007c52:	2e38      	.short	0x2e38
10007c54:	12171d24 	.word	0x12171d24
10007c58:	040d      	.short	0x040d
10007c5a:	f1bc 0fc0 	cmp.w	ip, #192	@ 0xc0
10007c5e:	d8bb      	bhi.n	10007bd8 <__jp2uc+0x34>
10007c60:	4a1d      	ldr	r2, [pc, #116]	@ (10007cd8 <__jp2uc+0x134>)
10007c62:	f1ac 03a1 	sub.w	r3, ip, #161	@ 0xa1
10007c66:	f832 0013 	ldrh.w	r0, [r2, r3, lsl #1]
10007c6a:	4770      	bx	lr
10007c6c:	f1bc 0ff1 	cmp.w	ip, #241	@ 0xf1
10007c70:	d8b2      	bhi.n	10007bd8 <__jp2uc+0x34>
10007c72:	4a1a      	ldr	r2, [pc, #104]	@ (10007cdc <__jp2uc+0x138>)
10007c74:	e01c      	b.n	10007cb0 <__jp2uc+0x10c>
10007c76:	f1bc 0fd8 	cmp.w	ip, #216	@ 0xd8
10007c7a:	d8ad      	bhi.n	10007bd8 <__jp2uc+0x34>
10007c7c:	4a18      	ldr	r2, [pc, #96]	@ (10007ce0 <__jp2uc+0x13c>)
10007c7e:	e017      	b.n	10007cb0 <__jp2uc+0x10c>
10007c80:	f1bc 0ff6 	cmp.w	ip, #246	@ 0xf6
10007c84:	d8a8      	bhi.n	10007bd8 <__jp2uc+0x34>
10007c86:	f50c 5040 	add.w	r0, ip, #12288	@ 0x3000
10007c8a:	4770      	bx	lr
10007c8c:	f1bc 0ff3 	cmp.w	ip, #243	@ 0xf3
10007c90:	d8a2      	bhi.n	10007bd8 <__jp2uc+0x34>
10007c92:	f642 70a0 	movw	r0, #12192	@ 0x2fa0
10007c96:	4460      	add	r0, ip
10007c98:	4770      	bx	lr
10007c9a:	4b12      	ldr	r3, [pc, #72]	@ (10007ce4 <__jp2uc+0x140>)
10007c9c:	4463      	add	r3, ip
10007c9e:	f813 3ca1 	ldrb.w	r3, [r3, #-161]
10007ca2:	2b00      	cmp	r3, #0
10007ca4:	d098      	beq.n	10007bd8 <__jp2uc+0x34>
10007ca6:	f64f 6060 	movw	r0, #65120	@ 0xfe60
10007caa:	4460      	add	r0, ip
10007cac:	4770      	bx	lr
10007cae:	4a0e      	ldr	r2, [pc, #56]	@ (10007ce8 <__jp2uc+0x144>)
10007cb0:	f1ac 03a1 	sub.w	r3, ip, #161	@ 0xa1
10007cb4:	f832 0013 	ldrh.w	r0, [r2, r3, lsl #1]
10007cb8:	2800      	cmp	r0, #0
10007cba:	bf08      	it	eq
10007cbc:	f04f 30ff 	moveq.w	r0, #4294967295	@ 0xffffffff
10007cc0:	4770      	bx	lr
10007cc2:	4a0a      	ldr	r2, [pc, #40]	@ (10007cec <__jp2uc+0x148>)
10007cc4:	f1ac 03a1 	sub.w	r3, ip, #161	@ 0xa1
10007cc8:	f832 0013 	ldrh.w	r0, [r2, r3, lsl #1]
10007ccc:	4770      	bx	lr
10007cce:	bf00      	nop
10007cd0:	1000b0d8 	.word	0x1000b0d8
10007cd4:	1000965c 	.word	0x1000965c
10007cd8:	1000c804 	.word	0x1000c804
10007cdc:	1000c844 	.word	0x1000c844
10007ce0:	1000c8e8 	.word	0x1000c8e8
10007ce4:	1000c958 	.word	0x1000c958
10007ce8:	1000c9b4 	.word	0x1000c9b4
10007cec:	1000ca70 	.word	0x1000ca70

10007cf0 <_jp2uc_l>:
10007cf0:	b538      	push	{r3, r4, r5, lr}
10007cf2:	4605      	mov	r5, r0
10007cf4:	b1b9      	cbz	r1, 10007d26 <_jp2uc_l+0x36>
10007cf6:	f501 7495 	add.w	r4, r1, #298	@ 0x12a
10007cfa:	4912      	ldr	r1, [pc, #72]	@ (10007d44 <_jp2uc_l+0x54>)
10007cfc:	4620      	mov	r0, r4
10007cfe:	f7fc fb3b 	bl	10004378 <strcmp>
10007d02:	b928      	cbnz	r0, 10007d10 <_jp2uc_l+0x20>
10007d04:	4628      	mov	r0, r5
10007d06:	2101      	movs	r1, #1
10007d08:	e8bd 4038 	ldmia.w	sp!, {r3, r4, r5, lr}
10007d0c:	f7ff bf4a 	b.w	10007ba4 <__jp2uc>
10007d10:	490d      	ldr	r1, [pc, #52]	@ (10007d48 <_jp2uc_l+0x58>)
10007d12:	4620      	mov	r0, r4
10007d14:	f7fc fb30 	bl	10004378 <strcmp>
10007d18:	b938      	cbnz	r0, 10007d2a <_jp2uc_l+0x3a>
10007d1a:	4628      	mov	r0, r5
10007d1c:	2102      	movs	r1, #2
10007d1e:	e8bd 4038 	ldmia.w	sp!, {r3, r4, r5, lr}
10007d22:	f7ff bf3f 	b.w	10007ba4 <__jp2uc>
10007d26:	4c09      	ldr	r4, [pc, #36]	@ (10007d4c <_jp2uc_l+0x5c>)
10007d28:	e7e7      	b.n	10007cfa <_jp2uc_l+0xa>
10007d2a:	4909      	ldr	r1, [pc, #36]	@ (10007d50 <_jp2uc_l+0x60>)
10007d2c:	4620      	mov	r0, r4
10007d2e:	f7fc fb23 	bl	10004378 <strcmp>
10007d32:	b928      	cbnz	r0, 10007d40 <_jp2uc_l+0x50>
10007d34:	4628      	mov	r0, r5
10007d36:	2103      	movs	r1, #3
10007d38:	e8bd 4038 	ldmia.w	sp!, {r3, r4, r5, lr}
10007d3c:	f7ff bf32 	b.w	10007ba4 <__jp2uc>
10007d40:	4628      	mov	r0, r5
10007d42:	bd38      	pop	{r3, r4, r5, pc}
10007d44:	10009334 	.word	0x10009334
10007d48:	10009338 	.word	0x10009338
10007d4c:	20000cc2 	.word	0x20000cc2
10007d50:	10009340 	.word	0x10009340

10007d54 <category>:
10007d54:	4b15      	ldr	r3, [pc, #84]	@ (10007dac <category+0x58>)
10007d56:	4298      	cmp	r0, r3
10007d58:	d826      	bhi.n	10007da8 <category+0x54>
10007d5a:	f640 0cf9 	movw	ip, #2297	@ 0x8f9
10007d5e:	b570      	push	{r4, r5, r6, lr}
10007d60:	f04f 0e00 	mov.w	lr, #0
10007d64:	4d12      	ldr	r5, [pc, #72]	@ (10007db0 <category+0x5c>)
10007d66:	e003      	b.n	10007d70 <category+0x1c>
10007d68:	f104 0e01 	add.w	lr, r4, #1
10007d6c:	45f4      	cmp	ip, lr
10007d6e:	db19      	blt.n	10007da4 <category+0x50>
10007d70:	eb1c 020e 	adds.w	r2, ip, lr
10007d74:	bf48      	it	mi
10007d76:	3201      	addmi	r2, #1
10007d78:	f022 0301 	bic.w	r3, r2, #1
10007d7c:	1054      	asrs	r4, r2, #1
10007d7e:	eb03 0362 	add.w	r3, r3, r2, asr #1
10007d82:	eb05 0143 	add.w	r1, r5, r3, lsl #1
10007d86:	005b      	lsls	r3, r3, #1
10007d88:	784a      	ldrb	r2, [r1, #1]
10007d8a:	884e      	ldrh	r6, [r1, #2]
10007d8c:	8889      	ldrh	r1, [r1, #4]
10007d8e:	ea42 2206 	orr.w	r2, r2, r6, lsl #8
10007d92:	4411      	add	r1, r2
10007d94:	4288      	cmp	r0, r1
10007d96:	d8e7      	bhi.n	10007d68 <category+0x14>
10007d98:	4290      	cmp	r0, r2
10007d9a:	f104 3cff 	add.w	ip, r4, #4294967295	@ 0xffffffff
10007d9e:	d3e5      	bcc.n	10007d6c <category+0x18>
10007da0:	5ce8      	ldrb	r0, [r5, r3]
10007da2:	bd70      	pop	{r4, r5, r6, pc}
10007da4:	20ff      	movs	r0, #255	@ 0xff
10007da6:	bd70      	pop	{r4, r5, r6, pc}
10007da8:	20ff      	movs	r0, #255	@ 0xff
10007daa:	4770      	bx	lr
10007dac:	000e01ef 	.word	0x000e01ef
10007db0:	1000cb2c 	.word	0x1000cb2c

10007db4 <rshift>:
10007db4:	e92d 41f0 	stmdb	sp!, {r4, r5, r6, r7, r8, lr}
10007db8:	6904      	ldr	r4, [r0, #16]
10007dba:	ebb4 1f61 	cmp.w	r4, r1, asr #5
10007dbe:	dc05      	bgt.n	10007dcc <rshift+0x18>
10007dc0:	2300      	movs	r3, #0
10007dc2:	6103      	str	r3, [r0, #16]
10007dc4:	2300      	movs	r3, #0
10007dc6:	6143      	str	r3, [r0, #20]
10007dc8:	e8bd 81f0 	ldmia.w	sp!, {r4, r5, r6, r7, r8, pc}
10007dcc:	f100 0514 	add.w	r5, r0, #20
10007dd0:	114e      	asrs	r6, r1, #5
10007dd2:	f011 0c1f 	ands.w	ip, r1, #31
10007dd6:	eb05 0e84 	add.w	lr, r5, r4, lsl #2
10007dda:	eb05 0386 	add.w	r3, r5, r6, lsl #2
10007dde:	d021      	beq.n	10007e24 <rshift+0x70>
10007de0:	3304      	adds	r3, #4
10007de2:	f855 1026 	ldr.w	r1, [r5, r6, lsl #2]
10007de6:	f1cc 0820 	rsb	r8, ip, #32
10007dea:	459e      	cmp	lr, r3
10007dec:	fa21 f10c 	lsr.w	r1, r1, ip
10007df0:	d92d      	bls.n	10007e4e <rshift+0x9a>
10007df2:	462f      	mov	r7, r5
10007df4:	681a      	ldr	r2, [r3, #0]
10007df6:	fa02 f208 	lsl.w	r2, r2, r8
10007dfa:	430a      	orrs	r2, r1
10007dfc:	f847 2b04 	str.w	r2, [r7], #4
10007e00:	f853 1b04 	ldr.w	r1, [r3], #4
10007e04:	459e      	cmp	lr, r3
10007e06:	fa21 f10c 	lsr.w	r1, r1, ip
10007e0a:	d8f3      	bhi.n	10007df4 <rshift+0x40>
10007e0c:	1ba3      	subs	r3, r4, r6
10007e0e:	009b      	lsls	r3, r3, #2
10007e10:	3b05      	subs	r3, #5
10007e12:	089b      	lsrs	r3, r3, #2
10007e14:	3301      	adds	r3, #1
10007e16:	eb05 0483 	add.w	r4, r5, r3, lsl #2
10007e1a:	f845 1023 	str.w	r1, [r5, r3, lsl #2]
10007e1e:	b171      	cbz	r1, 10007e3e <rshift+0x8a>
10007e20:	3404      	adds	r4, #4
10007e22:	e00c      	b.n	10007e3e <rshift+0x8a>
10007e24:	459e      	cmp	lr, r3
10007e26:	d9cb      	bls.n	10007dc0 <rshift+0xc>
10007e28:	f100 0210 	add.w	r2, r0, #16
10007e2c:	f853 1b04 	ldr.w	r1, [r3], #4
10007e30:	459e      	cmp	lr, r3
10007e32:	f842 1f04 	str.w	r1, [r2, #4]!
10007e36:	d8f9      	bhi.n	10007e2c <rshift+0x78>
10007e38:	1ba4      	subs	r4, r4, r6
10007e3a:	eb05 0484 	add.w	r4, r5, r4, lsl #2
10007e3e:	1b63      	subs	r3, r4, r5
10007e40:	42ac      	cmp	r4, r5
10007e42:	ea4f 03a3 	mov.w	r3, r3, asr #2
10007e46:	6103      	str	r3, [r0, #16]
10007e48:	d0bc      	beq.n	10007dc4 <rshift+0x10>
10007e4a:	e8bd 81f0 	ldmia.w	sp!, {r4, r5, r6, r7, r8, pc}
10007e4e:	6141      	str	r1, [r0, #20]
10007e50:	2900      	cmp	r1, #0
10007e52:	d0b5      	beq.n	10007dc0 <rshift+0xc>
10007e54:	462c      	mov	r4, r5
10007e56:	e7e3      	b.n	10007e20 <rshift+0x6c>

10007e58 <__gethex>:
10007e58:	e92d 4ff0 	stmdb	sp!, {r4, r5, r6, r7, r8, r9, sl, fp, lr}
10007e5c:	468a      	mov	sl, r1
10007e5e:	b085      	sub	sp, #20
10007e60:	6809      	ldr	r1, [r1, #0]
10007e62:	9303      	str	r3, [sp, #12]
10007e64:	788b      	ldrb	r3, [r1, #2]
10007e66:	2b30      	cmp	r3, #48	@ 0x30
10007e68:	e9cd 2000 	strd	r2, r0, [sp]
10007e6c:	f040 81ee 	bne.w	1000824c <__gethex+0x3f4>
10007e70:	1cca      	adds	r2, r1, #3
10007e72:	7813      	ldrb	r3, [r2, #0]
10007e74:	4614      	mov	r4, r2
10007e76:	3201      	adds	r2, #1
10007e78:	2b30      	cmp	r3, #48	@ 0x30
10007e7a:	d0fa      	beq.n	10007e72 <__gethex+0x1a>
10007e7c:	eba4 0901 	sub.w	r9, r4, r1
10007e80:	f1a9 0902 	sub.w	r9, r9, #2
10007e84:	f8df 8310 	ldr.w	r8, [pc, #784]	@ 10008198 <__gethex+0x340>
10007e88:	f818 3003 	ldrb.w	r3, [r8, r3]
10007e8c:	2b00      	cmp	r3, #0
10007e8e:	f000 80d3 	beq.w	10008038 <__gethex+0x1e0>
10007e92:	7823      	ldrb	r3, [r4, #0]
10007e94:	2700      	movs	r7, #0
10007e96:	f818 3003 	ldrb.w	r3, [r8, r3]
10007e9a:	463d      	mov	r5, r7
10007e9c:	2b00      	cmp	r3, #0
10007e9e:	f000 816d 	beq.w	1000817c <__gethex+0x324>
10007ea2:	4626      	mov	r6, r4
10007ea4:	f816 3f01 	ldrb.w	r3, [r6, #1]!
10007ea8:	f818 3003 	ldrb.w	r3, [r8, r3]
10007eac:	2b00      	cmp	r3, #0
10007eae:	d1f9      	bne.n	10007ea4 <__gethex+0x4c>
10007eb0:	2201      	movs	r2, #1
10007eb2:	49b8      	ldr	r1, [pc, #736]	@ (10008194 <__gethex+0x33c>)
10007eb4:	4630      	mov	r0, r6
10007eb6:	f7ff fc21 	bl	100076fc <strncmp>
10007eba:	4683      	mov	fp, r0
10007ebc:	2800      	cmp	r0, #0
10007ebe:	d043      	beq.n	10007f48 <__gethex+0xf0>
10007ec0:	7832      	ldrb	r2, [r6, #0]
10007ec2:	2d00      	cmp	r5, #0
10007ec4:	f000 81a3 	beq.w	1000820e <__gethex+0x3b6>
10007ec8:	1bab      	subs	r3, r5, r6
10007eca:	ea4f 0b83 	mov.w	fp, r3, lsl #2
10007ece:	f002 02df 	and.w	r2, r2, #223	@ 0xdf
10007ed2:	4635      	mov	r5, r6
10007ed4:	2a50      	cmp	r2, #80	@ 0x50
10007ed6:	d043      	beq.n	10007f60 <__gethex+0x108>
10007ed8:	f8ca 6000 	str.w	r6, [sl]
10007edc:	2f00      	cmp	r7, #0
10007ede:	d154      	bne.n	10007f8a <__gethex+0x132>
10007ee0:	1b2a      	subs	r2, r5, r4
10007ee2:	4639      	mov	r1, r7
10007ee4:	3a01      	subs	r2, #1
10007ee6:	2a07      	cmp	r2, #7
10007ee8:	dd03      	ble.n	10007ef2 <__gethex+0x9a>
10007eea:	1052      	asrs	r2, r2, #1
10007eec:	3101      	adds	r1, #1
10007eee:	2a07      	cmp	r2, #7
10007ef0:	dcfb      	bgt.n	10007eea <__gethex+0x92>
10007ef2:	9801      	ldr	r0, [sp, #4]
10007ef4:	f000 fb8e 	bl	10008614 <_Balloc>
10007ef8:	4682      	mov	sl, r0
10007efa:	2800      	cmp	r0, #0
10007efc:	f000 826a 	beq.w	100083d4 <__gethex+0x57c>
10007f00:	f100 0614 	add.w	r6, r0, #20
10007f04:	42a5      	cmp	r5, r4
10007f06:	9602      	str	r6, [sp, #8]
10007f08:	f240 81cc 	bls.w	100082a4 <__gethex+0x44c>
10007f0c:	2700      	movs	r7, #0
10007f0e:	46b9      	mov	r9, r7
10007f10:	e00c      	b.n	10007f2c <__gethex+0xd4>
10007f12:	463a      	mov	r2, r7
10007f14:	3704      	adds	r7, #4
10007f16:	782b      	ldrb	r3, [r5, #0]
10007f18:	42ac      	cmp	r4, r5
10007f1a:	f818 3003 	ldrb.w	r3, [r8, r3]
10007f1e:	f003 030f 	and.w	r3, r3, #15
10007f22:	fa03 f302 	lsl.w	r3, r3, r2
10007f26:	ea49 0903 	orr.w	r9, r9, r3
10007f2a:	d040      	beq.n	10007fae <__gethex+0x156>
10007f2c:	f815 3d01 	ldrb.w	r3, [r5, #-1]!
10007f30:	2b2e      	cmp	r3, #46	@ 0x2e
10007f32:	d101      	bne.n	10007f38 <__gethex+0xe0>
10007f34:	42ac      	cmp	r4, r5
10007f36:	d931      	bls.n	10007f9c <__gethex+0x144>
10007f38:	2f20      	cmp	r7, #32
10007f3a:	d1ea      	bne.n	10007f12 <__gethex+0xba>
10007f3c:	2200      	movs	r2, #0
10007f3e:	f846 9b04 	str.w	r9, [r6], #4
10007f42:	2704      	movs	r7, #4
10007f44:	4691      	mov	r9, r2
10007f46:	e7e6      	b.n	10007f16 <__gethex+0xbe>
10007f48:	2d00      	cmp	r5, #0
10007f4a:	f000 8170 	beq.w	1000822e <__gethex+0x3d6>
10007f4e:	7832      	ldrb	r2, [r6, #0]
10007f50:	1bab      	subs	r3, r5, r6
10007f52:	4635      	mov	r5, r6
10007f54:	f002 02df 	and.w	r2, r2, #223	@ 0xdf
10007f58:	ea4f 0b83 	mov.w	fp, r3, lsl #2
10007f5c:	2a50      	cmp	r2, #80	@ 0x50
10007f5e:	d1bb      	bne.n	10007ed8 <__gethex+0x80>
10007f60:	786a      	ldrb	r2, [r5, #1]
10007f62:	2a2b      	cmp	r2, #43	@ 0x2b
10007f64:	f000 8151 	beq.w	1000820a <__gethex+0x3b2>
10007f68:	2a2d      	cmp	r2, #45	@ 0x2d
10007f6a:	f040 80c5 	bne.w	100080f8 <__gethex+0x2a0>
10007f6e:	2001      	movs	r0, #1
10007f70:	78aa      	ldrb	r2, [r5, #2]
10007f72:	1cae      	adds	r6, r5, #2
10007f74:	f818 1002 	ldrb.w	r1, [r8, r2]
10007f78:	1e4a      	subs	r2, r1, #1
10007f7a:	2a18      	cmp	r2, #24
10007f7c:	f240 80c4 	bls.w	10008108 <__gethex+0x2b0>
10007f80:	462e      	mov	r6, r5
10007f82:	f8ca 6000 	str.w	r6, [sl]
10007f86:	2f00      	cmp	r7, #0
10007f88:	d0aa      	beq.n	10007ee0 <__gethex+0x88>
10007f8a:	f1b9 0f00 	cmp.w	r9, #0
10007f8e:	bf0c      	ite	eq
10007f90:	2506      	moveq	r5, #6
10007f92:	2500      	movne	r5, #0
10007f94:	4628      	mov	r0, r5
10007f96:	b005      	add	sp, #20
10007f98:	e8bd 8ff0 	ldmia.w	sp!, {r4, r5, r6, r7, r8, r9, sl, fp, pc}
10007f9c:	2201      	movs	r2, #1
10007f9e:	497d      	ldr	r1, [pc, #500]	@ (10008194 <__gethex+0x33c>)
10007fa0:	4628      	mov	r0, r5
10007fa2:	f7ff fbab 	bl	100076fc <strncmp>
10007fa6:	2800      	cmp	r0, #0
10007fa8:	d1c6      	bne.n	10007f38 <__gethex+0xe0>
10007faa:	42ac      	cmp	r4, r5
10007fac:	d1be      	bne.n	10007f2c <__gethex+0xd4>
10007fae:	9b02      	ldr	r3, [sp, #8]
10007fb0:	4648      	mov	r0, r9
10007fb2:	f846 9b04 	str.w	r9, [r6], #4
10007fb6:	1af6      	subs	r6, r6, r3
10007fb8:	10b6      	asrs	r6, r6, #2
10007fba:	f8ca 6010 	str.w	r6, [sl, #16]
10007fbe:	0176      	lsls	r6, r6, #5
10007fc0:	f000 fc02 	bl	100087c8 <__hi0bits>
10007fc4:	9b00      	ldr	r3, [sp, #0]
10007fc6:	1a36      	subs	r6, r6, r0
10007fc8:	681c      	ldr	r4, [r3, #0]
10007fca:	42a6      	cmp	r6, r4
10007fcc:	dc77      	bgt.n	100080be <__gethex+0x266>
10007fce:	f2c0 8120 	blt.w	10008212 <__gethex+0x3ba>
10007fd2:	2700      	movs	r7, #0
10007fd4:	9b00      	ldr	r3, [sp, #0]
10007fd6:	689a      	ldr	r2, [r3, #8]
10007fd8:	455a      	cmp	r2, fp
10007fda:	f2c0 8158 	blt.w	1000828e <__gethex+0x436>
10007fde:	9b00      	ldr	r3, [sp, #0]
10007fe0:	685a      	ldr	r2, [r3, #4]
10007fe2:	455a      	cmp	r2, fp
10007fe4:	dd4b      	ble.n	1000807e <__gethex+0x226>
10007fe6:	eba2 0b0b 	sub.w	fp, r2, fp
10007fea:	455c      	cmp	r4, fp
10007fec:	f300 80a7 	bgt.w	1000813e <__gethex+0x2e6>
10007ff0:	68db      	ldr	r3, [r3, #12]
10007ff2:	2b02      	cmp	r3, #2
10007ff4:	f000 80f9 	beq.w	100081ea <__gethex+0x392>
10007ff8:	2b03      	cmp	r3, #3
10007ffa:	f000 816a 	beq.w	100082d2 <__gethex+0x47a>
10007ffe:	2b01      	cmp	r3, #1
10008000:	f040 80f7 	bne.w	100081f2 <__gethex+0x39a>
10008004:	455c      	cmp	r4, fp
10008006:	f040 80f4 	bne.w	100081f2 <__gethex+0x39a>
1000800a:	2c01      	cmp	r4, #1
1000800c:	d008      	beq.n	10008020 <__gethex+0x1c8>
1000800e:	1e61      	subs	r1, r4, #1
10008010:	4650      	mov	r0, sl
10008012:	f001 f801 	bl	10009018 <__any_on>
10008016:	2800      	cmp	r0, #0
10008018:	f000 80eb 	beq.w	100081f2 <__gethex+0x39a>
1000801c:	9b00      	ldr	r3, [sp, #0]
1000801e:	685a      	ldr	r2, [r3, #4]
10008020:	9903      	ldr	r1, [sp, #12]
10008022:	2301      	movs	r3, #1
10008024:	2562      	movs	r5, #98	@ 0x62
10008026:	600a      	str	r2, [r1, #0]
10008028:	9a02      	ldr	r2, [sp, #8]
1000802a:	f8ca 3010 	str.w	r3, [sl, #16]
1000802e:	6013      	str	r3, [r2, #0]
10008030:	9b0e      	ldr	r3, [sp, #56]	@ 0x38
10008032:	f8c3 a000 	str.w	sl, [r3]
10008036:	e7ad      	b.n	10007f94 <__gethex+0x13c>
10008038:	2201      	movs	r2, #1
1000803a:	4956      	ldr	r1, [pc, #344]	@ (10008194 <__gethex+0x33c>)
1000803c:	4620      	mov	r0, r4
1000803e:	f7ff fb5d 	bl	100076fc <strncmp>
10008042:	4607      	mov	r7, r0
10008044:	2800      	cmp	r0, #0
10008046:	f040 809b 	bne.w	10008180 <__gethex+0x328>
1000804a:	7863      	ldrb	r3, [r4, #1]
1000804c:	1c65      	adds	r5, r4, #1
1000804e:	f818 2003 	ldrb.w	r2, [r8, r3]
10008052:	2a00      	cmp	r2, #0
10008054:	f000 8096 	beq.w	10008184 <__gethex+0x32c>
10008058:	2b30      	cmp	r3, #48	@ 0x30
1000805a:	462c      	mov	r4, r5
1000805c:	f040 8144 	bne.w	100082e8 <__gethex+0x490>
10008060:	f814 3f01 	ldrb.w	r3, [r4, #1]!
10008064:	2b30      	cmp	r3, #48	@ 0x30
10008066:	d0fb      	beq.n	10008060 <__gethex+0x208>
10008068:	f818 3003 	ldrb.w	r3, [r8, r3]
1000806c:	f04f 0901 	mov.w	r9, #1
10008070:	fab3 f783 	clz	r7, r3
10008074:	097f      	lsrs	r7, r7, #5
10008076:	2b00      	cmp	r3, #0
10008078:	f47f af13 	bne.w	10007ea2 <__gethex+0x4a>
1000807c:	e07e      	b.n	1000817c <__gethex+0x324>
1000807e:	2501      	movs	r5, #1
10008080:	b19f      	cbz	r7, 100080aa <__gethex+0x252>
10008082:	9b00      	ldr	r3, [sp, #0]
10008084:	68da      	ldr	r2, [r3, #12]
10008086:	2a02      	cmp	r2, #2
10008088:	f000 8088 	beq.w	1000819c <__gethex+0x344>
1000808c:	2a03      	cmp	r2, #3
1000808e:	f000 8089 	beq.w	100081a4 <__gethex+0x34c>
10008092:	2a01      	cmp	r2, #1
10008094:	d107      	bne.n	100080a6 <__gethex+0x24e>
10008096:	07b9      	lsls	r1, r7, #30
10008098:	d505      	bpl.n	100080a6 <__gethex+0x24e>
1000809a:	9b02      	ldr	r3, [sp, #8]
1000809c:	681a      	ldr	r2, [r3, #0]
1000809e:	4317      	orrs	r7, r2
100080a0:	07fa      	lsls	r2, r7, #31
100080a2:	f100 8083 	bmi.w	100081ac <__gethex+0x354>
100080a6:	f045 0510 	orr.w	r5, r5, #16
100080aa:	9b0e      	ldr	r3, [sp, #56]	@ 0x38
100080ac:	4628      	mov	r0, r5
100080ae:	f8c3 a000 	str.w	sl, [r3]
100080b2:	9b03      	ldr	r3, [sp, #12]
100080b4:	f8c3 b000 	str.w	fp, [r3]
100080b8:	b005      	add	sp, #20
100080ba:	e8bd 8ff0 	ldmia.w	sp!, {r4, r5, r6, r7, r8, r9, sl, fp, pc}
100080be:	1b36      	subs	r6, r6, r4
100080c0:	4650      	mov	r0, sl
100080c2:	4631      	mov	r1, r6
100080c4:	f000 ffa8 	bl	10009018 <__any_on>
100080c8:	4607      	mov	r7, r0
100080ca:	b178      	cbz	r0, 100080ec <__gethex+0x294>
100080cc:	1e71      	subs	r1, r6, #1
100080ce:	9b02      	ldr	r3, [sp, #8]
100080d0:	2701      	movs	r7, #1
100080d2:	114a      	asrs	r2, r1, #5
100080d4:	f853 0022 	ldr.w	r0, [r3, r2, lsl #2]
100080d8:	f001 021f 	and.w	r2, r1, #31
100080dc:	fa07 f202 	lsl.w	r2, r7, r2
100080e0:	4202      	tst	r2, r0
100080e2:	d003      	beq.n	100080ec <__gethex+0x294>
100080e4:	42b9      	cmp	r1, r7
100080e6:	f300 80e7 	bgt.w	100082b8 <__gethex+0x460>
100080ea:	2702      	movs	r7, #2
100080ec:	4631      	mov	r1, r6
100080ee:	4650      	mov	r0, sl
100080f0:	44b3      	add	fp, r6
100080f2:	f7ff fe5f 	bl	10007db4 <rshift>
100080f6:	e76d      	b.n	10007fd4 <__gethex+0x17c>
100080f8:	f818 1002 	ldrb.w	r1, [r8, r2]
100080fc:	1c6e      	adds	r6, r5, #1
100080fe:	2000      	movs	r0, #0
10008100:	1e4a      	subs	r2, r1, #1
10008102:	2a18      	cmp	r2, #24
10008104:	f63f af3c 	bhi.w	10007f80 <__gethex+0x128>
10008108:	7872      	ldrb	r2, [r6, #1]
1000810a:	3910      	subs	r1, #16
1000810c:	3601      	adds	r6, #1
1000810e:	f818 2002 	ldrb.w	r2, [r8, r2]
10008112:	f102 3cff 	add.w	ip, r2, #4294967295	@ 0xffffffff
10008116:	f1bc 0f18 	cmp.w	ip, #24
1000811a:	d80c      	bhi.n	10008136 <__gethex+0x2de>
1000811c:	eb01 0181 	add.w	r1, r1, r1, lsl #2
10008120:	f816 3f01 	ldrb.w	r3, [r6, #1]!
10008124:	eb02 0241 	add.w	r2, r2, r1, lsl #1
10008128:	f1a2 0110 	sub.w	r1, r2, #16
1000812c:	f818 2003 	ldrb.w	r2, [r8, r3]
10008130:	1e53      	subs	r3, r2, #1
10008132:	2b18      	cmp	r3, #24
10008134:	d9f2      	bls.n	1000811c <__gethex+0x2c4>
10008136:	b100      	cbz	r0, 1000813a <__gethex+0x2e2>
10008138:	4249      	negs	r1, r1
1000813a:	448b      	add	fp, r1
1000813c:	e6cc      	b.n	10007ed8 <__gethex+0x80>
1000813e:	f10b 36ff 	add.w	r6, fp, #4294967295	@ 0xffffffff
10008142:	2f00      	cmp	r7, #0
10008144:	f040 80ac 	bne.w	100082a0 <__gethex+0x448>
10008148:	2e00      	cmp	r6, #0
1000814a:	f040 80af 	bne.w	100082ac <__gethex+0x454>
1000814e:	1173      	asrs	r3, r6, #5
10008150:	9a02      	ldr	r2, [sp, #8]
10008152:	f006 061f 	and.w	r6, r6, #31
10008156:	4659      	mov	r1, fp
10008158:	f852 2023 	ldr.w	r2, [r2, r3, lsl #2]
1000815c:	2301      	movs	r3, #1
1000815e:	4650      	mov	r0, sl
10008160:	eba4 040b 	sub.w	r4, r4, fp
10008164:	40b3      	lsls	r3, r6
10008166:	2502      	movs	r5, #2
10008168:	4213      	tst	r3, r2
1000816a:	bf18      	it	ne
1000816c:	f047 0702 	orrne.w	r7, r7, #2
10008170:	f7ff fe20 	bl	10007db4 <rshift>
10008174:	9b00      	ldr	r3, [sp, #0]
10008176:	f8d3 b004 	ldr.w	fp, [r3, #4]
1000817a:	e781      	b.n	10008080 <__gethex+0x228>
1000817c:	4626      	mov	r6, r4
1000817e:	e697      	b.n	10007eb0 <__gethex+0x58>
10008180:	7823      	ldrb	r3, [r4, #0]
10008182:	4625      	mov	r5, r4
10008184:	f003 03df 	and.w	r3, r3, #223	@ 0xdf
10008188:	2b50      	cmp	r3, #80	@ 0x50
1000818a:	f000 809e 	beq.w	100082ca <__gethex+0x472>
1000818e:	f8ca 5000 	str.w	r5, [sl]
10008192:	e6fa      	b.n	10007f8a <__gethex+0x132>
10008194:	100092dc 	.word	0x100092dc
10008198:	10010108 	.word	0x10010108
1000819c:	9b0f      	ldr	r3, [sp, #60]	@ 0x3c
1000819e:	f1c3 0301 	rsb	r3, r3, #1
100081a2:	930f      	str	r3, [sp, #60]	@ 0x3c
100081a4:	9b0f      	ldr	r3, [sp, #60]	@ 0x3c
100081a6:	2b00      	cmp	r3, #0
100081a8:	f43f af7d 	beq.w	100080a6 <__gethex+0x24e>
100081ac:	9b02      	ldr	r3, [sp, #8]
100081ae:	2600      	movs	r6, #0
100081b0:	f8da 7010 	ldr.w	r7, [sl, #16]
100081b4:	4698      	mov	r8, r3
100081b6:	461a      	mov	r2, r3
100081b8:	ea4f 0987 	mov.w	r9, r7, lsl #2
100081bc:	eb03 0087 	add.w	r0, r3, r7, lsl #2
100081c0:	e003      	b.n	100081ca <__gethex+0x372>
100081c2:	4290      	cmp	r0, r2
100081c4:	f842 6c04 	str.w	r6, [r2, #-4]
100081c8:	d944      	bls.n	10008254 <__gethex+0x3fc>
100081ca:	4694      	mov	ip, r2
100081cc:	f852 1b04 	ldr.w	r1, [r2], #4
100081d0:	1c4b      	adds	r3, r1, #1
100081d2:	d0f6      	beq.n	100081c2 <__gethex+0x36a>
100081d4:	3101      	adds	r1, #1
100081d6:	2d02      	cmp	r5, #2
100081d8:	f8cc 1000 	str.w	r1, [ip]
100081dc:	d07d      	beq.n	100082da <__gethex+0x482>
100081de:	f014 041f 	ands.w	r4, r4, #31
100081e2:	f040 80ab 	bne.w	1000833c <__gethex+0x4e4>
100081e6:	2521      	movs	r5, #33	@ 0x21
100081e8:	e75f      	b.n	100080aa <__gethex+0x252>
100081ea:	9b0f      	ldr	r3, [sp, #60]	@ 0x3c
100081ec:	2b00      	cmp	r3, #0
100081ee:	f43f af17 	beq.w	10008020 <__gethex+0x1c8>
100081f2:	2550      	movs	r5, #80	@ 0x50
100081f4:	9801      	ldr	r0, [sp, #4]
100081f6:	4651      	mov	r1, sl
100081f8:	f000 fa32 	bl	10008660 <_Bfree>
100081fc:	2300      	movs	r3, #0
100081fe:	9a0e      	ldr	r2, [sp, #56]	@ 0x38
10008200:	4628      	mov	r0, r5
10008202:	6013      	str	r3, [r2, #0]
10008204:	b005      	add	sp, #20
10008206:	e8bd 8ff0 	ldmia.w	sp!, {r4, r5, r6, r7, r8, r9, sl, fp, pc}
1000820a:	2000      	movs	r0, #0
1000820c:	e6b0      	b.n	10007f70 <__gethex+0x118>
1000820e:	46ab      	mov	fp, r5
10008210:	e65d      	b.n	10007ece <__gethex+0x76>
10008212:	1ba6      	subs	r6, r4, r6
10008214:	4651      	mov	r1, sl
10008216:	9801      	ldr	r0, [sp, #4]
10008218:	2700      	movs	r7, #0
1000821a:	4632      	mov	r2, r6
1000821c:	ebab 0b06 	sub.w	fp, fp, r6
10008220:	f000 fc60 	bl	10008ae4 <__lshift>
10008224:	f100 0314 	add.w	r3, r0, #20
10008228:	4682      	mov	sl, r0
1000822a:	9302      	str	r3, [sp, #8]
1000822c:	e6d2      	b.n	10007fd4 <__gethex+0x17c>
1000822e:	7872      	ldrb	r2, [r6, #1]
10008230:	1c75      	adds	r5, r6, #1
10008232:	f818 1002 	ldrb.w	r1, [r8, r2]
10008236:	462e      	mov	r6, r5
10008238:	2900      	cmp	r1, #0
1000823a:	f43f ae48 	beq.w	10007ece <__gethex+0x76>
1000823e:	f816 2f01 	ldrb.w	r2, [r6, #1]!
10008242:	f818 3002 	ldrb.w	r3, [r8, r2]
10008246:	2b00      	cmp	r3, #0
10008248:	d1f9      	bne.n	1000823e <__gethex+0x3e6>
1000824a:	e63d      	b.n	10007ec8 <__gethex+0x70>
1000824c:	1c8c      	adds	r4, r1, #2
1000824e:	f04f 0900 	mov.w	r9, #0
10008252:	e617      	b.n	10007e84 <__gethex+0x2c>
10008254:	f8da 2008 	ldr.w	r2, [sl, #8]
10008258:	4297      	cmp	r7, r2
1000825a:	da48      	bge.n	100082ee <__gethex+0x496>
1000825c:	1c7a      	adds	r2, r7, #1
1000825e:	2101      	movs	r1, #1
10008260:	eb0a 0787 	add.w	r7, sl, r7, lsl #2
10008264:	2d02      	cmp	r5, #2
10008266:	f8ca 2010 	str.w	r2, [sl, #16]
1000826a:	f8dd 8008 	ldr.w	r8, [sp, #8]
1000826e:	6179      	str	r1, [r7, #20]
10008270:	d033      	beq.n	100082da <__gethex+0x482>
10008272:	2a00      	cmp	r2, #0
10008274:	dc6f      	bgt.n	10008356 <__gethex+0x4fe>
10008276:	2200      	movs	r2, #0
10008278:	f8ca 2010 	str.w	r2, [sl, #16]
1000827c:	2200      	movs	r2, #0
1000827e:	f8ca 2014 	str.w	r2, [sl, #20]
10008282:	9b00      	ldr	r3, [sp, #0]
10008284:	f10b 0b01 	add.w	fp, fp, #1
10008288:	689a      	ldr	r2, [r3, #8]
1000828a:	455a      	cmp	r2, fp
1000828c:	daab      	bge.n	100081e6 <__gethex+0x38e>
1000828e:	4651      	mov	r1, sl
10008290:	9801      	ldr	r0, [sp, #4]
10008292:	f000 f9e5 	bl	10008660 <_Bfree>
10008296:	2300      	movs	r3, #0
10008298:	9a0e      	ldr	r2, [sp, #56]	@ 0x38
1000829a:	25a3      	movs	r5, #163	@ 0xa3
1000829c:	6013      	str	r3, [r2, #0]
1000829e:	e679      	b.n	10007f94 <__gethex+0x13c>
100082a0:	2701      	movs	r7, #1
100082a2:	e754      	b.n	1000814e <__gethex+0x2f6>
100082a4:	9e02      	ldr	r6, [sp, #8]
100082a6:	f04f 0900 	mov.w	r9, #0
100082aa:	e680      	b.n	10007fae <__gethex+0x156>
100082ac:	4631      	mov	r1, r6
100082ae:	4650      	mov	r0, sl
100082b0:	f000 feb2 	bl	10009018 <__any_on>
100082b4:	4607      	mov	r7, r0
100082b6:	e74a      	b.n	1000814e <__gethex+0x2f6>
100082b8:	1eb1      	subs	r1, r6, #2
100082ba:	4650      	mov	r0, sl
100082bc:	f000 feac 	bl	10009018 <__any_on>
100082c0:	2800      	cmp	r0, #0
100082c2:	f43f af12 	beq.w	100080ea <__gethex+0x292>
100082c6:	2703      	movs	r7, #3
100082c8:	e710      	b.n	100080ec <__gethex+0x294>
100082ca:	f04f 0b00 	mov.w	fp, #0
100082ce:	2701      	movs	r7, #1
100082d0:	e646      	b.n	10007f60 <__gethex+0x108>
100082d2:	9b0f      	ldr	r3, [sp, #60]	@ 0x3c
100082d4:	2b00      	cmp	r3, #0
100082d6:	d08c      	beq.n	100081f2 <__gethex+0x39a>
100082d8:	e6a2      	b.n	10008020 <__gethex+0x1c8>
100082da:	9b00      	ldr	r3, [sp, #0]
100082dc:	681a      	ldr	r2, [r3, #0]
100082de:	3a01      	subs	r2, #1
100082e0:	42a2      	cmp	r2, r4
100082e2:	d063      	beq.n	100083ac <__gethex+0x554>
100082e4:	2522      	movs	r5, #34	@ 0x22
100082e6:	e6e0      	b.n	100080aa <__gethex+0x252>
100082e8:	f04f 0901 	mov.w	r9, #1
100082ec:	e5d9      	b.n	10007ea2 <__gethex+0x4a>
100082ee:	f8da 1004 	ldr.w	r1, [sl, #4]
100082f2:	9801      	ldr	r0, [sp, #4]
100082f4:	3101      	adds	r1, #1
100082f6:	f000 f98d 	bl	10008614 <_Balloc>
100082fa:	4606      	mov	r6, r0
100082fc:	2800      	cmp	r0, #0
100082fe:	d06f      	beq.n	100083e0 <__gethex+0x588>
10008300:	f8da 2010 	ldr.w	r2, [sl, #16]
10008304:	f10a 010c 	add.w	r1, sl, #12
10008308:	300c      	adds	r0, #12
1000830a:	f106 0814 	add.w	r8, r6, #20
1000830e:	3202      	adds	r2, #2
10008310:	0092      	lsls	r2, r2, #2
10008312:	f7fc f913 	bl	1000453c <memcpy>
10008316:	4651      	mov	r1, sl
10008318:	9801      	ldr	r0, [sp, #4]
1000831a:	46b2      	mov	sl, r6
1000831c:	f000 f9a0 	bl	10008660 <_Bfree>
10008320:	6931      	ldr	r1, [r6, #16]
10008322:	2001      	movs	r0, #1
10008324:	2d02      	cmp	r5, #2
10008326:	eb01 0200 	add.w	r2, r1, r0
1000832a:	eb06 0181 	add.w	r1, r6, r1, lsl #2
1000832e:	6132      	str	r2, [r6, #16]
10008330:	6148      	str	r0, [r1, #20]
10008332:	d0d2      	beq.n	100082da <__gethex+0x482>
10008334:	4297      	cmp	r7, r2
10008336:	f6bf af52 	bge.w	100081de <__gethex+0x386>
1000833a:	e79a      	b.n	10008272 <__gethex+0x41a>
1000833c:	44c1      	add	r9, r8
1000833e:	f1c4 0420 	rsb	r4, r4, #32
10008342:	f859 0c04 	ldr.w	r0, [r9, #-4]
10008346:	f000 fa3f 	bl	100087c8 <__hi0bits>
1000834a:	42a0      	cmp	r0, r4
1000834c:	f6bf af4b 	bge.w	100081e6 <__gethex+0x38e>
10008350:	f8da 2010 	ldr.w	r2, [sl, #16]
10008354:	e78d      	b.n	10008272 <__gethex+0x41a>
10008356:	eb08 0082 	add.w	r0, r8, r2, lsl #2
1000835a:	f10a 0418 	add.w	r4, sl, #24
1000835e:	f8da 2014 	ldr.w	r2, [sl, #20]
10008362:	42a0      	cmp	r0, r4
10008364:	ea4f 0252 	mov.w	r2, r2, lsr #1
10008368:	d92c      	bls.n	100083c4 <__gethex+0x56c>
1000836a:	4645      	mov	r5, r8
1000836c:	6823      	ldr	r3, [r4, #0]
1000836e:	ea42 72c3 	orr.w	r2, r2, r3, lsl #31
10008372:	f845 2b04 	str.w	r2, [r5], #4
10008376:	f854 2b04 	ldr.w	r2, [r4], #4
1000837a:	42a0      	cmp	r0, r4
1000837c:	ea4f 0252 	mov.w	r2, r2, lsr #1
10008380:	d8f4      	bhi.n	1000836c <__gethex+0x514>
10008382:	eba0 010a 	sub.w	r1, r0, sl
10008386:	3919      	subs	r1, #25
10008388:	0889      	lsrs	r1, r1, #2
1000838a:	3101      	adds	r1, #1
1000838c:	f848 2021 	str.w	r2, [r8, r1, lsl #2]
10008390:	eb08 0181 	add.w	r1, r8, r1, lsl #2
10008394:	b102      	cbz	r2, 10008398 <__gethex+0x540>
10008396:	3104      	adds	r1, #4
10008398:	eba1 0208 	sub.w	r2, r1, r8
1000839c:	4541      	cmp	r1, r8
1000839e:	ea4f 02a2 	mov.w	r2, r2, asr #2
100083a2:	f8ca 2010 	str.w	r2, [sl, #16]
100083a6:	f47f af6c 	bne.w	10008282 <__gethex+0x42a>
100083aa:	e767      	b.n	1000827c <__gethex+0x424>
100083ac:	1162      	asrs	r2, r4, #5
100083ae:	f004 041f 	and.w	r4, r4, #31
100083b2:	f858 1022 	ldr.w	r1, [r8, r2, lsl #2]
100083b6:	2201      	movs	r2, #1
100083b8:	40a2      	lsls	r2, r4
100083ba:	420a      	tst	r2, r1
100083bc:	bf14      	ite	ne
100083be:	2521      	movne	r5, #33	@ 0x21
100083c0:	2522      	moveq	r5, #34	@ 0x22
100083c2:	e672      	b.n	100080aa <__gethex+0x252>
100083c4:	f8c8 2000 	str.w	r2, [r8]
100083c8:	b10a      	cbz	r2, 100083ce <__gethex+0x576>
100083ca:	4641      	mov	r1, r8
100083cc:	e7e3      	b.n	10008396 <__gethex+0x53e>
100083ce:	f8ca 2010 	str.w	r2, [sl, #16]
100083d2:	e753      	b.n	1000827c <__gethex+0x424>
100083d4:	4602      	mov	r2, r0
100083d6:	4b05      	ldr	r3, [pc, #20]	@ (100083ec <__gethex+0x594>)
100083d8:	21e4      	movs	r1, #228	@ 0xe4
100083da:	4805      	ldr	r0, [pc, #20]	@ (100083f0 <__gethex+0x598>)
100083dc:	f7fb f88c 	bl	100034f8 <__assert_func>
100083e0:	4602      	mov	r2, r0
100083e2:	4b02      	ldr	r3, [pc, #8]	@ (100083ec <__gethex+0x594>)
100083e4:	2184      	movs	r1, #132	@ 0x84
100083e6:	4802      	ldr	r0, [pc, #8]	@ (100083f0 <__gethex+0x598>)
100083e8:	f7fb f886 	bl	100034f8 <__assert_func>
100083ec:	10009348 	.word	0x10009348
100083f0:	1000935c 	.word	0x1000935c

100083f4 <__match>:
100083f4:	b510      	push	{r4, lr}
100083f6:	6804      	ldr	r4, [r0, #0]
100083f8:	4686      	mov	lr, r0
100083fa:	3401      	adds	r4, #1
100083fc:	e009      	b.n	10008412 <__match+0x1e>
100083fe:	f814 3b01 	ldrb.w	r3, [r4], #1
10008402:	f1a3 0c41 	sub.w	ip, r3, #65	@ 0x41
10008406:	f1bc 0f19 	cmp.w	ip, #25
1000840a:	bf98      	it	ls
1000840c:	3320      	addls	r3, #32
1000840e:	4293      	cmp	r3, r2
10008410:	d107      	bne.n	10008422 <__match+0x2e>
10008412:	f811 2b01 	ldrb.w	r2, [r1], #1
10008416:	2a00      	cmp	r2, #0
10008418:	d1f1      	bne.n	100083fe <__match+0xa>
1000841a:	2001      	movs	r0, #1
1000841c:	f8ce 4000 	str.w	r4, [lr]
10008420:	bd10      	pop	{r4, pc}
10008422:	2000      	movs	r0, #0
10008424:	bd10      	pop	{r4, pc}
10008426:	bf00      	nop

10008428 <__hexnan>:
10008428:	6809      	ldr	r1, [r1, #0]
1000842a:	e92d 4ff0 	stmdb	sp!, {r4, r5, r6, r7, r8, r9, sl, fp, lr}
1000842e:	114b      	asrs	r3, r1, #5
10008430:	b085      	sub	sp, #20
10008432:	f011 011f 	ands.w	r1, r1, #31
10008436:	4604      	mov	r4, r0
10008438:	eb02 0383 	add.w	r3, r2, r3, lsl #2
1000843c:	9102      	str	r1, [sp, #8]
1000843e:	f040 809a 	bne.w	10008576 <__hexnan+0x14e>
10008442:	1f18      	subs	r0, r3, #4
10008444:	4619      	mov	r1, r3
10008446:	6825      	ldr	r5, [r4, #0]
10008448:	2600      	movs	r6, #0
1000844a:	f841 6c04 	str.w	r6, [r1, #-4]
1000844e:	3501      	adds	r5, #1
10008450:	782b      	ldrb	r3, [r5, #0]
10008452:	2b00      	cmp	r3, #0
10008454:	f000 80a7 	beq.w	100085a6 <__hexnan+0x17e>
10008458:	46b4      	mov	ip, r6
1000845a:	9101      	str	r1, [sp, #4]
1000845c:	4606      	mov	r6, r0
1000845e:	4686      	mov	lr, r0
10008460:	f8df 8180 	ldr.w	r8, [pc, #384]	@ 100085e4 <__hexnan+0x1bc>
10008464:	46e1      	mov	r9, ip
10008466:	4667      	mov	r7, ip
10008468:	46e3      	mov	fp, ip
1000846a:	46aa      	mov	sl, r5
1000846c:	4601      	mov	r1, r0
1000846e:	9403      	str	r4, [sp, #12]
10008470:	f818 0003 	ldrb.w	r0, [r8, r3]
10008474:	2800      	cmp	r0, #0
10008476:	d15c      	bne.n	10008532 <__hexnan+0x10a>
10008478:	2b20      	cmp	r3, #32
1000847a:	f200 808e 	bhi.w	1000859a <__hexnan+0x172>
1000847e:	454f      	cmp	r7, r9
10008480:	dd20      	ble.n	100084c4 <__hexnan+0x9c>
10008482:	4576      	cmp	r6, lr
10008484:	d91a      	bls.n	100084bc <__hexnan+0x94>
10008486:	f1bc 0f07 	cmp.w	ip, #7
1000848a:	dc17      	bgt.n	100084bc <__hexnan+0x94>
1000848c:	f1cc 0408 	rsb	r4, ip, #8
10008490:	f8de 3000 	ldr.w	r3, [lr]
10008494:	4670      	mov	r0, lr
10008496:	f8cd e000 	str.w	lr, [sp]
1000849a:	00a4      	lsls	r4, r4, #2
1000849c:	f1c4 0c20 	rsb	ip, r4, #32
100084a0:	46a6      	mov	lr, r4
100084a2:	6844      	ldr	r4, [r0, #4]
100084a4:	fa04 f50c 	lsl.w	r5, r4, ip
100084a8:	431d      	orrs	r5, r3
100084aa:	fa24 f30e 	lsr.w	r3, r4, lr
100084ae:	6005      	str	r5, [r0, #0]
100084b0:	f840 3f04 	str.w	r3, [r0, #4]!
100084b4:	4286      	cmp	r6, r0
100084b6:	d8f4      	bhi.n	100084a2 <__hexnan+0x7a>
100084b8:	f8dd e000 	ldr.w	lr, [sp]
100084bc:	4572      	cmp	r2, lr
100084be:	d351      	bcc.n	10008564 <__hexnan+0x13c>
100084c0:	f04f 0c08 	mov.w	ip, #8
100084c4:	f81a 3f01 	ldrb.w	r3, [sl, #1]!
100084c8:	2b00      	cmp	r3, #0
100084ca:	d1d1      	bne.n	10008470 <__hexnan+0x48>
100084cc:	4608      	mov	r0, r1
100084ce:	9901      	ldr	r1, [sp, #4]
100084d0:	2f00      	cmp	r7, #0
100084d2:	d068      	beq.n	100085a6 <__hexnan+0x17e>
100084d4:	45b6      	cmp	lr, r6
100084d6:	d202      	bcs.n	100084de <__hexnan+0xb6>
100084d8:	f1bc 0f07 	cmp.w	ip, #7
100084dc:	dd67      	ble.n	100085ae <__hexnan+0x186>
100084de:	4572      	cmp	r2, lr
100084e0:	d24c      	bcs.n	1000857c <__hexnan+0x154>
100084e2:	1f14      	subs	r4, r2, #4
100084e4:	4673      	mov	r3, lr
100084e6:	f853 5b04 	ldr.w	r5, [r3], #4
100084ea:	4283      	cmp	r3, r0
100084ec:	f844 5f04 	str.w	r5, [r4, #4]!
100084f0:	d9f9      	bls.n	100084e6 <__hexnan+0xbe>
100084f2:	eba0 030e 	sub.w	r3, r0, lr
100084f6:	1c44      	adds	r4, r0, #1
100084f8:	f10e 0e01 	add.w	lr, lr, #1
100084fc:	f023 0303 	bic.w	r3, r3, #3
10008500:	3304      	adds	r3, #4
10008502:	45a6      	cmp	lr, r4
10008504:	bf88      	it	hi
10008506:	2304      	movhi	r3, #4
10008508:	2400      	movs	r4, #0
1000850a:	4413      	add	r3, r2
1000850c:	f843 4b04 	str.w	r4, [r3], #4
10008510:	4283      	cmp	r3, r0
10008512:	d9fb      	bls.n	1000850c <__hexnan+0xe4>
10008514:	f851 4c04 	ldr.w	r4, [r1, #-4]
10008518:	b11c      	cbz	r4, 10008522 <__hexnan+0xfa>
1000851a:	e006      	b.n	1000852a <__hexnan+0x102>
1000851c:	f850 3d04 	ldr.w	r3, [r0, #-4]!
10008520:	b91b      	cbnz	r3, 1000852a <__hexnan+0x102>
10008522:	4282      	cmp	r2, r0
10008524:	d1fa      	bne.n	1000851c <__hexnan+0xf4>
10008526:	2301      	movs	r3, #1
10008528:	6003      	str	r3, [r0, #0]
1000852a:	2005      	movs	r0, #5
1000852c:	b005      	add	sp, #20
1000852e:	e8bd 8ff0 	ldmia.w	sp!, {r4, r5, r6, r7, r8, r9, sl, fp, pc}
10008532:	f10c 0c01 	add.w	ip, ip, #1
10008536:	3701      	adds	r7, #1
10008538:	f1bc 0f08 	cmp.w	ip, #8
1000853c:	dc08      	bgt.n	10008550 <__hexnan+0x128>
1000853e:	f8de 3000 	ldr.w	r3, [lr]
10008542:	011b      	lsls	r3, r3, #4
10008544:	f000 000f 	and.w	r0, r0, #15
10008548:	4318      	orrs	r0, r3
1000854a:	f8ce 0000 	str.w	r0, [lr]
1000854e:	e7b9      	b.n	100084c4 <__hexnan+0x9c>
10008550:	4572      	cmp	r2, lr
10008552:	d2b7      	bcs.n	100084c4 <__hexnan+0x9c>
10008554:	f84e bc04 	str.w	fp, [lr, #-4]
10008558:	2300      	movs	r3, #0
1000855a:	f1ae 0e04 	sub.w	lr, lr, #4
1000855e:	f04f 0c01 	mov.w	ip, #1
10008562:	e7ef      	b.n	10008544 <__hexnan+0x11c>
10008564:	f1ae 0604 	sub.w	r6, lr, #4
10008568:	f84e bc04 	str.w	fp, [lr, #-4]
1000856c:	46b9      	mov	r9, r7
1000856e:	f04f 0c00 	mov.w	ip, #0
10008572:	46b6      	mov	lr, r6
10008574:	e7a6      	b.n	100084c4 <__hexnan+0x9c>
10008576:	1d19      	adds	r1, r3, #4
10008578:	4618      	mov	r0, r3
1000857a:	e764      	b.n	10008446 <__hexnan+0x1e>
1000857c:	9b02      	ldr	r3, [sp, #8]
1000857e:	f851 4c04 	ldr.w	r4, [r1, #-4]
10008582:	2b00      	cmp	r3, #0
10008584:	d0c8      	beq.n	10008518 <__hexnan+0xf0>
10008586:	f1c3 0320 	rsb	r3, r3, #32
1000858a:	f04f 35ff 	mov.w	r5, #4294967295	@ 0xffffffff
1000858e:	fa25 f303 	lsr.w	r3, r5, r3
10008592:	401c      	ands	r4, r3
10008594:	f841 4c04 	str.w	r4, [r1, #-4]
10008598:	e7be      	b.n	10008518 <__hexnan+0xf0>
1000859a:	2b29      	cmp	r3, #41	@ 0x29
1000859c:	4608      	mov	r0, r1
1000859e:	4655      	mov	r5, sl
100085a0:	9901      	ldr	r1, [sp, #4]
100085a2:	9c03      	ldr	r4, [sp, #12]
100085a4:	d01b      	beq.n	100085de <__hexnan+0x1b6>
100085a6:	2004      	movs	r0, #4
100085a8:	b005      	add	sp, #20
100085aa:	e8bd 8ff0 	ldmia.w	sp!, {r4, r5, r6, r7, r8, r9, sl, fp, pc}
100085ae:	f1cc 0308 	rsb	r3, ip, #8
100085b2:	f8de 4000 	ldr.w	r4, [lr]
100085b6:	4677      	mov	r7, lr
100085b8:	009b      	lsls	r3, r3, #2
100085ba:	4625      	mov	r5, r4
100085bc:	f1c3 0820 	rsb	r8, r3, #32
100085c0:	469c      	mov	ip, r3
100085c2:	687b      	ldr	r3, [r7, #4]
100085c4:	fa03 f408 	lsl.w	r4, r3, r8
100085c8:	432c      	orrs	r4, r5
100085ca:	fa23 f50c 	lsr.w	r5, r3, ip
100085ce:	603c      	str	r4, [r7, #0]
100085d0:	f847 5f04 	str.w	r5, [r7, #4]!
100085d4:	42be      	cmp	r6, r7
100085d6:	d8f4      	bhi.n	100085c2 <__hexnan+0x19a>
100085d8:	4572      	cmp	r2, lr
100085da:	d382      	bcc.n	100084e2 <__hexnan+0xba>
100085dc:	e7ce      	b.n	1000857c <__hexnan+0x154>
100085de:	3501      	adds	r5, #1
100085e0:	6025      	str	r5, [r4, #0]
100085e2:	e775      	b.n	100084d0 <__hexnan+0xa8>
100085e4:	10010108 	.word	0x10010108

100085e8 <__ascii_mbtowc>:
100085e8:	b082      	sub	sp, #8
100085ea:	b149      	cbz	r1, 10008600 <__ascii_mbtowc+0x18>
100085ec:	b15a      	cbz	r2, 10008606 <__ascii_mbtowc+0x1e>
100085ee:	b16b      	cbz	r3, 1000860c <__ascii_mbtowc+0x24>
100085f0:	7813      	ldrb	r3, [r2, #0]
100085f2:	600b      	str	r3, [r1, #0]
100085f4:	7812      	ldrb	r2, [r2, #0]
100085f6:	1e10      	subs	r0, r2, #0
100085f8:	bf18      	it	ne
100085fa:	2001      	movne	r0, #1
100085fc:	b002      	add	sp, #8
100085fe:	4770      	bx	lr
10008600:	a901      	add	r1, sp, #4
10008602:	2a00      	cmp	r2, #0
10008604:	d1f3      	bne.n	100085ee <__ascii_mbtowc+0x6>
10008606:	4610      	mov	r0, r2
10008608:	b002      	add	sp, #8
1000860a:	4770      	bx	lr
1000860c:	f06f 0001 	mvn.w	r0, #1
10008610:	e7f4      	b.n	100085fc <__ascii_mbtowc+0x14>
10008612:	bf00      	nop

10008614 <_Balloc>:
10008614:	b538      	push	{r3, r4, r5, lr}
10008616:	6c43      	ldr	r3, [r0, #68]	@ 0x44
10008618:	4605      	mov	r5, r0
1000861a:	460c      	mov	r4, r1
1000861c:	b14b      	cbz	r3, 10008632 <_Balloc+0x1e>
1000861e:	f853 0024 	ldr.w	r0, [r3, r4, lsl #2]
10008622:	b180      	cbz	r0, 10008646 <_Balloc+0x32>
10008624:	6802      	ldr	r2, [r0, #0]
10008626:	f843 2024 	str.w	r2, [r3, r4, lsl #2]
1000862a:	2300      	movs	r3, #0
1000862c:	e9c0 3303 	strd	r3, r3, [r0, #12]
10008630:	bd38      	pop	{r3, r4, r5, pc}
10008632:	2221      	movs	r2, #33	@ 0x21
10008634:	2104      	movs	r1, #4
10008636:	f7fb f8bd 	bl	100037b4 <_calloc_r>
1000863a:	4603      	mov	r3, r0
1000863c:	6468      	str	r0, [r5, #68]	@ 0x44
1000863e:	2800      	cmp	r0, #0
10008640:	d1ed      	bne.n	1000861e <_Balloc+0xa>
10008642:	2000      	movs	r0, #0
10008644:	bd38      	pop	{r3, r4, r5, pc}
10008646:	2101      	movs	r1, #1
10008648:	4628      	mov	r0, r5
1000864a:	fa01 f504 	lsl.w	r5, r1, r4
1000864e:	1d6a      	adds	r2, r5, #5
10008650:	0092      	lsls	r2, r2, #2
10008652:	f7fb f8af 	bl	100037b4 <_calloc_r>
10008656:	2800      	cmp	r0, #0
10008658:	d0f3      	beq.n	10008642 <_Balloc+0x2e>
1000865a:	e9c0 4501 	strd	r4, r5, [r0, #4]
1000865e:	e7e4      	b.n	1000862a <_Balloc+0x16>

10008660 <_Bfree>:
10008660:	b131      	cbz	r1, 10008670 <_Bfree+0x10>
10008662:	6c43      	ldr	r3, [r0, #68]	@ 0x44
10008664:	684a      	ldr	r2, [r1, #4]
10008666:	f853 0022 	ldr.w	r0, [r3, r2, lsl #2]
1000866a:	6008      	str	r0, [r1, #0]
1000866c:	f843 1022 	str.w	r1, [r3, r2, lsl #2]
10008670:	4770      	bx	lr
10008672:	bf00      	nop

10008674 <__multadd>:
10008674:	e92d 41f0 	stmdb	sp!, {r4, r5, r6, r7, r8, lr}
10008678:	4607      	mov	r7, r0
1000867a:	460e      	mov	r6, r1
1000867c:	461c      	mov	r4, r3
1000867e:	690d      	ldr	r5, [r1, #16]
10008680:	f101 0e14 	add.w	lr, r1, #20
10008684:	2000      	movs	r0, #0
10008686:	f8de 1000 	ldr.w	r1, [lr]
1000868a:	3001      	adds	r0, #1
1000868c:	b28b      	uxth	r3, r1
1000868e:	4285      	cmp	r5, r0
10008690:	ea4f 4111 	mov.w	r1, r1, lsr #16
10008694:	fb02 4303 	mla	r3, r2, r3, r4
10008698:	ea4f 4c13 	mov.w	ip, r3, lsr #16
1000869c:	b29b      	uxth	r3, r3
1000869e:	fb02 cc01 	mla	ip, r2, r1, ip
100086a2:	eb03 430c 	add.w	r3, r3, ip, lsl #16
100086a6:	ea4f 441c 	mov.w	r4, ip, lsr #16
100086aa:	f84e 3b04 	str.w	r3, [lr], #4
100086ae:	dcea      	bgt.n	10008686 <__multadd+0x12>
100086b0:	b13c      	cbz	r4, 100086c2 <__multadd+0x4e>
100086b2:	68b3      	ldr	r3, [r6, #8]
100086b4:	42ab      	cmp	r3, r5
100086b6:	dd07      	ble.n	100086c8 <__multadd+0x54>
100086b8:	eb06 0385 	add.w	r3, r6, r5, lsl #2
100086bc:	3501      	adds	r5, #1
100086be:	615c      	str	r4, [r3, #20]
100086c0:	6135      	str	r5, [r6, #16]
100086c2:	4630      	mov	r0, r6
100086c4:	e8bd 81f0 	ldmia.w	sp!, {r4, r5, r6, r7, r8, pc}
100086c8:	6871      	ldr	r1, [r6, #4]
100086ca:	4638      	mov	r0, r7
100086cc:	3101      	adds	r1, #1
100086ce:	f7ff ffa1 	bl	10008614 <_Balloc>
100086d2:	4680      	mov	r8, r0
100086d4:	b1a8      	cbz	r0, 10008702 <__multadd+0x8e>
100086d6:	6932      	ldr	r2, [r6, #16]
100086d8:	f106 010c 	add.w	r1, r6, #12
100086dc:	300c      	adds	r0, #12
100086de:	3202      	adds	r2, #2
100086e0:	0092      	lsls	r2, r2, #2
100086e2:	f7fb ff2b 	bl	1000453c <memcpy>
100086e6:	6c7b      	ldr	r3, [r7, #68]	@ 0x44
100086e8:	6872      	ldr	r2, [r6, #4]
100086ea:	f853 1022 	ldr.w	r1, [r3, r2, lsl #2]
100086ee:	6031      	str	r1, [r6, #0]
100086f0:	f843 6022 	str.w	r6, [r3, r2, lsl #2]
100086f4:	4646      	mov	r6, r8
100086f6:	eb06 0385 	add.w	r3, r6, r5, lsl #2
100086fa:	3501      	adds	r5, #1
100086fc:	615c      	str	r4, [r3, #20]
100086fe:	6135      	str	r5, [r6, #16]
10008700:	e7df      	b.n	100086c2 <__multadd+0x4e>
10008702:	4602      	mov	r2, r0
10008704:	4b02      	ldr	r3, [pc, #8]	@ (10008710 <__multadd+0x9c>)
10008706:	21ba      	movs	r1, #186	@ 0xba
10008708:	4802      	ldr	r0, [pc, #8]	@ (10008714 <__multadd+0xa0>)
1000870a:	f7fa fef5 	bl	100034f8 <__assert_func>
1000870e:	bf00      	nop
10008710:	10009348 	.word	0x10009348
10008714:	100093c8 	.word	0x100093c8

10008718 <__s2b>:
10008718:	e92d 43f8 	stmdb	sp!, {r3, r4, r5, r6, r7, r8, r9, lr}
1000871c:	461e      	mov	r6, r3
1000871e:	4617      	mov	r7, r2
10008720:	3308      	adds	r3, #8
10008722:	4a26      	ldr	r2, [pc, #152]	@ (100087bc <__s2b+0xa4>)
10008724:	460c      	mov	r4, r1
10008726:	2e09      	cmp	r6, #9
10008728:	fb82 1203 	smull	r1, r2, r2, r3
1000872c:	ea4f 73e3 	mov.w	r3, r3, asr #31
10008730:	4605      	mov	r5, r0
10008732:	ebc3 0362 	rsb	r3, r3, r2, asr #1
10008736:	dd38      	ble.n	100087aa <__s2b+0x92>
10008738:	f04f 0c01 	mov.w	ip, #1
1000873c:	2100      	movs	r1, #0
1000873e:	ea4f 0c4c 	mov.w	ip, ip, lsl #1
10008742:	3101      	adds	r1, #1
10008744:	4563      	cmp	r3, ip
10008746:	dcfa      	bgt.n	1000873e <__s2b+0x26>
10008748:	4628      	mov	r0, r5
1000874a:	f7ff ff63 	bl	10008614 <_Balloc>
1000874e:	4601      	mov	r1, r0
10008750:	b368      	cbz	r0, 100087ae <__s2b+0x96>
10008752:	9b08      	ldr	r3, [sp, #32]
10008754:	2f09      	cmp	r7, #9
10008756:	6143      	str	r3, [r0, #20]
10008758:	f04f 0301 	mov.w	r3, #1
1000875c:	6103      	str	r3, [r0, #16]
1000875e:	dc12      	bgt.n	10008786 <__s2b+0x6e>
10008760:	340a      	adds	r4, #10
10008762:	2709      	movs	r7, #9
10008764:	42be      	cmp	r6, r7
10008766:	dd0b      	ble.n	10008780 <__s2b+0x68>
10008768:	1bf6      	subs	r6, r6, r7
1000876a:	4426      	add	r6, r4
1000876c:	f814 3b01 	ldrb.w	r3, [r4], #1
10008770:	220a      	movs	r2, #10
10008772:	4628      	mov	r0, r5
10008774:	3b30      	subs	r3, #48	@ 0x30
10008776:	f7ff ff7d 	bl	10008674 <__multadd>
1000877a:	42b4      	cmp	r4, r6
1000877c:	4601      	mov	r1, r0
1000877e:	d1f5      	bne.n	1000876c <__s2b+0x54>
10008780:	4608      	mov	r0, r1
10008782:	e8bd 83f8 	ldmia.w	sp!, {r3, r4, r5, r6, r7, r8, r9, pc}
10008786:	f104 0909 	add.w	r9, r4, #9
1000878a:	443c      	add	r4, r7
1000878c:	46c8      	mov	r8, r9
1000878e:	f818 3b01 	ldrb.w	r3, [r8], #1
10008792:	220a      	movs	r2, #10
10008794:	4628      	mov	r0, r5
10008796:	3b30      	subs	r3, #48	@ 0x30
10008798:	f7ff ff6c 	bl	10008674 <__multadd>
1000879c:	45a0      	cmp	r8, r4
1000879e:	4601      	mov	r1, r0
100087a0:	d1f5      	bne.n	1000878e <__s2b+0x76>
100087a2:	f1a7 0408 	sub.w	r4, r7, #8
100087a6:	444c      	add	r4, r9
100087a8:	e7dc      	b.n	10008764 <__s2b+0x4c>
100087aa:	2100      	movs	r1, #0
100087ac:	e7cc      	b.n	10008748 <__s2b+0x30>
100087ae:	4602      	mov	r2, r0
100087b0:	4b03      	ldr	r3, [pc, #12]	@ (100087c0 <__s2b+0xa8>)
100087b2:	21d3      	movs	r1, #211	@ 0xd3
100087b4:	4803      	ldr	r0, [pc, #12]	@ (100087c4 <__s2b+0xac>)
100087b6:	f7fa fe9f 	bl	100034f8 <__assert_func>
100087ba:	bf00      	nop
100087bc:	38e38e39 	.word	0x38e38e39
100087c0:	10009348 	.word	0x10009348
100087c4:	100093c8 	.word	0x100093c8

100087c8 <__hi0bits>:
100087c8:	f5b0 3f80 	cmp.w	r0, #65536	@ 0x10000
100087cc:	4603      	mov	r3, r0
100087ce:	d218      	bcs.n	10008802 <__hi0bits+0x3a>
100087d0:	0403      	lsls	r3, r0, #16
100087d2:	2010      	movs	r0, #16
100087d4:	f1b3 7f80 	cmp.w	r3, #16777216	@ 0x1000000
100087d8:	d201      	bcs.n	100087de <__hi0bits+0x16>
100087da:	3008      	adds	r0, #8
100087dc:	021b      	lsls	r3, r3, #8
100087de:	f1b3 5f80 	cmp.w	r3, #268435456	@ 0x10000000
100087e2:	d201      	bcs.n	100087e8 <__hi0bits+0x20>
100087e4:	3004      	adds	r0, #4
100087e6:	011b      	lsls	r3, r3, #4
100087e8:	f1b3 4f80 	cmp.w	r3, #1073741824	@ 0x40000000
100087ec:	d303      	bcc.n	100087f6 <__hi0bits+0x2e>
100087ee:	2b00      	cmp	r3, #0
100087f0:	db06      	blt.n	10008800 <__hi0bits+0x38>
100087f2:	3001      	adds	r0, #1
100087f4:	4770      	bx	lr
100087f6:	009b      	lsls	r3, r3, #2
100087f8:	d405      	bmi.n	10008806 <__hi0bits+0x3e>
100087fa:	005b      	lsls	r3, r3, #1
100087fc:	d405      	bmi.n	1000880a <__hi0bits+0x42>
100087fe:	2020      	movs	r0, #32
10008800:	4770      	bx	lr
10008802:	2000      	movs	r0, #0
10008804:	e7e6      	b.n	100087d4 <__hi0bits+0xc>
10008806:	3002      	adds	r0, #2
10008808:	4770      	bx	lr
1000880a:	3003      	adds	r0, #3
1000880c:	4770      	bx	lr
1000880e:	bf00      	nop

10008810 <__lo0bits>:
10008810:	6803      	ldr	r3, [r0, #0]
10008812:	4601      	mov	r1, r0
10008814:	f013 0207 	ands.w	r2, r3, #7
10008818:	d007      	beq.n	1000882a <__lo0bits+0x1a>
1000881a:	07da      	lsls	r2, r3, #31
1000881c:	d41f      	bmi.n	1000885e <__lo0bits+0x4e>
1000881e:	0798      	lsls	r0, r3, #30
10008820:	d521      	bpl.n	10008866 <__lo0bits+0x56>
10008822:	085b      	lsrs	r3, r3, #1
10008824:	2001      	movs	r0, #1
10008826:	600b      	str	r3, [r1, #0]
10008828:	4770      	bx	lr
1000882a:	b298      	uxth	r0, r3
1000882c:	b1a0      	cbz	r0, 10008858 <__lo0bits+0x48>
1000882e:	4610      	mov	r0, r2
10008830:	b2da      	uxtb	r2, r3
10008832:	b90a      	cbnz	r2, 10008838 <__lo0bits+0x28>
10008834:	3008      	adds	r0, #8
10008836:	0a1b      	lsrs	r3, r3, #8
10008838:	071a      	lsls	r2, r3, #28
1000883a:	d101      	bne.n	10008840 <__lo0bits+0x30>
1000883c:	3004      	adds	r0, #4
1000883e:	091b      	lsrs	r3, r3, #4
10008840:	079a      	lsls	r2, r3, #30
10008842:	d101      	bne.n	10008848 <__lo0bits+0x38>
10008844:	3002      	adds	r0, #2
10008846:	089b      	lsrs	r3, r3, #2
10008848:	07da      	lsls	r2, r3, #31
1000884a:	d403      	bmi.n	10008854 <__lo0bits+0x44>
1000884c:	085b      	lsrs	r3, r3, #1
1000884e:	f100 0001 	add.w	r0, r0, #1
10008852:	d006      	beq.n	10008862 <__lo0bits+0x52>
10008854:	600b      	str	r3, [r1, #0]
10008856:	4770      	bx	lr
10008858:	0c1b      	lsrs	r3, r3, #16
1000885a:	2010      	movs	r0, #16
1000885c:	e7e8      	b.n	10008830 <__lo0bits+0x20>
1000885e:	2000      	movs	r0, #0
10008860:	4770      	bx	lr
10008862:	2020      	movs	r0, #32
10008864:	4770      	bx	lr
10008866:	089b      	lsrs	r3, r3, #2
10008868:	2002      	movs	r0, #2
1000886a:	600b      	str	r3, [r1, #0]
1000886c:	4770      	bx	lr
1000886e:	bf00      	nop

10008870 <__i2b>:
10008870:	b538      	push	{r3, r4, r5, lr}
10008872:	6c43      	ldr	r3, [r0, #68]	@ 0x44
10008874:	4604      	mov	r4, r0
10008876:	460d      	mov	r5, r1
10008878:	b14b      	cbz	r3, 1000888e <__i2b+0x1e>
1000887a:	6858      	ldr	r0, [r3, #4]
1000887c:	b1b0      	cbz	r0, 100088ac <__i2b+0x3c>
1000887e:	6802      	ldr	r2, [r0, #0]
10008880:	605a      	str	r2, [r3, #4]
10008882:	2200      	movs	r2, #0
10008884:	2301      	movs	r3, #1
10008886:	6145      	str	r5, [r0, #20]
10008888:	e9c0 2303 	strd	r2, r3, [r0, #12]
1000888c:	bd38      	pop	{r3, r4, r5, pc}
1000888e:	2221      	movs	r2, #33	@ 0x21
10008890:	2104      	movs	r1, #4
10008892:	f7fa ff8f 	bl	100037b4 <_calloc_r>
10008896:	4603      	mov	r3, r0
10008898:	6460      	str	r0, [r4, #68]	@ 0x44
1000889a:	2800      	cmp	r0, #0
1000889c:	d1ed      	bne.n	1000887a <__i2b+0xa>
1000889e:	4b09      	ldr	r3, [pc, #36]	@ (100088c4 <__i2b+0x54>)
100088a0:	2200      	movs	r2, #0
100088a2:	f240 1145 	movw	r1, #325	@ 0x145
100088a6:	4808      	ldr	r0, [pc, #32]	@ (100088c8 <__i2b+0x58>)
100088a8:	f7fa fe26 	bl	100034f8 <__assert_func>
100088ac:	221c      	movs	r2, #28
100088ae:	2101      	movs	r1, #1
100088b0:	4620      	mov	r0, r4
100088b2:	f7fa ff7f 	bl	100037b4 <_calloc_r>
100088b6:	2800      	cmp	r0, #0
100088b8:	d0f1      	beq.n	1000889e <__i2b+0x2e>
100088ba:	2201      	movs	r2, #1
100088bc:	2302      	movs	r3, #2
100088be:	e9c0 2301 	strd	r2, r3, [r0, #4]
100088c2:	e7de      	b.n	10008882 <__i2b+0x12>
100088c4:	10009348 	.word	0x10009348
100088c8:	100093c8 	.word	0x100093c8

100088cc <__multiply>:
100088cc:	e92d 4ff0 	stmdb	sp!, {r4, r5, r6, r7, r8, r9, sl, fp, lr}
100088d0:	f8d1 8010 	ldr.w	r8, [r1, #16]
100088d4:	b085      	sub	sp, #20
100088d6:	6915      	ldr	r5, [r2, #16]
100088d8:	460e      	mov	r6, r1
100088da:	4692      	mov	sl, r2
100088dc:	45a8      	cmp	r8, r5
100088de:	db05      	blt.n	100088ec <__multiply+0x20>
100088e0:	462a      	mov	r2, r5
100088e2:	4653      	mov	r3, sl
100088e4:	4645      	mov	r5, r8
100088e6:	468a      	mov	sl, r1
100088e8:	4690      	mov	r8, r2
100088ea:	461e      	mov	r6, r3
100088ec:	eb05 0408 	add.w	r4, r5, r8
100088f0:	e9da 1301 	ldrd	r1, r3, [sl, #4]
100088f4:	42a3      	cmp	r3, r4
100088f6:	bfb8      	it	lt
100088f8:	3101      	addlt	r1, #1
100088fa:	f7ff fe8b 	bl	10008614 <_Balloc>
100088fe:	2800      	cmp	r0, #0
10008900:	f000 808b 	beq.w	10008a1a <__multiply+0x14e>
10008904:	f100 0714 	add.w	r7, r0, #20
10008908:	eb07 0e84 	add.w	lr, r7, r4, lsl #2
1000890c:	4577      	cmp	r7, lr
1000890e:	d205      	bcs.n	1000891c <__multiply+0x50>
10008910:	463b      	mov	r3, r7
10008912:	2200      	movs	r2, #0
10008914:	f843 2b04 	str.w	r2, [r3], #4
10008918:	459e      	cmp	lr, r3
1000891a:	d8fb      	bhi.n	10008914 <__multiply+0x48>
1000891c:	3614      	adds	r6, #20
1000891e:	f10a 0914 	add.w	r9, sl, #20
10008922:	eb06 0888 	add.w	r8, r6, r8, lsl #2
10008926:	eb09 0585 	add.w	r5, r9, r5, lsl #2
1000892a:	4546      	cmp	r6, r8
1000892c:	d268      	bcs.n	10008a00 <__multiply+0x134>
1000892e:	eba5 030a 	sub.w	r3, r5, sl
10008932:	f10a 0a15 	add.w	sl, sl, #21
10008936:	f8cd e008 	str.w	lr, [sp, #8]
1000893a:	46ae      	mov	lr, r5
1000893c:	3b15      	subs	r3, #21
1000893e:	9403      	str	r4, [sp, #12]
10008940:	f023 0303 	bic.w	r3, r3, #3
10008944:	3304      	adds	r3, #4
10008946:	4555      	cmp	r5, sl
10008948:	bf2c      	ite	cs
1000894a:	469b      	movcs	fp, r3
1000894c:	f04f 0b04 	movcc.w	fp, #4
10008950:	4682      	mov	sl, r0
10008952:	e005      	b.n	10008960 <__multiply+0x94>
10008954:	0c09      	lsrs	r1, r1, #16
10008956:	d12c      	bne.n	100089b2 <__multiply+0xe6>
10008958:	45b0      	cmp	r8, r6
1000895a:	f107 0704 	add.w	r7, r7, #4
1000895e:	d94c      	bls.n	100089fa <__multiply+0x12e>
10008960:	f856 1b04 	ldr.w	r1, [r6], #4
10008964:	b28d      	uxth	r5, r1
10008966:	2d00      	cmp	r5, #0
10008968:	d0f4      	beq.n	10008954 <__multiply+0x88>
1000896a:	46cc      	mov	ip, r9
1000896c:	463c      	mov	r4, r7
1000896e:	2300      	movs	r3, #0
10008970:	9601      	str	r6, [sp, #4]
10008972:	f85c 0b04 	ldr.w	r0, [ip], #4
10008976:	6821      	ldr	r1, [r4, #0]
10008978:	b286      	uxth	r6, r0
1000897a:	45e6      	cmp	lr, ip
1000897c:	b28a      	uxth	r2, r1
1000897e:	ea4f 4010 	mov.w	r0, r0, lsr #16
10008982:	fb05 2206 	mla	r2, r5, r6, r2
10008986:	ea4f 4111 	mov.w	r1, r1, lsr #16
1000898a:	441a      	add	r2, r3
1000898c:	fb05 1100 	mla	r1, r5, r0, r1
10008990:	eb01 4112 	add.w	r1, r1, r2, lsr #16
10008994:	b292      	uxth	r2, r2
10008996:	ea4f 4311 	mov.w	r3, r1, lsr #16
1000899a:	ea42 4201 	orr.w	r2, r2, r1, lsl #16
1000899e:	f844 2b04 	str.w	r2, [r4], #4
100089a2:	d8e6      	bhi.n	10008972 <__multiply+0xa6>
100089a4:	9e01      	ldr	r6, [sp, #4]
100089a6:	f847 300b 	str.w	r3, [r7, fp]
100089aa:	f856 1c04 	ldr.w	r1, [r6, #-4]
100089ae:	0c09      	lsrs	r1, r1, #16
100089b0:	d0d2      	beq.n	10008958 <__multiply+0x8c>
100089b2:	683b      	ldr	r3, [r7, #0]
100089b4:	2200      	movs	r2, #0
100089b6:	4648      	mov	r0, r9
100089b8:	463d      	mov	r5, r7
100089ba:	461c      	mov	r4, r3
100089bc:	4694      	mov	ip, r2
100089be:	8802      	ldrh	r2, [r0, #0]
100089c0:	b29b      	uxth	r3, r3
100089c2:	fb01 c202 	mla	r2, r1, r2, ip
100089c6:	eb02 4214 	add.w	r2, r2, r4, lsr #16
100089ca:	ea43 4302 	orr.w	r3, r3, r2, lsl #16
100089ce:	f845 3b04 	str.w	r3, [r5], #4
100089d2:	f850 3b04 	ldr.w	r3, [r0], #4
100089d6:	682c      	ldr	r4, [r5, #0]
100089d8:	ea4f 4c13 	mov.w	ip, r3, lsr #16
100089dc:	4570      	cmp	r0, lr
100089de:	b2a3      	uxth	r3, r4
100089e0:	fb01 330c 	mla	r3, r1, ip, r3
100089e4:	eb03 4312 	add.w	r3, r3, r2, lsr #16
100089e8:	ea4f 4c13 	mov.w	ip, r3, lsr #16
100089ec:	d3e7      	bcc.n	100089be <__multiply+0xf2>
100089ee:	45b0      	cmp	r8, r6
100089f0:	f847 300b 	str.w	r3, [r7, fp]
100089f4:	f107 0704 	add.w	r7, r7, #4
100089f8:	d8b2      	bhi.n	10008960 <__multiply+0x94>
100089fa:	4650      	mov	r0, sl
100089fc:	e9dd e402 	ldrd	lr, r4, [sp, #8]
10008a00:	2c00      	cmp	r4, #0
10008a02:	dc02      	bgt.n	10008a0a <__multiply+0x13e>
10008a04:	e005      	b.n	10008a12 <__multiply+0x146>
10008a06:	3c01      	subs	r4, #1
10008a08:	d003      	beq.n	10008a12 <__multiply+0x146>
10008a0a:	f85e 3d04 	ldr.w	r3, [lr, #-4]!
10008a0e:	2b00      	cmp	r3, #0
10008a10:	d0f9      	beq.n	10008a06 <__multiply+0x13a>
10008a12:	6104      	str	r4, [r0, #16]
10008a14:	b005      	add	sp, #20
10008a16:	e8bd 8ff0 	ldmia.w	sp!, {r4, r5, r6, r7, r8, r9, sl, fp, pc}
10008a1a:	4602      	mov	r2, r0
10008a1c:	4b02      	ldr	r3, [pc, #8]	@ (10008a28 <__multiply+0x15c>)
10008a1e:	f44f 71b1 	mov.w	r1, #354	@ 0x162
10008a22:	4802      	ldr	r0, [pc, #8]	@ (10008a2c <__multiply+0x160>)
10008a24:	f7fa fd68 	bl	100034f8 <__assert_func>
10008a28:	10009348 	.word	0x10009348
10008a2c:	100093c8 	.word	0x100093c8

10008a30 <__pow5mult>:
10008a30:	f012 0303 	ands.w	r3, r2, #3
10008a34:	e92d 41f0 	stmdb	sp!, {r4, r5, r6, r7, r8, lr}
10008a38:	4614      	mov	r4, r2
10008a3a:	4607      	mov	r7, r0
10008a3c:	d12c      	bne.n	10008a98 <__pow5mult+0x68>
10008a3e:	460d      	mov	r5, r1
10008a40:	10a4      	asrs	r4, r4, #2
10008a42:	d01c      	beq.n	10008a7e <__pow5mult+0x4e>
10008a44:	6c3e      	ldr	r6, [r7, #64]	@ 0x40
10008a46:	b386      	cbz	r6, 10008aaa <__pow5mult+0x7a>
10008a48:	07e3      	lsls	r3, r4, #31
10008a4a:	f04f 0800 	mov.w	r8, #0
10008a4e:	d406      	bmi.n	10008a5e <__pow5mult+0x2e>
10008a50:	1064      	asrs	r4, r4, #1
10008a52:	d014      	beq.n	10008a7e <__pow5mult+0x4e>
10008a54:	6830      	ldr	r0, [r6, #0]
10008a56:	b1a8      	cbz	r0, 10008a84 <__pow5mult+0x54>
10008a58:	4606      	mov	r6, r0
10008a5a:	07e3      	lsls	r3, r4, #31
10008a5c:	d5f8      	bpl.n	10008a50 <__pow5mult+0x20>
10008a5e:	4632      	mov	r2, r6
10008a60:	4629      	mov	r1, r5
10008a62:	4638      	mov	r0, r7
10008a64:	f7ff ff32 	bl	100088cc <__multiply>
10008a68:	b135      	cbz	r5, 10008a78 <__pow5mult+0x48>
10008a6a:	6c7b      	ldr	r3, [r7, #68]	@ 0x44
10008a6c:	6869      	ldr	r1, [r5, #4]
10008a6e:	f853 2021 	ldr.w	r2, [r3, r1, lsl #2]
10008a72:	602a      	str	r2, [r5, #0]
10008a74:	f843 5021 	str.w	r5, [r3, r1, lsl #2]
10008a78:	1064      	asrs	r4, r4, #1
10008a7a:	4605      	mov	r5, r0
10008a7c:	d1ea      	bne.n	10008a54 <__pow5mult+0x24>
10008a7e:	4628      	mov	r0, r5
10008a80:	e8bd 81f0 	ldmia.w	sp!, {r4, r5, r6, r7, r8, pc}
10008a84:	4632      	mov	r2, r6
10008a86:	4631      	mov	r1, r6
10008a88:	4638      	mov	r0, r7
10008a8a:	f7ff ff1f 	bl	100088cc <__multiply>
10008a8e:	6030      	str	r0, [r6, #0]
10008a90:	4606      	mov	r6, r0
10008a92:	f8c0 8000 	str.w	r8, [r0]
10008a96:	e7e0      	b.n	10008a5a <__pow5mult+0x2a>
10008a98:	3b01      	subs	r3, #1
10008a9a:	4a0f      	ldr	r2, [pc, #60]	@ (10008ad8 <__pow5mult+0xa8>)
10008a9c:	f852 2023 	ldr.w	r2, [r2, r3, lsl #2]
10008aa0:	2300      	movs	r3, #0
10008aa2:	f7ff fde7 	bl	10008674 <__multadd>
10008aa6:	4605      	mov	r5, r0
10008aa8:	e7ca      	b.n	10008a40 <__pow5mult+0x10>
10008aaa:	2101      	movs	r1, #1
10008aac:	4638      	mov	r0, r7
10008aae:	f7ff fdb1 	bl	10008614 <_Balloc>
10008ab2:	4606      	mov	r6, r0
10008ab4:	b140      	cbz	r0, 10008ac8 <__pow5mult+0x98>
10008ab6:	2301      	movs	r3, #1
10008ab8:	f240 2271 	movw	r2, #625	@ 0x271
10008abc:	e9c0 3204 	strd	r3, r2, [r0, #16]
10008ac0:	2300      	movs	r3, #0
10008ac2:	6438      	str	r0, [r7, #64]	@ 0x40
10008ac4:	6003      	str	r3, [r0, #0]
10008ac6:	e7bf      	b.n	10008a48 <__pow5mult+0x18>
10008ac8:	4602      	mov	r2, r0
10008aca:	4b04      	ldr	r3, [pc, #16]	@ (10008adc <__pow5mult+0xac>)
10008acc:	f240 1145 	movw	r1, #325	@ 0x145
10008ad0:	4803      	ldr	r0, [pc, #12]	@ (10008ae0 <__pow5mult+0xb0>)
10008ad2:	f7fa fd11 	bl	100034f8 <__assert_func>
10008ad6:	bf00      	nop
10008ad8:	10010208 	.word	0x10010208
10008adc:	10009348 	.word	0x10009348
10008ae0:	100093c8 	.word	0x100093c8

10008ae4 <__lshift>:
10008ae4:	e92d 47f0 	stmdb	sp!, {r4, r5, r6, r7, r8, r9, sl, lr}
10008ae8:	460c      	mov	r4, r1
10008aea:	4690      	mov	r8, r2
10008aec:	4606      	mov	r6, r0
10008aee:	ea4f 1962 	mov.w	r9, r2, asr #5
10008af2:	6927      	ldr	r7, [r4, #16]
10008af4:	68a3      	ldr	r3, [r4, #8]
10008af6:	eb07 1762 	add.w	r7, r7, r2, asr #5
10008afa:	6849      	ldr	r1, [r1, #4]
10008afc:	1c7d      	adds	r5, r7, #1
10008afe:	429d      	cmp	r5, r3
10008b00:	dd03      	ble.n	10008b0a <__lshift+0x26>
10008b02:	005b      	lsls	r3, r3, #1
10008b04:	3101      	adds	r1, #1
10008b06:	429d      	cmp	r5, r3
10008b08:	dcfb      	bgt.n	10008b02 <__lshift+0x1e>
10008b0a:	4630      	mov	r0, r6
10008b0c:	f7ff fd82 	bl	10008614 <_Balloc>
10008b10:	2800      	cmp	r0, #0
10008b12:	d050      	beq.n	10008bb6 <__lshift+0xd2>
10008b14:	f1b9 0f00 	cmp.w	r9, #0
10008b18:	f100 0c14 	add.w	ip, r0, #20
10008b1c:	dd0e      	ble.n	10008b3c <__lshift+0x58>
10008b1e:	f109 0205 	add.w	r2, r9, #5
10008b22:	4663      	mov	r3, ip
10008b24:	2100      	movs	r1, #0
10008b26:	ea4f 0e82 	mov.w	lr, r2, lsl #2
10008b2a:	eb00 0282 	add.w	r2, r0, r2, lsl #2
10008b2e:	f843 1b04 	str.w	r1, [r3], #4
10008b32:	4293      	cmp	r3, r2
10008b34:	d1fb      	bne.n	10008b2e <__lshift+0x4a>
10008b36:	f1ae 0314 	sub.w	r3, lr, #20
10008b3a:	449c      	add	ip, r3
10008b3c:	f104 0314 	add.w	r3, r4, #20
10008b40:	6921      	ldr	r1, [r4, #16]
10008b42:	f018 081f 	ands.w	r8, r8, #31
10008b46:	eb03 0181 	add.w	r1, r3, r1, lsl #2
10008b4a:	d02b      	beq.n	10008ba4 <__lshift+0xc0>
10008b4c:	f1c8 0920 	rsb	r9, r8, #32
10008b50:	46e6      	mov	lr, ip
10008b52:	f04f 0a00 	mov.w	sl, #0
10008b56:	681a      	ldr	r2, [r3, #0]
10008b58:	fa02 f208 	lsl.w	r2, r2, r8
10008b5c:	ea42 020a 	orr.w	r2, r2, sl
10008b60:	f84e 2b04 	str.w	r2, [lr], #4
10008b64:	f853 2b04 	ldr.w	r2, [r3], #4
10008b68:	4299      	cmp	r1, r3
10008b6a:	fa22 fa09 	lsr.w	sl, r2, r9
10008b6e:	d8f2      	bhi.n	10008b56 <__lshift+0x72>
10008b70:	1b0b      	subs	r3, r1, r4
10008b72:	f104 0215 	add.w	r2, r4, #21
10008b76:	3b15      	subs	r3, #21
10008b78:	f023 0303 	bic.w	r3, r3, #3
10008b7c:	3304      	adds	r3, #4
10008b7e:	4291      	cmp	r1, r2
10008b80:	bf38      	it	cc
10008b82:	2304      	movcc	r3, #4
10008b84:	f84c a003 	str.w	sl, [ip, r3]
10008b88:	f1ba 0f00 	cmp.w	sl, #0
10008b8c:	d100      	bne.n	10008b90 <__lshift+0xac>
10008b8e:	463d      	mov	r5, r7
10008b90:	6c73      	ldr	r3, [r6, #68]	@ 0x44
10008b92:	6862      	ldr	r2, [r4, #4]
10008b94:	6105      	str	r5, [r0, #16]
10008b96:	f853 1022 	ldr.w	r1, [r3, r2, lsl #2]
10008b9a:	6021      	str	r1, [r4, #0]
10008b9c:	f843 4022 	str.w	r4, [r3, r2, lsl #2]
10008ba0:	e8bd 87f0 	ldmia.w	sp!, {r4, r5, r6, r7, r8, r9, sl, pc}
10008ba4:	f1ac 0c04 	sub.w	ip, ip, #4
10008ba8:	f853 2b04 	ldr.w	r2, [r3], #4
10008bac:	4299      	cmp	r1, r3
10008bae:	f84c 2f04 	str.w	r2, [ip, #4]!
10008bb2:	d8f9      	bhi.n	10008ba8 <__lshift+0xc4>
10008bb4:	e7eb      	b.n	10008b8e <__lshift+0xaa>
10008bb6:	4602      	mov	r2, r0
10008bb8:	4b02      	ldr	r3, [pc, #8]	@ (10008bc4 <__lshift+0xe0>)
10008bba:	f44f 71ef 	mov.w	r1, #478	@ 0x1de
10008bbe:	4802      	ldr	r0, [pc, #8]	@ (10008bc8 <__lshift+0xe4>)
10008bc0:	f7fa fc9a 	bl	100034f8 <__assert_func>
10008bc4:	10009348 	.word	0x10009348
10008bc8:	100093c8 	.word	0x100093c8

10008bcc <__mcmp>:
10008bcc:	4684      	mov	ip, r0
10008bce:	690b      	ldr	r3, [r1, #16]
10008bd0:	6900      	ldr	r0, [r0, #16]
10008bd2:	1ac0      	subs	r0, r0, r3
10008bd4:	d116      	bne.n	10008c04 <__mcmp+0x38>
10008bd6:	f10c 0c14 	add.w	ip, ip, #20
10008bda:	3114      	adds	r1, #20
10008bdc:	eb0c 0283 	add.w	r2, ip, r3, lsl #2
10008be0:	eb01 0383 	add.w	r3, r1, r3, lsl #2
10008be4:	b410      	push	{r4}
10008be6:	e001      	b.n	10008bec <__mcmp+0x20>
10008be8:	4594      	cmp	ip, r2
10008bea:	d208      	bcs.n	10008bfe <__mcmp+0x32>
10008bec:	f852 4d04 	ldr.w	r4, [r2, #-4]!
10008bf0:	f853 1d04 	ldr.w	r1, [r3, #-4]!
10008bf4:	428c      	cmp	r4, r1
10008bf6:	d0f7      	beq.n	10008be8 <__mcmp+0x1c>
10008bf8:	d205      	bcs.n	10008c06 <__mcmp+0x3a>
10008bfa:	f04f 30ff 	mov.w	r0, #4294967295	@ 0xffffffff
10008bfe:	f85d 4b04 	ldr.w	r4, [sp], #4
10008c02:	4770      	bx	lr
10008c04:	4770      	bx	lr
10008c06:	2001      	movs	r0, #1
10008c08:	f85d 4b04 	ldr.w	r4, [sp], #4
10008c0c:	4770      	bx	lr
10008c0e:	bf00      	nop

10008c10 <__mdiff>:
10008c10:	e92d 4ff0 	stmdb	sp!, {r4, r5, r6, r7, r8, r9, sl, fp, lr}
10008c14:	4615      	mov	r5, r2
10008c16:	690a      	ldr	r2, [r1, #16]
10008c18:	b083      	sub	sp, #12
10008c1a:	4688      	mov	r8, r1
10008c1c:	692b      	ldr	r3, [r5, #16]
10008c1e:	1ad2      	subs	r2, r2, r3
10008c20:	2a00      	cmp	r2, #0
10008c22:	f040 808b 	bne.w	10008d3c <__mdiff+0x12c>
10008c26:	f101 0614 	add.w	r6, r1, #20
10008c2a:	f105 0114 	add.w	r1, r5, #20
10008c2e:	eb01 0183 	add.w	r1, r1, r3, lsl #2
10008c32:	eb06 0383 	add.w	r3, r6, r3, lsl #2
10008c36:	e002      	b.n	10008c3e <__mdiff+0x2e>
10008c38:	429e      	cmp	r6, r3
10008c3a:	f080 8082 	bcs.w	10008d42 <__mdiff+0x132>
10008c3e:	f853 4d04 	ldr.w	r4, [r3, #-4]!
10008c42:	f851 2d04 	ldr.w	r2, [r1, #-4]!
10008c46:	4294      	cmp	r4, r2
10008c48:	d0f6      	beq.n	10008c38 <__mdiff+0x28>
10008c4a:	d378      	bcc.n	10008d3e <__mdiff+0x12e>
10008c4c:	462b      	mov	r3, r5
10008c4e:	2400      	movs	r4, #0
10008c50:	4645      	mov	r5, r8
10008c52:	4698      	mov	r8, r3
10008c54:	6869      	ldr	r1, [r5, #4]
10008c56:	f7ff fcdd 	bl	10008614 <_Balloc>
10008c5a:	2800      	cmp	r0, #0
10008c5c:	f000 808c 	beq.w	10008d78 <__mdiff+0x168>
10008c60:	692e      	ldr	r6, [r5, #16]
10008c62:	f105 0b14 	add.w	fp, r5, #20
10008c66:	f108 0e14 	add.w	lr, r8, #20
10008c6a:	f8d8 3010 	ldr.w	r3, [r8, #16]
10008c6e:	f100 0a14 	add.w	sl, r0, #20
10008c72:	f105 0210 	add.w	r2, r5, #16
10008c76:	eb0e 0983 	add.w	r9, lr, r3, lsl #2
10008c7a:	f04f 0c00 	mov.w	ip, #0
10008c7e:	eb0b 0186 	add.w	r1, fp, r6, lsl #2
10008c82:	4657      	mov	r7, sl
10008c84:	60c4      	str	r4, [r0, #12]
10008c86:	f8cd b004 	str.w	fp, [sp, #4]
10008c8a:	f85e 4b04 	ldr.w	r4, [lr], #4
10008c8e:	f852 5f04 	ldr.w	r5, [r2, #4]!
10008c92:	fa1f fb84 	uxth.w	fp, r4
10008c96:	45f1      	cmp	r9, lr
10008c98:	b2ab      	uxth	r3, r5
10008c9a:	ea4f 4414 	mov.w	r4, r4, lsr #16
10008c9e:	eba3 030b 	sub.w	r3, r3, fp
10008ca2:	ebc4 4415 	rsb	r4, r4, r5, lsr #16
10008ca6:	4463      	add	r3, ip
10008ca8:	eb04 4423 	add.w	r4, r4, r3, asr #16
10008cac:	b29b      	uxth	r3, r3
10008cae:	ea4f 4c24 	mov.w	ip, r4, asr #16
10008cb2:	ea43 4304 	orr.w	r3, r3, r4, lsl #16
10008cb6:	f847 3b04 	str.w	r3, [r7], #4
10008cba:	d8e6      	bhi.n	10008c8a <__mdiff+0x7a>
10008cbc:	eba9 0408 	sub.w	r4, r9, r8
10008cc0:	f108 0815 	add.w	r8, r8, #21
10008cc4:	f8dd b004 	ldr.w	fp, [sp, #4]
10008cc8:	45c1      	cmp	r9, r8
10008cca:	f1a4 0415 	sub.w	r4, r4, #21
10008cce:	bf34      	ite	cc
10008cd0:	f04f 0800 	movcc.w	r8, #0
10008cd4:	f04f 0801 	movcs.w	r8, #1
10008cd8:	08a4      	lsrs	r4, r4, #2
10008cda:	f1b8 0f00 	cmp.w	r8, #0
10008cde:	f104 0201 	add.w	r2, r4, #1
10008ce2:	ea4f 0282 	mov.w	r2, r2, lsl #2
10008ce6:	bf08      	it	eq
10008ce8:	2204      	moveq	r2, #4
10008cea:	eb0b 0502 	add.w	r5, fp, r2
10008cee:	4452      	add	r2, sl
10008cf0:	42a9      	cmp	r1, r5
10008cf2:	d931      	bls.n	10008d58 <__mdiff+0x148>
10008cf4:	4617      	mov	r7, r2
10008cf6:	462c      	mov	r4, r5
10008cf8:	f854 3b04 	ldr.w	r3, [r4], #4
10008cfc:	fa1f f883 	uxth.w	r8, r3
10008d00:	42a1      	cmp	r1, r4
10008d02:	ea4f 4e13 	mov.w	lr, r3, lsr #16
10008d06:	4463      	add	r3, ip
10008d08:	44c4      	add	ip, r8
10008d0a:	b29b      	uxth	r3, r3
10008d0c:	eb0e 4c2c 	add.w	ip, lr, ip, asr #16
10008d10:	ea43 430c 	orr.w	r3, r3, ip, lsl #16
10008d14:	ea4f 4c2c 	mov.w	ip, ip, asr #16
10008d18:	f847 3b04 	str.w	r3, [r7], #4
10008d1c:	d8ec      	bhi.n	10008cf8 <__mdiff+0xe8>
10008d1e:	3901      	subs	r1, #1
10008d20:	1b49      	subs	r1, r1, r5
10008d22:	f021 0103 	bic.w	r1, r1, #3
10008d26:	440a      	add	r2, r1
10008d28:	b923      	cbnz	r3, 10008d34 <__mdiff+0x124>
10008d2a:	f852 3d04 	ldr.w	r3, [r2, #-4]!
10008d2e:	3e01      	subs	r6, #1
10008d30:	2b00      	cmp	r3, #0
10008d32:	d0fa      	beq.n	10008d2a <__mdiff+0x11a>
10008d34:	6106      	str	r6, [r0, #16]
10008d36:	b003      	add	sp, #12
10008d38:	e8bd 8ff0 	ldmia.w	sp!, {r4, r5, r6, r7, r8, r9, sl, fp, pc}
10008d3c:	da86      	bge.n	10008c4c <__mdiff+0x3c>
10008d3e:	2401      	movs	r4, #1
10008d40:	e788      	b.n	10008c54 <__mdiff+0x44>
10008d42:	2100      	movs	r1, #0
10008d44:	f7ff fc66 	bl	10008614 <_Balloc>
10008d48:	b178      	cbz	r0, 10008d6a <__mdiff+0x15a>
10008d4a:	2201      	movs	r2, #1
10008d4c:	2300      	movs	r3, #0
10008d4e:	e9c0 2304 	strd	r2, r3, [r0, #16]
10008d52:	b003      	add	sp, #12
10008d54:	e8bd 8ff0 	ldmia.w	sp!, {r4, r5, r6, r7, r8, r9, sl, fp, pc}
10008d58:	f1b8 0f00 	cmp.w	r8, #0
10008d5c:	ea4f 0484 	mov.w	r4, r4, lsl #2
10008d60:	bf08      	it	eq
10008d62:	2400      	moveq	r4, #0
10008d64:	eb0a 0204 	add.w	r2, sl, r4
10008d68:	e7de      	b.n	10008d28 <__mdiff+0x118>
10008d6a:	4602      	mov	r2, r0
10008d6c:	4b06      	ldr	r3, [pc, #24]	@ (10008d88 <__mdiff+0x178>)
10008d6e:	f240 2137 	movw	r1, #567	@ 0x237
10008d72:	4806      	ldr	r0, [pc, #24]	@ (10008d8c <__mdiff+0x17c>)
10008d74:	f7fa fbc0 	bl	100034f8 <__assert_func>
10008d78:	4602      	mov	r2, r0
10008d7a:	4b03      	ldr	r3, [pc, #12]	@ (10008d88 <__mdiff+0x178>)
10008d7c:	f240 2145 	movw	r1, #581	@ 0x245
10008d80:	4802      	ldr	r0, [pc, #8]	@ (10008d8c <__mdiff+0x17c>)
10008d82:	f7fa fbb9 	bl	100034f8 <__assert_func>
10008d86:	bf00      	nop
10008d88:	10009348 	.word	0x10009348
10008d8c:	100093c8 	.word	0x100093c8

10008d90 <__ulp>:
10008d90:	4b11      	ldr	r3, [pc, #68]	@ (10008dd8 <__ulp+0x48>)
10008d92:	400b      	ands	r3, r1
10008d94:	f1a3 7350 	sub.w	r3, r3, #54525952	@ 0x3400000
10008d98:	2b00      	cmp	r3, #0
10008d9a:	dd03      	ble.n	10008da4 <__ulp+0x14>
10008d9c:	2200      	movs	r2, #0
10008d9e:	4619      	mov	r1, r3
10008da0:	4610      	mov	r0, r2
10008da2:	4770      	bx	lr
10008da4:	425b      	negs	r3, r3
10008da6:	f1b3 7fa0 	cmp.w	r3, #20971520	@ 0x1400000
10008daa:	ea4f 5123 	mov.w	r1, r3, asr #20
10008dae:	da06      	bge.n	10008dbe <__ulp+0x2e>
10008db0:	f44f 2300 	mov.w	r3, #524288	@ 0x80000
10008db4:	2200      	movs	r2, #0
10008db6:	410b      	asrs	r3, r1
10008db8:	4610      	mov	r0, r2
10008dba:	4619      	mov	r1, r3
10008dbc:	4770      	bx	lr
10008dbe:	3914      	subs	r1, #20
10008dc0:	291e      	cmp	r1, #30
10008dc2:	dd04      	ble.n	10008dce <__ulp+0x3e>
10008dc4:	2201      	movs	r2, #1
10008dc6:	2300      	movs	r3, #0
10008dc8:	4610      	mov	r0, r2
10008dca:	4619      	mov	r1, r3
10008dcc:	4770      	bx	lr
10008dce:	f04f 4200 	mov.w	r2, #2147483648	@ 0x80000000
10008dd2:	40ca      	lsrs	r2, r1
10008dd4:	e7f7      	b.n	10008dc6 <__ulp+0x36>
10008dd6:	bf00      	nop
10008dd8:	7ff00000 	.word	0x7ff00000

10008ddc <__b2d>:
10008ddc:	e92d 41f0 	stmdb	sp!, {r4, r5, r6, r7, r8, lr}
10008de0:	6902      	ldr	r2, [r0, #16]
10008de2:	f100 0714 	add.w	r7, r0, #20
10008de6:	eb07 0282 	add.w	r2, r7, r2, lsl #2
10008dea:	f852 6c04 	ldr.w	r6, [r2, #-4]
10008dee:	f1a2 0804 	sub.w	r8, r2, #4
10008df2:	4630      	mov	r0, r6
10008df4:	f7ff fce8 	bl	100087c8 <__hi0bits>
10008df8:	f1c0 0320 	rsb	r3, r0, #32
10008dfc:	280a      	cmp	r0, #10
10008dfe:	600b      	str	r3, [r1, #0]
10008e00:	dd35      	ble.n	10008e6e <__b2d+0x92>
10008e02:	4547      	cmp	r7, r8
10008e04:	f1a0 010b 	sub.w	r1, r0, #11
10008e08:	d21b      	bcs.n	10008e42 <__b2d+0x66>
10008e0a:	f852 3c08 	ldr.w	r3, [r2, #-8]
10008e0e:	b331      	cbz	r1, 10008e5e <__b2d+0x82>
10008e10:	f1c1 0c20 	rsb	ip, r1, #32
10008e14:	408e      	lsls	r6, r1
10008e16:	f1a2 0008 	sub.w	r0, r2, #8
10008e1a:	fa23 f40c 	lsr.w	r4, r3, ip
10008e1e:	408b      	lsls	r3, r1
10008e20:	4287      	cmp	r7, r0
10008e22:	ea46 0604 	orr.w	r6, r6, r4
10008e26:	f046 557f 	orr.w	r5, r6, #1069547520	@ 0x3fc00000
10008e2a:	f445 1540 	orr.w	r5, r5, #3145728	@ 0x300000
10008e2e:	d21a      	bcs.n	10008e66 <__b2d+0x8a>
10008e30:	f852 2c0c 	ldr.w	r2, [r2, #-12]
10008e34:	4629      	mov	r1, r5
10008e36:	fa22 f20c 	lsr.w	r2, r2, ip
10008e3a:	4313      	orrs	r3, r2
10008e3c:	4618      	mov	r0, r3
10008e3e:	e8bd 81f0 	ldmia.w	sp!, {r4, r5, r6, r7, r8, pc}
10008e42:	280b      	cmp	r0, #11
10008e44:	d00a      	beq.n	10008e5c <__b2d+0x80>
10008e46:	fa06 f101 	lsl.w	r1, r6, r1
10008e4a:	2300      	movs	r3, #0
10008e4c:	f041 557f 	orr.w	r5, r1, #1069547520	@ 0x3fc00000
10008e50:	4618      	mov	r0, r3
10008e52:	f445 1540 	orr.w	r5, r5, #3145728	@ 0x300000
10008e56:	4629      	mov	r1, r5
10008e58:	e8bd 81f0 	ldmia.w	sp!, {r4, r5, r6, r7, r8, pc}
10008e5c:	2300      	movs	r3, #0
10008e5e:	f046 557f 	orr.w	r5, r6, #1069547520	@ 0x3fc00000
10008e62:	f445 1540 	orr.w	r5, r5, #3145728	@ 0x300000
10008e66:	4618      	mov	r0, r3
10008e68:	4629      	mov	r1, r5
10008e6a:	e8bd 81f0 	ldmia.w	sp!, {r4, r5, r6, r7, r8, pc}
10008e6e:	f1c0 030b 	rsb	r3, r0, #11
10008e72:	4547      	cmp	r7, r8
10008e74:	fa26 f103 	lsr.w	r1, r6, r3
10008e78:	f041 557f 	orr.w	r5, r1, #1069547520	@ 0x3fc00000
10008e7c:	f445 1540 	orr.w	r5, r5, #3145728	@ 0x300000
10008e80:	d309      	bcc.n	10008e96 <__b2d+0xba>
10008e82:	2200      	movs	r2, #0
10008e84:	f100 0315 	add.w	r3, r0, #21
10008e88:	4629      	mov	r1, r5
10008e8a:	fa06 f303 	lsl.w	r3, r6, r3
10008e8e:	4313      	orrs	r3, r2
10008e90:	4618      	mov	r0, r3
10008e92:	e8bd 81f0 	ldmia.w	sp!, {r4, r5, r6, r7, r8, pc}
10008e96:	f852 2c08 	ldr.w	r2, [r2, #-8]
10008e9a:	40da      	lsrs	r2, r3
10008e9c:	e7f2      	b.n	10008e84 <__b2d+0xa8>
10008e9e:	bf00      	nop

10008ea0 <__d2b>:
10008ea0:	b5f0      	push	{r4, r5, r6, r7, lr}
10008ea2:	2101      	movs	r1, #1
10008ea4:	b083      	sub	sp, #12
10008ea6:	4616      	mov	r6, r2
10008ea8:	461f      	mov	r7, r3
10008eaa:	f7ff fbb3 	bl	10008614 <_Balloc>
10008eae:	4605      	mov	r5, r0
10008eb0:	2800      	cmp	r0, #0
10008eb2:	d049      	beq.n	10008f48 <__d2b+0xa8>
10008eb4:	f3c7 540a 	ubfx	r4, r7, #20, #11
10008eb8:	f3c7 0313 	ubfx	r3, r7, #0, #20
10008ebc:	b10c      	cbz	r4, 10008ec2 <__d2b+0x22>
10008ebe:	f443 1380 	orr.w	r3, r3, #1048576	@ 0x100000
10008ec2:	2e00      	cmp	r6, #0
10008ec4:	9301      	str	r3, [sp, #4]
10008ec6:	d115      	bne.n	10008ef4 <__d2b+0x54>
10008ec8:	a801      	add	r0, sp, #4
10008eca:	f7ff fca1 	bl	10008810 <__lo0bits>
10008ece:	9901      	ldr	r1, [sp, #4]
10008ed0:	2201      	movs	r2, #1
10008ed2:	f100 0320 	add.w	r3, r0, #32
10008ed6:	6169      	str	r1, [r5, #20]
10008ed8:	612a      	str	r2, [r5, #16]
10008eda:	b31c      	cbz	r4, 10008f24 <__d2b+0x84>
10008edc:	f2a4 4433 	subw	r4, r4, #1075	@ 0x433
10008ee0:	f1c3 0035 	rsb	r0, r3, #53	@ 0x35
10008ee4:	441c      	add	r4, r3
10008ee6:	9b08      	ldr	r3, [sp, #32]
10008ee8:	601c      	str	r4, [r3, #0]
10008eea:	9b09      	ldr	r3, [sp, #36]	@ 0x24
10008eec:	6018      	str	r0, [r3, #0]
10008eee:	4628      	mov	r0, r5
10008ef0:	b003      	add	sp, #12
10008ef2:	bdf0      	pop	{r4, r5, r6, r7, pc}
10008ef4:	4668      	mov	r0, sp
10008ef6:	9600      	str	r6, [sp, #0]
10008ef8:	f7ff fc8a 	bl	10008810 <__lo0bits>
10008efc:	9a01      	ldr	r2, [sp, #4]
10008efe:	4603      	mov	r3, r0
10008f00:	b300      	cbz	r0, 10008f44 <__d2b+0xa4>
10008f02:	f1c0 0120 	rsb	r1, r0, #32
10008f06:	fa02 f101 	lsl.w	r1, r2, r1
10008f0a:	40c2      	lsrs	r2, r0
10008f0c:	9800      	ldr	r0, [sp, #0]
10008f0e:	9201      	str	r2, [sp, #4]
10008f10:	4301      	orrs	r1, r0
10008f12:	2a00      	cmp	r2, #0
10008f14:	e9c5 1205 	strd	r1, r2, [r5, #20]
10008f18:	bf0c      	ite	eq
10008f1a:	2201      	moveq	r2, #1
10008f1c:	2202      	movne	r2, #2
10008f1e:	612a      	str	r2, [r5, #16]
10008f20:	2c00      	cmp	r4, #0
10008f22:	d1db      	bne.n	10008edc <__d2b+0x3c>
10008f24:	f2a3 4332 	subw	r3, r3, #1074	@ 0x432
10008f28:	9808      	ldr	r0, [sp, #32]
10008f2a:	eb05 0182 	add.w	r1, r5, r2, lsl #2
10008f2e:	6003      	str	r3, [r0, #0]
10008f30:	6908      	ldr	r0, [r1, #16]
10008f32:	f7ff fc49 	bl	100087c8 <__hi0bits>
10008f36:	9b09      	ldr	r3, [sp, #36]	@ 0x24
10008f38:	ebc0 1042 	rsb	r0, r0, r2, lsl #5
10008f3c:	6018      	str	r0, [r3, #0]
10008f3e:	4628      	mov	r0, r5
10008f40:	b003      	add	sp, #12
10008f42:	bdf0      	pop	{r4, r5, r6, r7, pc}
10008f44:	9900      	ldr	r1, [sp, #0]
10008f46:	e7e4      	b.n	10008f12 <__d2b+0x72>
10008f48:	4602      	mov	r2, r0
10008f4a:	4b03      	ldr	r3, [pc, #12]	@ (10008f58 <__d2b+0xb8>)
10008f4c:	f240 310f 	movw	r1, #783	@ 0x30f
10008f50:	4802      	ldr	r0, [pc, #8]	@ (10008f5c <__d2b+0xbc>)
10008f52:	f7fa fad1 	bl	100034f8 <__assert_func>
10008f56:	bf00      	nop
10008f58:	10009348 	.word	0x10009348
10008f5c:	100093c8 	.word	0x100093c8

10008f60 <__ratio>:
10008f60:	e92d 43f0 	stmdb	sp!, {r4, r5, r6, r7, r8, r9, lr}
10008f64:	b083      	sub	sp, #12
10008f66:	4688      	mov	r8, r1
10008f68:	4681      	mov	r9, r0
10008f6a:	4669      	mov	r1, sp
10008f6c:	f7ff ff36 	bl	10008ddc <__b2d>
10008f70:	4604      	mov	r4, r0
10008f72:	460d      	mov	r5, r1
10008f74:	4640      	mov	r0, r8
10008f76:	a901      	add	r1, sp, #4
10008f78:	f7ff ff30 	bl	10008ddc <__b2d>
10008f7c:	f8d9 3010 	ldr.w	r3, [r9, #16]
10008f80:	f8d8 2010 	ldr.w	r2, [r8, #16]
10008f84:	eba3 0c02 	sub.w	ip, r3, r2
10008f88:	e9dd 3200 	ldrd	r3, r2, [sp]
10008f8c:	1a9b      	subs	r3, r3, r2
10008f8e:	eb03 134c 	add.w	r3, r3, ip, lsl #5
10008f92:	2b00      	cmp	r3, #0
10008f94:	dd0b      	ble.n	10008fae <__ratio+0x4e>
10008f96:	eb05 5703 	add.w	r7, r5, r3, lsl #20
10008f9a:	463d      	mov	r5, r7
10008f9c:	4602      	mov	r2, r0
10008f9e:	460b      	mov	r3, r1
10008fa0:	4620      	mov	r0, r4
10008fa2:	4629      	mov	r1, r5
10008fa4:	f7f8 fcca 	bl	1000193c <__wrap___aeabi_ddiv>
10008fa8:	b003      	add	sp, #12
10008faa:	e8bd 83f0 	ldmia.w	sp!, {r4, r5, r6, r7, r8, r9, pc}
10008fae:	ebc3 3303 	rsb	r3, r3, r3, lsl #12
10008fb2:	eb01 5903 	add.w	r9, r1, r3, lsl #20
10008fb6:	4649      	mov	r1, r9
10008fb8:	e7f0      	b.n	10008f9c <__ratio+0x3c>
10008fba:	bf00      	nop

10008fbc <__copybits>:
10008fbc:	3901      	subs	r1, #1
10008fbe:	f102 0314 	add.w	r3, r2, #20
10008fc2:	ea4f 1c61 	mov.w	ip, r1, asr #5
10008fc6:	6911      	ldr	r1, [r2, #16]
10008fc8:	eb03 0181 	add.w	r1, r3, r1, lsl #2
10008fcc:	f10c 0c01 	add.w	ip, ip, #1
10008fd0:	428b      	cmp	r3, r1
10008fd2:	eb00 0c8c 	add.w	ip, r0, ip, lsl #2
10008fd6:	d216      	bcs.n	10009006 <__copybits+0x4a>
10008fd8:	b510      	push	{r4, lr}
10008fda:	f1a0 0e04 	sub.w	lr, r0, #4
10008fde:	f853 4b04 	ldr.w	r4, [r3], #4
10008fe2:	4299      	cmp	r1, r3
10008fe4:	f84e 4f04 	str.w	r4, [lr, #4]!
10008fe8:	d8f9      	bhi.n	10008fde <__copybits+0x22>
10008fea:	1a8b      	subs	r3, r1, r2
10008fec:	3b15      	subs	r3, #21
10008fee:	f023 0303 	bic.w	r3, r3, #3
10008ff2:	3304      	adds	r3, #4
10008ff4:	4418      	add	r0, r3
10008ff6:	4584      	cmp	ip, r0
10008ff8:	d904      	bls.n	10009004 <__copybits+0x48>
10008ffa:	2300      	movs	r3, #0
10008ffc:	f840 3b04 	str.w	r3, [r0], #4
10009000:	4584      	cmp	ip, r0
10009002:	d8fb      	bhi.n	10008ffc <__copybits+0x40>
10009004:	bd10      	pop	{r4, pc}
10009006:	4584      	cmp	ip, r0
10009008:	d905      	bls.n	10009016 <__copybits+0x5a>
1000900a:	2300      	movs	r3, #0
1000900c:	f840 3b04 	str.w	r3, [r0], #4
10009010:	4584      	cmp	ip, r0
10009012:	d8fb      	bhi.n	1000900c <__copybits+0x50>
10009014:	4770      	bx	lr
10009016:	4770      	bx	lr

10009018 <__any_on>:
10009018:	6903      	ldr	r3, [r0, #16]
1000901a:	114a      	asrs	r2, r1, #5
1000901c:	3014      	adds	r0, #20
1000901e:	4293      	cmp	r3, r2
10009020:	da09      	bge.n	10009036 <__any_on+0x1e>
10009022:	eb00 0383 	add.w	r3, r0, r3, lsl #2
10009026:	e002      	b.n	1000902e <__any_on+0x16>
10009028:	f853 2d04 	ldr.w	r2, [r3, #-4]!
1000902c:	b9aa      	cbnz	r2, 1000905a <__any_on+0x42>
1000902e:	4283      	cmp	r3, r0
10009030:	d8fa      	bhi.n	10009028 <__any_on+0x10>
10009032:	2000      	movs	r0, #0
10009034:	4770      	bx	lr
10009036:	eb00 0382 	add.w	r3, r0, r2, lsl #2
1000903a:	ddf8      	ble.n	1000902e <__any_on+0x16>
1000903c:	f011 011f 	ands.w	r1, r1, #31
10009040:	d0f5      	beq.n	1000902e <__any_on+0x16>
10009042:	b410      	push	{r4}
10009044:	f850 4022 	ldr.w	r4, [r0, r2, lsl #2]
10009048:	fa24 f201 	lsr.w	r2, r4, r1
1000904c:	408a      	lsls	r2, r1
1000904e:	4294      	cmp	r4, r2
10009050:	d009      	beq.n	10009066 <__any_on+0x4e>
10009052:	2001      	movs	r0, #1
10009054:	f85d 4b04 	ldr.w	r4, [sp], #4
10009058:	4770      	bx	lr
1000905a:	2001      	movs	r0, #1
1000905c:	4770      	bx	lr
1000905e:	f853 2d04 	ldr.w	r2, [r3, #-4]!
10009062:	2a00      	cmp	r2, #0
10009064:	d1f5      	bne.n	10009052 <__any_on+0x3a>
10009066:	4283      	cmp	r3, r0
10009068:	d8f9      	bhi.n	1000905e <__any_on+0x46>
1000906a:	2000      	movs	r0, #0
1000906c:	f85d 4b04 	ldr.w	r4, [sp], #4
10009070:	4770      	bx	lr
10009072:	bf00      	nop

10009074 <__ascii_wctomb>:
10009074:	4603      	mov	r3, r0
10009076:	b149      	cbz	r1, 1000908c <__ascii_wctomb+0x18>
10009078:	2aff      	cmp	r2, #255	@ 0xff
1000907a:	d802      	bhi.n	10009082 <__ascii_wctomb+0xe>
1000907c:	2001      	movs	r0, #1
1000907e:	700a      	strb	r2, [r1, #0]
10009080:	4770      	bx	lr
10009082:	228a      	movs	r2, #138	@ 0x8a
10009084:	f04f 30ff 	mov.w	r0, #4294967295	@ 0xffffffff
10009088:	601a      	str	r2, [r3, #0]
1000908a:	4770      	bx	lr
1000908c:	4608      	mov	r0, r1
1000908e:	4770      	bx	lr

10009090 <__mutex_exit_veneer>:
10009090:	f85f f000 	ldr.w	pc, [pc]	@ 10009094 <__mutex_exit_veneer+0x4>
10009094:	20000215 	.word	0x20000215

10009098 <__mutex_try_enter_block_until_veneer>:
10009098:	f85f f000 	ldr.w	pc, [pc]	@ 1000909c <__mutex_try_enter_block_until_veneer+0x4>
1000909c:	200001a9 	.word	0x200001a9

100090a0 <____aeabi_uldivmod_veneer>:
100090a0:	f85f f000 	ldr.w	pc, [pc]	@ 100090a4 <____aeabi_uldivmod_veneer+0x4>
100090a4:	200002fd 	.word	0x200002fd

100090a8 <____aeabi_ldivmod_veneer>:
100090a8:	f85f f000 	ldr.w	pc, [pc]	@ 100090ac <____aeabi_ldivmod_veneer+0x4>
100090ac:	2000025d 	.word	0x2000025d

100090b0 <__pre_init_runtime_init_bootrom_reset>:
100090b0:	100016f5                                ....

100090b4 <__pre_init_runtime_init_early_resets>:
100090b4:	10001669                                i...

100090b8 <__pre_init_runtime_init_usb_power_down>:
100090b8:	1000169d                                ....

100090bc <__pre_init_runtime_init_clocks>:
100090bc:	10001785                                ....

100090c0 <__pre_init_runtime_init_post_clock_resets>:
100090c0:	100016d5                                ....

100090c4 <__pre_init_runtime_init_boot_locks_reset>:
100090c4:	100015ed                                ....

100090c8 <__pre_init_runtime_init_spin_locks_reset>:
100090c8:	1000171d                                ....

100090cc <__pre_init_runtime_init_bootrom_locking_enable>:
100090cc:	100015d9                                ....

100090d0 <__pre_init_runtime_init_mutex>:
100090d0:	10000b2d                                -...

100090d4 <__pre_init_runtime_init_install_ram_vector_table>:
100090d4:	10001721                                !...

100090d8 <__pre_init_runtime_init_default_alarm_pool>:
100090d8:	10000ec9                                ....

100090dc <__pre_init_first_per_core_initializer>:
100090dc:	10001639                                9...

100090e0 <__pre_init_runtime_init_per_core_bootrom_reset>:
100090e0:	10001709                                ....

100090e4 <__pre_init_runtime_init_per_core_enable_coprocessors>:
100090e4:	100016b9                                ....

100090e8 <__pre_init_spinlock_set_extexclall>:
100090e8:	10000a31                                1...

100090ec <__pre_init_runtime_init_per_core_irq_priorities>:
100090ec:	10000a59                                Y...

Disassembly of section .data:

20000110 <mutex_enter_block_until>:
20000110:	f04f 4150 	mov.w	r1, #3489660928	@ 0xd0000000
20000114:	e92d 47f0 	stmdb	sp!, {r4, r5, r6, r7, r8, r9, sl, lr}
20000118:	f04f 0800 	mov.w	r8, #0
2000011c:	4604      	mov	r4, r0
2000011e:	4691      	mov	r9, r2
20000120:	469a      	mov	sl, r3
20000122:	4d1f      	ldr	r5, [pc, #124]	@ (200001a0 <mutex_enter_block_until+0x90>)
20000124:	4e1f      	ldr	r6, [pc, #124]	@ (200001a4 <mutex_enter_block_until+0x94>)
20000126:	680f      	ldr	r7, [r1, #0]
20000128:	6820      	ldr	r0, [r4, #0]
2000012a:	f3ef 8310 	mrs	r3, PRIMASK
2000012e:	b672      	cpsid	i
20000130:	e8d0 1fcf 	ldaexb	r1, [r0]
20000134:	2201      	movs	r2, #1
20000136:	2900      	cmp	r1, #0
20000138:	d1fa      	bne.n	20000130 <mutex_enter_block_until+0x20>
2000013a:	e8c0 2f41 	strexb	r1, r2, [r0]
2000013e:	2900      	cmp	r1, #0
20000140:	d1f6      	bne.n	20000130 <mutex_enter_block_until+0x20>
20000142:	f3bf 8f5f 	dmb	sy
20000146:	f994 2004 	ldrsb.w	r2, [r4, #4]
2000014a:	2a00      	cmp	r2, #0
2000014c:	db1e      	blt.n	2000018c <mutex_enter_block_until+0x7c>
2000014e:	f895 c000 	ldrb.w	ip, [r5]
20000152:	6822      	ldr	r2, [r4, #0]
20000154:	fa5f fc8c 	uxtb.w	ip, ip
20000158:	e8c2 8f8f 	stlb	r8, [r2]
2000015c:	bf20      	wfe
2000015e:	f383 8810 	msr	PRIMASK, r3
20000162:	782b      	ldrb	r3, [r5, #0]
20000164:	4563      	cmp	r3, ip
20000166:	d00a      	beq.n	2000017e <mutex_enter_block_until+0x6e>
20000168:	6a73      	ldr	r3, [r6, #36]	@ 0x24
2000016a:	459a      	cmp	sl, r3
2000016c:	d8dc      	bhi.n	20000128 <mutex_enter_block_until+0x18>
2000016e:	6ab2      	ldr	r2, [r6, #40]	@ 0x28
20000170:	454a      	cmp	r2, r9
20000172:	d201      	bcs.n	20000178 <mutex_enter_block_until+0x68>
20000174:	459a      	cmp	sl, r3
20000176:	d0d7      	beq.n	20000128 <mutex_enter_block_until+0x18>
20000178:	2000      	movs	r0, #0
2000017a:	e8bd 87f0 	ldmia.w	sp!, {r4, r5, r6, r7, r8, r9, sl, pc}
2000017e:	4648      	mov	r0, r9
20000180:	4651      	mov	r1, sl
20000182:	f000 fa55 	bl	20000630 <__best_effort_wfe_or_timeout_veneer>
20000186:	2800      	cmp	r0, #0
20000188:	d0ce      	beq.n	20000128 <mutex_enter_block_until+0x18>
2000018a:	e7f5      	b.n	20000178 <mutex_enter_block_until+0x68>
2000018c:	2200      	movs	r2, #0
2000018e:	6821      	ldr	r1, [r4, #0]
20000190:	7127      	strb	r7, [r4, #4]
20000192:	e8c1 2f8f 	stlb	r2, [r1]
20000196:	f383 8810 	msr	PRIMASK, r3
2000019a:	2001      	movs	r0, #1
2000019c:	e8bd 87f0 	ldmia.w	sp!, {r4, r5, r6, r7, r8, r9, sl, pc}
200001a0:	200012e1 	.word	0x200012e1
200001a4:	400b0000 	.word	0x400b0000

200001a8 <mutex_try_enter_block_until>:
200001a8:	b530      	push	{r4, r5, lr}
200001aa:	4601      	mov	r1, r0
200001ac:	6804      	ldr	r4, [r0, #0]
200001ae:	f3ef 8c10 	mrs	ip, PRIMASK
200001b2:	b672      	cpsid	i
200001b4:	e8d4 efcf 	ldaexb	lr, [r4]
200001b8:	2501      	movs	r5, #1
200001ba:	f1be 0f00 	cmp.w	lr, #0
200001be:	d1f9      	bne.n	200001b4 <mutex_try_enter_block_until+0xc>
200001c0:	e8c4 5f4e 	strexb	lr, r5, [r4]
200001c4:	f1be 0f00 	cmp.w	lr, #0
200001c8:	d1f4      	bne.n	200001b4 <mutex_try_enter_block_until+0xc>
200001ca:	f3bf 8f5f 	dmb	sy
200001ce:	f990 4004 	ldrsb.w	r4, [r0, #4]
200001d2:	2c00      	cmp	r4, #0
200001d4:	db11      	blt.n	200001fa <mutex_try_enter_block_until+0x52>
200001d6:	2100      	movs	r1, #0
200001d8:	6805      	ldr	r5, [r0, #0]
200001da:	e8c5 1f8f 	stlb	r1, [r5]
200001de:	f38c 8810 	msr	PRIMASK, ip
200001e2:	f04f 4c50 	mov.w	ip, #3489660928	@ 0xd0000000
200001e6:	f99c c000 	ldrsb.w	ip, [ip]
200001ea:	45a4      	cmp	ip, r4
200001ec:	d101      	bne.n	200001f2 <mutex_try_enter_block_until+0x4a>
200001ee:	4608      	mov	r0, r1
200001f0:	bd30      	pop	{r4, r5, pc}
200001f2:	e8bd 4030 	ldmia.w	sp!, {r4, r5, lr}
200001f6:	f7ff bf8b 	b.w	20000110 <mutex_enter_block_until>
200001fa:	f04f 4050 	mov.w	r0, #3489660928	@ 0xd0000000
200001fe:	6800      	ldr	r0, [r0, #0]
20000200:	2300      	movs	r3, #0
20000202:	680a      	ldr	r2, [r1, #0]
20000204:	7108      	strb	r0, [r1, #4]
20000206:	e8c2 3f8f 	stlb	r3, [r2]
2000020a:	f38c 8810 	msr	PRIMASK, ip
2000020e:	2001      	movs	r0, #1
20000210:	bd30      	pop	{r4, r5, pc}
20000212:	bf00      	nop

20000214 <mutex_exit>:
20000214:	6803      	ldr	r3, [r0, #0]
20000216:	f3ef 8110 	mrs	r1, PRIMASK
2000021a:	b672      	cpsid	i
2000021c:	e8d3 cfcf 	ldaexb	ip, [r3]
20000220:	2201      	movs	r2, #1
20000222:	f1bc 0f00 	cmp.w	ip, #0
20000226:	d1f9      	bne.n	2000021c <mutex_exit+0x8>
20000228:	e8c3 2f4c 	strexb	ip, r2, [r3]
2000022c:	f1bc 0f00 	cmp.w	ip, #0
20000230:	d1f4      	bne.n	2000021c <mutex_exit+0x8>
20000232:	f3bf 8f5f 	dmb	sy
20000236:	f04f 0cff 	mov.w	ip, #255	@ 0xff
2000023a:	4a07      	ldr	r2, [pc, #28]	@ (20000258 <mutex_exit+0x44>)
2000023c:	f880 c004 	strb.w	ip, [r0, #4]
20000240:	7813      	ldrb	r3, [r2, #0]
20000242:	3301      	adds	r3, #1
20000244:	b2db      	uxtb	r3, r3
20000246:	7013      	strb	r3, [r2, #0]
20000248:	2300      	movs	r3, #0
2000024a:	6802      	ldr	r2, [r0, #0]
2000024c:	e8c2 3f8f 	stlb	r3, [r2]
20000250:	f381 8810 	msr	PRIMASK, r1
20000254:	bf40      	sev
20000256:	4770      	bx	lr
20000258:	200012e1 	.word	0x200012e1

2000025c <__aeabi_ldivmod>:
2000025c:	b97b      	cbnz	r3, 2000027e <__aeabi_ldivmod+0x22>
2000025e:	b972      	cbnz	r2, 2000027e <__aeabi_ldivmod+0x22>
20000260:	2900      	cmp	r1, #0
20000262:	bfbe      	ittt	lt
20000264:	2000      	movlt	r0, #0
20000266:	f04f 4100 	movlt.w	r1, #2147483648	@ 0x80000000
2000026a:	e006      	blt.n	2000027a <__aeabi_ldivmod+0x1e>
2000026c:	bf08      	it	eq
2000026e:	2800      	cmpeq	r0, #0
20000270:	bf1c      	itt	ne
20000272:	f06f 4100 	mvnne.w	r1, #2147483648	@ 0x80000000
20000276:	f04f 30ff 	movne.w	r0, #4294967295	@ 0xffffffff
2000027a:	f000 b9d7 	b.w	2000062c <__aeabi_idiv0>
2000027e:	f1ad 0c08 	sub.w	ip, sp, #8
20000282:	e96d ce04 	strd	ip, lr, [sp, #-16]!
20000286:	2900      	cmp	r1, #0
20000288:	db09      	blt.n	2000029e <__aeabi_ldivmod+0x42>
2000028a:	2b00      	cmp	r3, #0
2000028c:	db1a      	blt.n	200002c4 <__aeabi_ldivmod+0x68>
2000028e:	f000 f84d 	bl	2000032c <__udivmoddi4>
20000292:	f8dd e004 	ldr.w	lr, [sp, #4]
20000296:	e9dd 2302 	ldrd	r2, r3, [sp, #8]
2000029a:	b004      	add	sp, #16
2000029c:	4770      	bx	lr
2000029e:	4240      	negs	r0, r0
200002a0:	eb61 0141 	sbc.w	r1, r1, r1, lsl #1
200002a4:	2b00      	cmp	r3, #0
200002a6:	db1b      	blt.n	200002e0 <__aeabi_ldivmod+0x84>
200002a8:	f000 f840 	bl	2000032c <__udivmoddi4>
200002ac:	f8dd e004 	ldr.w	lr, [sp, #4]
200002b0:	e9dd 2302 	ldrd	r2, r3, [sp, #8]
200002b4:	b004      	add	sp, #16
200002b6:	4240      	negs	r0, r0
200002b8:	eb61 0141 	sbc.w	r1, r1, r1, lsl #1
200002bc:	4252      	negs	r2, r2
200002be:	eb63 0343 	sbc.w	r3, r3, r3, lsl #1
200002c2:	4770      	bx	lr
200002c4:	4252      	negs	r2, r2
200002c6:	eb63 0343 	sbc.w	r3, r3, r3, lsl #1
200002ca:	f000 f82f 	bl	2000032c <__udivmoddi4>
200002ce:	f8dd e004 	ldr.w	lr, [sp, #4]
200002d2:	e9dd 2302 	ldrd	r2, r3, [sp, #8]
200002d6:	b004      	add	sp, #16
200002d8:	4240      	negs	r0, r0
200002da:	eb61 0141 	sbc.w	r1, r1, r1, lsl #1
200002de:	4770      	bx	lr
200002e0:	4252      	negs	r2, r2
200002e2:	eb63 0343 	sbc.w	r3, r3, r3, lsl #1
200002e6:	f000 f821 	bl	2000032c <__udivmoddi4>
200002ea:	f8dd e004 	ldr.w	lr, [sp, #4]
200002ee:	e9dd 2302 	ldrd	r2, r3, [sp, #8]
200002f2:	b004      	add	sp, #16
200002f4:	4252      	negs	r2, r2
200002f6:	eb63 0343 	sbc.w	r3, r3, r3, lsl #1
200002fa:	4770      	bx	lr

200002fc <__aeabi_uldivmod>:
200002fc:	b953      	cbnz	r3, 20000314 <__aeabi_uldivmod+0x18>
200002fe:	b94a      	cbnz	r2, 20000314 <__aeabi_uldivmod+0x18>
20000300:	2900      	cmp	r1, #0
20000302:	bf08      	it	eq
20000304:	2800      	cmpeq	r0, #0
20000306:	bf1c      	itt	ne
20000308:	f04f 31ff 	movne.w	r1, #4294967295	@ 0xffffffff
2000030c:	f04f 30ff 	movne.w	r0, #4294967295	@ 0xffffffff
20000310:	f000 b98c 	b.w	2000062c <__aeabi_idiv0>
20000314:	f1ad 0c08 	sub.w	ip, sp, #8
20000318:	e96d ce04 	strd	ip, lr, [sp, #-16]!
2000031c:	f000 f806 	bl	2000032c <__udivmoddi4>
20000320:	f8dd e004 	ldr.w	lr, [sp, #4]
20000324:	e9dd 2302 	ldrd	r2, r3, [sp, #8]
20000328:	b004      	add	sp, #16
2000032a:	4770      	bx	lr

2000032c <__udivmoddi4>:
2000032c:	e92d 4ff0 	stmdb	sp!, {r4, r5, r6, r7, r8, r9, sl, fp, lr}
20000330:	9d09      	ldr	r5, [sp, #36]	@ 0x24
20000332:	460e      	mov	r6, r1
20000334:	4604      	mov	r4, r0
20000336:	460f      	mov	r7, r1
20000338:	2b00      	cmp	r3, #0
2000033a:	d147      	bne.n	200003cc <__udivmoddi4+0xa0>
2000033c:	428a      	cmp	r2, r1
2000033e:	4694      	mov	ip, r2
20000340:	fab2 f382 	clz	r3, r2
20000344:	d95a      	bls.n	200003fc <__udivmoddi4+0xd0>
20000346:	b143      	cbz	r3, 2000035a <__udivmoddi4+0x2e>
20000348:	fa02 fc03 	lsl.w	ip, r2, r3
2000034c:	f1c3 0220 	rsb	r2, r3, #32
20000350:	409f      	lsls	r7, r3
20000352:	409c      	lsls	r4, r3
20000354:	fa20 f202 	lsr.w	r2, r0, r2
20000358:	4317      	orrs	r7, r2
2000035a:	ea4f 461c 	mov.w	r6, ip, lsr #16
2000035e:	fa1f fe8c 	uxth.w	lr, ip
20000362:	0c22      	lsrs	r2, r4, #16
20000364:	fbb7 f1f6 	udiv	r1, r7, r6
20000368:	fb06 7711 	mls	r7, r6, r1, r7
2000036c:	fb01 f00e 	mul.w	r0, r1, lr
20000370:	ea42 4207 	orr.w	r2, r2, r7, lsl #16
20000374:	4290      	cmp	r0, r2
20000376:	d908      	bls.n	2000038a <__udivmoddi4+0x5e>
20000378:	eb1c 0202 	adds.w	r2, ip, r2
2000037c:	f101 37ff 	add.w	r7, r1, #4294967295	@ 0xffffffff
20000380:	d202      	bcs.n	20000388 <__udivmoddi4+0x5c>
20000382:	4290      	cmp	r0, r2
20000384:	f200 813c 	bhi.w	20000600 <__udivmoddi4+0x2d4>
20000388:	4639      	mov	r1, r7
2000038a:	1a12      	subs	r2, r2, r0
2000038c:	b2a4      	uxth	r4, r4
2000038e:	fbb2 f0f6 	udiv	r0, r2, r6
20000392:	fb06 2210 	mls	r2, r6, r0, r2
20000396:	fb00 fe0e 	mul.w	lr, r0, lr
2000039a:	ea44 4402 	orr.w	r4, r4, r2, lsl #16
2000039e:	45a6      	cmp	lr, r4
200003a0:	d908      	bls.n	200003b4 <__udivmoddi4+0x88>
200003a2:	eb1c 0404 	adds.w	r4, ip, r4
200003a6:	f100 32ff 	add.w	r2, r0, #4294967295	@ 0xffffffff
200003aa:	d202      	bcs.n	200003b2 <__udivmoddi4+0x86>
200003ac:	45a6      	cmp	lr, r4
200003ae:	f200 812a 	bhi.w	20000606 <__udivmoddi4+0x2da>
200003b2:	4610      	mov	r0, r2
200003b4:	ea40 4001 	orr.w	r0, r0, r1, lsl #16
200003b8:	eba4 040e 	sub.w	r4, r4, lr
200003bc:	2100      	movs	r1, #0
200003be:	b11d      	cbz	r5, 200003c8 <__udivmoddi4+0x9c>
200003c0:	40dc      	lsrs	r4, r3
200003c2:	2300      	movs	r3, #0
200003c4:	e9c5 4300 	strd	r4, r3, [r5]
200003c8:	e8bd 8ff0 	ldmia.w	sp!, {r4, r5, r6, r7, r8, r9, sl, fp, pc}
200003cc:	428b      	cmp	r3, r1
200003ce:	d905      	bls.n	200003dc <__udivmoddi4+0xb0>
200003d0:	b10d      	cbz	r5, 200003d6 <__udivmoddi4+0xaa>
200003d2:	e9c5 0100 	strd	r0, r1, [r5]
200003d6:	2100      	movs	r1, #0
200003d8:	4608      	mov	r0, r1
200003da:	e7f5      	b.n	200003c8 <__udivmoddi4+0x9c>
200003dc:	fab3 f183 	clz	r1, r3
200003e0:	2900      	cmp	r1, #0
200003e2:	d14f      	bne.n	20000484 <__udivmoddi4+0x158>
200003e4:	42b3      	cmp	r3, r6
200003e6:	f0c0 8102 	bcc.w	200005ee <__udivmoddi4+0x2c2>
200003ea:	4282      	cmp	r2, r0
200003ec:	f240 80ff 	bls.w	200005ee <__udivmoddi4+0x2c2>
200003f0:	4608      	mov	r0, r1
200003f2:	2d00      	cmp	r5, #0
200003f4:	d0e8      	beq.n	200003c8 <__udivmoddi4+0x9c>
200003f6:	e9c5 4700 	strd	r4, r7, [r5]
200003fa:	e7e5      	b.n	200003c8 <__udivmoddi4+0x9c>
200003fc:	2b00      	cmp	r3, #0
200003fe:	f040 80af 	bne.w	20000560 <__udivmoddi4+0x234>
20000402:	1a8a      	subs	r2, r1, r2
20000404:	ea4f 4e1c 	mov.w	lr, ip, lsr #16
20000408:	fa1f f78c 	uxth.w	r7, ip
2000040c:	2101      	movs	r1, #1
2000040e:	fbb2 f6fe 	udiv	r6, r2, lr
20000412:	fb0e 2016 	mls	r0, lr, r6, r2
20000416:	0c22      	lsrs	r2, r4, #16
20000418:	ea42 4200 	orr.w	r2, r2, r0, lsl #16
2000041c:	fb07 f006 	mul.w	r0, r7, r6
20000420:	4290      	cmp	r0, r2
20000422:	d90f      	bls.n	20000444 <__udivmoddi4+0x118>
20000424:	eb1c 0202 	adds.w	r2, ip, r2
20000428:	f106 38ff 	add.w	r8, r6, #4294967295	@ 0xffffffff
2000042c:	bf2c      	ite	cs
2000042e:	f04f 0901 	movcs.w	r9, #1
20000432:	f04f 0900 	movcc.w	r9, #0
20000436:	4290      	cmp	r0, r2
20000438:	d903      	bls.n	20000442 <__udivmoddi4+0x116>
2000043a:	f1b9 0f00 	cmp.w	r9, #0
2000043e:	f000 80dc 	beq.w	200005fa <__udivmoddi4+0x2ce>
20000442:	4646      	mov	r6, r8
20000444:	1a12      	subs	r2, r2, r0
20000446:	b2a4      	uxth	r4, r4
20000448:	fbb2 f0fe 	udiv	r0, r2, lr
2000044c:	fb0e 2210 	mls	r2, lr, r0, r2
20000450:	fb00 f707 	mul.w	r7, r0, r7
20000454:	ea44 4402 	orr.w	r4, r4, r2, lsl #16
20000458:	42a7      	cmp	r7, r4
2000045a:	d90f      	bls.n	2000047c <__udivmoddi4+0x150>
2000045c:	eb1c 0404 	adds.w	r4, ip, r4
20000460:	f100 32ff 	add.w	r2, r0, #4294967295	@ 0xffffffff
20000464:	bf2c      	ite	cs
20000466:	f04f 0e01 	movcs.w	lr, #1
2000046a:	f04f 0e00 	movcc.w	lr, #0
2000046e:	42a7      	cmp	r7, r4
20000470:	d903      	bls.n	2000047a <__udivmoddi4+0x14e>
20000472:	f1be 0f00 	cmp.w	lr, #0
20000476:	f000 80c9 	beq.w	2000060c <__udivmoddi4+0x2e0>
2000047a:	4610      	mov	r0, r2
2000047c:	1be4      	subs	r4, r4, r7
2000047e:	ea40 4006 	orr.w	r0, r0, r6, lsl #16
20000482:	e79c      	b.n	200003be <__udivmoddi4+0x92>
20000484:	f1c1 0420 	rsb	r4, r1, #32
20000488:	408b      	lsls	r3, r1
2000048a:	fa06 fc01 	lsl.w	ip, r6, r1
2000048e:	fa00 fe01 	lsl.w	lr, r0, r1
20000492:	fa22 f704 	lsr.w	r7, r2, r4
20000496:	40e6      	lsrs	r6, r4
20000498:	408a      	lsls	r2, r1
2000049a:	431f      	orrs	r7, r3
2000049c:	fa20 f304 	lsr.w	r3, r0, r4
200004a0:	ea4f 4817 	mov.w	r8, r7, lsr #16
200004a4:	ea43 030c 	orr.w	r3, r3, ip
200004a8:	fa1f fc87 	uxth.w	ip, r7
200004ac:	ea4f 4913 	mov.w	r9, r3, lsr #16
200004b0:	fbb6 f0f8 	udiv	r0, r6, r8
200004b4:	fb08 6610 	mls	r6, r8, r0, r6
200004b8:	ea49 4606 	orr.w	r6, r9, r6, lsl #16
200004bc:	fb00 f90c 	mul.w	r9, r0, ip
200004c0:	45b1      	cmp	r9, r6
200004c2:	d90e      	bls.n	200004e2 <__udivmoddi4+0x1b6>
200004c4:	19be      	adds	r6, r7, r6
200004c6:	f100 3aff 	add.w	sl, r0, #4294967295	@ 0xffffffff
200004ca:	bf2c      	ite	cs
200004cc:	f04f 0b01 	movcs.w	fp, #1
200004d0:	f04f 0b00 	movcc.w	fp, #0
200004d4:	45b1      	cmp	r9, r6
200004d6:	d903      	bls.n	200004e0 <__udivmoddi4+0x1b4>
200004d8:	f1bb 0f00 	cmp.w	fp, #0
200004dc:	f000 80a2 	beq.w	20000624 <__udivmoddi4+0x2f8>
200004e0:	4650      	mov	r0, sl
200004e2:	eba6 0609 	sub.w	r6, r6, r9
200004e6:	fa1f f983 	uxth.w	r9, r3
200004ea:	fbb6 f3f8 	udiv	r3, r6, r8
200004ee:	fb08 6613 	mls	r6, r8, r3, r6
200004f2:	fb03 fc0c 	mul.w	ip, r3, ip
200004f6:	ea49 4606 	orr.w	r6, r9, r6, lsl #16
200004fa:	45b4      	cmp	ip, r6
200004fc:	d90e      	bls.n	2000051c <__udivmoddi4+0x1f0>
200004fe:	19be      	adds	r6, r7, r6
20000500:	f103 38ff 	add.w	r8, r3, #4294967295	@ 0xffffffff
20000504:	bf2c      	ite	cs
20000506:	f04f 0901 	movcs.w	r9, #1
2000050a:	f04f 0900 	movcc.w	r9, #0
2000050e:	45b4      	cmp	ip, r6
20000510:	d903      	bls.n	2000051a <__udivmoddi4+0x1ee>
20000512:	f1b9 0f00 	cmp.w	r9, #0
20000516:	f000 8082 	beq.w	2000061e <__udivmoddi4+0x2f2>
2000051a:	4643      	mov	r3, r8
2000051c:	ea43 4000 	orr.w	r0, r3, r0, lsl #16
20000520:	eba6 060c 	sub.w	r6, r6, ip
20000524:	fba0 8c02 	umull	r8, ip, r0, r2
20000528:	4566      	cmp	r6, ip
2000052a:	4643      	mov	r3, r8
2000052c:	46e1      	mov	r9, ip
2000052e:	d302      	bcc.n	20000536 <__udivmoddi4+0x20a>
20000530:	d107      	bne.n	20000542 <__udivmoddi4+0x216>
20000532:	45c6      	cmp	lr, r8
20000534:	d205      	bcs.n	20000542 <__udivmoddi4+0x216>
20000536:	ebb8 0302 	subs.w	r3, r8, r2
2000053a:	eb6c 0c07 	sbc.w	ip, ip, r7
2000053e:	3801      	subs	r0, #1
20000540:	46e1      	mov	r9, ip
20000542:	b15d      	cbz	r5, 2000055c <__udivmoddi4+0x230>
20000544:	ebbe 0203 	subs.w	r2, lr, r3
20000548:	eb66 0609 	sbc.w	r6, r6, r9
2000054c:	fa06 f404 	lsl.w	r4, r6, r4
20000550:	fa22 f301 	lsr.w	r3, r2, r1
20000554:	40ce      	lsrs	r6, r1
20000556:	431c      	orrs	r4, r3
20000558:	e9c5 4600 	strd	r4, r6, [r5]
2000055c:	2100      	movs	r1, #0
2000055e:	e733      	b.n	200003c8 <__udivmoddi4+0x9c>
20000560:	fa02 fc03 	lsl.w	ip, r2, r3
20000564:	f1c3 0220 	rsb	r2, r3, #32
20000568:	4099      	lsls	r1, r3
2000056a:	409c      	lsls	r4, r3
2000056c:	40d6      	lsrs	r6, r2
2000056e:	ea4f 4e1c 	mov.w	lr, ip, lsr #16
20000572:	fa20 f202 	lsr.w	r2, r0, r2
20000576:	fa1f f78c 	uxth.w	r7, ip
2000057a:	fbb6 f0fe 	udiv	r0, r6, lr
2000057e:	430a      	orrs	r2, r1
20000580:	fb0e 6610 	mls	r6, lr, r0, r6
20000584:	0c11      	lsrs	r1, r2, #16
20000586:	ea41 4106 	orr.w	r1, r1, r6, lsl #16
2000058a:	fb00 f607 	mul.w	r6, r0, r7
2000058e:	428e      	cmp	r6, r1
20000590:	d90e      	bls.n	200005b0 <__udivmoddi4+0x284>
20000592:	eb1c 0101 	adds.w	r1, ip, r1
20000596:	f100 38ff 	add.w	r8, r0, #4294967295	@ 0xffffffff
2000059a:	bf2c      	ite	cs
2000059c:	f04f 0901 	movcs.w	r9, #1
200005a0:	f04f 0900 	movcc.w	r9, #0
200005a4:	428e      	cmp	r6, r1
200005a6:	d902      	bls.n	200005ae <__udivmoddi4+0x282>
200005a8:	f1b9 0f00 	cmp.w	r9, #0
200005ac:	d034      	beq.n	20000618 <__udivmoddi4+0x2ec>
200005ae:	4640      	mov	r0, r8
200005b0:	1b89      	subs	r1, r1, r6
200005b2:	b292      	uxth	r2, r2
200005b4:	fbb1 f6fe 	udiv	r6, r1, lr
200005b8:	fb0e 1116 	mls	r1, lr, r6, r1
200005bc:	ea42 4201 	orr.w	r2, r2, r1, lsl #16
200005c0:	fb06 f107 	mul.w	r1, r6, r7
200005c4:	4291      	cmp	r1, r2
200005c6:	d90e      	bls.n	200005e6 <__udivmoddi4+0x2ba>
200005c8:	eb1c 0202 	adds.w	r2, ip, r2
200005cc:	f106 38ff 	add.w	r8, r6, #4294967295	@ 0xffffffff
200005d0:	bf2c      	ite	cs
200005d2:	f04f 0901 	movcs.w	r9, #1
200005d6:	f04f 0900 	movcc.w	r9, #0
200005da:	4291      	cmp	r1, r2
200005dc:	d902      	bls.n	200005e4 <__udivmoddi4+0x2b8>
200005de:	f1b9 0f00 	cmp.w	r9, #0
200005e2:	d016      	beq.n	20000612 <__udivmoddi4+0x2e6>
200005e4:	4646      	mov	r6, r8
200005e6:	1a52      	subs	r2, r2, r1
200005e8:	ea46 4100 	orr.w	r1, r6, r0, lsl #16
200005ec:	e70f      	b.n	2000040e <__udivmoddi4+0xe2>
200005ee:	1a84      	subs	r4, r0, r2
200005f0:	eb66 0203 	sbc.w	r2, r6, r3
200005f4:	2001      	movs	r0, #1
200005f6:	4617      	mov	r7, r2
200005f8:	e6fb      	b.n	200003f2 <__udivmoddi4+0xc6>
200005fa:	3e02      	subs	r6, #2
200005fc:	4462      	add	r2, ip
200005fe:	e721      	b.n	20000444 <__udivmoddi4+0x118>
20000600:	3902      	subs	r1, #2
20000602:	4462      	add	r2, ip
20000604:	e6c1      	b.n	2000038a <__udivmoddi4+0x5e>
20000606:	4464      	add	r4, ip
20000608:	3802      	subs	r0, #2
2000060a:	e6d3      	b.n	200003b4 <__udivmoddi4+0x88>
2000060c:	4464      	add	r4, ip
2000060e:	3802      	subs	r0, #2
20000610:	e734      	b.n	2000047c <__udivmoddi4+0x150>
20000612:	3e02      	subs	r6, #2
20000614:	4462      	add	r2, ip
20000616:	e7e6      	b.n	200005e6 <__udivmoddi4+0x2ba>
20000618:	3802      	subs	r0, #2
2000061a:	4461      	add	r1, ip
2000061c:	e7c8      	b.n	200005b0 <__udivmoddi4+0x284>
2000061e:	3b02      	subs	r3, #2
20000620:	443e      	add	r6, r7
20000622:	e77b      	b.n	2000051c <__udivmoddi4+0x1f0>
20000624:	3802      	subs	r0, #2
20000626:	443e      	add	r6, r7
20000628:	e75b      	b.n	200004e2 <__udivmoddi4+0x1b6>
2000062a:	bf00      	nop

2000062c <__aeabi_idiv0>:
2000062c:	4770      	bx	lr
2000062e:	bf00      	nop

20000630 <__best_effort_wfe_or_timeout_veneer>:
20000630:	f85f f000 	ldr.w	pc, [pc]	@ 20000634 <__best_effort_wfe_or_timeout_veneer+0x4>
20000634:	100010fd 	.word	0x100010fd

20000638 <led_habilitado>:
20000638:	00000001                                ....

2000063c <periodo_led_ms>:
2000063c:	000001f4                                ....

20000640 <striped_spin_lock_num>:
20000640:	00000010                                ....

20000644 <default_alarm_pool>:
	...
20000658:	20000d10                                ... 

2000065c <__malloc_sbrk_base>:
2000065c:	ffffffff                                ....

20000660 <__malloc_trim_threshold>:
20000660:	00020000 00000000                       ........

20000668 <__malloc_av_>:
	...
20000670:	20000668 20000668 20000670 20000670     h.. h.. p.. p.. 
20000680:	20000678 20000678 20000680 20000680     x.. x.. ... ... 
20000690:	20000688 20000688 20000690 20000690     ... ... ... ... 
200006a0:	20000698 20000698 200006a0 200006a0     ... ... ... ... 
200006b0:	200006a8 200006a8 200006b0 200006b0     ... ... ... ... 
200006c0:	200006b8 200006b8 200006c0 200006c0     ... ... ... ... 
200006d0:	200006c8 200006c8 200006d0 200006d0     ... ... ... ... 
200006e0:	200006d8 200006d8 200006e0 200006e0     ... ... ... ... 
200006f0:	200006e8 200006e8 200006f0 200006f0     ... ... ... ... 
20000700:	200006f8 200006f8 20000700 20000700     ... ... ... ... 
20000710:	20000708 20000708 20000710 20000710     ... ... ... ... 
20000720:	20000718 20000718 20000720 20000720     ... ...  ..  .. 
20000730:	20000728 20000728 20000730 20000730     (.. (.. 0.. 0.. 
20000740:	20000738 20000738 20000740 20000740     8.. 8.. @.. @.. 
20000750:	20000748 20000748 20000750 20000750     H.. H.. P.. P.. 
20000760:	20000758 20000758 20000760 20000760     X.. X.. `.. `.. 
20000770:	20000768 20000768 20000770 20000770     h.. h.. p.. p.. 
20000780:	20000778 20000778 20000780 20000780     x.. x.. ... ... 
20000790:	20000788 20000788 20000790 20000790     ... ... ... ... 
200007a0:	20000798 20000798 200007a0 200007a0     ... ... ... ... 
200007b0:	200007a8 200007a8 200007b0 200007b0     ... ... ... ... 
200007c0:	200007b8 200007b8 200007c0 200007c0     ... ... ... ... 
200007d0:	200007c8 200007c8 200007d0 200007d0     ... ... ... ... 
200007e0:	200007d8 200007d8 200007e0 200007e0     ... ... ... ... 
200007f0:	200007e8 200007e8 200007f0 200007f0     ... ... ... ... 
20000800:	200007f8 200007f8 20000800 20000800     ... ... ... ... 
20000810:	20000808 20000808 20000810 20000810     ... ... ... ... 
20000820:	20000818 20000818 20000820 20000820     ... ...  ..  .. 
20000830:	20000828 20000828 20000830 20000830     (.. (.. 0.. 0.. 
20000840:	20000838 20000838 20000840 20000840     8.. 8.. @.. @.. 
20000850:	20000848 20000848 20000850 20000850     H.. H.. P.. P.. 
20000860:	20000858 20000858 20000860 20000860     X.. X.. `.. `.. 
20000870:	20000868 20000868 20000870 20000870     h.. h.. p.. p.. 
20000880:	20000878 20000878 20000880 20000880     x.. x.. ... ... 
20000890:	20000888 20000888 20000890 20000890     ... ... ... ... 
200008a0:	20000898 20000898 200008a0 200008a0     ... ... ... ... 
200008b0:	200008a8 200008a8 200008b0 200008b0     ... ... ... ... 
200008c0:	200008b8 200008b8 200008c0 200008c0     ... ... ... ... 
200008d0:	200008c8 200008c8 200008d0 200008d0     ... ... ... ... 
200008e0:	200008d8 200008d8 200008e0 200008e0     ... ... ... ... 
200008f0:	200008e8 200008e8 200008f0 200008f0     ... ... ... ... 
20000900:	200008f8 200008f8 20000900 20000900     ... ... ... ... 
20000910:	20000908 20000908 20000910 20000910     ... ... ... ... 
20000920:	20000918 20000918 20000920 20000920     ... ...  ..  .. 
20000930:	20000928 20000928 20000930 20000930     (.. (.. 0.. 0.. 
20000940:	20000938 20000938 20000940 20000940     8.. 8.. @.. @.. 
20000950:	20000948 20000948 20000950 20000950     H.. H.. P.. P.. 
20000960:	20000958 20000958 20000960 20000960     X.. X.. `.. `.. 
20000970:	20000968 20000968 20000970 20000970     h.. h.. p.. p.. 
20000980:	20000978 20000978 20000980 20000980     x.. x.. ... ... 
20000990:	20000988 20000988 20000990 20000990     ... ... ... ... 
200009a0:	20000998 20000998 200009a0 200009a0     ... ... ... ... 
200009b0:	200009a8 200009a8 200009b0 200009b0     ... ... ... ... 
200009c0:	200009b8 200009b8 200009c0 200009c0     ... ... ... ... 
200009d0:	200009c8 200009c8 200009d0 200009d0     ... ... ... ... 
200009e0:	200009d8 200009d8 200009e0 200009e0     ... ... ... ... 
200009f0:	200009e8 200009e8 200009f0 200009f0     ... ... ... ... 
20000a00:	200009f8 200009f8 20000a00 20000a00     ... ... ... ... 
20000a10:	20000a08 20000a08 20000a10 20000a10     ... ... ... ... 
20000a20:	20000a18 20000a18 20000a20 20000a20     ... ...  ..  .. 
20000a30:	20000a28 20000a28 20000a30 20000a30     (.. (.. 0.. 0.. 
20000a40:	20000a38 20000a38 20000a40 20000a40     8.. 8.. @.. @.. 
20000a50:	20000a48 20000a48 20000a50 20000a50     H.. H.. P.. P.. 
20000a60:	20000a58 20000a58 20000a60 20000a60     X.. X.. `.. `.. 

20000a70 <_impure_ptr>:
20000a70:	20000a78 00000000                       x.. ....

20000a78 <_impure_data>:
20000a78:	00000000 20000ec8 20000f30 20000f98     ....... 0.. ... 
	...
20000b10:	00000001 00000000 abcd330e e66d1234     .........3..4.m.
20000b20:	0005deec 0000000b 00000000 00000000     ................
	...

20000b98 <__global_locale>:
20000b98:	00000043 00000000 00000000 00000000     C...............
	...
20000bb8:	00000043 00000000 00000000 00000000     C...............
	...
20000bd8:	00000043 00000000 00000000 00000000     C...............
	...
20000bf8:	00000043 00000000 00000000 00000000     C...............
	...
20000c18:	00000043 00000000 00000000 00000000     C...............
	...
20000c38:	00000043 00000000 00000000 00000000     C...............
	...
20000c58:	00000043 00000000 00000000 00000000     C...............
	...
20000c78:	10009075 100085e9 00000000 10009558     u...........X...
20000c88:	100092dc 10009148 10009148 10009148     ....H...H...H...
20000c98:	10009148 10009148 10009148 10009148     H...H...H...H...
20000ca8:	10009148 10009148 ffffffff ffffffff     H...H...........
20000cb8:	ffffffff 0000ffff 53410001 00494943     ..........ASCII.
	...
20000ce0:	53410000 00494943 00000000 00000000     ..ASCII.........
	...

20000d04 <print_mutex>:
	...
