
/Users/anarojas/Desktop/Sistemas Embebidos 2026/SE1_P5_Eq3_2/build/SE1_P5_Eq3_2.elf:     file format elf32-littlearm

Sections:
Idx Name          Size      VMA       LMA       File off  Algn
  0 .text         00001cc0  10000000  10000000  00001000  2**3
                  CONTENTS, ALLOC, LOAD, READONLY, CODE
  1 .rodata       000000ec  10001cc0  10001cc0  00002cc0  2**2
                  CONTENTS, ALLOC, LOAD, READONLY, DATA
  2 .ARM.exidx    00000008  10001dac  10001dac  00002dac  2**2
                  CONTENTS, ALLOC, LOAD, READONLY, DATA
  3 .binary_info  00000020  10001db4  10001db4  00002db4  2**2
                  CONTENTS, ALLOC, LOAD, READONLY, DATA
  4 .psram_load   00000000  11000000  11000000  00003fac  2**0
                  CONTENTS
  5 .psram_noload 00000000  11000000  11000000  00003fac  2**0
                  CONTENTS
  6 .xip_ram      00000000  13ffc000  13ffc000  00003fac  2**0
                  CONTENTS
  7 .ram_vector_table 00000110  20000000  20000000  00004000  2**2
                  ALLOC
  8 .uninitialized_data 00000000  20000110  20000110  00003fac  2**0
                  CONTENTS
  9 .data         000001c4  20000110  10001dd4  00003110  2**3
                  CONTENTS, ALLOC, LOAD, READONLY, CODE
 10 .tdata        00000000  200002d4  200002d4  00003fac  2**0
                  CONTENTS, ALLOC, LOAD, DATA, THREAD_LOCAL
 11 .tbss         00000000  200002d4  200002d4  00000000  2**0
                  ALLOC, THREAD_LOCAL
 12 .tbss_space   00000000  200002d4  200002d4  00003fac  2**0
                  CONTENTS
 13 .bss          0000020c  200002d8  10001f98  000042d8  2**3
                  ALLOC
 14 .tls0         00000000  200004e4  200004e4  00003fac  2**0
                  CONTENTS
 15 .tls1         00000000  200004e4  200004e4  00003fac  2**0
                  CONTENTS
 16 .persistent_data 00000000  200004e4  200004e4  00003fac  2**0
                  CONTENTS
 17 .dummy_pre_heap 00000000  200004e4  200004e4  00003fac  2**0
                  CONTENTS
 18 .heap         00000800  200004e4  200004e4  00004000  2**2
                  ALLOC, READONLY
 19 .scratch_x    00000000  20080000  20080000  00003fac  2**0
                  CONTENTS
 20 .scratch_y    00000000  20081000  20081000  00003fac  2**0
                  CONTENTS
 21 .stack_dummy  00000800  20081000  20081000  00004000  2**5
                  ALLOC, READONLY
 22 .flash_end    00000014  10001f98  10001f98  00003f98  2**2
                  CONTENTS, ALLOC, LOAD, READONLY, DATA
 23 .debug_info   0001e356  00000000  00000000  00003fac  2**0
                  CONTENTS, READONLY, DEBUGGING, OCTETS
 24 .debug_abbrev 000050b1  00000000  00000000  00022302  2**0
                  CONTENTS, READONLY, DEBUGGING, OCTETS
 25 .debug_loclists 0000edda  00000000  00000000  000273b3  2**0
                  CONTENTS, READONLY, DEBUGGING, OCTETS
 26 .debug_aranges 00000a68  00000000  00000000  00036190  2**3
                  CONTENTS, READONLY, DEBUGGING, OCTETS
 27 .debug_rnglists 00002b6b  00000000  00000000  00036bf8  2**0
                  CONTENTS, READONLY, DEBUGGING, OCTETS
 28 .debug_line   00013f5e  00000000  00000000  00039763  2**0
                  CONTENTS, READONLY, DEBUGGING, OCTETS
 29 .debug_str    000055d4  00000000  00000000  0004d6c1  2**0
                  CONTENTS, READONLY, DEBUGGING, OCTETS
 30 .comment      00000044  00000000  00000000  00052c95  2**0
                  CONTENTS, READONLY
 31 .ARM.attributes 00000036  00000000  00000000  00052cd9  2**0
                  CONTENTS, READONLY
 32 .debug_frame  00001d30  00000000  00000000  00052d10  2**2
                  CONTENTS, READONLY, DEBUGGING, OCTETS
 33 .debug_line_str 00000179  00000000  00000000  00054a40  2**0
                  CONTENTS, READONLY, DEBUGGING, OCTETS

/Users/anarojas/Desktop/Sistemas Embebidos 2026/SE1_P5_Eq3_2/build/SE1_P5_Eq3_2.elf:     file format elf32-littlearm


Disassembly of section .text:

10000000 <__VECTOR_TABLE>:
10000000:	20082000 	.word	0x20082000
10000004:	1000015b 	.word	0x1000015b
10000008:	1000011b 	.word	0x1000011b
1000000c:	1000011d 	.word	0x1000011d
10000010:	10000111 	.word	0x10000111
10000014:	10000111 	.word	0x10000111
10000018:	10000111 	.word	0x10000111
1000001c:	10000111 	.word	0x10000111
10000020:	10000119 	.word	0x10000119
10000024:	10000119 	.word	0x10000119
10000028:	10000119 	.word	0x10000119
1000002c:	1000011f 	.word	0x1000011f
10000030:	10000111 	.word	0x10000111
10000034:	10000119 	.word	0x10000119
10000038:	10000121 	.word	0x10000121
1000003c:	10000123 	.word	0x10000123
10000040:	10000111 	.word	0x10000111
10000044:	10000111 	.word	0x10000111
10000048:	10000111 	.word	0x10000111
1000004c:	10000111 	.word	0x10000111
10000050:	10000111 	.word	0x10000111
10000054:	10000111 	.word	0x10000111
10000058:	10000111 	.word	0x10000111
1000005c:	10000111 	.word	0x10000111
10000060:	10000111 	.word	0x10000111
10000064:	10000111 	.word	0x10000111
10000068:	10000111 	.word	0x10000111
1000006c:	10000111 	.word	0x10000111
10000070:	10000111 	.word	0x10000111
10000074:	10000111 	.word	0x10000111
10000078:	10000111 	.word	0x10000111
1000007c:	10000111 	.word	0x10000111
10000080:	10000111 	.word	0x10000111
10000084:	10000111 	.word	0x10000111
10000088:	10000111 	.word	0x10000111
1000008c:	10000111 	.word	0x10000111
10000090:	10000111 	.word	0x10000111
10000094:	10000111 	.word	0x10000111
10000098:	10000111 	.word	0x10000111
1000009c:	10000111 	.word	0x10000111
100000a0:	10000111 	.word	0x10000111
100000a4:	10000111 	.word	0x10000111
100000a8:	10000111 	.word	0x10000111
100000ac:	10000111 	.word	0x10000111
100000b0:	10000111 	.word	0x10000111
100000b4:	10000111 	.word	0x10000111
100000b8:	10000111 	.word	0x10000111
100000bc:	10000111 	.word	0x10000111
100000c0:	10000111 	.word	0x10000111
100000c4:	10000111 	.word	0x10000111
100000c8:	10000111 	.word	0x10000111
100000cc:	10000111 	.word	0x10000111
100000d0:	10000111 	.word	0x10000111
100000d4:	10000111 	.word	0x10000111
100000d8:	10000111 	.word	0x10000111
100000dc:	10000111 	.word	0x10000111
100000e0:	10000111 	.word	0x10000111
100000e4:	10000111 	.word	0x10000111
100000e8:	10000111 	.word	0x10000111
100000ec:	10000111 	.word	0x10000111
100000f0:	10000111 	.word	0x10000111
100000f4:	10000111 	.word	0x10000111
100000f8:	10000111 	.word	0x10000111
100000fc:	10000111 	.word	0x10000111
10000100:	10000111 	.word	0x10000111
10000104:	10000111 	.word	0x10000111
10000108:	10000111 	.word	0x10000111
1000010c:	10000111 	.word	0x10000111

10000110 <__unhandled_user_irq>:
10000110:	f3ef 8005 	mrs	r0, IPSR
10000114:	3810      	subs	r0, #16

10000116 <unhandled_user_irq_num_in_r0>:
10000116:	be00      	bkpt	0x0000

10000118 <isr_invalid>:
10000118:	be00      	bkpt	0x0000

1000011a <isr_nmi>:
1000011a:	be00      	bkpt	0x0000

1000011c <isr_hardfault>:
1000011c:	be00      	bkpt	0x0000

1000011e <isr_svcall>:
1000011e:	be00      	bkpt	0x0000

10000120 <isr_pendsv>:
10000120:	be00      	bkpt	0x0000

10000122 <isr_systick>:
10000122:	be00      	bkpt	0x0000

10000124 <__default_isrs_end>:
10000124:	7188ebf2 	.word	0x7188ebf2
10000128:	10001db4 	.word	0x10001db4
1000012c:	10001dd4 	.word	0x10001dd4
10000130:	1000019c 	.word	0x1000019c
10000134:	e71aa390 	.word	0xe71aa390

10000138 <__binary_info_header_end>:
10000138:	ffffded3 	.word	0xffffded3
1000013c:	10210142 	.word	0x10210142
10000140:	000001ff 	.word	0x000001ff
10000144:	00001e60 	.word	0x00001e60
10000148:	ab123579 	.word	0xab123579

1000014c <_entry_point>:
1000014c:	2000      	movs	r0, #0

1000014e <_enter_vtable_in_r0>:
1000014e:	491e      	ldr	r1, [pc, #120]	@ (100001c8 <data_cpy_table+0x2c>)
10000150:	6008      	str	r0, [r1, #0]
10000152:	c806      	ldmia	r0!, {r1, r2}
10000154:	f381 8808 	msr	MSP, r1
10000158:	4710      	bx	r2

1000015a <_reset_handler>:
1000015a:	f04f 4050 	mov.w	r0, #3489660928	@ 0xd0000000
1000015e:	6800      	ldr	r0, [r0, #0]
10000160:	b108      	cbz	r0, 10000166 <hold_non_core0_in_bootrom+0x4>

10000162 <hold_non_core0_in_bootrom>:
10000162:	2000      	movs	r0, #0
10000164:	e7f3      	b.n	1000014e <_enter_vtable_in_r0>
10000166:	a40d      	add	r4, pc, #52	@ (adr r4, 1000019c <data_cpy_table>)
10000168:	cc0e      	ldmia	r4!, {r1, r2, r3}
1000016a:	2900      	cmp	r1, #0
1000016c:	d002      	beq.n	10000174 <hold_non_core0_in_bootrom+0x12>
1000016e:	f000 f812 	bl	10000196 <data_cpy>
10000172:	e7f9      	b.n	10000168 <hold_non_core0_in_bootrom+0x6>
10000174:	4915      	ldr	r1, [pc, #84]	@ (100001cc <data_cpy_table+0x30>)
10000176:	4a16      	ldr	r2, [pc, #88]	@ (100001d0 <data_cpy_table+0x34>)
10000178:	2000      	movs	r0, #0
1000017a:	e000      	b.n	1000017e <bss_fill_test>

1000017c <bss_fill_loop>:
1000017c:	c101      	stmia	r1!, {r0}

1000017e <bss_fill_test>:
1000017e:	4291      	cmp	r1, r2
10000180:	d1fc      	bne.n	1000017c <bss_fill_loop>

10000182 <platform_entry>:
10000182:	4914      	ldr	r1, [pc, #80]	@ (100001d4 <data_cpy_table+0x38>)
10000184:	4788      	blx	r1
10000186:	4914      	ldr	r1, [pc, #80]	@ (100001d8 <data_cpy_table+0x3c>)
10000188:	4788      	blx	r1
1000018a:	4914      	ldr	r1, [pc, #80]	@ (100001dc <data_cpy_table+0x40>)
1000018c:	4788      	blx	r1
1000018e:	be00      	bkpt	0x0000
10000190:	e7fd      	b.n	1000018e <platform_entry+0xc>

10000192 <data_cpy_loop>:
10000192:	c901      	ldmia	r1!, {r0}
10000194:	c201      	stmia	r2!, {r0}

10000196 <data_cpy>:
10000196:	429a      	cmp	r2, r3
10000198:	d3fb      	bcc.n	10000192 <data_cpy_loop>

1000019a <data_cpy_done>:
1000019a:	4770      	bx	lr

1000019c <data_cpy_table>:
1000019c:	10001dd4 	.word	0x10001dd4
100001a0:	20000110 	.word	0x20000110
100001a4:	200002d4 	.word	0x200002d4
100001a8:	10001f98 	.word	0x10001f98
100001ac:	20080000 	.word	0x20080000
100001b0:	20080000 	.word	0x20080000
100001b4:	10001f98 	.word	0x10001f98
100001b8:	20081000 	.word	0x20081000
100001bc:	20081000 	.word	0x20081000
100001c0:	00000000 	.word	0x00000000
100001c4:	4770      	bx	lr
100001c6:	0000      	.short	0x0000
100001c8:	e000ed08 	.word	0xe000ed08
100001cc:	200002d4 	.word	0x200002d4
100001d0:	200004e4 	.word	0x200004e4
100001d4:	1000189d 	.word	0x1000189d
100001d8:	100002c9 	.word	0x100002c9
100001dc:	10001895 	.word	0x10001895

100001e0 <led_off>:
100001e0:	230f      	movs	r3, #15
100001e2:	f04f 0200 	mov.w	r2, #0
100001e6:	ec42 3040 	gpioc_bit_out_put r3, r2
100001ea:	2000      	movs	r0, #0
100001ec:	2100      	movs	r1, #0
100001ee:	4770      	bx	lr

100001f0 <debounce>:
100001f0:	f04f 4350 	mov.w	r3, #3489660928	@ 0xd0000000
100001f4:	b530      	push	{r4, r5, lr}
100001f6:	685b      	ldr	r3, [r3, #4]
100001f8:	b085      	sub	sp, #20
100001fa:	03db      	lsls	r3, r3, #15
100001fc:	d508      	bpl.n	10000210 <debounce+0x20>
100001fe:	2201      	movs	r2, #1
10000200:	2104      	movs	r1, #4
10000202:	2010      	movs	r0, #16
10000204:	f000 f976 	bl	100004f4 <gpio_set_irq_enabled>
10000208:	2000      	movs	r0, #0
1000020a:	2100      	movs	r1, #0
1000020c:	b005      	add	sp, #20
1000020e:	bd30      	pop	{r4, r5, pc}
10000210:	230f      	movs	r3, #15
10000212:	f04f 0201 	mov.w	r2, #1
10000216:	ec42 3040 	gpioc_bit_out_put r3, r2
1000021a:	f000 ff6b 	bl	100010f4 <alarm_pool_get_default>
1000021e:	4604      	mov	r4, r0
10000220:	f001 f8fe 	bl	10001420 <time_us_64>
10000224:	f04f 3eff 	mov.w	lr, #4294967295	@ 0xffffffff
10000228:	f06f 4c00 	mvn.w	ip, #2147483648	@ 0x80000000
1000022c:	4a0a      	ldr	r2, [pc, #40]	@ (10000258 <debounce+0x68>)
1000022e:	2501      	movs	r5, #1
10000230:	1882      	adds	r2, r0, r2
10000232:	f141 0300 	adc.w	r3, r1, #0
10000236:	4596      	cmp	lr, r2
10000238:	eb7c 0103 	sbcs.w	r1, ip, r3
1000023c:	f04f 0100 	mov.w	r1, #0
10000240:	4620      	mov	r0, r4
10000242:	4c06      	ldr	r4, [pc, #24]	@ (1000025c <debounce+0x6c>)
10000244:	bf3c      	itt	cc
10000246:	4672      	movcc	r2, lr
10000248:	4663      	movcc	r3, ip
1000024a:	e9cd 1501 	strd	r1, r5, [sp, #4]
1000024e:	9400      	str	r4, [sp, #0]
10000250:	f000 ff54 	bl	100010fc <alarm_pool_add_alarm_at>
10000254:	e7d3      	b.n	100001fe <debounce+0xe>
10000256:	bf00      	nop
10000258:	000186a0 	.word	0x000186a0
1000025c:	100001e1 	.word	0x100001e1

10000260 <boton_isr>:
10000260:	b530      	push	{r4, r5, lr}
10000262:	230e      	movs	r3, #14
10000264:	b085      	sub	sp, #20
10000266:	f04f 0201 	mov.w	r2, #1
1000026a:	ec42 3040 	gpioc_bit_out_put r3, r2
1000026e:	2200      	movs	r2, #0
10000270:	2104      	movs	r1, #4
10000272:	2010      	movs	r0, #16
10000274:	f000 f93e 	bl	100004f4 <gpio_set_irq_enabled>
10000278:	f000 ff3c 	bl	100010f4 <alarm_pool_get_default>
1000027c:	4605      	mov	r5, r0
1000027e:	f001 f8cf 	bl	10001420 <time_us_64>
10000282:	f644 6320 	movw	r3, #20000	@ 0x4e20
10000286:	f04f 3cff 	mov.w	ip, #4294967295	@ 0xffffffff
1000028a:	f06f 4400 	mvn.w	r4, #2147483648	@ 0x80000000
1000028e:	18c2      	adds	r2, r0, r3
10000290:	f141 0300 	adc.w	r3, r1, #0
10000294:	4594      	cmp	ip, r2
10000296:	eb74 0103 	sbcs.w	r1, r4, r3
1000029a:	bf38      	it	cc
1000029c:	4623      	movcc	r3, r4
1000029e:	f04f 0101 	mov.w	r1, #1
100002a2:	f04f 0400 	mov.w	r4, #0
100002a6:	4628      	mov	r0, r5
100002a8:	4d06      	ldr	r5, [pc, #24]	@ (100002c4 <boton_isr+0x64>)
100002aa:	bf38      	it	cc
100002ac:	4662      	movcc	r2, ip
100002ae:	e9cd 4101 	strd	r4, r1, [sp, #4]
100002b2:	9500      	str	r5, [sp, #0]
100002b4:	f000 ff22 	bl	100010fc <alarm_pool_add_alarm_at>
100002b8:	230e      	movs	r3, #14
100002ba:	ec44 3040 	gpioc_bit_out_put r3, r4
100002be:	b005      	add	sp, #20
100002c0:	bd30      	pop	{r4, r5, pc}
100002c2:	bf00      	nop
100002c4:	100001f1 	.word	0x100001f1

100002c8 <main>:
100002c8:	b508      	push	{r3, lr}
100002ca:	f001 fbcb 	bl	10001a64 <stdio_init_all>
100002ce:	200e      	movs	r0, #14
100002d0:	f000 f9a2 	bl	10000618 <gpio_init>
100002d4:	f04f 0401 	mov.w	r4, #1
100002d8:	230e      	movs	r3, #14
100002da:	ec44 3044 	gpioc_bit_oe_put r3, r4
100002de:	f04f 0500 	mov.w	r5, #0
100002e2:	ec45 3040 	gpioc_bit_out_put r3, r5
100002e6:	200f      	movs	r0, #15
100002e8:	f000 f996 	bl	10000618 <gpio_init>
100002ec:	230f      	movs	r3, #15
100002ee:	ec44 3044 	gpioc_bit_oe_put r3, r4
100002f2:	ec45 3040 	gpioc_bit_out_put r3, r5
100002f6:	2010      	movs	r0, #16
100002f8:	f000 f98e 	bl	10000618 <gpio_init>
100002fc:	2410      	movs	r4, #16
100002fe:	ec45 4044 	gpioc_bit_oe_put r4, r5
10000302:	2200      	movs	r2, #0
10000304:	2101      	movs	r1, #1
10000306:	4620      	mov	r0, r4
10000308:	f000 f8e0 	bl	100004cc <gpio_set_pulls>
1000030c:	2201      	movs	r2, #1
1000030e:	2104      	movs	r1, #4
10000310:	4620      	mov	r0, r4
10000312:	4b02      	ldr	r3, [pc, #8]	@ (1000031c <main+0x54>)
10000314:	f000 f914 	bl	10000540 <gpio_set_irq_enabled_with_callback>
10000318:	e7fe      	b.n	10000318 <main+0x50>
1000031a:	bf00      	nop
1000031c:	10000261 	.word	0x10000261

10000320 <gpio_default_irq_handler>:
10000320:	f04f 4150 	mov.w	r1, #3489660928	@ 0xd0000000
10000324:	e92d 4ff8 	stmdb	sp!, {r3, r4, r5, r6, r7, r8, r9, sl, fp, lr}
10000328:	4a64      	ldr	r2, [pc, #400]	@ (100004bc <gpio_default_irq_handler+0x19c>)
1000032a:	f8d1 a000 	ldr.w	sl, [r1]
1000032e:	4b64      	ldr	r3, [pc, #400]	@ (100004c0 <gpio_default_irq_handler+0x1a0>)
10000330:	f852 702a 	ldr.w	r7, [r2, sl, lsl #2]
10000334:	eb0a 02ca 	add.w	r2, sl, sl, lsl #3
10000338:	eb03 08c2 	add.w	r8, r3, r2, lsl #3
1000033c:	b34f      	cbz	r7, 10000392 <gpio_default_irq_handler+0x72>
1000033e:	2600      	movs	r6, #0
10000340:	f8df b180 	ldr.w	fp, [pc, #384]	@ 100004c4 <gpio_default_irq_handler+0x1a4>
10000344:	f8df 9180 	ldr.w	r9, [pc, #384]	@ 100004c8 <gpio_default_irq_handler+0x1a8>
10000348:	08f3      	lsrs	r3, r6, #3
1000034a:	330c      	adds	r3, #12
1000034c:	f858 4023 	ldr.w	r4, [r8, r3, lsl #2]
10000350:	4635      	mov	r5, r6
10000352:	3608      	adds	r6, #8
10000354:	b1cc      	cbz	r4, 1000038a <gpio_default_irq_handler+0x6a>
10000356:	f014 010f 	ands.w	r1, r4, #15
1000035a:	d010      	beq.n	1000037e <gpio_default_irq_handler+0x5e>
1000035c:	f85b 202a 	ldr.w	r2, [fp, sl, lsl #2]
10000360:	f005 0307 	and.w	r3, r5, #7
10000364:	40ea      	lsrs	r2, r5
10000366:	08e8      	lsrs	r0, r5, #3
10000368:	009b      	lsls	r3, r3, #2
1000036a:	07d2      	lsls	r2, r2, #31
1000036c:	fa01 f303 	lsl.w	r3, r1, r3
10000370:	f100 0c8c 	add.w	ip, r0, #140	@ 0x8c
10000374:	d403      	bmi.n	1000037e <gpio_default_irq_handler+0x5e>
10000376:	4628      	mov	r0, r5
10000378:	f849 302c 	str.w	r3, [r9, ip, lsl #2]
1000037c:	47b8      	blx	r7
1000037e:	0924      	lsrs	r4, r4, #4
10000380:	f105 0501 	add.w	r5, r5, #1
10000384:	d001      	beq.n	1000038a <gpio_default_irq_handler+0x6a>
10000386:	42b5      	cmp	r5, r6
10000388:	d3e5      	bcc.n	10000356 <gpio_default_irq_handler+0x36>
1000038a:	2e20      	cmp	r6, #32
1000038c:	d1dc      	bne.n	10000348 <gpio_default_irq_handler+0x28>
1000038e:	e8bd 8ff8 	ldmia.w	sp!, {r3, r4, r5, r6, r7, r8, r9, sl, fp, pc}
10000392:	484c      	ldr	r0, [pc, #304]	@ (100004c4 <gpio_default_irq_handler+0x1a4>)
10000394:	08f9      	lsrs	r1, r7, #3
10000396:	f101 030c 	add.w	r3, r1, #12
1000039a:	f858 3023 	ldr.w	r3, [r8, r3, lsl #2]
1000039e:	463a      	mov	r2, r7
100003a0:	3708      	adds	r7, #8
100003a2:	2b00      	cmp	r3, #0
100003a4:	d071      	beq.n	1000048a <gpio_default_irq_handler+0x16a>
100003a6:	f013 050f 	ands.w	r5, r3, #15
100003aa:	d008      	beq.n	100003be <gpio_default_irq_handler+0x9e>
100003ac:	f850 402a 	ldr.w	r4, [r0, sl, lsl #2]
100003b0:	40d4      	lsrs	r4, r2
100003b2:	07e4      	lsls	r4, r4, #31
100003b4:	d403      	bmi.n	100003be <gpio_default_irq_handler+0x9e>
100003b6:	4c44      	ldr	r4, [pc, #272]	@ (100004c8 <gpio_default_irq_handler+0x1a8>)
100003b8:	318c      	adds	r1, #140	@ 0x8c
100003ba:	f844 5021 	str.w	r5, [r4, r1, lsl #2]
100003be:	0919      	lsrs	r1, r3, #4
100003c0:	d063      	beq.n	1000048a <gpio_default_irq_handler+0x16a>
100003c2:	f011 010f 	ands.w	r1, r1, #15
100003c6:	d00b      	beq.n	100003e0 <gpio_default_irq_handler+0xc0>
100003c8:	f850 402a 	ldr.w	r4, [r0, sl, lsl #2]
100003cc:	1c55      	adds	r5, r2, #1
100003ce:	40ec      	lsrs	r4, r5
100003d0:	07e6      	lsls	r6, r4, #31
100003d2:	d405      	bmi.n	100003e0 <gpio_default_irq_handler+0xc0>
100003d4:	08ec      	lsrs	r4, r5, #3
100003d6:	4d3c      	ldr	r5, [pc, #240]	@ (100004c8 <gpio_default_irq_handler+0x1a8>)
100003d8:	0109      	lsls	r1, r1, #4
100003da:	348c      	adds	r4, #140	@ 0x8c
100003dc:	f845 1024 	str.w	r1, [r5, r4, lsl #2]
100003e0:	0a19      	lsrs	r1, r3, #8
100003e2:	d052      	beq.n	1000048a <gpio_default_irq_handler+0x16a>
100003e4:	f011 010f 	ands.w	r1, r1, #15
100003e8:	d00b      	beq.n	10000402 <gpio_default_irq_handler+0xe2>
100003ea:	f850 402a 	ldr.w	r4, [r0, sl, lsl #2]
100003ee:	1c95      	adds	r5, r2, #2
100003f0:	40ec      	lsrs	r4, r5
100003f2:	07e4      	lsls	r4, r4, #31
100003f4:	d405      	bmi.n	10000402 <gpio_default_irq_handler+0xe2>
100003f6:	08ec      	lsrs	r4, r5, #3
100003f8:	4d33      	ldr	r5, [pc, #204]	@ (100004c8 <gpio_default_irq_handler+0x1a8>)
100003fa:	0209      	lsls	r1, r1, #8
100003fc:	348c      	adds	r4, #140	@ 0x8c
100003fe:	f845 1024 	str.w	r1, [r5, r4, lsl #2]
10000402:	0b19      	lsrs	r1, r3, #12
10000404:	d041      	beq.n	1000048a <gpio_default_irq_handler+0x16a>
10000406:	f011 010f 	ands.w	r1, r1, #15
1000040a:	d005      	beq.n	10000418 <gpio_default_irq_handler+0xf8>
1000040c:	f850 402a 	ldr.w	r4, [r0, sl, lsl #2]
10000410:	1cd5      	adds	r5, r2, #3
10000412:	40ec      	lsrs	r4, r5
10000414:	07e6      	lsls	r6, r4, #31
10000416:	d53c      	bpl.n	10000492 <gpio_default_irq_handler+0x172>
10000418:	0c19      	lsrs	r1, r3, #16
1000041a:	d036      	beq.n	1000048a <gpio_default_irq_handler+0x16a>
1000041c:	f011 010f 	ands.w	r1, r1, #15
10000420:	d006      	beq.n	10000430 <gpio_default_irq_handler+0x110>
10000422:	4c28      	ldr	r4, [pc, #160]	@ (100004c4 <gpio_default_irq_handler+0x1a4>)
10000424:	f854 502a 	ldr.w	r5, [r4, sl, lsl #2]
10000428:	1d14      	adds	r4, r2, #4
1000042a:	40e5      	lsrs	r5, r4
1000042c:	07ed      	lsls	r5, r5, #31
1000042e:	d537      	bpl.n	100004a0 <gpio_default_irq_handler+0x180>
10000430:	0d19      	lsrs	r1, r3, #20
10000432:	d02a      	beq.n	1000048a <gpio_default_irq_handler+0x16a>
10000434:	f011 010f 	ands.w	r1, r1, #15
10000438:	d006      	beq.n	10000448 <gpio_default_irq_handler+0x128>
1000043a:	4c22      	ldr	r4, [pc, #136]	@ (100004c4 <gpio_default_irq_handler+0x1a4>)
1000043c:	f854 502a 	ldr.w	r5, [r4, sl, lsl #2]
10000440:	1d54      	adds	r4, r2, #5
10000442:	40e5      	lsrs	r5, r4
10000444:	07ee      	lsls	r6, r5, #31
10000446:	d532      	bpl.n	100004ae <gpio_default_irq_handler+0x18e>
10000448:	0e19      	lsrs	r1, r3, #24
1000044a:	d01e      	beq.n	1000048a <gpio_default_irq_handler+0x16a>
1000044c:	f011 010f 	ands.w	r1, r1, #15
10000450:	d00c      	beq.n	1000046c <gpio_default_irq_handler+0x14c>
10000452:	4c1c      	ldr	r4, [pc, #112]	@ (100004c4 <gpio_default_irq_handler+0x1a4>)
10000454:	f854 502a 	ldr.w	r5, [r4, sl, lsl #2]
10000458:	1d94      	adds	r4, r2, #6
1000045a:	40e5      	lsrs	r5, r4
1000045c:	07ed      	lsls	r5, r5, #31
1000045e:	d405      	bmi.n	1000046c <gpio_default_irq_handler+0x14c>
10000460:	4d19      	ldr	r5, [pc, #100]	@ (100004c8 <gpio_default_irq_handler+0x1a8>)
10000462:	08e4      	lsrs	r4, r4, #3
10000464:	0609      	lsls	r1, r1, #24
10000466:	348c      	adds	r4, #140	@ 0x8c
10000468:	f845 1024 	str.w	r1, [r5, r4, lsl #2]
1000046c:	0f1b      	lsrs	r3, r3, #28
1000046e:	f102 0207 	add.w	r2, r2, #7
10000472:	d00a      	beq.n	1000048a <gpio_default_irq_handler+0x16a>
10000474:	f850 102a 	ldr.w	r1, [r0, sl, lsl #2]
10000478:	40d1      	lsrs	r1, r2
1000047a:	07c9      	lsls	r1, r1, #31
1000047c:	d405      	bmi.n	1000048a <gpio_default_irq_handler+0x16a>
1000047e:	4912      	ldr	r1, [pc, #72]	@ (100004c8 <gpio_default_irq_handler+0x1a8>)
10000480:	08d2      	lsrs	r2, r2, #3
10000482:	071b      	lsls	r3, r3, #28
10000484:	328c      	adds	r2, #140	@ 0x8c
10000486:	f841 3022 	str.w	r3, [r1, r2, lsl #2]
1000048a:	2f20      	cmp	r7, #32
1000048c:	d182      	bne.n	10000394 <gpio_default_irq_handler+0x74>
1000048e:	e8bd 8ff8 	ldmia.w	sp!, {r3, r4, r5, r6, r7, r8, r9, sl, fp, pc}
10000492:	08ec      	lsrs	r4, r5, #3
10000494:	4d0c      	ldr	r5, [pc, #48]	@ (100004c8 <gpio_default_irq_handler+0x1a8>)
10000496:	0309      	lsls	r1, r1, #12
10000498:	348c      	adds	r4, #140	@ 0x8c
1000049a:	f845 1024 	str.w	r1, [r5, r4, lsl #2]
1000049e:	e7bb      	b.n	10000418 <gpio_default_irq_handler+0xf8>
100004a0:	4d09      	ldr	r5, [pc, #36]	@ (100004c8 <gpio_default_irq_handler+0x1a8>)
100004a2:	08e4      	lsrs	r4, r4, #3
100004a4:	0409      	lsls	r1, r1, #16
100004a6:	348c      	adds	r4, #140	@ 0x8c
100004a8:	f845 1024 	str.w	r1, [r5, r4, lsl #2]
100004ac:	e7c0      	b.n	10000430 <gpio_default_irq_handler+0x110>
100004ae:	4d06      	ldr	r5, [pc, #24]	@ (100004c8 <gpio_default_irq_handler+0x1a8>)
100004b0:	08e4      	lsrs	r4, r4, #3
100004b2:	0509      	lsls	r1, r1, #20
100004b4:	348c      	adds	r4, #140	@ 0x8c
100004b6:	f845 1024 	str.w	r1, [r5, r4, lsl #2]
100004ba:	e7c5      	b.n	10000448 <gpio_default_irq_handler+0x128>
100004bc:	20000478 	.word	0x20000478
100004c0:	40028248 	.word	0x40028248
100004c4:	200004d8 	.word	0x200004d8
100004c8:	40028000 	.word	0x40028000

100004cc <gpio_set_pulls>:
100004cc:	b410      	push	{r4}
100004ce:	4c08      	ldr	r4, [pc, #32]	@ (100004f0 <gpio_set_pulls+0x24>)
100004d0:	00c9      	lsls	r1, r1, #3
100004d2:	ea41 0182 	orr.w	r1, r1, r2, lsl #2
100004d6:	f854 2020 	ldr.w	r2, [r4, r0, lsl #2]
100004da:	eb04 0380 	add.w	r3, r4, r0, lsl #2
100004de:	4051      	eors	r1, r2
100004e0:	f503 5380 	add.w	r3, r3, #4096	@ 0x1000
100004e4:	f001 010c 	and.w	r1, r1, #12
100004e8:	f85d 4b04 	ldr.w	r4, [sp], #4
100004ec:	6019      	str	r1, [r3, #0]
100004ee:	4770      	bx	lr
100004f0:	40038004 	.word	0x40038004

100004f4 <gpio_set_irq_enabled>:
100004f4:	b430      	push	{r4, r5}
100004f6:	f04f 4450 	mov.w	r4, #3489660928	@ 0xd0000000
100004fa:	ea4f 0cd0 	mov.w	ip, r0, lsr #3
100004fe:	6824      	ldr	r4, [r4, #0]
10000500:	f000 0007 	and.w	r0, r0, #7
10000504:	0080      	lsls	r0, r0, #2
10000506:	4081      	lsls	r1, r0
10000508:	4d0b      	ldr	r5, [pc, #44]	@ (10000538 <gpio_set_irq_enabled+0x44>)
1000050a:	ea4f 008c 	mov.w	r0, ip, lsl #2
1000050e:	4b0b      	ldr	r3, [pc, #44]	@ (1000053c <gpio_set_irq_enabled+0x48>)
10000510:	eb04 04c4 	add.w	r4, r4, r4, lsl #3
10000514:	eb00 00c4 	add.w	r0, r0, r4, lsl #3
10000518:	f10c 0c8c 	add.w	ip, ip, #140	@ 0x8c
1000051c:	4403      	add	r3, r0
1000051e:	f845 102c 	str.w	r1, [r5, ip, lsl #2]
10000522:	b122      	cbz	r2, 1000052e <gpio_set_irq_enabled+0x3a>
10000524:	bc30      	pop	{r4, r5}
10000526:	f503 5300 	add.w	r3, r3, #8192	@ 0x2000
1000052a:	6019      	str	r1, [r3, #0]
1000052c:	4770      	bx	lr
1000052e:	f503 5340 	add.w	r3, r3, #12288	@ 0x3000
10000532:	6019      	str	r1, [r3, #0]
10000534:	bc30      	pop	{r4, r5}
10000536:	4770      	bx	lr
10000538:	40028000 	.word	0x40028000
1000053c:	40028248 	.word	0x40028248

10000540 <gpio_set_irq_enabled_with_callback>:
10000540:	e92d 47f0 	stmdb	sp!, {r4, r5, r6, r7, r8, r9, sl, lr}
10000544:	f04f 4850 	mov.w	r8, #3489660928	@ 0xd0000000
10000548:	461f      	mov	r7, r3
1000054a:	f000 0307 	and.w	r3, r0, #7
1000054e:	08c4      	lsrs	r4, r0, #3
10000550:	009b      	lsls	r3, r3, #2
10000552:	f8d8 5000 	ldr.w	r5, [r8]
10000556:	fa01 f603 	lsl.w	r6, r1, r3
1000055a:	ea4f 0984 	mov.w	r9, r4, lsl #2
1000055e:	b9b2      	cbnz	r2, 1000058e <gpio_set_irq_enabled_with_callback+0x4e>
10000560:	4b28      	ldr	r3, [pc, #160]	@ (10000604 <gpio_set_irq_enabled_with_callback+0xc4>)
10000562:	4929      	ldr	r1, [pc, #164]	@ (10000608 <gpio_set_irq_enabled_with_callback+0xc8>)
10000564:	eb05 05c5 	add.w	r5, r5, r5, lsl #3
10000568:	348c      	adds	r4, #140	@ 0x8c
1000056a:	eb09 09c5 	add.w	r9, r9, r5, lsl #3
1000056e:	f841 6024 	str.w	r6, [r1, r4, lsl #2]
10000572:	f843 6009 	str.w	r6, [r3, r9]
10000576:	f8d8 4000 	ldr.w	r4, [r8]
1000057a:	f8df a098 	ldr.w	sl, [pc, #152]	@ 10000614 <gpio_set_irq_enabled_with_callback+0xd4>
1000057e:	f85a 3024 	ldr.w	r3, [sl, r4, lsl #2]
10000582:	b303      	cbz	r3, 100005c6 <gpio_set_irq_enabled_with_callback+0x86>
10000584:	b3a7      	cbz	r7, 100005f0 <gpio_set_irq_enabled_with_callback+0xb0>
10000586:	f84a 7024 	str.w	r7, [sl, r4, lsl #2]
1000058a:	e8bd 87f0 	ldmia.w	sp!, {r4, r5, r6, r7, r8, r9, sl, pc}
1000058e:	f8df a084 	ldr.w	sl, [pc, #132]	@ 10000614 <gpio_set_irq_enabled_with_callback+0xd4>
10000592:	f85a 2025 	ldr.w	r2, [sl, r5, lsl #2]
10000596:	b302      	cbz	r2, 100005da <gpio_set_irq_enabled_with_callback+0x9a>
10000598:	b37f      	cbz	r7, 100005fa <gpio_set_irq_enabled_with_callback+0xba>
1000059a:	f04f 4350 	mov.w	r3, #3489660928	@ 0xd0000000
1000059e:	f84a 7025 	str.w	r7, [sl, r5, lsl #2]
100005a2:	681d      	ldr	r5, [r3, #0]
100005a4:	4b19      	ldr	r3, [pc, #100]	@ (1000060c <gpio_set_irq_enabled_with_callback+0xcc>)
100005a6:	eb05 05c5 	add.w	r5, r5, r5, lsl #3
100005aa:	eb09 05c5 	add.w	r5, r9, r5, lsl #3
100005ae:	4a16      	ldr	r2, [pc, #88]	@ (10000608 <gpio_set_irq_enabled_with_callback+0xc8>)
100005b0:	348c      	adds	r4, #140	@ 0x8c
100005b2:	442b      	add	r3, r5
100005b4:	f842 6024 	str.w	r6, [r2, r4, lsl #2]
100005b8:	2101      	movs	r1, #1
100005ba:	601e      	str	r6, [r3, #0]
100005bc:	2015      	movs	r0, #21
100005be:	e8bd 47f0 	ldmia.w	sp!, {r4, r5, r6, r7, r8, r9, sl, lr}
100005c2:	f000 b8d1 	b.w	10000768 <irq_set_enabled>
100005c6:	2f00      	cmp	r7, #0
100005c8:	d0df      	beq.n	1000058a <gpio_set_irq_enabled_with_callback+0x4a>
100005ca:	f84a 7024 	str.w	r7, [sl, r4, lsl #2]
100005ce:	2015      	movs	r0, #21
100005d0:	e8bd 47f0 	ldmia.w	sp!, {r4, r5, r6, r7, r8, r9, sl, lr}
100005d4:	490e      	ldr	r1, [pc, #56]	@ (10000610 <gpio_set_irq_enabled_with_callback+0xd0>)
100005d6:	f000 b90b 	b.w	100007f0 <irq_add_shared_handler>
100005da:	2f00      	cmp	r7, #0
100005dc:	d0e2      	beq.n	100005a4 <gpio_set_irq_enabled_with_callback+0x64>
100005de:	2015      	movs	r0, #21
100005e0:	490b      	ldr	r1, [pc, #44]	@ (10000610 <gpio_set_irq_enabled_with_callback+0xd0>)
100005e2:	f84a 7025 	str.w	r7, [sl, r5, lsl #2]
100005e6:	f000 f903 	bl	100007f0 <irq_add_shared_handler>
100005ea:	f8d8 5000 	ldr.w	r5, [r8]
100005ee:	e7d9      	b.n	100005a4 <gpio_set_irq_enabled_with_callback+0x64>
100005f0:	2015      	movs	r0, #21
100005f2:	4907      	ldr	r1, [pc, #28]	@ (10000610 <gpio_set_irq_enabled_with_callback+0xd0>)
100005f4:	f000 f9dc 	bl	100009b0 <irq_remove_handler>
100005f8:	e7c5      	b.n	10000586 <gpio_set_irq_enabled_with_callback+0x46>
100005fa:	2015      	movs	r0, #21
100005fc:	4904      	ldr	r1, [pc, #16]	@ (10000610 <gpio_set_irq_enabled_with_callback+0xd0>)
100005fe:	f000 f9d7 	bl	100009b0 <irq_remove_handler>
10000602:	e7ca      	b.n	1000059a <gpio_set_irq_enabled_with_callback+0x5a>
10000604:	4002b248 	.word	0x4002b248
10000608:	40028000 	.word	0x40028000
1000060c:	4002a248 	.word	0x4002a248
10000610:	10000321 	.word	0x10000321
10000614:	20000478 	.word	0x20000478

10000618 <gpio_init>:
10000618:	b430      	push	{r4, r5}
1000061a:	f04f 0300 	mov.w	r3, #0
1000061e:	ec43 0044 	gpioc_bit_oe_put r0, r3
10000622:	ec43 0040 	gpioc_bit_out_put r0, r3
10000626:	2505      	movs	r5, #5
10000628:	f44f 7480 	mov.w	r4, #256	@ 0x100
1000062c:	4b0b      	ldr	r3, [pc, #44]	@ (1000065c <gpio_init+0x44>)
1000062e:	00c2      	lsls	r2, r0, #3
10000630:	f853 1020 	ldr.w	r1, [r3, r0, lsl #2]
10000634:	eb03 0080 	add.w	r0, r3, r0, lsl #2
10000638:	f081 0140 	eor.w	r1, r1, #64	@ 0x40
1000063c:	f102 4380 	add.w	r3, r2, #1073741824	@ 0x40000000
10000640:	f503 3320 	add.w	r3, r3, #163840	@ 0x28000
10000644:	f001 02c0 	and.w	r2, r1, #192	@ 0xc0
10000648:	f500 5180 	add.w	r1, r0, #4096	@ 0x1000
1000064c:	f500 5040 	add.w	r0, r0, #12288	@ 0x3000
10000650:	600a      	str	r2, [r1, #0]
10000652:	605d      	str	r5, [r3, #4]
10000654:	6004      	str	r4, [r0, #0]
10000656:	bc30      	pop	{r4, r5}
10000658:	4770      	bx	lr
1000065a:	bf00      	nop
1000065c:	40038004 	.word	0x40038004

10000660 <panic>:
10000660:	b40f      	push	{r0, r1, r2, r3}
10000662:	b500      	push	{lr}
10000664:	b083      	sub	sp, #12
10000666:	9c04      	ldr	r4, [sp, #16]
10000668:	4807      	ldr	r0, [pc, #28]	@ (10000688 <panic+0x28>)
1000066a:	f001 fa3f 	bl	10001aec <__wrap_puts>
1000066e:	b13c      	cbz	r4, 10000680 <panic+0x20>
10000670:	a905      	add	r1, sp, #20
10000672:	4620      	mov	r0, r4
10000674:	9101      	str	r1, [sp, #4]
10000676:	f001 f8f1 	bl	1000185c <weak_raw_vprintf>
1000067a:	4804      	ldr	r0, [pc, #16]	@ (1000068c <panic+0x2c>)
1000067c:	f001 fa36 	bl	10001aec <__wrap_puts>
10000680:	2001      	movs	r0, #1
10000682:	f001 f903 	bl	1000188c <_exit>
10000686:	bf00      	nop
10000688:	10001cc0 	.word	0x10001cc0
1000068c:	10001d38 	.word	0x10001d38

10000690 <hw_claim_or_assert>:
10000690:	b570      	push	{r4, r5, r6, lr}
10000692:	4686      	mov	lr, r0
10000694:	f3ef 8510 	mrs	r5, PRIMASK
10000698:	b672      	cpsid	i
1000069a:	4c12      	ldr	r4, [pc, #72]	@ (100006e4 <hw_claim_or_assert+0x54>)
1000069c:	e8d4 6fcf 	ldaexb	r6, [r4]
100006a0:	2001      	movs	r0, #1
100006a2:	2e00      	cmp	r6, #0
100006a4:	d1fa      	bne.n	1000069c <hw_claim_or_assert+0xc>
100006a6:	e8c4 0f46 	strexb	r6, r0, [r4]
100006aa:	2e00      	cmp	r6, #0
100006ac:	d1f6      	bne.n	1000069c <hw_claim_or_assert+0xc>
100006ae:	f3bf 8f5f 	dmb	sy
100006b2:	f04f 0c01 	mov.w	ip, #1
100006b6:	08c8      	lsrs	r0, r1, #3
100006b8:	f001 0307 	and.w	r3, r1, #7
100006bc:	fa0c f303 	lsl.w	r3, ip, r3
100006c0:	f81e c000 	ldrb.w	ip, [lr, r0]
100006c4:	ea1c 0603 	ands.w	r6, ip, r3
100006c8:	d108      	bne.n	100006dc <hw_claim_or_assert+0x4c>
100006ca:	ea4c 0c03 	orr.w	ip, ip, r3
100006ce:	f80e c000 	strb.w	ip, [lr, r0]
100006d2:	e8c4 6f8f 	stlb	r6, [r4]
100006d6:	f385 8810 	msr	PRIMASK, r5
100006da:	bd70      	pop	{r4, r5, r6, pc}
100006dc:	4610      	mov	r0, r2
100006de:	f7ff ffbf 	bl	10000660 <panic>
100006e2:	bf00      	nop
100006e4:	20000463 	.word	0x20000463

100006e8 <next_striped_spin_lock_num>:
100006e8:	4a04      	ldr	r2, [pc, #16]	@ (100006fc <next_striped_spin_lock_num+0x14>)
100006ea:	7810      	ldrb	r0, [r2, #0]
100006ec:	1c43      	adds	r3, r0, #1
100006ee:	b2db      	uxtb	r3, r3
100006f0:	2b18      	cmp	r3, #24
100006f2:	bf28      	it	cs
100006f4:	2310      	movcs	r3, #16
100006f6:	7013      	strb	r3, [r2, #0]
100006f8:	4770      	bx	lr
100006fa:	bf00      	nop
100006fc:	20000268 	.word	0x20000268

10000700 <spinlock_set_extexclall>:
10000700:	f04f 22e0 	mov.w	r2, #3758153728	@ 0xe000e000
10000704:	6893      	ldr	r3, [r2, #8]
10000706:	f043 5300 	orr.w	r3, r3, #536870912	@ 0x20000000
1000070a:	6093      	str	r3, [r2, #8]
1000070c:	4770      	bx	lr
1000070e:	bf00      	nop

10000710 <spin_locks_reset>:
10000710:	2100      	movs	r1, #0
10000712:	4b04      	ldr	r3, [pc, #16]	@ (10000724 <spin_locks_reset+0x14>)
10000714:	f103 0220 	add.w	r2, r3, #32
10000718:	e8c3 1f8f 	stlb	r1, [r3]
1000071c:	3301      	adds	r3, #1
1000071e:	4293      	cmp	r3, r2
10000720:	d1fa      	bne.n	10000718 <spin_locks_reset+0x8>
10000722:	4770      	bx	lr
10000724:	20000458 	.word	0x20000458

10000728 <runtime_init_per_core_irq_priorities>:
10000728:	f04f 23e0 	mov.w	r3, #3758153728	@ 0xe000e000
1000072c:	f04f 3280 	mov.w	r2, #2155905152	@ 0x80808080
10000730:	f8c3 2400 	str.w	r2, [r3, #1024]	@ 0x400
10000734:	f8c3 2404 	str.w	r2, [r3, #1028]	@ 0x404
10000738:	f8c3 2408 	str.w	r2, [r3, #1032]	@ 0x408
1000073c:	f8c3 240c 	str.w	r2, [r3, #1036]	@ 0x40c
10000740:	f8c3 2410 	str.w	r2, [r3, #1040]	@ 0x410
10000744:	f8c3 2414 	str.w	r2, [r3, #1044]	@ 0x414
10000748:	f8c3 2418 	str.w	r2, [r3, #1048]	@ 0x418
1000074c:	f8c3 241c 	str.w	r2, [r3, #1052]	@ 0x41c
10000750:	f8c3 2420 	str.w	r2, [r3, #1056]	@ 0x420
10000754:	f8c3 2424 	str.w	r2, [r3, #1060]	@ 0x424
10000758:	f8c3 2428 	str.w	r2, [r3, #1064]	@ 0x428
1000075c:	f8c3 242c 	str.w	r2, [r3, #1068]	@ 0x42c
10000760:	f8c3 2430 	str.w	r2, [r3, #1072]	@ 0x430
10000764:	b662      	cpsie	i
10000766:	4770      	bx	lr

10000768 <irq_set_enabled>:
10000768:	2301      	movs	r3, #1
1000076a:	f000 021f 	and.w	r2, r0, #31
1000076e:	4093      	lsls	r3, r2
10000770:	0940      	lsrs	r0, r0, #5
10000772:	b141      	cbz	r1, 10000786 <irq_set_enabled+0x1e>
10000774:	0080      	lsls	r0, r0, #2
10000776:	f100 4060 	add.w	r0, r0, #3758096384	@ 0xe0000000
1000077a:	f500 4061 	add.w	r0, r0, #57600	@ 0xe100
1000077e:	f8c0 3180 	str.w	r3, [r0, #384]	@ 0x180
10000782:	6003      	str	r3, [r0, #0]
10000784:	4770      	bx	lr
10000786:	4a02      	ldr	r2, [pc, #8]	@ (10000790 <irq_set_enabled+0x28>)
10000788:	3020      	adds	r0, #32
1000078a:	f842 3020 	str.w	r3, [r2, r0, lsl #2]
1000078e:	4770      	bx	lr
10000790:	e000e100 	.word	0xe000e100

10000794 <irq_set_exclusive_handler>:
10000794:	b510      	push	{r4, lr}
10000796:	f3ef 8c10 	mrs	ip, PRIMASK
1000079a:	b672      	cpsid	i
1000079c:	4b11      	ldr	r3, [pc, #68]	@ (100007e4 <irq_set_exclusive_handler+0x50>)
1000079e:	e8d3 4fcf 	ldaexb	r4, [r3]
100007a2:	2201      	movs	r2, #1
100007a4:	2c00      	cmp	r4, #0
100007a6:	d1fa      	bne.n	1000079e <irq_set_exclusive_handler+0xa>
100007a8:	e8c3 2f44 	strexb	r4, r2, [r3]
100007ac:	2c00      	cmp	r4, #0
100007ae:	d1f6      	bne.n	1000079e <irq_set_exclusive_handler+0xa>
100007b0:	f3bf 8f5f 	dmb	sy
100007b4:	4a0c      	ldr	r2, [pc, #48]	@ (100007e8 <irq_set_exclusive_handler+0x54>)
100007b6:	3010      	adds	r0, #16
100007b8:	6892      	ldr	r2, [r2, #8]
100007ba:	4c0c      	ldr	r4, [pc, #48]	@ (100007ec <irq_set_exclusive_handler+0x58>)
100007bc:	f852 2020 	ldr.w	r2, [r2, r0, lsl #2]
100007c0:	42a2      	cmp	r2, r4
100007c2:	d001      	beq.n	100007c8 <irq_set_exclusive_handler+0x34>
100007c4:	4291      	cmp	r1, r2
100007c6:	d10b      	bne.n	100007e0 <irq_set_exclusive_handler+0x4c>
100007c8:	4a07      	ldr	r2, [pc, #28]	@ (100007e8 <irq_set_exclusive_handler+0x54>)
100007ca:	6892      	ldr	r2, [r2, #8]
100007cc:	f842 1020 	str.w	r1, [r2, r0, lsl #2]
100007d0:	f3bf 8f5f 	dmb	sy
100007d4:	2200      	movs	r2, #0
100007d6:	e8c3 2f8f 	stlb	r2, [r3]
100007da:	f38c 8810 	msr	PRIMASK, ip
100007de:	bd10      	pop	{r4, pc}
100007e0:	f000 ff26 	bl	10001630 <hard_assertion_failure>
100007e4:	20000461 	.word	0x20000461
100007e8:	e000ed00 	.word	0xe000ed00
100007ec:	10000111 	.word	0x10000111

100007f0 <irq_add_shared_handler>:
100007f0:	e92d 4ff0 	stmdb	sp!, {r4, r5, r6, r7, r8, r9, sl, fp, lr}
100007f4:	460b      	mov	r3, r1
100007f6:	b083      	sub	sp, #12
100007f8:	f3ef 8a10 	mrs	sl, PRIMASK
100007fc:	b672      	cpsid	i
100007fe:	f8df 91ac 	ldr.w	r9, [pc, #428]	@ 100009ac <irq_add_shared_handler+0x1bc>
10000802:	e8d9 4fcf 	ldaexb	r4, [r9]
10000806:	2101      	movs	r1, #1
10000808:	2c00      	cmp	r4, #0
1000080a:	d1fa      	bne.n	10000802 <irq_add_shared_handler+0x12>
1000080c:	e8c9 1f44 	strexb	r4, r1, [r9]
10000810:	2c00      	cmp	r4, #0
10000812:	d1f6      	bne.n	10000802 <irq_add_shared_handler+0x12>
10000814:	f3bf 8f5f 	dmb	sy
10000818:	495d      	ldr	r1, [pc, #372]	@ (10000990 <irq_add_shared_handler+0x1a0>)
1000081a:	f991 8000 	ldrsb.w	r8, [r1]
1000081e:	f1b8 0f00 	cmp.w	r8, #0
10000822:	f2c0 80b2 	blt.w	1000098a <irq_add_shared_handler+0x19a>
10000826:	4c5b      	ldr	r4, [pc, #364]	@ (10000994 <irq_add_shared_handler+0x1a4>)
10000828:	eb08 0748 	add.w	r7, r8, r8, lsl #1
1000082c:	eb04 0587 	add.w	r5, r4, r7, lsl #2
10000830:	79ae      	ldrb	r6, [r5, #6]
10000832:	3010      	adds	r0, #16
10000834:	700e      	strb	r6, [r1, #0]
10000836:	4958      	ldr	r1, [pc, #352]	@ (10000998 <irq_add_shared_handler+0x1a8>)
10000838:	ea4f 0648 	mov.w	r6, r8, lsl #1
1000083c:	6889      	ldr	r1, [r1, #8]
1000083e:	9600      	str	r6, [sp, #0]
10000840:	f851 1020 	ldr.w	r1, [r1, r0, lsl #2]
10000844:	00bf      	lsls	r7, r7, #2
10000846:	1b0e      	subs	r6, r1, r4
10000848:	2e2f      	cmp	r6, #47	@ 0x2f
1000084a:	d834      	bhi.n	100008b6 <irq_add_shared_handler+0xc6>
1000084c:	f021 0e01 	bic.w	lr, r1, #1
10000850:	f89e 6007 	ldrb.w	r6, [lr, #7]
10000854:	4296      	cmp	r6, r2
10000856:	d809      	bhi.n	1000086c <irq_add_shared_handler+0x7c>
10000858:	e071      	b.n	1000093e <irq_add_shared_handler+0x14e>
1000085a:	eb0c 064c 	add.w	r6, ip, ip, lsl #1
1000085e:	eb04 0686 	add.w	r6, r4, r6, lsl #2
10000862:	f896 b007 	ldrb.w	fp, [r6, #7]
10000866:	4593      	cmp	fp, r2
10000868:	d94e      	bls.n	10000908 <irq_add_shared_handler+0x118>
1000086a:	46b6      	mov	lr, r6
1000086c:	f99e c006 	ldrsb.w	ip, [lr, #6]
10000870:	f1bc 0f00 	cmp.w	ip, #0
10000874:	daf1      	bge.n	1000085a <irq_add_shared_handler+0x6a>
10000876:	f64b 5601 	movw	r6, #48385	@ 0xbd01
1000087a:	f10e 0b04 	add.w	fp, lr, #4
1000087e:	3d04      	subs	r5, #4
10000880:	eba5 050b 	sub.w	r5, r5, fp
10000884:	f3c5 054a 	ubfx	r5, r5, #1, #11
10000888:	ea6f 45c5 	mvn.w	r5, r5, lsl #19
1000088c:	9f00      	ldr	r7, [sp, #0]
1000088e:	ea6f 45d5 	mvn.w	r5, r5, lsr #19
10000892:	4447      	add	r7, r8
10000894:	46bb      	mov	fp, r7
10000896:	f88e 8006 	strb.w	r8, [lr, #6]
1000089a:	f8df 810c 	ldr.w	r8, [pc, #268]	@ 100009a8 <irq_add_shared_handler+0x1b8>
1000089e:	eb04 0787 	add.w	r7, r4, r7, lsl #2
100008a2:	f8ae 5004 	strh.w	r5, [lr, #4]
100008a6:	f844 802b 	str.w	r8, [r4, fp, lsl #2]
100008aa:	80be      	strh	r6, [r7, #4]
100008ac:	f887 c006 	strb.w	ip, [r7, #6]
100008b0:	71fa      	strb	r2, [r7, #7]
100008b2:	60bb      	str	r3, [r7, #8]
100008b4:	e01a      	b.n	100008ec <irq_add_shared_handler+0xfc>
100008b6:	4e39      	ldr	r6, [pc, #228]	@ (1000099c <irq_add_shared_handler+0x1ac>)
100008b8:	42b1      	cmp	r1, r6
100008ba:	d166      	bne.n	1000098a <irq_add_shared_handler+0x19a>
100008bc:	60ab      	str	r3, [r5, #8]
100008be:	4b38      	ldr	r3, [pc, #224]	@ (100009a0 <irq_add_shared_handler+0x1b0>)
100008c0:	71ea      	strb	r2, [r5, #7]
100008c2:	1cba      	adds	r2, r7, #2
100008c4:	4422      	add	r2, r4
100008c6:	3b04      	subs	r3, #4
100008c8:	1a9b      	subs	r3, r3, r2
100008ca:	f3c3 034a 	ubfx	r3, r3, #1, #11
100008ce:	ea6f 43c3 	mvn.w	r3, r3, lsl #19
100008d2:	f44f 4221 	mov.w	r2, #41216	@ 0xa100
100008d6:	ea6f 43d3 	mvn.w	r3, r3, lsr #19
100008da:	53e2      	strh	r2, [r4, r7]
100008dc:	806b      	strh	r3, [r5, #2]
100008de:	22ff      	movs	r2, #255	@ 0xff
100008e0:	f64b 5301 	movw	r3, #48385	@ 0xbd01
100008e4:	71aa      	strb	r2, [r5, #6]
100008e6:	80ab      	strh	r3, [r5, #4]
100008e8:	f045 0101 	orr.w	r1, r5, #1
100008ec:	4b2a      	ldr	r3, [pc, #168]	@ (10000998 <irq_add_shared_handler+0x1a8>)
100008ee:	689b      	ldr	r3, [r3, #8]
100008f0:	f843 1020 	str.w	r1, [r3, r0, lsl #2]
100008f4:	f3bf 8f5f 	dmb	sy
100008f8:	2300      	movs	r3, #0
100008fa:	e8c9 3f8f 	stlb	r3, [r9]
100008fe:	f38a 8810 	msr	PRIMASK, sl
10000902:	b003      	add	sp, #12
10000904:	e8bd 8ff0 	ldmia.w	sp!, {r4, r5, r6, r7, r8, r9, sl, fp, pc}
10000908:	46f3      	mov	fp, lr
1000090a:	f83b 6f04 	ldrh.w	r6, [fp, #4]!
1000090e:	0576      	lsls	r6, r6, #21
10000910:	d40f      	bmi.n	10000932 <irq_add_shared_handler+0x142>
10000912:	1576      	asrs	r6, r6, #21
10000914:	3602      	adds	r6, #2
10000916:	eb0b 0646 	add.w	r6, fp, r6, lsl #1
1000091a:	9601      	str	r6, [sp, #4]
1000091c:	f06f 0607 	mvn.w	r6, #7
10000920:	1bf6      	subs	r6, r6, r7
10000922:	9f01      	ldr	r7, [sp, #4]
10000924:	1b36      	subs	r6, r6, r4
10000926:	443e      	add	r6, r7
10000928:	f3c6 064a 	ubfx	r6, r6, #1, #11
1000092c:	f446 4660 	orr.w	r6, r6, #57344	@ 0xe000
10000930:	e7a5      	b.n	1000087e <irq_add_shared_handler+0x8e>
10000932:	f506 16ff 	add.w	r6, r6, #2088960	@ 0x1fe000
10000936:	f506 56ff 	add.w	r6, r6, #8160	@ 0x1fe0
1000093a:	361f      	adds	r6, #31
1000093c:	e7e9      	b.n	10000912 <irq_add_shared_handler+0x122>
1000093e:	60ab      	str	r3, [r5, #8]
10000940:	f06f 0307 	mvn.w	r3, #7
10000944:	71ea      	strb	r2, [r5, #7]
10000946:	f44f 4221 	mov.w	r2, #41216	@ 0xa100
1000094a:	1bdb      	subs	r3, r3, r7
1000094c:	1b1b      	subs	r3, r3, r4
1000094e:	4473      	add	r3, lr
10000950:	53e2      	strh	r2, [r4, r7]
10000952:	f3c3 024a 	ubfx	r2, r3, #1, #11
10000956:	4b12      	ldr	r3, [pc, #72]	@ (100009a0 <irq_add_shared_handler+0x1b0>)
10000958:	4e12      	ldr	r6, [pc, #72]	@ (100009a4 <irq_add_shared_handler+0x1b4>)
1000095a:	3702      	adds	r7, #2
1000095c:	4427      	add	r7, r4
1000095e:	3b04      	subs	r3, #4
10000960:	4332      	orrs	r2, r6
10000962:	1bdb      	subs	r3, r3, r7
10000964:	80aa      	strh	r2, [r5, #4]
10000966:	f3c3 034a 	ubfx	r3, r3, #1, #11
1000096a:	4a0f      	ldr	r2, [pc, #60]	@ (100009a8 <irq_add_shared_handler+0x1b8>)
1000096c:	4333      	orrs	r3, r6
1000096e:	806b      	strh	r3, [r5, #2]
10000970:	f64a 21aa 	movw	r1, #43690	@ 0xaaaa
10000974:	4673      	mov	r3, lr
10000976:	1b1b      	subs	r3, r3, r4
10000978:	415b      	adcs	r3, r3
1000097a:	4359      	muls	r1, r3
1000097c:	0d09      	lsrs	r1, r1, #20
1000097e:	71a9      	strb	r1, [r5, #6]
10000980:	f8ce 2000 	str.w	r2, [lr]
10000984:	f045 0101 	orr.w	r1, r5, #1
10000988:	e7b0      	b.n	100008ec <irq_add_shared_handler+0xfc>
1000098a:	f000 fe51 	bl	10001630 <hard_assertion_failure>
1000098e:	bf00      	nop
10000990:	200004e0 	.word	0x200004e0
10000994:	2000026c 	.word	0x2000026c
10000998:	e000ed00 	.word	0xe000ed00
1000099c:	10000111 	.word	0x10000111
100009a0:	2000029c 	.word	0x2000029c
100009a4:	ffffe000 	.word	0xffffe000
100009a8:	47804801 	.word	0x47804801
100009ac:	20000461 	.word	0x20000461

100009b0 <irq_remove_handler>:
100009b0:	e92d 4ff8 	stmdb	sp!, {r3, r4, r5, r6, r7, r8, r9, sl, fp, lr}
100009b4:	f3ef 8710 	mrs	r7, PRIMASK
100009b8:	b672      	cpsid	i
100009ba:	4c73      	ldr	r4, [pc, #460]	@ (10000b88 <irq_remove_handler+0x1d8>)
100009bc:	e8d4 2fcf 	ldaexb	r2, [r4]
100009c0:	2301      	movs	r3, #1
100009c2:	2a00      	cmp	r2, #0
100009c4:	d1fa      	bne.n	100009bc <irq_remove_handler+0xc>
100009c6:	e8c4 3f42 	strexb	r2, r3, [r4]
100009ca:	2a00      	cmp	r2, #0
100009cc:	d1f6      	bne.n	100009bc <irq_remove_handler+0xc>
100009ce:	f3bf 8f5f 	dmb	sy
100009d2:	4b6e      	ldr	r3, [pc, #440]	@ (10000b8c <irq_remove_handler+0x1dc>)
100009d4:	f100 0e10 	add.w	lr, r0, #16
100009d8:	689b      	ldr	r3, [r3, #8]
100009da:	f8df b1c0 	ldr.w	fp, [pc, #448]	@ 10000b9c <irq_remove_handler+0x1ec>
100009de:	f853 202e 	ldr.w	r2, [r3, lr, lsl #2]
100009e2:	455a      	cmp	r2, fp
100009e4:	d03c      	beq.n	10000a60 <irq_remove_handler+0xb0>
100009e6:	428a      	cmp	r2, r1
100009e8:	d047      	beq.n	10000a7a <irq_remove_handler+0xca>
100009ea:	4d69      	ldr	r5, [pc, #420]	@ (10000b90 <irq_remove_handler+0x1e0>)
100009ec:	1b53      	subs	r3, r2, r5
100009ee:	2b2f      	cmp	r3, #47	@ 0x2f
100009f0:	d836      	bhi.n	10000a60 <irq_remove_handler+0xb0>
100009f2:	f04f 0c01 	mov.w	ip, #1
100009f6:	0946      	lsrs	r6, r0, #5
100009f8:	00b6      	lsls	r6, r6, #2
100009fa:	f106 4660 	add.w	r6, r6, #3758096384	@ 0xe0000000
100009fe:	f506 4661 	add.w	r6, r6, #57600	@ 0xe100
10000a02:	f000 031f 	and.w	r3, r0, #31
10000a06:	fa0c f003 	lsl.w	r0, ip, r3
10000a0a:	6833      	ldr	r3, [r6, #0]
10000a0c:	f8c6 0080 	str.w	r0, [r6, #128]	@ 0x80
10000a10:	ea00 0803 	and.w	r8, r0, r3
10000a14:	f3bf 8f5f 	dmb	sy
10000a18:	f3ef 8305 	mrs	r3, IPSR
10000a1c:	b2db      	uxtb	r3, r3
10000a1e:	4699      	mov	r9, r3
10000a20:	b36b      	cbz	r3, 10000a7e <irq_remove_handler+0xce>
10000a22:	459e      	cmp	lr, r3
10000a24:	f040 80ad 	bne.w	10000b82 <irq_remove_handler+0x1d2>
10000a28:	f022 0c01 	bic.w	ip, r2, #1
10000a2c:	f8dc a008 	ldr.w	sl, [ip, #8]
10000a30:	4551      	cmp	r1, sl
10000a32:	d109      	bne.n	10000a48 <irq_remove_handler+0x98>
10000a34:	e08f      	b.n	10000b56 <irq_remove_handler+0x1a6>
10000a36:	eb03 0343 	add.w	r3, r3, r3, lsl #1
10000a3a:	eb05 0383 	add.w	r3, r5, r3, lsl #2
10000a3e:	f8d3 a008 	ldr.w	sl, [r3, #8]
10000a42:	4551      	cmp	r1, sl
10000a44:	d02c      	beq.n	10000aa0 <irq_remove_handler+0xf0>
10000a46:	469c      	mov	ip, r3
10000a48:	f99c 3006 	ldrsb.w	r3, [ip, #6]
10000a4c:	2b00      	cmp	r3, #0
10000a4e:	daf2      	bge.n	10000a36 <irq_remove_handler+0x86>
10000a50:	4551      	cmp	r1, sl
10000a52:	d063      	beq.n	10000b1c <irq_remove_handler+0x16c>
10000a54:	f1b8 0f00 	cmp.w	r8, #0
10000a58:	d01f      	beq.n	10000a9a <irq_remove_handler+0xea>
10000a5a:	f8c6 0180 	str.w	r0, [r6, #384]	@ 0x180
10000a5e:	6030      	str	r0, [r6, #0]
10000a60:	4b4a      	ldr	r3, [pc, #296]	@ (10000b8c <irq_remove_handler+0x1dc>)
10000a62:	689b      	ldr	r3, [r3, #8]
10000a64:	f843 202e 	str.w	r2, [r3, lr, lsl #2]
10000a68:	f3bf 8f5f 	dmb	sy
10000a6c:	2300      	movs	r3, #0
10000a6e:	e8c4 3f8f 	stlb	r3, [r4]
10000a72:	f387 8810 	msr	PRIMASK, r7
10000a76:	e8bd 8ff8 	ldmia.w	sp!, {r3, r4, r5, r6, r7, r8, r9, sl, fp, pc}
10000a7a:	465a      	mov	r2, fp
10000a7c:	e7f0      	b.n	10000a60 <irq_remove_handler+0xb0>
10000a7e:	f022 0c01 	bic.w	ip, r2, #1
10000a82:	f8dc a008 	ldr.w	sl, [ip, #8]
10000a86:	4551      	cmp	r1, sl
10000a88:	d1de      	bne.n	10000a48 <irq_remove_handler+0x98>
10000a8a:	f99c a006 	ldrsb.w	sl, [ip, #6]
10000a8e:	4663      	mov	r3, ip
10000a90:	f1ba 0f00 	cmp.w	sl, #0
10000a94:	da09      	bge.n	10000aaa <irq_remove_handler+0xfa>
10000a96:	465a      	mov	r2, fp
10000a98:	e04b      	b.n	10000b32 <irq_remove_handler+0x182>
10000a9a:	f8c6 0080 	str.w	r0, [r6, #128]	@ 0x80
10000a9e:	e7df      	b.n	10000a60 <irq_remove_handler+0xb0>
10000aa0:	f993 a006 	ldrsb.w	sl, [r3, #6]
10000aa4:	f1ba 0f00 	cmp.w	sl, #0
10000aa8:	db39      	blt.n	10000b1e <irq_remove_handler+0x16e>
10000aaa:	eb0a 094a 	add.w	r9, sl, sl, lsl #1
10000aae:	eb05 0989 	add.w	r9, r5, r9, lsl #2
10000ab2:	f8d9 1008 	ldr.w	r1, [r9, #8]
10000ab6:	ea4f 0c4a 	mov.w	ip, sl, lsl #1
10000aba:	6099      	str	r1, [r3, #8]
10000abc:	f899 1007 	ldrb.w	r1, [r9, #7]
10000ac0:	71d9      	strb	r1, [r3, #7]
10000ac2:	f999 1006 	ldrsb.w	r1, [r9, #6]
10000ac6:	2900      	cmp	r1, #0
10000ac8:	7199      	strb	r1, [r3, #6]
10000aca:	db41      	blt.n	10000b50 <irq_remove_handler+0x1a0>
10000acc:	f8b9 1004 	ldrh.w	r1, [r9, #4]
10000ad0:	0549      	lsls	r1, r1, #21
10000ad2:	d504      	bpl.n	10000ade <irq_remove_handler+0x12e>
10000ad4:	f501 11ff 	add.w	r1, r1, #2088960	@ 0x1fe000
10000ad8:	f501 51ff 	add.w	r1, r1, #8160	@ 0x1fe0
10000adc:	311f      	adds	r1, #31
10000ade:	1549      	asrs	r1, r1, #21
10000ae0:	f101 0902 	add.w	r9, r1, #2
10000ae4:	f04f 0b04 	mov.w	fp, #4
10000ae8:	210c      	movs	r1, #12
10000aea:	fb11 b10a 	smlabb	r1, r1, sl, fp
10000aee:	eb01 0149 	add.w	r1, r1, r9, lsl #1
10000af2:	f06f 0907 	mvn.w	r9, #7
10000af6:	4429      	add	r1, r5
10000af8:	eba9 0903 	sub.w	r9, r9, r3
10000afc:	4449      	add	r1, r9
10000afe:	f3c1 014a 	ubfx	r1, r1, #1, #11
10000b02:	f441 4160 	orr.w	r1, r1, #57344	@ 0xe000
10000b06:	8099      	strh	r1, [r3, #4]
10000b08:	4b22      	ldr	r3, [pc, #136]	@ (10000b94 <irq_remove_handler+0x1e4>)
10000b0a:	44d4      	add	ip, sl
10000b0c:	7819      	ldrb	r1, [r3, #0]
10000b0e:	eb05 0c8c 	add.w	ip, r5, ip, lsl #2
10000b12:	f883 a000 	strb.w	sl, [r3]
10000b16:	f88c 1006 	strb.w	r1, [ip, #6]
10000b1a:	e79b      	b.n	10000a54 <irq_remove_handler+0xa4>
10000b1c:	4663      	mov	r3, ip
10000b1e:	f1b9 0f00 	cmp.w	r9, #0
10000b22:	d11e      	bne.n	10000b62 <irq_remove_handler+0x1b2>
10000b24:	21ff      	movs	r1, #255	@ 0xff
10000b26:	f88c 1006 	strb.w	r1, [ip, #6]
10000b2a:	f64b 5101 	movw	r1, #48385	@ 0xbd01
10000b2e:	f8ac 1004 	strh.w	r1, [ip, #4]
10000b32:	f8df 9060 	ldr.w	r9, [pc, #96]	@ 10000b94 <irq_remove_handler+0x1e4>
10000b36:	f64a 21aa 	movw	r1, #43690	@ 0xaaaa
10000b3a:	f899 a000 	ldrb.w	sl, [r9]
10000b3e:	f883 a006 	strb.w	sl, [r3, #6]
10000b42:	1b5b      	subs	r3, r3, r5
10000b44:	415b      	adcs	r3, r3
10000b46:	4359      	muls	r1, r3
10000b48:	0d09      	lsrs	r1, r1, #20
10000b4a:	f889 1000 	strb.w	r1, [r9]
10000b4e:	e781      	b.n	10000a54 <irq_remove_handler+0xa4>
10000b50:	f64b 5101 	movw	r1, #48385	@ 0xbd01
10000b54:	e7d7      	b.n	10000b06 <irq_remove_handler+0x156>
10000b56:	f99c a006 	ldrsb.w	sl, [ip, #6]
10000b5a:	4663      	mov	r3, ip
10000b5c:	f1ba 0f00 	cmp.w	sl, #0
10000b60:	daa3      	bge.n	10000aaa <irq_remove_handler+0xfa>
10000b62:	490d      	ldr	r1, [pc, #52]	@ (10000b98 <irq_remove_handler+0x1e8>)
10000b64:	f8df c038 	ldr.w	ip, [pc, #56]	@ 10000ba0 <irq_remove_handler+0x1f0>
10000b68:	1ac9      	subs	r1, r1, r3
10000b6a:	3908      	subs	r1, #8
10000b6c:	f3c1 350a 	ubfx	r5, r1, #12, #11
10000b70:	ea6f 5505 	mvn.w	r5, r5, lsl #20
10000b74:	ea6f 5515 	mvn.w	r5, r5, lsr #20
10000b78:	ea4c 0151 	orr.w	r1, ip, r1, lsr #1
10000b7c:	80d9      	strh	r1, [r3, #6]
10000b7e:	809d      	strh	r5, [r3, #4]
10000b80:	e768      	b.n	10000a54 <irq_remove_handler+0xa4>
10000b82:	f000 fd55 	bl	10001630 <hard_assertion_failure>
10000b86:	bf00      	nop
10000b88:	20000461 	.word	0x20000461
10000b8c:	e000ed00 	.word	0xe000ed00
10000b90:	2000026c 	.word	0x2000026c
10000b94:	200004e0 	.word	0x200004e0
10000b98:	200002a6 	.word	0x200002a6
10000b9c:	10000111 	.word	0x10000111
10000ba0:	fffff800 	.word	0xfffff800

10000ba4 <irq_add_tail_to_free_list>:
10000ba4:	b5f0      	push	{r4, r5, r6, r7, lr}
10000ba6:	f3ef 8505 	mrs	r5, IPSR
10000baa:	b2ed      	uxtb	r5, r5
10000bac:	f3ef 8c10 	mrs	ip, PRIMASK
10000bb0:	b672      	cpsid	i
10000bb2:	4926      	ldr	r1, [pc, #152]	@ (10000c4c <irq_add_tail_to_free_list+0xa8>)
10000bb4:	e8d1 2fcf 	ldaexb	r2, [r1]
10000bb8:	2301      	movs	r3, #1
10000bba:	2a00      	cmp	r2, #0
10000bbc:	d1fa      	bne.n	10000bb4 <irq_add_tail_to_free_list+0x10>
10000bbe:	e8c1 3f42 	strexb	r2, r3, [r1]
10000bc2:	2a00      	cmp	r2, #0
10000bc4:	d1f6      	bne.n	10000bb4 <irq_add_tail_to_free_list+0x10>
10000bc6:	f3bf 8f5f 	dmb	sy
10000bca:	4e21      	ldr	r6, [pc, #132]	@ (10000c50 <irq_add_tail_to_free_list+0xac>)
10000bcc:	f040 0e01 	orr.w	lr, r0, #1
10000bd0:	68b4      	ldr	r4, [r6, #8]
10000bd2:	f64a 23aa 	movw	r3, #43690	@ 0xaaaa
10000bd6:	f854 7025 	ldr.w	r7, [r4, r5, lsl #2]
10000bda:	4a1e      	ldr	r2, [pc, #120]	@ (10000c54 <irq_add_tail_to_free_list+0xb0>)
10000bdc:	4604      	mov	r4, r0
10000bde:	1aa4      	subs	r4, r4, r2
10000be0:	4164      	adcs	r4, r4
10000be2:	4363      	muls	r3, r4
10000be4:	0d1b      	lsrs	r3, r3, #20
10000be6:	4577      	cmp	r7, lr
10000be8:	b25b      	sxtb	r3, r3
10000bea:	d01b      	beq.n	10000c24 <irq_add_tail_to_free_list+0x80>
10000bec:	f992 4006 	ldrsb.w	r4, [r2, #6]
10000bf0:	429c      	cmp	r4, r3
10000bf2:	d01c      	beq.n	10000c2e <irq_add_tail_to_free_list+0x8a>
10000bf4:	f992 4012 	ldrsb.w	r4, [r2, #18]
10000bf8:	429c      	cmp	r4, r3
10000bfa:	d023      	beq.n	10000c44 <irq_add_tail_to_free_list+0xa0>
10000bfc:	f992 401e 	ldrsb.w	r4, [r2, #30]
10000c00:	429c      	cmp	r4, r3
10000c02:	d021      	beq.n	10000c48 <irq_add_tail_to_free_list+0xa4>
10000c04:	f992 402a 	ldrsb.w	r4, [r2, #42]	@ 0x2a
10000c08:	429c      	cmp	r4, r3
10000c0a:	bf08      	it	eq
10000c0c:	2403      	moveq	r4, #3
10000c0e:	d00f      	beq.n	10000c30 <irq_add_tail_to_free_list+0x8c>
10000c10:	4a11      	ldr	r2, [pc, #68]	@ (10000c58 <irq_add_tail_to_free_list+0xb4>)
10000c12:	2400      	movs	r4, #0
10000c14:	7815      	ldrb	r5, [r2, #0]
10000c16:	7013      	strb	r3, [r2, #0]
10000c18:	7185      	strb	r5, [r0, #6]
10000c1a:	e8c1 4f8f 	stlb	r4, [r1]
10000c1e:	f38c 8810 	msr	PRIMASK, ip
10000c22:	bdf0      	pop	{r4, r5, r6, r7, pc}
10000c24:	68b2      	ldr	r2, [r6, #8]
10000c26:	4c0d      	ldr	r4, [pc, #52]	@ (10000c5c <irq_add_tail_to_free_list+0xb8>)
10000c28:	f842 4025 	str.w	r4, [r2, r5, lsl #2]
10000c2c:	e7f0      	b.n	10000c10 <irq_add_tail_to_free_list+0x6c>
10000c2e:	2400      	movs	r4, #0
10000c30:	eb04 0444 	add.w	r4, r4, r4, lsl #1
10000c34:	eb02 0284 	add.w	r2, r2, r4, lsl #2
10000c38:	24ff      	movs	r4, #255	@ 0xff
10000c3a:	7194      	strb	r4, [r2, #6]
10000c3c:	f64b 5401 	movw	r4, #48385	@ 0xbd01
10000c40:	8094      	strh	r4, [r2, #4]
10000c42:	e7e5      	b.n	10000c10 <irq_add_tail_to_free_list+0x6c>
10000c44:	2401      	movs	r4, #1
10000c46:	e7f3      	b.n	10000c30 <irq_add_tail_to_free_list+0x8c>
10000c48:	2402      	movs	r4, #2
10000c4a:	e7f1      	b.n	10000c30 <irq_add_tail_to_free_list+0x8c>
10000c4c:	20000461 	.word	0x20000461
10000c50:	e000ed00 	.word	0xe000ed00
10000c54:	2000026c 	.word	0x2000026c
10000c58:	200004e0 	.word	0x200004e0
10000c5c:	10000111 	.word	0x10000111

10000c60 <lock_init>:
10000c60:	4b01      	ldr	r3, [pc, #4]	@ (10000c68 <lock_init+0x8>)
10000c62:	440b      	add	r3, r1
10000c64:	6003      	str	r3, [r0, #0]
10000c66:	4770      	bx	lr
10000c68:	20000458 	.word	0x20000458

10000c6c <runtime_init_mutex>:
10000c6c:	b570      	push	{r4, r5, r6, lr}
10000c6e:	4c10      	ldr	r4, [pc, #64]	@ (10000cb0 <runtime_init_mutex+0x44>)
10000c70:	4d10      	ldr	r5, [pc, #64]	@ (10000cb4 <runtime_init_mutex+0x48>)
10000c72:	42ac      	cmp	r4, r5
10000c74:	d20e      	bcs.n	10000c94 <runtime_init_mutex+0x28>
10000c76:	26ff      	movs	r6, #255	@ 0xff
10000c78:	6823      	ldr	r3, [r4, #0]
10000c7a:	b163      	cbz	r3, 10000c96 <runtime_init_mutex+0x2a>
10000c7c:	f7ff fd34 	bl	100006e8 <next_striped_spin_lock_num>
10000c80:	4601      	mov	r1, r0
10000c82:	4620      	mov	r0, r4
10000c84:	f7ff ffec 	bl	10000c60 <lock_init>
10000c88:	80a6      	strh	r6, [r4, #4]
10000c8a:	f3bf 8f5f 	dmb	sy
10000c8e:	3408      	adds	r4, #8
10000c90:	42ac      	cmp	r4, r5
10000c92:	d3f1      	bcc.n	10000c78 <runtime_init_mutex+0xc>
10000c94:	bd70      	pop	{r4, r5, r6, pc}
10000c96:	f7ff fd27 	bl	100006e8 <next_striped_spin_lock_num>
10000c9a:	4601      	mov	r1, r0
10000c9c:	4620      	mov	r0, r4
10000c9e:	f7ff ffdf 	bl	10000c60 <lock_init>
10000ca2:	7126      	strb	r6, [r4, #4]
10000ca4:	f3bf 8f5f 	dmb	sy
10000ca8:	3408      	adds	r4, #8
10000caa:	42ac      	cmp	r4, r5
10000cac:	d3e4      	bcc.n	10000c78 <runtime_init_mutex+0xc>
10000cae:	bd70      	pop	{r4, r5, r6, pc}
10000cb0:	200002cc 	.word	0x200002cc
10000cb4:	200002d4 	.word	0x200002d4

10000cb8 <sleep_until_callback>:
10000cb8:	bf40      	sev
10000cba:	2000      	movs	r0, #0
10000cbc:	2100      	movs	r1, #0
10000cbe:	4770      	bx	lr

10000cc0 <alarm_pool_irq_handler>:
10000cc0:	e92d 4ff0 	stmdb	sp!, {r4, r5, r6, r7, r8, r9, sl, fp, lr}
10000cc4:	b087      	sub	sp, #28
10000cc6:	f3ef 8305 	mrs	r3, IPSR
10000cca:	b2db      	uxtb	r3, r3
10000ccc:	3b10      	subs	r3, #16
10000cce:	089a      	lsrs	r2, r3, #2
10000cd0:	bf16      	itet	ne
10000cd2:	498e      	ldrne	r1, [pc, #568]	@ (10000f0c <alarm_pool_irq_handler+0x24c>)
10000cd4:	498e      	ldreq	r1, [pc, #568]	@ (10000f10 <alarm_pool_irq_handler+0x250>)
10000cd6:	2201      	movne	r2, #1
10000cd8:	460d      	mov	r5, r1
10000cda:	9105      	str	r1, [sp, #20]
10000cdc:	2101      	movs	r1, #1
10000cde:	f003 0303 	and.w	r3, r3, #3
10000ce2:	fa01 f803 	lsl.w	r8, r1, r3
10000ce6:	46c3      	mov	fp, r8
10000ce8:	488a      	ldr	r0, [pc, #552]	@ (10000f14 <alarm_pool_irq_handler+0x254>)
10000cea:	eb03 0282 	add.w	r2, r3, r2, lsl #2
10000cee:	f850 4022 	ldr.w	r4, [r0, r2, lsl #2]
10000cf2:	f505 5241 	add.w	r2, r5, #12352	@ 0x3040
10000cf6:	0098      	lsls	r0, r3, #2
10000cf8:	9003      	str	r0, [sp, #12]
10000cfa:	f104 0a08 	add.w	sl, r4, #8
10000cfe:	f8c2 8004 	str.w	r8, [r2, #4]
10000d02:	9401      	str	r4, [sp, #4]
10000d04:	9b01      	ldr	r3, [sp, #4]
10000d06:	f9b3 6008 	ldrsh.w	r6, [r3, #8]
10000d0a:	f8c5 b03c 	str.w	fp, [r5, #60]	@ 0x3c
10000d0e:	2e00      	cmp	r6, #0
10000d10:	da76      	bge.n	10000e00 <alarm_pool_irq_handler+0x140>
10000d12:	889b      	ldrh	r3, [r3, #4]
10000d14:	041b      	lsls	r3, r3, #16
10000d16:	f100 8128 	bmi.w	10000f6a <alarm_pool_irq_handler+0x2aa>
10000d1a:	9c01      	ldr	r4, [sp, #4]
10000d1c:	6923      	ldr	r3, [r4, #16]
10000d1e:	f3ef 8210 	mrs	r2, PRIMASK
10000d22:	b672      	cpsid	i
10000d24:	e8d3 0fcf 	ldaexb	r0, [r3]
10000d28:	2101      	movs	r1, #1
10000d2a:	2800      	cmp	r0, #0
10000d2c:	d1fa      	bne.n	10000d24 <alarm_pool_irq_handler+0x64>
10000d2e:	e8c3 1f40 	strexb	r0, r1, [r3]
10000d32:	2800      	cmp	r0, #0
10000d34:	d1f6      	bne.n	10000d24 <alarm_pool_irq_handler+0x64>
10000d36:	f3bf 8f5f 	dmb	sy
10000d3a:	f64f 76ff 	movw	r6, #65535	@ 0xffff
10000d3e:	88a0      	ldrh	r0, [r4, #4]
10000d40:	2100      	movs	r1, #0
10000d42:	6923      	ldr	r3, [r4, #16]
10000d44:	b200      	sxth	r0, r0
10000d46:	80a6      	strh	r6, [r4, #4]
10000d48:	e8c3 1f8f 	stlb	r1, [r3]
10000d4c:	f382 8810 	msr	PRIMASK, r2
10000d50:	4288      	cmp	r0, r1
10000d52:	db2b      	blt.n	10000dac <alarm_pool_irq_handler+0xec>
10000d54:	46a6      	mov	lr, r4
10000d56:	6967      	ldr	r7, [r4, #20]
10000d58:	46a8      	mov	r8, r5
10000d5a:	4604      	mov	r4, r0
10000d5c:	f9be 3008 	ldrsh.w	r3, [lr, #8]
10000d60:	eb04 0644 	add.w	r6, r4, r4, lsl #1
10000d64:	eb07 02c6 	add.w	r2, r7, r6, lsl #3
10000d68:	2b00      	cmp	r3, #0
10000d6a:	46d4      	mov	ip, sl
10000d6c:	e9d2 5002 	ldrd	r5, r0, [r2, #8]
10000d70:	db13      	blt.n	10000d9a <alarm_pool_irq_handler+0xda>
10000d72:	46f1      	mov	r9, lr
10000d74:	9402      	str	r4, [sp, #8]
10000d76:	e004      	b.n	10000d82 <alarm_pool_irq_handler+0xc2>
10000d78:	f937 303e 	ldrsh.w	r3, [r7, lr, lsl #3]
10000d7c:	4694      	mov	ip, r2
10000d7e:	2b00      	cmp	r3, #0
10000d80:	db09      	blt.n	10000d96 <alarm_pool_irq_handler+0xd6>
10000d82:	eb03 0e43 	add.w	lr, r3, r3, lsl #1
10000d86:	eb07 02ce 	add.w	r2, r7, lr, lsl #3
10000d8a:	e9d2 4102 	ldrd	r4, r1, [r2, #8]
10000d8e:	42a5      	cmp	r5, r4
10000d90:	eb70 0101 	sbcs.w	r1, r0, r1
10000d94:	daf0      	bge.n	10000d78 <alarm_pool_irq_handler+0xb8>
10000d96:	46ce      	mov	lr, r9
10000d98:	9c02      	ldr	r4, [sp, #8]
10000d9a:	f8ac 4000 	strh.w	r4, [ip]
10000d9e:	f937 4036 	ldrsh.w	r4, [r7, r6, lsl #3]
10000da2:	f827 3036 	strh.w	r3, [r7, r6, lsl #3]
10000da6:	2c00      	cmp	r4, #0
10000da8:	dad8      	bge.n	10000d5c <alarm_pool_irq_handler+0x9c>
10000daa:	4645      	mov	r5, r8
10000dac:	9b01      	ldr	r3, [sp, #4]
10000dae:	f9b3 3008 	ldrsh.w	r3, [r3, #8]
10000db2:	2b00      	cmp	r3, #0
10000db4:	f2c0 80d9 	blt.w	10000f6a <alarm_pool_irq_handler+0x2aa>
10000db8:	9a01      	ldr	r2, [sp, #4]
10000dba:	eb03 0343 	add.w	r3, r3, r3, lsl #1
10000dbe:	6952      	ldr	r2, [r2, #20]
10000dc0:	6aa9      	ldr	r1, [r5, #40]	@ 0x28
10000dc2:	eb02 03c3 	add.w	r3, r2, r3, lsl #3
10000dc6:	9a03      	ldr	r2, [sp, #12]
10000dc8:	689e      	ldr	r6, [r3, #8]
10000dca:	18a8      	adds	r0, r5, r2
10000dcc:	6902      	ldr	r2, [r0, #16]
10000dce:	eba6 0c01 	sub.w	ip, r6, r1
10000dd2:	1a52      	subs	r2, r2, r1
10000dd4:	4594      	cmp	ip, r2
10000dd6:	68df      	ldr	r7, [r3, #12]
10000dd8:	d303      	bcc.n	10000de2 <alarm_pool_irq_handler+0x122>
10000dda:	6a2b      	ldr	r3, [r5, #32]
10000ddc:	ea13 0f0b 	tst.w	r3, fp
10000de0:	d100      	bne.n	10000de4 <alarm_pool_irq_handler+0x124>
10000de2:	6106      	str	r6, [r0, #16]
10000de4:	9b01      	ldr	r3, [sp, #4]
10000de6:	799b      	ldrb	r3, [r3, #6]
10000de8:	2b00      	cmp	r3, #0
10000dea:	d14d      	bne.n	10000e88 <alarm_pool_irq_handler+0x1c8>
10000dec:	4628      	mov	r0, r5
10000dee:	f000 fb0f 	bl	10001410 <timer_time_us_64>
10000df2:	42b0      	cmp	r0, r6
10000df4:	41b9      	sbcs	r1, r7
10000df6:	da85      	bge.n	10000d04 <alarm_pool_irq_handler+0x44>
10000df8:	bf40      	sev
10000dfa:	b007      	add	sp, #28
10000dfc:	e8bd 8ff0 	ldmia.w	sp!, {r4, r5, r6, r7, r8, r9, sl, fp, pc}
10000e00:	f8d3 8014 	ldr.w	r8, [r3, #20]
10000e04:	eb06 0946 	add.w	r9, r6, r6, lsl #1
10000e08:	eb08 07c9 	add.w	r7, r8, r9, lsl #3
10000e0c:	68bb      	ldr	r3, [r7, #8]
10000e0e:	4628      	mov	r0, r5
10000e10:	68fc      	ldr	r4, [r7, #12]
10000e12:	9302      	str	r3, [sp, #8]
10000e14:	f000 fafc 	bl	10001410 <timer_time_us_64>
10000e18:	9b02      	ldr	r3, [sp, #8]
10000e1a:	4298      	cmp	r0, r3
10000e1c:	41a1      	sbcs	r1, r4
10000e1e:	db2d      	blt.n	10000e7c <alarm_pool_irq_handler+0x1bc>
10000e20:	e9d7 3104 	ldrd	r3, r1, [r7, #16]
10000e24:	2b02      	cmp	r3, #2
10000e26:	d077      	beq.n	10000f18 <alarm_pool_irq_handler+0x258>
10000e28:	9801      	ldr	r0, [sp, #4]
10000e2a:	887a      	ldrh	r2, [r7, #2]
10000e2c:	f9b0 0008 	ldrsh.w	r0, [r0, #8]
10000e30:	b292      	uxth	r2, r2
10000e32:	ea42 4000 	orr.w	r0, r2, r0, lsl #16
10000e36:	4798      	blx	r3
10000e38:	4602      	mov	r2, r0
10000e3a:	460b      	mov	r3, r1
10000e3c:	ea52 0103 	orrs.w	r1, r2, r3
10000e40:	d070      	beq.n	10000f24 <alarm_pool_irq_handler+0x264>
10000e42:	2b00      	cmp	r3, #0
10000e44:	f280 80b0 	bge.w	10000fa8 <alarm_pool_irq_handler+0x2e8>
10000e48:	9902      	ldr	r1, [sp, #8]
10000e4a:	ebb1 0e02 	subs.w	lr, r1, r2
10000e4e:	eb64 0c03 	sbc.w	ip, r4, r3
10000e52:	f938 3039 	ldrsh.w	r3, [r8, r9, lsl #3]
10000e56:	e9c7 ec02 	strd	lr, ip, [r7, #8]
10000e5a:	2b00      	cmp	r3, #0
10000e5c:	db0e      	blt.n	10000e7c <alarm_pool_irq_handler+0x1bc>
10000e5e:	9a01      	ldr	r2, [sp, #4]
10000e60:	6950      	ldr	r0, [r2, #20]
10000e62:	eb03 0243 	add.w	r2, r3, r3, lsl #1
10000e66:	eb00 02c2 	add.w	r2, r0, r2, lsl #3
10000e6a:	e9d2 7102 	ldrd	r7, r1, [r2, #8]
10000e6e:	45be      	cmp	lr, r7
10000e70:	eb7c 0401 	sbcs.w	r4, ip, r1
10000e74:	ea4f 0243 	mov.w	r2, r3, lsl #1
10000e78:	f280 80a2 	bge.w	10000fc0 <alarm_pool_irq_handler+0x300>
10000e7c:	9b01      	ldr	r3, [sp, #4]
10000e7e:	889b      	ldrh	r3, [r3, #4]
10000e80:	0418      	lsls	r0, r3, #16
10000e82:	f57f af4a 	bpl.w	10000d1a <alarm_pool_irq_handler+0x5a>
10000e86:	e791      	b.n	10000dac <alarm_pool_irq_handler+0xec>
10000e88:	f04f 0e00 	mov.w	lr, #0
10000e8c:	9801      	ldr	r0, [sp, #4]
10000e8e:	f880 e006 	strb.w	lr, [r0, #6]
10000e92:	f9b0 3008 	ldrsh.w	r3, [r0, #8]
10000e96:	46d4      	mov	ip, sl
10000e98:	1c59      	adds	r1, r3, #1
10000e9a:	d0a7      	beq.n	10000dec <alarm_pool_irq_handler+0x12c>
10000e9c:	f8cd b008 	str.w	fp, [sp, #8]
10000ea0:	9504      	str	r5, [sp, #16]
10000ea2:	e002      	b.n	10000eaa <alarm_pool_irq_handler+0x1ea>
10000ea4:	1c5a      	adds	r2, r3, #1
10000ea6:	46ac      	mov	ip, r5
10000ea8:	d02c      	beq.n	10000f04 <alarm_pool_irq_handler+0x244>
10000eaa:	6942      	ldr	r2, [r0, #20]
10000eac:	eb03 0143 	add.w	r1, r3, r3, lsl #1
10000eb0:	eb02 05c1 	add.w	r5, r2, r1, lsl #3
10000eb4:	f8b5 8002 	ldrh.w	r8, [r5, #2]
10000eb8:	461c      	mov	r4, r3
10000eba:	f418 4f00 	tst.w	r8, #32768	@ 0x8000
10000ebe:	f932 3031 	ldrsh.w	r3, [r2, r1, lsl #3]
10000ec2:	d0ef      	beq.n	10000ea4 <alarm_pool_irq_handler+0x1e4>
10000ec4:	6905      	ldr	r5, [r0, #16]
10000ec6:	f8ac 3000 	strh.w	r3, [ip]
10000eca:	f3ef 8810 	mrs	r8, PRIMASK
10000ece:	b672      	cpsid	i
10000ed0:	e8d5 bfcf 	ldaexb	fp, [r5]
10000ed4:	f05f 0901 	movs.w	r9, #1
10000ed8:	f1bb 0f00 	cmp.w	fp, #0
10000edc:	d1f8      	bne.n	10000ed0 <alarm_pool_irq_handler+0x210>
10000ede:	e8c5 9f4b 	strexb	fp, r9, [r5]
10000ee2:	f1bb 0f00 	cmp.w	fp, #0
10000ee6:	d1f3      	bne.n	10000ed0 <alarm_pool_irq_handler+0x210>
10000ee8:	f3bf 8f5f 	dmb	sy
10000eec:	f8b0 9002 	ldrh.w	r9, [r0, #2]
10000ef0:	6905      	ldr	r5, [r0, #16]
10000ef2:	f822 9031 	strh.w	r9, [r2, r1, lsl #3]
10000ef6:	8044      	strh	r4, [r0, #2]
10000ef8:	e8c5 ef8f 	stlb	lr, [r5]
10000efc:	f388 8810 	msr	PRIMASK, r8
10000f00:	1c5a      	adds	r2, r3, #1
10000f02:	d1d2      	bne.n	10000eaa <alarm_pool_irq_handler+0x1ea>
10000f04:	f8dd b008 	ldr.w	fp, [sp, #8]
10000f08:	9d04      	ldr	r5, [sp, #16]
10000f0a:	e76f      	b.n	10000dec <alarm_pool_irq_handler+0x12c>
10000f0c:	400b8000 	.word	0x400b8000
10000f10:	400b0000 	.word	0x400b0000
10000f14:	200004b8 	.word	0x200004b8
10000f18:	4608      	mov	r0, r1
10000f1a:	690b      	ldr	r3, [r1, #16]
10000f1c:	9104      	str	r1, [sp, #16]
10000f1e:	4798      	blx	r3
10000f20:	2800      	cmp	r0, #0
10000f22:	d136      	bne.n	10000f92 <alarm_pool_irq_handler+0x2d2>
10000f24:	f838 3039 	ldrh.w	r3, [r8, r9, lsl #3]
10000f28:	9c01      	ldr	r4, [sp, #4]
10000f2a:	8123      	strh	r3, [r4, #8]
10000f2c:	6923      	ldr	r3, [r4, #16]
10000f2e:	f3ef 8210 	mrs	r2, PRIMASK
10000f32:	b672      	cpsid	i
10000f34:	e8d3 0fcf 	ldaexb	r0, [r3]
10000f38:	2101      	movs	r1, #1
10000f3a:	2800      	cmp	r0, #0
10000f3c:	d1fa      	bne.n	10000f34 <alarm_pool_irq_handler+0x274>
10000f3e:	e8c3 1f40 	strexb	r0, r1, [r3]
10000f42:	2800      	cmp	r0, #0
10000f44:	d1f6      	bne.n	10000f34 <alarm_pool_irq_handler+0x274>
10000f46:	f3bf 8f5f 	dmb	sy
10000f4a:	8863      	ldrh	r3, [r4, #2]
10000f4c:	6921      	ldr	r1, [r4, #16]
10000f4e:	f828 3039 	strh.w	r3, [r8, r9, lsl #3]
10000f52:	2300      	movs	r3, #0
10000f54:	8066      	strh	r6, [r4, #2]
10000f56:	e8c1 3f8f 	stlb	r3, [r1]
10000f5a:	f382 8810 	msr	PRIMASK, r2
10000f5e:	9b01      	ldr	r3, [sp, #4]
10000f60:	889b      	ldrh	r3, [r3, #4]
10000f62:	0418      	lsls	r0, r3, #16
10000f64:	f57f aed9 	bpl.w	10000d1a <alarm_pool_irq_handler+0x5a>
10000f68:	e720      	b.n	10000dac <alarm_pool_irq_handler+0xec>
10000f6a:	9d05      	ldr	r5, [sp, #20]
10000f6c:	46d8      	mov	r8, fp
10000f6e:	4628      	mov	r0, r5
10000f70:	f000 fa4e 	bl	10001410 <timer_time_us_64>
10000f74:	9c03      	ldr	r4, [sp, #12]
10000f76:	6aab      	ldr	r3, [r5, #40]	@ 0x28
10000f78:	442c      	add	r4, r5
10000f7a:	6921      	ldr	r1, [r4, #16]
10000f7c:	f100 4000 	add.w	r0, r0, #2147483648	@ 0x80000000
10000f80:	1ac9      	subs	r1, r1, r3
10000f82:	1ac3      	subs	r3, r0, r3
10000f84:	428b      	cmp	r3, r1
10000f86:	d208      	bcs.n	10000f9a <alarm_pool_irq_handler+0x2da>
10000f88:	6120      	str	r0, [r4, #16]
10000f8a:	bf40      	sev
10000f8c:	b007      	add	sp, #28
10000f8e:	e8bd 8ff0 	ldmia.w	sp!, {r4, r5, r6, r7, r8, r9, sl, fp, pc}
10000f92:	9904      	ldr	r1, [sp, #16]
10000f94:	e9d1 2300 	ldrd	r2, r3, [r1]
10000f98:	e750      	b.n	10000e3c <alarm_pool_irq_handler+0x17c>
10000f9a:	6a2b      	ldr	r3, [r5, #32]
10000f9c:	ea13 0f08 	tst.w	r3, r8
10000fa0:	f47f af2a 	bne.w	10000df8 <alarm_pool_irq_handler+0x138>
10000fa4:	6120      	str	r0, [r4, #16]
10000fa6:	e7f0      	b.n	10000f8a <alarm_pool_irq_handler+0x2ca>
10000fa8:	4628      	mov	r0, r5
10000faa:	9304      	str	r3, [sp, #16]
10000fac:	9202      	str	r2, [sp, #8]
10000fae:	f000 fa2f 	bl	10001410 <timer_time_us_64>
10000fb2:	9a02      	ldr	r2, [sp, #8]
10000fb4:	9b04      	ldr	r3, [sp, #16]
10000fb6:	eb10 0e02 	adds.w	lr, r0, r2
10000fba:	eb43 0c01 	adc.w	ip, r3, r1
10000fbe:	e748      	b.n	10000e52 <alarm_pool_irq_handler+0x192>
10000fc0:	9c01      	ldr	r4, [sp, #4]
10000fc2:	9502      	str	r5, [sp, #8]
10000fc4:	f824 3f08 	strh.w	r3, [r4, #8]!
10000fc8:	4625      	mov	r5, r4
10000fca:	e00b      	b.n	10000fe4 <alarm_pool_irq_handler+0x324>
10000fcc:	f930 3032 	ldrsh.w	r3, [r0, r2, lsl #3]
10000fd0:	4625      	mov	r5, r4
10000fd2:	2b00      	cmp	r3, #0
10000fd4:	db0d      	blt.n	10000ff2 <alarm_pool_irq_handler+0x332>
10000fd6:	eb03 0243 	add.w	r2, r3, r3, lsl #1
10000fda:	eb00 02c2 	add.w	r2, r0, r2, lsl #3
10000fde:	e9d2 7102 	ldrd	r7, r1, [r2, #8]
10000fe2:	005a      	lsls	r2, r3, #1
10000fe4:	45be      	cmp	lr, r7
10000fe6:	441a      	add	r2, r3
10000fe8:	eb7c 0101 	sbcs.w	r1, ip, r1
10000fec:	eb00 04c2 	add.w	r4, r0, r2, lsl #3
10000ff0:	daec      	bge.n	10000fcc <alarm_pool_irq_handler+0x30c>
10000ff2:	462a      	mov	r2, r5
10000ff4:	f828 3039 	strh.w	r3, [r8, r9, lsl #3]
10000ff8:	9b01      	ldr	r3, [sp, #4]
10000ffa:	8016      	strh	r6, [r2, #0]
10000ffc:	889b      	ldrh	r3, [r3, #4]
10000ffe:	9d02      	ldr	r5, [sp, #8]
10001000:	0418      	lsls	r0, r3, #16
10001002:	f57f ae8a 	bpl.w	10000d1a <alarm_pool_irq_handler+0x5a>
10001006:	e6d1      	b.n	10000dac <alarm_pool_irq_handler+0xec>

10001008 <runtime_init_default_alarm_pool>:
10001008:	e92d 4ff8 	stmdb	sp!, {r3, r4, r5, r6, r7, r8, r9, sl, fp, lr}
1000100c:	4c32      	ldr	r4, [pc, #200]	@ (100010d8 <runtime_init_default_alarm_pool+0xd0>)
1000100e:	6925      	ldr	r5, [r4, #16]
10001010:	b10d      	cbz	r5, 10001016 <runtime_init_default_alarm_pool+0xe>
10001012:	e8bd 8ff8 	ldmia.w	sp!, {r3, r4, r5, r6, r7, r8, r9, sl, fp, pc}
10001016:	f8df 80d8 	ldr.w	r8, [pc, #216]	@ 100010f0 <runtime_init_default_alarm_pool+0xe8>
1000101a:	2103      	movs	r1, #3
1000101c:	4640      	mov	r0, r8
1000101e:	f000 f9e5 	bl	100013ec <timer_hardware_alarm_claim>
10001022:	2603      	movs	r6, #3
10001024:	f8c4 800c 	str.w	r8, [r4, #12]
10001028:	f7ff fb5e 	bl	100006e8 <next_striped_spin_lock_num>
1000102c:	f04f 4c50 	mov.w	ip, #3489660928	@ 0xd0000000
10001030:	4b2a      	ldr	r3, [pc, #168]	@ (100010dc <runtime_init_default_alarm_pool+0xd4>)
10001032:	7026      	strb	r6, [r4, #0]
10001034:	4403      	add	r3, r0
10001036:	6123      	str	r3, [r4, #16]
10001038:	f8dc 3000 	ldr.w	r3, [ip]
1000103c:	210f      	movs	r1, #15
1000103e:	7063      	strb	r3, [r4, #1]
10001040:	6963      	ldr	r3, [r4, #20]
10001042:	8061      	strh	r1, [r4, #2]
10001044:	831d      	strh	r5, [r3, #24]
10001046:	f04f 0504 	mov.w	r5, #4
1000104a:	f8a3 5078 	strh.w	r5, [r3, #120]	@ 0x78
1000104e:	f04f 0505 	mov.w	r5, #5
10001052:	f8a3 5090 	strh.w	r5, [r3, #144]	@ 0x90
10001056:	f04f 0506 	mov.w	r5, #6
1000105a:	f8a3 50a8 	strh.w	r5, [r3, #168]	@ 0xa8
1000105e:	f04f 0507 	mov.w	r5, #7
10001062:	210e      	movs	r1, #14
10001064:	f64f 72ff 	movw	r2, #65535	@ 0xffff
10001068:	f8a3 50c0 	strh.w	r5, [r3, #192]	@ 0xc0
1000106c:	2708      	movs	r7, #8
1000106e:	f04f 0e0a 	mov.w	lr, #10
10001072:	f04f 0c0c 	mov.w	ip, #12
10001076:	f04f 0901 	mov.w	r9, #1
1000107a:	200d      	movs	r0, #13
1000107c:	f04f 0b02 	mov.w	fp, #2
10001080:	f04f 0a09 	mov.w	sl, #9
10001084:	f04f 050b 	mov.w	r5, #11
10001088:	f8a3 1168 	strh.w	r1, [r3, #360]	@ 0x168
1000108c:	4914      	ldr	r1, [pc, #80]	@ (100010e0 <runtime_init_default_alarm_pool+0xd8>)
1000108e:	80a2      	strh	r2, [r4, #4]
10001090:	f8a3 e108 	strh.w	lr, [r3, #264]	@ 0x108
10001094:	f8a3 c138 	strh.w	ip, [r3, #312]	@ 0x138
10001098:	f8a3 0150 	strh.w	r0, [r3, #336]	@ 0x150
1000109c:	60a1      	str	r1, [r4, #8]
1000109e:	f8a3 b048 	strh.w	fp, [r3, #72]	@ 0x48
100010a2:	801a      	strh	r2, [r3, #0]
100010a4:	f8a3 a0f0 	strh.w	sl, [r3, #240]	@ 0xf0
100010a8:	f8a3 5120 	strh.w	r5, [r3, #288]	@ 0x120
100010ac:	f8a3 9030 	strh.w	r9, [r3, #48]	@ 0x30
100010b0:	f8a3 6060 	strh.w	r6, [r3, #96]	@ 0x60
100010b4:	f8a3 70d8 	strh.w	r7, [r3, #216]	@ 0xd8
100010b8:	4b0a      	ldr	r3, [pc, #40]	@ (100010e4 <runtime_init_default_alarm_pool+0xdc>)
100010ba:	4630      	mov	r0, r6
100010bc:	490a      	ldr	r1, [pc, #40]	@ (100010e8 <runtime_init_default_alarm_pool+0xe0>)
100010be:	f8c8 7020 	str.w	r7, [r8, #32]
100010c2:	60dc      	str	r4, [r3, #12]
100010c4:	f7ff fb66 	bl	10000794 <irq_set_exclusive_handler>
100010c8:	4649      	mov	r1, r9
100010ca:	4630      	mov	r0, r6
100010cc:	f7ff fb4c 	bl	10000768 <irq_set_enabled>
100010d0:	4b06      	ldr	r3, [pc, #24]	@ (100010ec <runtime_init_default_alarm_pool+0xe4>)
100010d2:	641f      	str	r7, [r3, #64]	@ 0x40
100010d4:	e8bd 8ff8 	ldmia.w	sp!, {r3, r4, r5, r6, r7, r8, r9, sl, fp, pc}
100010d8:	200002b4 	.word	0x200002b4
100010dc:	20000458 	.word	0x20000458
100010e0:	0010ffff 	.word	0x0010ffff
100010e4:	200004b8 	.word	0x200004b8
100010e8:	10000cc1 	.word	0x10000cc1
100010ec:	400b2000 	.word	0x400b2000
100010f0:	400b0000 	.word	0x400b0000

100010f4 <alarm_pool_get_default>:
100010f4:	4800      	ldr	r0, [pc, #0]	@ (100010f8 <alarm_pool_get_default+0x4>)
100010f6:	4770      	bx	lr
100010f8:	200002b4 	.word	0x200002b4

100010fc <alarm_pool_add_alarm_at>:
100010fc:	b5f8      	push	{r3, r4, r5, r6, r7, lr}
100010fe:	f89d 7020 	ldrb.w	r7, [sp, #32]
10001102:	4604      	mov	r4, r0
10001104:	4616      	mov	r6, r2
10001106:	461d      	mov	r5, r3
10001108:	b937      	cbnz	r7, 10001118 <alarm_pool_add_alarm_at+0x1c>
1000110a:	f000 f989 	bl	10001420 <time_us_64>
1000110e:	4286      	cmp	r6, r0
10001110:	eb65 0101 	sbc.w	r1, r5, r1
10001114:	2900      	cmp	r1, #0
10001116:	db5c      	blt.n	100011d2 <alarm_pool_add_alarm_at+0xd6>
10001118:	6923      	ldr	r3, [r4, #16]
1000111a:	f3ef 8710 	mrs	r7, PRIMASK
1000111e:	b672      	cpsid	i
10001120:	e8d3 1fcf 	ldaexb	r1, [r3]
10001124:	2201      	movs	r2, #1
10001126:	2900      	cmp	r1, #0
10001128:	d1fa      	bne.n	10001120 <alarm_pool_add_alarm_at+0x24>
1000112a:	e8c3 2f41 	strexb	r1, r2, [r3]
1000112e:	2900      	cmp	r1, #0
10001130:	d1f6      	bne.n	10001120 <alarm_pool_add_alarm_at+0x24>
10001132:	f3bf 8f5f 	dmb	sy
10001136:	f9b4 c002 	ldrsh.w	ip, [r4, #2]
1000113a:	6963      	ldr	r3, [r4, #20]
1000113c:	eb0c 014c 	add.w	r1, ip, ip, lsl #1
10001140:	f1bc 0f00 	cmp.w	ip, #0
10001144:	ea4f 02c1 	mov.w	r2, r1, lsl #3
10001148:	eb03 01c1 	add.w	r1, r3, r1, lsl #3
1000114c:	db38      	blt.n	100011c0 <alarm_pool_add_alarm_at+0xc4>
1000114e:	5a98      	ldrh	r0, [r3, r2]
10001150:	f04f 0e00 	mov.w	lr, #0
10001154:	8060      	strh	r0, [r4, #2]
10001156:	6920      	ldr	r0, [r4, #16]
10001158:	e8c0 ef8f 	stlb	lr, [r0]
1000115c:	f387 8810 	msr	PRIMASK, r7
10001160:	9806      	ldr	r0, [sp, #24]
10001162:	e9c1 6502 	strd	r6, r5, [r1, #8]
10001166:	6108      	str	r0, [r1, #16]
10001168:	9807      	ldr	r0, [sp, #28]
1000116a:	6148      	str	r0, [r1, #20]
1000116c:	8848      	ldrh	r0, [r1, #2]
1000116e:	3001      	adds	r0, #1
10001170:	f3c0 000e 	ubfx	r0, r0, #0, #15
10001174:	2801      	cmp	r0, #1
10001176:	bf38      	it	cc
10001178:	2001      	movcc	r0, #1
1000117a:	8048      	strh	r0, [r1, #2]
1000117c:	ea40 400c 	orr.w	r0, r0, ip, lsl #16
10001180:	6921      	ldr	r1, [r4, #16]
10001182:	f3ef 8510 	mrs	r5, PRIMASK
10001186:	b672      	cpsid	i
10001188:	e8d1 7fcf 	ldaexb	r7, [r1]
1000118c:	2601      	movs	r6, #1
1000118e:	2f00      	cmp	r7, #0
10001190:	d1fa      	bne.n	10001188 <alarm_pool_add_alarm_at+0x8c>
10001192:	e8c1 6f47 	strexb	r7, r6, [r1]
10001196:	2f00      	cmp	r7, #0
10001198:	d1f6      	bne.n	10001188 <alarm_pool_add_alarm_at+0x8c>
1000119a:	f3bf 8f5f 	dmb	sy
1000119e:	88a1      	ldrh	r1, [r4, #4]
100011a0:	5299      	strh	r1, [r3, r2]
100011a2:	f8a4 c004 	strh.w	ip, [r4, #4]
100011a6:	6923      	ldr	r3, [r4, #16]
100011a8:	e8c3 ef8f 	stlb	lr, [r3]
100011ac:	f385 8810 	msr	PRIMASK, r5
100011b0:	2201      	movs	r2, #1
100011b2:	68e3      	ldr	r3, [r4, #12]
100011b4:	7821      	ldrb	r1, [r4, #0]
100011b6:	f503 5301 	add.w	r3, r3, #8256	@ 0x2040
100011ba:	408a      	lsls	r2, r1
100011bc:	605a      	str	r2, [r3, #4]
100011be:	bdf8      	pop	{r3, r4, r5, r6, r7, pc}
100011c0:	2300      	movs	r3, #0
100011c2:	6922      	ldr	r2, [r4, #16]
100011c4:	e8c2 3f8f 	stlb	r3, [r2]
100011c8:	f387 8810 	msr	PRIMASK, r7
100011cc:	f04f 30ff 	mov.w	r0, #4294967295	@ 0xffffffff
100011d0:	bdf8      	pop	{r3, r4, r5, r6, r7, pc}
100011d2:	4638      	mov	r0, r7
100011d4:	bdf8      	pop	{r3, r4, r5, r6, r7, pc}
100011d6:	bf00      	nop

100011d8 <alarm_pool_add_alarm_at_force_in_context>:
100011d8:	4601      	mov	r1, r0
100011da:	b5f0      	push	{r4, r5, r6, r7, lr}
100011dc:	6900      	ldr	r0, [r0, #16]
100011de:	f3ef 8710 	mrs	r7, PRIMASK
100011e2:	b672      	cpsid	i
100011e4:	e8d0 5fcf 	ldaexb	r5, [r0]
100011e8:	2401      	movs	r4, #1
100011ea:	2d00      	cmp	r5, #0
100011ec:	d1fa      	bne.n	100011e4 <alarm_pool_add_alarm_at_force_in_context+0xc>
100011ee:	e8c0 4f45 	strexb	r5, r4, [r0]
100011f2:	2d00      	cmp	r5, #0
100011f4:	d1f6      	bne.n	100011e4 <alarm_pool_add_alarm_at_force_in_context+0xc>
100011f6:	f3bf 8f5f 	dmb	sy
100011fa:	f9b1 e002 	ldrsh.w	lr, [r1, #2]
100011fe:	694c      	ldr	r4, [r1, #20]
10001200:	eb0e 0c4e 	add.w	ip, lr, lr, lsl #1
10001204:	f1be 0f00 	cmp.w	lr, #0
10001208:	ea4f 05cc 	mov.w	r5, ip, lsl #3
1000120c:	eb04 0ccc 	add.w	ip, r4, ip, lsl #3
10001210:	db3d      	blt.n	1000128e <alarm_pool_add_alarm_at_force_in_context+0xb6>
10001212:	5b60      	ldrh	r0, [r4, r5]
10001214:	2600      	movs	r6, #0
10001216:	8048      	strh	r0, [r1, #2]
10001218:	6908      	ldr	r0, [r1, #16]
1000121a:	e8c0 6f8f 	stlb	r6, [r0]
1000121e:	f387 8810 	msr	PRIMASK, r7
10001222:	f8bc 0002 	ldrh.w	r0, [ip, #2]
10001226:	e9cc 2302 	strd	r2, r3, [ip, #8]
1000122a:	3001      	adds	r0, #1
1000122c:	f3c0 000e 	ubfx	r0, r0, #0, #15
10001230:	2801      	cmp	r0, #1
10001232:	bf38      	it	cc
10001234:	2001      	movcc	r0, #1
10001236:	9b05      	ldr	r3, [sp, #20]
10001238:	f8ac 0002 	strh.w	r0, [ip, #2]
1000123c:	f8cc 3010 	str.w	r3, [ip, #16]
10001240:	9b06      	ldr	r3, [sp, #24]
10001242:	ea40 400e 	orr.w	r0, r0, lr, lsl #16
10001246:	f8cc 3014 	str.w	r3, [ip, #20]
1000124a:	690b      	ldr	r3, [r1, #16]
1000124c:	f3ef 8210 	mrs	r2, PRIMASK
10001250:	b672      	cpsid	i
10001252:	e8d3 cfcf 	ldaexb	ip, [r3]
10001256:	2701      	movs	r7, #1
10001258:	f1bc 0f00 	cmp.w	ip, #0
1000125c:	d1f9      	bne.n	10001252 <alarm_pool_add_alarm_at_force_in_context+0x7a>
1000125e:	e8c3 7f4c 	strexb	ip, r7, [r3]
10001262:	f1bc 0f00 	cmp.w	ip, #0
10001266:	d1f4      	bne.n	10001252 <alarm_pool_add_alarm_at_force_in_context+0x7a>
10001268:	f3bf 8f5f 	dmb	sy
1000126c:	888b      	ldrh	r3, [r1, #4]
1000126e:	5363      	strh	r3, [r4, r5]
10001270:	f8a1 e004 	strh.w	lr, [r1, #4]
10001274:	690b      	ldr	r3, [r1, #16]
10001276:	e8c3 6f8f 	stlb	r6, [r3]
1000127a:	f382 8810 	msr	PRIMASK, r2
1000127e:	2201      	movs	r2, #1
10001280:	68cb      	ldr	r3, [r1, #12]
10001282:	7809      	ldrb	r1, [r1, #0]
10001284:	f503 5301 	add.w	r3, r3, #8256	@ 0x2040
10001288:	408a      	lsls	r2, r1
1000128a:	605a      	str	r2, [r3, #4]
1000128c:	bdf0      	pop	{r4, r5, r6, r7, pc}
1000128e:	2300      	movs	r3, #0
10001290:	690a      	ldr	r2, [r1, #16]
10001292:	e8c2 3f8f 	stlb	r3, [r2]
10001296:	f387 8810 	msr	PRIMASK, r7
1000129a:	f04f 30ff 	mov.w	r0, #4294967295	@ 0xffffffff
1000129e:	bdf0      	pop	{r4, r5, r6, r7, pc}

100012a0 <alarm_pool_cancel_alarm>:
100012a0:	4603      	mov	r3, r0
100012a2:	8940      	ldrh	r0, [r0, #10]
100012a4:	ebb0 4f21 	cmp.w	r0, r1, asr #16
100012a8:	dd37      	ble.n	1000131a <alarm_pool_cancel_alarm+0x7a>
100012aa:	6958      	ldr	r0, [r3, #20]
100012ac:	140a      	asrs	r2, r1, #16
100012ae:	eb02 0242 	add.w	r2, r2, r2, lsl #1
100012b2:	b510      	push	{r4, lr}
100012b4:	eb00 00c2 	add.w	r0, r0, r2, lsl #3
100012b8:	691c      	ldr	r4, [r3, #16]
100012ba:	f3ef 8c10 	mrs	ip, PRIMASK
100012be:	b672      	cpsid	i
100012c0:	e8d4 efcf 	ldaexb	lr, [r4]
100012c4:	2201      	movs	r2, #1
100012c6:	f1be 0f00 	cmp.w	lr, #0
100012ca:	d1f9      	bne.n	100012c0 <alarm_pool_cancel_alarm+0x20>
100012cc:	e8c4 2f4e 	strexb	lr, r2, [r4]
100012d0:	f1be 0f00 	cmp.w	lr, #0
100012d4:	d1f4      	bne.n	100012c0 <alarm_pool_cancel_alarm+0x20>
100012d6:	f3bf 8f5f 	dmb	sy
100012da:	8842      	ldrh	r2, [r0, #2]
100012dc:	b289      	uxth	r1, r1
100012de:	b292      	uxth	r2, r2
100012e0:	428a      	cmp	r2, r1
100012e2:	d007      	beq.n	100012f4 <alarm_pool_cancel_alarm+0x54>
100012e4:	2200      	movs	r2, #0
100012e6:	691b      	ldr	r3, [r3, #16]
100012e8:	e8c3 2f8f 	stlb	r2, [r3]
100012ec:	f38c 8810 	msr	PRIMASK, ip
100012f0:	2000      	movs	r0, #0
100012f2:	bd10      	pop	{r4, pc}
100012f4:	f442 4200 	orr.w	r2, r2, #32768	@ 0x8000
100012f8:	8042      	strh	r2, [r0, #2]
100012fa:	2101      	movs	r1, #1
100012fc:	2200      	movs	r2, #0
100012fe:	6918      	ldr	r0, [r3, #16]
10001300:	7199      	strb	r1, [r3, #6]
10001302:	e8c0 2f8f 	stlb	r2, [r0]
10001306:	f38c 8810 	msr	PRIMASK, ip
1000130a:	781c      	ldrb	r4, [r3, #0]
1000130c:	68da      	ldr	r2, [r3, #12]
1000130e:	4608      	mov	r0, r1
10001310:	f502 5301 	add.w	r3, r2, #8256	@ 0x2040
10001314:	40a1      	lsls	r1, r4
10001316:	6059      	str	r1, [r3, #4]
10001318:	bd10      	pop	{r4, pc}
1000131a:	2000      	movs	r0, #0
1000131c:	4770      	bx	lr
1000131e:	bf00      	nop

10001320 <best_effort_wfe_or_timeout>:
10001320:	e92d 43f0 	stmdb	sp!, {r4, r5, r6, r7, r8, r9, lr}
10001324:	4605      	mov	r5, r0
10001326:	460c      	mov	r4, r1
10001328:	b083      	sub	sp, #12
1000132a:	f3ef 8605 	mrs	r6, IPSR
1000132e:	b2f6      	uxtb	r6, r6
10001330:	b166      	cbz	r6, 1000134c <best_effort_wfe_or_timeout+0x2c>
10001332:	4b2b      	ldr	r3, [pc, #172]	@ (100013e0 <best_effort_wfe_or_timeout+0xc0>)
10001334:	6a58      	ldr	r0, [r3, #36]	@ 0x24
10001336:	42a0      	cmp	r0, r4
10001338:	d325      	bcc.n	10001386 <best_effort_wfe_or_timeout+0x66>
1000133a:	6a9b      	ldr	r3, [r3, #40]	@ 0x28
1000133c:	42ab      	cmp	r3, r5
1000133e:	d22b      	bcs.n	10001398 <best_effort_wfe_or_timeout+0x78>
10001340:	1b00      	subs	r0, r0, r4
10001342:	bf18      	it	ne
10001344:	2001      	movne	r0, #1
10001346:	b003      	add	sp, #12
10001348:	e8bd 83f0 	ldmia.w	sp!, {r4, r5, r6, r7, r8, r9, pc}
1000134c:	4f25      	ldr	r7, [pc, #148]	@ (100013e4 <best_effort_wfe_or_timeout+0xc4>)
1000134e:	f8d7 900c 	ldr.w	r9, [r7, #12]
10001352:	f897 8000 	ldrb.w	r8, [r7]
10001356:	4648      	mov	r0, r9
10001358:	f000 f85a 	bl	10001410 <timer_time_us_64>
1000135c:	f108 0804 	add.w	r8, r8, #4
10001360:	f859 3028 	ldr.w	r3, [r9, r8, lsl #2]
10001364:	1a1b      	subs	r3, r3, r0
10001366:	1a28      	subs	r0, r5, r0
10001368:	eb64 0101 	sbc.w	r1, r4, r1
1000136c:	4298      	cmp	r0, r3
1000136e:	f171 0100 	sbcs.w	r1, r1, #0
10001372:	db15      	blt.n	100013a0 <best_effort_wfe_or_timeout+0x80>
10001374:	4b1a      	ldr	r3, [pc, #104]	@ (100013e0 <best_effort_wfe_or_timeout+0xc0>)
10001376:	6a5a      	ldr	r2, [r3, #36]	@ 0x24
10001378:	42a2      	cmp	r2, r4
1000137a:	d208      	bcs.n	1000138e <best_effort_wfe_or_timeout+0x6e>
1000137c:	bf20      	wfe
1000137e:	4b18      	ldr	r3, [pc, #96]	@ (100013e0 <best_effort_wfe_or_timeout+0xc0>)
10001380:	6a58      	ldr	r0, [r3, #36]	@ 0x24
10001382:	42a0      	cmp	r0, r4
10001384:	d2d9      	bcs.n	1000133a <best_effort_wfe_or_timeout+0x1a>
10001386:	2000      	movs	r0, #0
10001388:	b003      	add	sp, #12
1000138a:	e8bd 83f0 	ldmia.w	sp!, {r4, r5, r6, r7, r8, r9, pc}
1000138e:	6a9b      	ldr	r3, [r3, #40]	@ 0x28
10001390:	42ab      	cmp	r3, r5
10001392:	d201      	bcs.n	10001398 <best_effort_wfe_or_timeout+0x78>
10001394:	42a2      	cmp	r2, r4
10001396:	d0f1      	beq.n	1000137c <best_effort_wfe_or_timeout+0x5c>
10001398:	2001      	movs	r0, #1
1000139a:	b003      	add	sp, #12
1000139c:	e8bd 83f0 	ldmia.w	sp!, {r4, r5, r6, r7, r8, r9, pc}
100013a0:	f000 f83e 	bl	10001420 <time_us_64>
100013a4:	4285      	cmp	r5, r0
100013a6:	eb64 0101 	sbc.w	r1, r4, r1
100013aa:	2900      	cmp	r1, #0
100013ac:	dbc1      	blt.n	10001332 <best_effort_wfe_or_timeout+0x12>
100013ae:	4b0e      	ldr	r3, [pc, #56]	@ (100013e8 <best_effort_wfe_or_timeout+0xc8>)
100013b0:	4638      	mov	r0, r7
100013b2:	e9cd 3600 	strd	r3, r6, [sp]
100013b6:	462a      	mov	r2, r5
100013b8:	4623      	mov	r3, r4
100013ba:	f7ff ff0d 	bl	100011d8 <alarm_pool_add_alarm_at_force_in_context>
100013be:	1e01      	subs	r1, r0, #0
100013c0:	ddb7      	ble.n	10001332 <best_effort_wfe_or_timeout+0x12>
100013c2:	4b07      	ldr	r3, [pc, #28]	@ (100013e0 <best_effort_wfe_or_timeout+0xc0>)
100013c4:	6a5a      	ldr	r2, [r3, #36]	@ 0x24
100013c6:	42a2      	cmp	r2, r4
100013c8:	d304      	bcc.n	100013d4 <best_effort_wfe_or_timeout+0xb4>
100013ca:	6a9b      	ldr	r3, [r3, #40]	@ 0x28
100013cc:	42ab      	cmp	r3, r5
100013ce:	d202      	bcs.n	100013d6 <best_effort_wfe_or_timeout+0xb6>
100013d0:	42a2      	cmp	r2, r4
100013d2:	d100      	bne.n	100013d6 <best_effort_wfe_or_timeout+0xb6>
100013d4:	bf20      	wfe
100013d6:	4803      	ldr	r0, [pc, #12]	@ (100013e4 <best_effort_wfe_or_timeout+0xc4>)
100013d8:	f7ff ff62 	bl	100012a0 <alarm_pool_cancel_alarm>
100013dc:	e7a9      	b.n	10001332 <best_effort_wfe_or_timeout+0x12>
100013de:	bf00      	nop
100013e0:	400b0000 	.word	0x400b0000
100013e4:	200002b4 	.word	0x200002b4
100013e8:	10000cb9 	.word	0x10000cb9

100013ec <timer_hardware_alarm_claim>:
100013ec:	b410      	push	{r4}
100013ee:	4b05      	ldr	r3, [pc, #20]	@ (10001404 <timer_hardware_alarm_claim+0x18>)
100013f0:	4c05      	ldr	r4, [pc, #20]	@ (10001408 <timer_hardware_alarm_claim+0x1c>)
100013f2:	4a06      	ldr	r2, [pc, #24]	@ (1000140c <timer_hardware_alarm_claim+0x20>)
100013f4:	42a0      	cmp	r0, r4
100013f6:	bf14      	ite	ne
100013f8:	4618      	movne	r0, r3
100013fa:	1c58      	addeq	r0, r3, #1
100013fc:	f85d 4b04 	ldr.w	r4, [sp], #4
10001400:	f7ff b946 	b.w	10000690 <hw_claim_or_assert>
10001404:	20000480 	.word	0x20000480
10001408:	400b8000 	.word	0x400b8000
1000140c:	10001cd0 	.word	0x10001cd0

10001410 <timer_time_us_64>:
10001410:	4603      	mov	r3, r0
10001412:	6a41      	ldr	r1, [r0, #36]	@ 0x24
10001414:	460a      	mov	r2, r1
10001416:	6a98      	ldr	r0, [r3, #40]	@ 0x28
10001418:	6a59      	ldr	r1, [r3, #36]	@ 0x24
1000141a:	428a      	cmp	r2, r1
1000141c:	d1fa      	bne.n	10001414 <timer_time_us_64+0x4>
1000141e:	4770      	bx	lr

10001420 <time_us_64>:
10001420:	4b03      	ldr	r3, [pc, #12]	@ (10001430 <time_us_64+0x10>)
10001422:	6a59      	ldr	r1, [r3, #36]	@ 0x24
10001424:	460a      	mov	r2, r1
10001426:	6a98      	ldr	r0, [r3, #40]	@ 0x28
10001428:	6a59      	ldr	r1, [r3, #36]	@ 0x24
1000142a:	4291      	cmp	r1, r2
1000142c:	d1fa      	bne.n	10001424 <time_us_64+0x4>
1000142e:	4770      	bx	lr
10001430:	400b0000 	.word	0x400b0000

10001434 <clock_configure_undivided>:
10001434:	eb00 0c40 	add.w	ip, r0, r0, lsl #1
10001438:	ea4f 0c8c 	mov.w	ip, ip, lsl #2
1000143c:	f10c 4c80 	add.w	ip, ip, #1073741824	@ 0x40000000
10001440:	f50c 3c80 	add.w	ip, ip, #65536	@ 0x10000
10001444:	b5f0      	push	{r4, r5, r6, r7, lr}
10001446:	4616      	mov	r6, r2
10001448:	f8dc 2004 	ldr.w	r2, [ip, #4]
1000144c:	1f05      	subs	r5, r0, #4
1000144e:	f5b2 3f80 	cmp.w	r2, #65536	@ 0x10000
10001452:	bf38      	it	cc
10001454:	f44f 3280 	movcc.w	r2, #65536	@ 0x10000
10001458:	b2ed      	uxtb	r5, r5
1000145a:	bf38      	it	cc
1000145c:	f8cc 2004 	strcc.w	r2, [ip, #4]
10001460:	2d01      	cmp	r5, #1
10001462:	d92a      	bls.n	100014ba <clock_configure_undivided+0x86>
10001464:	f44f 6700 	mov.w	r7, #2048	@ 0x800
10001468:	4c25      	ldr	r4, [pc, #148]	@ (10001500 <clock_configure_undivided+0xcc>)
1000146a:	f50c 5240 	add.w	r2, ip, #12288	@ 0x3000
1000146e:	6017      	str	r7, [r2, #0]
10001470:	f854 2020 	ldr.w	r2, [r4, r0, lsl #2]
10001474:	b9b2      	cbnz	r2, 100014a4 <clock_configure_undivided+0x70>
10001476:	f8dc 2000 	ldr.w	r2, [ip]
1000147a:	2d01      	cmp	r5, #1
1000147c:	ea82 1246 	eor.w	r2, r2, r6, lsl #5
10001480:	f002 02e0 	and.w	r2, r2, #224	@ 0xe0
10001484:	f50c 5680 	add.w	r6, ip, #4096	@ 0x1000
10001488:	6032      	str	r2, [r6, #0]
1000148a:	d92a      	bls.n	100014e2 <clock_configure_undivided+0xae>
1000148c:	f44f 6100 	mov.w	r1, #2048	@ 0x800
10001490:	f844 3020 	str.w	r3, [r4, r0, lsl #2]
10001494:	f44f 3380 	mov.w	r3, #65536	@ 0x10000
10001498:	f50c 5200 	add.w	r2, ip, #8192	@ 0x2000
1000149c:	6011      	str	r1, [r2, #0]
1000149e:	f8cc 3004 	str.w	r3, [ip, #4]
100014a2:	bdf0      	pop	{r4, r5, r6, r7, pc}
100014a4:	6967      	ldr	r7, [r4, #20]
100014a6:	fbb7 fef2 	udiv	lr, r7, r2
100014aa:	f10e 0e01 	add.w	lr, lr, #1
100014ae:	eb0e 0e4e 	add.w	lr, lr, lr, lsl #1
100014b2:	f1be 0e03 	subs.w	lr, lr, #3
100014b6:	d2fc      	bcs.n	100014b2 <clock_configure_undivided+0x7e>
100014b8:	e7dd      	b.n	10001476 <clock_configure_undivided+0x42>
100014ba:	2901      	cmp	r1, #1
100014bc:	d1d2      	bne.n	10001464 <clock_configure_undivided+0x30>
100014be:	2403      	movs	r4, #3
100014c0:	f50c 5240 	add.w	r2, ip, #12288	@ 0x3000
100014c4:	6014      	str	r4, [r2, #0]
100014c6:	f8dc 2008 	ldr.w	r2, [ip, #8]
100014ca:	07d2      	lsls	r2, r2, #31
100014cc:	d5fb      	bpl.n	100014c6 <clock_configure_undivided+0x92>
100014ce:	f8dc 2000 	ldr.w	r2, [ip]
100014d2:	4c0b      	ldr	r4, [pc, #44]	@ (10001500 <clock_configure_undivided+0xcc>)
100014d4:	ea82 1246 	eor.w	r2, r2, r6, lsl #5
100014d8:	f002 02e0 	and.w	r2, r2, #224	@ 0xe0
100014dc:	f50c 5680 	add.w	r6, ip, #4096	@ 0x1000
100014e0:	6032      	str	r2, [r6, #0]
100014e2:	2201      	movs	r2, #1
100014e4:	f8dc 5000 	ldr.w	r5, [ip]
100014e8:	404d      	eors	r5, r1
100014ea:	f005 0503 	and.w	r5, r5, #3
100014ee:	6035      	str	r5, [r6, #0]
100014f0:	fa02 f101 	lsl.w	r1, r2, r1
100014f4:	f8dc 2008 	ldr.w	r2, [ip, #8]
100014f8:	420a      	tst	r2, r1
100014fa:	d0fb      	beq.n	100014f4 <clock_configure_undivided+0xc0>
100014fc:	e7c6      	b.n	1000148c <clock_configure_undivided+0x58>
100014fe:	bf00      	nop
10001500:	20000484 	.word	0x20000484

10001504 <clock_get_hz>:
10001504:	4b01      	ldr	r3, [pc, #4]	@ (1000150c <clock_get_hz+0x8>)
10001506:	f853 0020 	ldr.w	r0, [r3, r0, lsl #2]
1000150a:	4770      	bx	lr
1000150c:	20000484 	.word	0x20000484

10001510 <pll_init>:
10001510:	b470      	push	{r4, r5, r6}
10001512:	9d03      	ldr	r5, [sp, #12]
10001514:	6804      	ldr	r4, [r0, #0]
10001516:	032d      	lsls	r5, r5, #12
10001518:	ea45 4503 	orr.w	r5, r5, r3, lsl #16
1000151c:	4b1b      	ldr	r3, [pc, #108]	@ (1000158c <pll_init+0x7c>)
1000151e:	2c00      	cmp	r4, #0
10001520:	fbb3 f3f1 	udiv	r3, r3, r1
10001524:	fbb2 f6f3 	udiv	r6, r2, r3
10001528:	db1f      	blt.n	1000156a <pll_init+0x5a>
1000152a:	4a19      	ldr	r2, [pc, #100]	@ (10001590 <pll_init+0x80>)
1000152c:	4b19      	ldr	r3, [pc, #100]	@ (10001594 <pll_init+0x84>)
1000152e:	4290      	cmp	r0, r2
10001530:	bf14      	ite	ne
10001532:	f44f 4280 	movne.w	r2, #16384	@ 0x4000
10001536:	f44f 4200 	moveq.w	r2, #32768	@ 0x8000
1000153a:	4c17      	ldr	r4, [pc, #92]	@ (10001598 <pll_init+0x88>)
1000153c:	601a      	str	r2, [r3, #0]
1000153e:	f503 5380 	add.w	r3, r3, #4096	@ 0x1000
10001542:	601a      	str	r2, [r3, #0]
10001544:	68a3      	ldr	r3, [r4, #8]
10001546:	ea32 0303 	bics.w	r3, r2, r3
1000154a:	d1fb      	bne.n	10001544 <pll_init+0x34>
1000154c:	2221      	movs	r2, #33	@ 0x21
1000154e:	f500 5340 	add.w	r3, r0, #12288	@ 0x3000
10001552:	3304      	adds	r3, #4
10001554:	6001      	str	r1, [r0, #0]
10001556:	6086      	str	r6, [r0, #8]
10001558:	601a      	str	r2, [r3, #0]
1000155a:	6802      	ldr	r2, [r0, #0]
1000155c:	2a00      	cmp	r2, #0
1000155e:	dafc      	bge.n	1000155a <pll_init+0x4a>
10001560:	2208      	movs	r2, #8
10001562:	60c5      	str	r5, [r0, #12]
10001564:	601a      	str	r2, [r3, #0]
10001566:	bc70      	pop	{r4, r5, r6}
10001568:	4770      	bx	lr
1000156a:	6803      	ldr	r3, [r0, #0]
1000156c:	f003 033f 	and.w	r3, r3, #63	@ 0x3f
10001570:	428b      	cmp	r3, r1
10001572:	d1da      	bne.n	1000152a <pll_init+0x1a>
10001574:	6883      	ldr	r3, [r0, #8]
10001576:	f3c3 030b 	ubfx	r3, r3, #0, #12
1000157a:	42b3      	cmp	r3, r6
1000157c:	d1d5      	bne.n	1000152a <pll_init+0x1a>
1000157e:	68c3      	ldr	r3, [r0, #12]
10001580:	f403 23ee 	and.w	r3, r3, #487424	@ 0x77000
10001584:	42ab      	cmp	r3, r5
10001586:	d1d0      	bne.n	1000152a <pll_init+0x1a>
10001588:	e7ed      	b.n	10001566 <pll_init+0x56>
1000158a:	bf00      	nop
1000158c:	00b71b00 	.word	0x00b71b00
10001590:	40058000 	.word	0x40058000
10001594:	40022000 	.word	0x40022000
10001598:	40020000 	.word	0x40020000

1000159c <tick_start>:
1000159c:	2301      	movs	r3, #1
1000159e:	eb00 0040 	add.w	r0, r0, r0, lsl #1
100015a2:	0080      	lsls	r0, r0, #2
100015a4:	f100 4080 	add.w	r0, r0, #1073741824	@ 0x40000000
100015a8:	f500 1084 	add.w	r0, r0, #1081344	@ 0x108000
100015ac:	6041      	str	r1, [r0, #4]
100015ae:	6003      	str	r3, [r0, #0]
100015b0:	4770      	bx	lr
100015b2:	bf00      	nop

100015b4 <rom_func_lookup>:
100015b4:	2300      	movs	r3, #0
100015b6:	8adb      	ldrh	r3, [r3, #22]
100015b8:	2200      	movs	r2, #0
100015ba:	e842 f200 	tt	r2, r2
100015be:	0252      	lsls	r2, r2, #9
100015c0:	d401      	bmi.n	100015c6 <rom_func_lookup+0x12>
100015c2:	2110      	movs	r1, #16
100015c4:	4718      	bx	r3
100015c6:	2104      	movs	r1, #4
100015c8:	4718      	bx	r3
100015ca:	bf00      	nop

100015cc <runtime_init_bootrom_locking_enable>:
100015cc:	4a03      	ldr	r2, [pc, #12]	@ (100015dc <runtime_init_bootrom_locking_enable+0x10>)
100015ce:	f8d2 3828 	ldr.w	r3, [r2, #2088]	@ 0x828
100015d2:	2b00      	cmp	r3, #0
100015d4:	d0fb      	beq.n	100015ce <runtime_init_bootrom_locking_enable+0x2>
100015d6:	f3bf 8f5f 	dmb	sy
100015da:	4770      	bx	lr
100015dc:	400e0000 	.word	0x400e0000

100015e0 <runtime_init_boot_locks_reset>:
100015e0:	2100      	movs	r1, #0
100015e2:	4b04      	ldr	r3, [pc, #16]	@ (100015f4 <runtime_init_boot_locks_reset+0x14>)
100015e4:	4a04      	ldr	r2, [pc, #16]	@ (100015f8 <runtime_init_boot_locks_reset+0x18>)
100015e6:	f3bf 8f5f 	dmb	sy
100015ea:	f843 1b04 	str.w	r1, [r3], #4
100015ee:	4293      	cmp	r3, r2
100015f0:	d1f9      	bne.n	100015e6 <runtime_init_boot_locks_reset+0x6>
100015f2:	4770      	bx	lr
100015f4:	400e080c 	.word	0x400e080c
100015f8:	400e082c 	.word	0x400e082c

100015fc <xosc_init>:
100015fc:	b410      	push	{r4}
100015fe:	f44f 708d 	mov.w	r0, #282	@ 0x11a
10001602:	f44f 642a 	mov.w	r4, #2720	@ 0xaa0
10001606:	4a06      	ldr	r2, [pc, #24]	@ (10001620 <xosc_init+0x24>)
10001608:	4b06      	ldr	r3, [pc, #24]	@ (10001624 <xosc_init+0x28>)
1000160a:	4907      	ldr	r1, [pc, #28]	@ (10001628 <xosc_init+0x2c>)
1000160c:	6014      	str	r4, [r2, #0]
1000160e:	60d0      	str	r0, [r2, #12]
10001610:	6019      	str	r1, [r3, #0]
10001612:	6853      	ldr	r3, [r2, #4]
10001614:	2b00      	cmp	r3, #0
10001616:	dafc      	bge.n	10001612 <xosc_init+0x16>
10001618:	f85d 4b04 	ldr.w	r4, [sp], #4
1000161c:	4770      	bx	lr
1000161e:	bf00      	nop
10001620:	40048000 	.word	0x40048000
10001624:	4004a000 	.word	0x4004a000
10001628:	00fab000 	.word	0x00fab000

1000162c <first_per_core_initializer>:
1000162c:	4770      	bx	lr
1000162e:	bf00      	nop

10001630 <hard_assertion_failure>:
10001630:	b508      	push	{r3, lr}
10001632:	4801      	ldr	r0, [pc, #4]	@ (10001638 <hard_assertion_failure+0x8>)
10001634:	f7ff f814 	bl	10000660 <panic>
10001638:	10001cf4 	.word	0x10001cf4

1000163c <runtime_run_initializers>:
1000163c:	b538      	push	{r3, r4, r5, lr}
1000163e:	4c05      	ldr	r4, [pc, #20]	@ (10001654 <runtime_run_initializers+0x18>)
10001640:	4d05      	ldr	r5, [pc, #20]	@ (10001658 <runtime_run_initializers+0x1c>)
10001642:	42ac      	cmp	r4, r5
10001644:	d204      	bcs.n	10001650 <runtime_run_initializers+0x14>
10001646:	f854 3b04 	ldr.w	r3, [r4], #4
1000164a:	4798      	blx	r3
1000164c:	42ac      	cmp	r4, r5
1000164e:	d3fa      	bcc.n	10001646 <runtime_run_initializers+0xa>
10001650:	bd38      	pop	{r3, r4, r5, pc}
10001652:	bf00      	nop
10001654:	10001c80 	.word	0x10001c80
10001658:	10001cc0 	.word	0x10001cc0

1000165c <runtime_init_early_resets>:
1000165c:	b410      	push	{r4}
1000165e:	4807      	ldr	r0, [pc, #28]	@ (1000167c <runtime_init_early_resets+0x20>)
10001660:	4c07      	ldr	r4, [pc, #28]	@ (10001680 <runtime_init_early_resets+0x24>)
10001662:	4b08      	ldr	r3, [pc, #32]	@ (10001684 <runtime_init_early_resets+0x28>)
10001664:	4a08      	ldr	r2, [pc, #32]	@ (10001688 <runtime_init_early_resets+0x2c>)
10001666:	4909      	ldr	r1, [pc, #36]	@ (1000168c <runtime_init_early_resets+0x30>)
10001668:	6004      	str	r4, [r0, #0]
1000166a:	601a      	str	r2, [r3, #0]
1000166c:	688b      	ldr	r3, [r1, #8]
1000166e:	ea32 0303 	bics.w	r3, r2, r3
10001672:	d1fb      	bne.n	1000166c <runtime_init_early_resets+0x10>
10001674:	f85d 4b04 	ldr.w	r4, [sp], #4
10001678:	4770      	bx	lr
1000167a:	bf00      	nop
1000167c:	40022000 	.word	0x40022000
10001680:	efef3b7f 	.word	0xefef3b7f
10001684:	40023000 	.word	0x40023000
10001688:	03f3fff6 	.word	0x03f3fff6
1000168c:	40020000 	.word	0x40020000

10001690 <runtime_init_usb_power_down>:
10001690:	4b04      	ldr	r3, [pc, #16]	@ (100016a4 <runtime_init_usb_power_down+0x14>)
10001692:	6cdb      	ldr	r3, [r3, #76]	@ 0x4c
10001694:	f5b3 4f00 	cmp.w	r3, #32768	@ 0x8000
10001698:	d103      	bne.n	100016a2 <runtime_init_usb_power_down+0x12>
1000169a:	f44f 2280 	mov.w	r2, #262144	@ 0x40000
1000169e:	4b02      	ldr	r3, [pc, #8]	@ (100016a8 <runtime_init_usb_power_down+0x18>)
100016a0:	64da      	str	r2, [r3, #76]	@ 0x4c
100016a2:	4770      	bx	lr
100016a4:	50110000 	.word	0x50110000
100016a8:	50112000 	.word	0x50112000

100016ac <runtime_init_per_core_enable_coprocessors>:
100016ac:	f04f 22e0 	mov.w	r2, #3758153728	@ 0xe000e000
100016b0:	4b04      	ldr	r3, [pc, #16]	@ (100016c4 <runtime_init_per_core_enable_coprocessors+0x18>)
100016b2:	f8d2 1d88 	ldr.w	r1, [r2, #3464]	@ 0xd88
100016b6:	430b      	orrs	r3, r1
100016b8:	f8c2 3d88 	str.w	r3, [r2, #3464]	@ 0xd88
100016bc:	ee10 0430 	dcp_rcmp r0
100016c0:	4770      	bx	lr
100016c2:	bf00      	nop
100016c4:	00300303 	.word	0x00300303

100016c8 <runtime_init_post_clock_resets>:
100016c8:	f06f 4160 	mvn.w	r1, #3758096384	@ 0xe0000000
100016cc:	4b04      	ldr	r3, [pc, #16]	@ (100016e0 <runtime_init_post_clock_resets+0x18>)
100016ce:	4a05      	ldr	r2, [pc, #20]	@ (100016e4 <runtime_init_post_clock_resets+0x1c>)
100016d0:	6019      	str	r1, [r3, #0]
100016d2:	6893      	ldr	r3, [r2, #8]
100016d4:	43db      	mvns	r3, r3
100016d6:	f033 4360 	bics.w	r3, r3, #3758096384	@ 0xe0000000
100016da:	d1fa      	bne.n	100016d2 <runtime_init_post_clock_resets+0xa>
100016dc:	4770      	bx	lr
100016de:	bf00      	nop
100016e0:	40023000 	.word	0x40023000
100016e4:	40020000 	.word	0x40020000

100016e8 <runtime_init_bootrom_reset>:
100016e8:	b510      	push	{r4, lr}
100016ea:	f245 2053 	movw	r0, #21075	@ 0x5253
100016ee:	f7ff ff61 	bl	100015b4 <rom_func_lookup>
100016f2:	e8bd 4010 	ldmia.w	sp!, {r4, lr}
100016f6:	4603      	mov	r3, r0
100016f8:	2004      	movs	r0, #4
100016fa:	4718      	bx	r3

100016fc <runtime_init_per_core_bootrom_reset>:
100016fc:	b510      	push	{r4, lr}
100016fe:	f245 2053 	movw	r0, #21075	@ 0x5253
10001702:	f7ff ff57 	bl	100015b4 <rom_func_lookup>
10001706:	e8bd 4010 	ldmia.w	sp!, {r4, lr}
1000170a:	4603      	mov	r3, r0
1000170c:	2001      	movs	r0, #1
1000170e:	4718      	bx	r3

10001710 <runtime_init_spin_locks_reset>:
10001710:	f7fe bffe 	b.w	10000710 <spin_locks_reset>

10001714 <runtime_init_install_ram_vector_table>:
10001714:	b538      	push	{r3, r4, r5, lr}
10001716:	4913      	ldr	r1, [pc, #76]	@ (10001764 <runtime_init_install_ram_vector_table+0x50>)
10001718:	4c13      	ldr	r4, [pc, #76]	@ (10001768 <runtime_init_install_ram_vector_table+0x54>)
1000171a:	4d14      	ldr	r5, [pc, #80]	@ (1000176c <runtime_init_install_ram_vector_table+0x58>)
1000171c:	1a64      	subs	r4, r4, r1
1000171e:	08a4      	lsrs	r4, r4, #2
10001720:	2c44      	cmp	r4, #68	@ 0x44
10001722:	4622      	mov	r2, r4
10001724:	bf28      	it	cs
10001726:	2244      	movcs	r2, #68	@ 0x44
10001728:	4628      	mov	r0, r5
1000172a:	0092      	lsls	r2, r2, #2
1000172c:	f000 f9fc 	bl	10001b28 <memcpy>
10001730:	2c43      	cmp	r4, #67	@ 0x43
10001732:	d814      	bhi.n	1000175e <runtime_init_install_ram_vector_table+0x4a>
10001734:	4a0e      	ldr	r2, [pc, #56]	@ (10001770 <runtime_init_install_ram_vector_table+0x5c>)
10001736:	f1c4 0044 	rsb	r0, r4, #68	@ 0x44
1000173a:	d00e      	beq.n	1000175a <runtime_init_install_ram_vector_table+0x46>
1000173c:	eb05 0384 	add.w	r3, r5, r4, lsl #2
10001740:	0841      	lsrs	r1, r0, #1
10001742:	eb03 01c1 	add.w	r1, r3, r1, lsl #3
10001746:	e9c3 2200 	strd	r2, r2, [r3]
1000174a:	3308      	adds	r3, #8
1000174c:	4299      	cmp	r1, r3
1000174e:	d1fa      	bne.n	10001746 <runtime_init_install_ram_vector_table+0x32>
10001750:	07c3      	lsls	r3, r0, #31
10001752:	d504      	bpl.n	1000175e <runtime_init_install_ram_vector_table+0x4a>
10001754:	f020 0001 	bic.w	r0, r0, #1
10001758:	4404      	add	r4, r0
1000175a:	f845 2024 	str.w	r2, [r5, r4, lsl #2]
1000175e:	4b05      	ldr	r3, [pc, #20]	@ (10001774 <runtime_init_install_ram_vector_table+0x60>)
10001760:	609d      	str	r5, [r3, #8]
10001762:	bd38      	pop	{r3, r4, r5, pc}
10001764:	10000000 	.word	0x10000000
10001768:	10000110 	.word	0x10000110
1000176c:	20000000 	.word	0x20000000
10001770:	10000111 	.word	0x10000111
10001774:	e000ed00 	.word	0xe000ed00

10001778 <runtime_init_clocks>:
10001778:	2300      	movs	r3, #0
1000177a:	b570      	push	{r4, r5, r6, lr}
1000177c:	4c2b      	ldr	r4, [pc, #172]	@ (1000182c <runtime_init_clocks+0xb4>)
1000177e:	b082      	sub	sp, #8
10001780:	f8c4 3084 	str.w	r3, [r4, #132]	@ 0x84
10001784:	f7ff ff3a 	bl	100015fc <xosc_init>
10001788:	2201      	movs	r2, #1
1000178a:	4b29      	ldr	r3, [pc, #164]	@ (10001830 <runtime_init_clocks+0xb8>)
1000178c:	63da      	str	r2, [r3, #60]	@ 0x3c
1000178e:	6c63      	ldr	r3, [r4, #68]	@ 0x44
10001790:	2b01      	cmp	r3, #1
10001792:	d1fc      	bne.n	1000178e <runtime_init_clocks+0x16>
10001794:	2103      	movs	r1, #3
10001796:	4a26      	ldr	r2, [pc, #152]	@ (10001830 <runtime_init_clocks+0xb8>)
10001798:	4b24      	ldr	r3, [pc, #144]	@ (1000182c <runtime_init_clocks+0xb4>)
1000179a:	6311      	str	r1, [r2, #48]	@ 0x30
1000179c:	6b9c      	ldr	r4, [r3, #56]	@ 0x38
1000179e:	2c01      	cmp	r4, #1
100017a0:	d1fc      	bne.n	1000179c <runtime_init_clocks+0x24>
100017a2:	2602      	movs	r6, #2
100017a4:	2505      	movs	r5, #5
100017a6:	4621      	mov	r1, r4
100017a8:	2305      	movs	r3, #5
100017aa:	4a22      	ldr	r2, [pc, #136]	@ (10001834 <runtime_init_clocks+0xbc>)
100017ac:	4822      	ldr	r0, [pc, #136]	@ (10001838 <runtime_init_clocks+0xc0>)
100017ae:	9600      	str	r6, [sp, #0]
100017b0:	f7ff feae 	bl	10001510 <pll_init>
100017b4:	4621      	mov	r1, r4
100017b6:	462b      	mov	r3, r5
100017b8:	4a20      	ldr	r2, [pc, #128]	@ (1000183c <runtime_init_clocks+0xc4>)
100017ba:	4821      	ldr	r0, [pc, #132]	@ (10001840 <runtime_init_clocks+0xc8>)
100017bc:	9500      	str	r5, [sp, #0]
100017be:	f7ff fea7 	bl	10001510 <pll_init>
100017c2:	2200      	movs	r2, #0
100017c4:	2004      	movs	r0, #4
100017c6:	4631      	mov	r1, r6
100017c8:	4b1e      	ldr	r3, [pc, #120]	@ (10001844 <runtime_init_clocks+0xcc>)
100017ca:	f7ff fe33 	bl	10001434 <clock_configure_undivided>
100017ce:	4621      	mov	r1, r4
100017d0:	4628      	mov	r0, r5
100017d2:	2200      	movs	r2, #0
100017d4:	4b1c      	ldr	r3, [pc, #112]	@ (10001848 <runtime_init_clocks+0xd0>)
100017d6:	f7ff fe2d 	bl	10001434 <clock_configure_undivided>
100017da:	2200      	movs	r2, #0
100017dc:	2008      	movs	r0, #8
100017de:	4611      	mov	r1, r2
100017e0:	4b1a      	ldr	r3, [pc, #104]	@ (1000184c <runtime_init_clocks+0xd4>)
100017e2:	f7ff fe27 	bl	10001434 <clock_configure_undivided>
100017e6:	2200      	movs	r2, #0
100017e8:	2009      	movs	r0, #9
100017ea:	4611      	mov	r1, r2
100017ec:	4b17      	ldr	r3, [pc, #92]	@ (1000184c <runtime_init_clocks+0xd4>)
100017ee:	f7ff fe21 	bl	10001434 <clock_configure_undivided>
100017f2:	2200      	movs	r2, #0
100017f4:	2006      	movs	r0, #6
100017f6:	4611      	mov	r1, r2
100017f8:	4b13      	ldr	r3, [pc, #76]	@ (10001848 <runtime_init_clocks+0xd0>)
100017fa:	f7ff fe1b 	bl	10001434 <clock_configure_undivided>
100017fe:	2200      	movs	r2, #0
10001800:	4b11      	ldr	r3, [pc, #68]	@ (10001848 <runtime_init_clocks+0xd0>)
10001802:	2007      	movs	r0, #7
10001804:	4611      	mov	r1, r2
10001806:	f7ff fe15 	bl	10001434 <clock_configure_undivided>
1000180a:	2004      	movs	r0, #4
1000180c:	f7ff fe7a 	bl	10001504 <clock_get_hz>
10001810:	2400      	movs	r4, #0
10001812:	4b0f      	ldr	r3, [pc, #60]	@ (10001850 <runtime_init_clocks+0xd8>)
10001814:	fba3 3500 	umull	r3, r5, r3, r0
10001818:	0cad      	lsrs	r5, r5, #18
1000181a:	b2e0      	uxtb	r0, r4
1000181c:	4629      	mov	r1, r5
1000181e:	3401      	adds	r4, #1
10001820:	f7ff febc 	bl	1000159c <tick_start>
10001824:	2c06      	cmp	r4, #6
10001826:	d1f8      	bne.n	1000181a <runtime_init_clocks+0xa2>
10001828:	b002      	add	sp, #8
1000182a:	bd70      	pop	{r4, r5, r6, pc}
1000182c:	40010000 	.word	0x40010000
10001830:	40013000 	.word	0x40013000
10001834:	59682f00 	.word	0x59682f00
10001838:	40050000 	.word	0x40050000
1000183c:	47868c00 	.word	0x47868c00
10001840:	40058000 	.word	0x40058000
10001844:	00b71b00 	.word	0x00b71b00
10001848:	08f0d180 	.word	0x08f0d180
1000184c:	02dc6c00 	.word	0x02dc6c00
10001850:	431bde83 	.word	0x431bde83

10001854 <_out_char>:
10001854:	b900      	cbnz	r0, 10001858 <_out_char+0x4>
10001856:	4770      	bx	lr
10001858:	f000 b906 	b.w	10001a68 <__wrap_putchar>

1000185c <weak_raw_vprintf>:
1000185c:	b510      	push	{r4, lr}
1000185e:	4b09      	ldr	r3, [pc, #36]	@ (10001884 <weak_raw_vprintf+0x28>)
10001860:	b084      	sub	sp, #16
10001862:	681c      	ldr	r4, [r3, #0]
10001864:	b14c      	cbz	r4, 1000187a <weak_raw_vprintf+0x1e>
10001866:	4603      	mov	r3, r0
10001868:	9100      	str	r1, [sp, #0]
1000186a:	f04f 32ff 	mov.w	r2, #4294967295	@ 0xffffffff
1000186e:	a903      	add	r1, sp, #12
10001870:	4805      	ldr	r0, [pc, #20]	@ (10001888 <weak_raw_vprintf+0x2c>)
10001872:	47a0      	blx	r4
10001874:	2001      	movs	r0, #1
10001876:	b004      	add	sp, #16
10001878:	bd10      	pop	{r4, pc}
1000187a:	f000 f937 	bl	10001aec <__wrap_puts>
1000187e:	4620      	mov	r0, r4
10001880:	b004      	add	sp, #16
10001882:	bd10      	pop	{r4, pc}
10001884:	200004b4 	.word	0x200004b4
10001888:	10001855 	.word	0x10001855

1000188c <_exit>:
1000188c:	be00      	bkpt	0x0000
1000188e:	e7fd      	b.n	1000188c <_exit>

10001890 <_fini>:
10001890:	4770      	bx	lr
10001892:	bf00      	nop

10001894 <exit>:
10001894:	b508      	push	{r3, lr}
10001896:	f7ff fff9 	bl	1000188c <_exit>
1000189a:	bf00      	nop

1000189c <runtime_init>:
1000189c:	b538      	push	{r3, r4, r5, lr}
1000189e:	4c06      	ldr	r4, [pc, #24]	@ (100018b8 <runtime_init+0x1c>)
100018a0:	4d06      	ldr	r5, [pc, #24]	@ (100018bc <runtime_init+0x20>)
100018a2:	f7ff fecb 	bl	1000163c <runtime_run_initializers>
100018a6:	42ac      	cmp	r4, r5
100018a8:	d204      	bcs.n	100018b4 <runtime_init+0x18>
100018aa:	f854 3b04 	ldr.w	r3, [r4], #4
100018ae:	4798      	blx	r3
100018b0:	42ac      	cmp	r4, r5
100018b2:	d3fa      	bcc.n	100018aa <runtime_init+0xe>
100018b4:	bd38      	pop	{r3, r4, r5, pc}
100018b6:	bf00      	nop
100018b8:	10001cc0 	.word	0x10001cc0
100018bc:	10001cc0 	.word	0x10001cc0

100018c0 <stdio_out_chars_no_crlf>:
100018c0:	6803      	ldr	r3, [r0, #0]
100018c2:	4608      	mov	r0, r1
100018c4:	4611      	mov	r1, r2
100018c6:	4718      	bx	r3

100018c8 <stdio_out_chars_crlf>:
100018c8:	7d43      	ldrb	r3, [r0, #21]
100018ca:	e92d 47f0 	stmdb	sp!, {r4, r5, r6, r7, r8, r9, sl, lr}
100018ce:	4681      	mov	r9, r0
100018d0:	460f      	mov	r7, r1
100018d2:	4616      	mov	r6, r2
100018d4:	2b00      	cmp	r3, #0
100018d6:	d043      	beq.n	10001960 <stdio_out_chars_crlf+0x98>
100018d8:	2a00      	cmp	r2, #0
100018da:	dd3b      	ble.n	10001954 <stdio_out_chars_crlf+0x8c>
100018dc:	7d03      	ldrb	r3, [r0, #20]
100018de:	2000      	movs	r0, #0
100018e0:	1e4d      	subs	r5, r1, #1
100018e2:	4601      	mov	r1, r0
100018e4:	f815 2f01 	ldrb.w	r2, [r5, #1]!
100018e8:	f8df 8084 	ldr.w	r8, [pc, #132]	@ 10001970 <stdio_out_chars_crlf+0xa8>
100018ec:	2a0a      	cmp	r2, #10
100018ee:	f101 0401 	add.w	r4, r1, #1
100018f2:	d00e      	beq.n	10001912 <stdio_out_chars_crlf+0x4a>
100018f4:	42a6      	cmp	r6, r4
100018f6:	d01c      	beq.n	10001932 <stdio_out_chars_crlf+0x6a>
100018f8:	782b      	ldrb	r3, [r5, #0]
100018fa:	4621      	mov	r1, r4
100018fc:	f1a3 030d 	sub.w	r3, r3, #13
10001900:	fab3 f383 	clz	r3, r3
10001904:	f815 2f01 	ldrb.w	r2, [r5, #1]!
10001908:	095b      	lsrs	r3, r3, #5
1000190a:	2a0a      	cmp	r2, #10
1000190c:	f101 0401 	add.w	r4, r1, #1
10001910:	d1f0      	bne.n	100018f4 <stdio_out_chars_crlf+0x2c>
10001912:	2b00      	cmp	r3, #0
10001914:	d1ee      	bne.n	100018f4 <stdio_out_chars_crlf+0x2c>
10001916:	4281      	cmp	r1, r0
10001918:	eba1 0100 	sub.w	r1, r1, r0
1000191c:	4438      	add	r0, r7
1000191e:	dc1b      	bgt.n	10001958 <stdio_out_chars_crlf+0x90>
10001920:	2102      	movs	r1, #2
10001922:	4640      	mov	r0, r8
10001924:	f8d9 3000 	ldr.w	r3, [r9]
10001928:	4798      	blx	r3
1000192a:	42a6      	cmp	r6, r4
1000192c:	d008      	beq.n	10001940 <stdio_out_chars_crlf+0x78>
1000192e:	4620      	mov	r0, r4
10001930:	e7e2      	b.n	100018f8 <stdio_out_chars_crlf+0x30>
10001932:	4286      	cmp	r6, r0
10001934:	dd04      	ble.n	10001940 <stdio_out_chars_crlf+0x78>
10001936:	1a31      	subs	r1, r6, r0
10001938:	f8d9 3000 	ldr.w	r3, [r9]
1000193c:	4438      	add	r0, r7
1000193e:	4798      	blx	r3
10001940:	4437      	add	r7, r6
10001942:	f817 3c01 	ldrb.w	r3, [r7, #-1]
10001946:	f1a3 030d 	sub.w	r3, r3, #13
1000194a:	fab3 f383 	clz	r3, r3
1000194e:	095b      	lsrs	r3, r3, #5
10001950:	f889 3014 	strb.w	r3, [r9, #20]
10001954:	e8bd 87f0 	ldmia.w	sp!, {r4, r5, r6, r7, r8, r9, sl, pc}
10001958:	f8d9 3000 	ldr.w	r3, [r9]
1000195c:	4798      	blx	r3
1000195e:	e7df      	b.n	10001920 <stdio_out_chars_crlf+0x58>
10001960:	4638      	mov	r0, r7
10001962:	f8d9 3000 	ldr.w	r3, [r9]
10001966:	4611      	mov	r1, r2
10001968:	e8bd 47f0 	ldmia.w	sp!, {r4, r5, r6, r7, r8, r9, sl, lr}
1000196c:	4718      	bx	r3
1000196e:	bf00      	nop
10001970:	10001da8 	.word	0x10001da8

10001974 <stdio_put_string>:
10001974:	e92d 47f0 	stmdb	sp!, {r4, r5, r6, r7, r8, r9, sl, lr}
10001978:	b082      	sub	sp, #8
1000197a:	460d      	mov	r5, r1
1000197c:	4692      	mov	sl, r2
1000197e:	4699      	mov	r9, r3
10001980:	4607      	mov	r7, r0
10001982:	f7ff fd4d 	bl	10001420 <time_us_64>
10001986:	f04f 36ff 	mov.w	r6, #4294967295	@ 0xffffffff
1000198a:	f06f 4400 	mvn.w	r4, #2147483648	@ 0x80000000
1000198e:	4a2f      	ldr	r2, [pc, #188]	@ (10001a4c <stdio_put_string+0xd8>)
10001990:	1882      	adds	r2, r0, r2
10001992:	f141 0300 	adc.w	r3, r1, #0
10001996:	4296      	cmp	r6, r2
10001998:	eb74 0103 	sbcs.w	r1, r4, r3
1000199c:	bf3c      	itt	cc
1000199e:	4632      	movcc	r2, r6
100019a0:	4623      	movcc	r3, r4
100019a2:	482b      	ldr	r0, [pc, #172]	@ (10001a50 <stdio_put_string+0xdc>)
100019a4:	f000 f964 	bl	10001c70 <__mutex_try_enter_block_until_veneer>
100019a8:	1c6b      	adds	r3, r5, #1
100019aa:	4680      	mov	r8, r0
100019ac:	d103      	bne.n	100019b6 <stdio_put_string+0x42>
100019ae:	4638      	mov	r0, r7
100019b0:	f000 f930 	bl	10001c14 <strlen>
100019b4:	4605      	mov	r5, r0
100019b6:	4b27      	ldr	r3, [pc, #156]	@ (10001a54 <stdio_put_string+0xe0>)
100019b8:	4e27      	ldr	r6, [pc, #156]	@ (10001a58 <stdio_put_string+0xe4>)
100019ba:	681c      	ldr	r4, [r3, #0]
100019bc:	4b27      	ldr	r3, [pc, #156]	@ (10001a5c <stdio_put_string+0xe8>)
100019be:	f1b9 0f00 	cmp.w	r9, #0
100019c2:	bf18      	it	ne
100019c4:	461e      	movne	r6, r3
100019c6:	b1b4      	cbz	r4, 100019f6 <stdio_put_string+0x82>
100019c8:	f1ba 0f00 	cmp.w	sl, #0
100019cc:	d11a      	bne.n	10001a04 <stdio_put_string+0x90>
100019ce:	f8df 9090 	ldr.w	r9, [pc, #144]	@ 10001a60 <stdio_put_string+0xec>
100019d2:	e001      	b.n	100019d8 <stdio_put_string+0x64>
100019d4:	6924      	ldr	r4, [r4, #16]
100019d6:	b174      	cbz	r4, 100019f6 <stdio_put_string+0x82>
100019d8:	6823      	ldr	r3, [r4, #0]
100019da:	2b00      	cmp	r3, #0
100019dc:	d0fa      	beq.n	100019d4 <stdio_put_string+0x60>
100019de:	f8d9 3000 	ldr.w	r3, [r9]
100019e2:	b10b      	cbz	r3, 100019e8 <stdio_put_string+0x74>
100019e4:	429c      	cmp	r4, r3
100019e6:	d1f5      	bne.n	100019d4 <stdio_put_string+0x60>
100019e8:	4620      	mov	r0, r4
100019ea:	462a      	mov	r2, r5
100019ec:	4639      	mov	r1, r7
100019ee:	47b0      	blx	r6
100019f0:	6924      	ldr	r4, [r4, #16]
100019f2:	2c00      	cmp	r4, #0
100019f4:	d1f0      	bne.n	100019d8 <stdio_put_string+0x64>
100019f6:	f1b8 0f00 	cmp.w	r8, #0
100019fa:	d11f      	bne.n	10001a3c <stdio_put_string+0xc8>
100019fc:	4628      	mov	r0, r5
100019fe:	b002      	add	sp, #8
10001a00:	e8bd 87f0 	ldmia.w	sp!, {r4, r5, r6, r7, r8, r9, sl, pc}
10001a04:	f04f 0a0a 	mov.w	sl, #10
10001a08:	f8df 9054 	ldr.w	r9, [pc, #84]	@ 10001a60 <stdio_put_string+0xec>
10001a0c:	e002      	b.n	10001a14 <stdio_put_string+0xa0>
10001a0e:	6924      	ldr	r4, [r4, #16]
10001a10:	2c00      	cmp	r4, #0
10001a12:	d0f0      	beq.n	100019f6 <stdio_put_string+0x82>
10001a14:	6823      	ldr	r3, [r4, #0]
10001a16:	2b00      	cmp	r3, #0
10001a18:	d0f9      	beq.n	10001a0e <stdio_put_string+0x9a>
10001a1a:	f8d9 3000 	ldr.w	r3, [r9]
10001a1e:	b10b      	cbz	r3, 10001a24 <stdio_put_string+0xb0>
10001a20:	42a3      	cmp	r3, r4
10001a22:	d1f4      	bne.n	10001a0e <stdio_put_string+0x9a>
10001a24:	462a      	mov	r2, r5
10001a26:	4639      	mov	r1, r7
10001a28:	4620      	mov	r0, r4
10001a2a:	47b0      	blx	r6
10001a2c:	2201      	movs	r2, #1
10001a2e:	4620      	mov	r0, r4
10001a30:	f10d 0107 	add.w	r1, sp, #7
10001a34:	f88d a007 	strb.w	sl, [sp, #7]
10001a38:	47b0      	blx	r6
10001a3a:	e7e8      	b.n	10001a0e <stdio_put_string+0x9a>
10001a3c:	4804      	ldr	r0, [pc, #16]	@ (10001a50 <stdio_put_string+0xdc>)
10001a3e:	f000 f91b 	bl	10001c78 <__mutex_exit_veneer>
10001a42:	4628      	mov	r0, r5
10001a44:	b002      	add	sp, #8
10001a46:	e8bd 87f0 	ldmia.w	sp!, {r4, r5, r6, r7, r8, r9, sl, pc}
10001a4a:	bf00      	nop
10001a4c:	000f4240 	.word	0x000f4240
10001a50:	200002cc 	.word	0x200002cc
10001a54:	200004ac 	.word	0x200004ac
10001a58:	100018c1 	.word	0x100018c1
10001a5c:	100018c9 	.word	0x100018c9
10001a60:	200004b0 	.word	0x200004b0

10001a64 <stdio_init_all>:
10001a64:	2000      	movs	r0, #0
10001a66:	4770      	bx	lr

10001a68 <__wrap_putchar>:
10001a68:	b5f0      	push	{r4, r5, r6, r7, lr}
10001a6a:	b083      	sub	sp, #12
10001a6c:	4606      	mov	r6, r0
10001a6e:	f88d 0007 	strb.w	r0, [sp, #7]
10001a72:	f7ff fcd5 	bl	10001420 <time_us_64>
10001a76:	f04f 35ff 	mov.w	r5, #4294967295	@ 0xffffffff
10001a7a:	f06f 4400 	mvn.w	r4, #2147483648	@ 0x80000000
10001a7e:	4a17      	ldr	r2, [pc, #92]	@ (10001adc <__wrap_putchar+0x74>)
10001a80:	1882      	adds	r2, r0, r2
10001a82:	f141 0300 	adc.w	r3, r1, #0
10001a86:	4295      	cmp	r5, r2
10001a88:	eb74 0103 	sbcs.w	r1, r4, r3
10001a8c:	bf3c      	itt	cc
10001a8e:	4623      	movcc	r3, r4
10001a90:	462a      	movcc	r2, r5
10001a92:	4813      	ldr	r0, [pc, #76]	@ (10001ae0 <__wrap_putchar+0x78>)
10001a94:	f000 f8ec 	bl	10001c70 <__mutex_try_enter_block_until_veneer>
10001a98:	4b12      	ldr	r3, [pc, #72]	@ (10001ae4 <__wrap_putchar+0x7c>)
10001a9a:	4607      	mov	r7, r0
10001a9c:	681c      	ldr	r4, [r3, #0]
10001a9e:	b19c      	cbz	r4, 10001ac8 <__wrap_putchar+0x60>
10001aa0:	4d11      	ldr	r5, [pc, #68]	@ (10001ae8 <__wrap_putchar+0x80>)
10001aa2:	e001      	b.n	10001aa8 <__wrap_putchar+0x40>
10001aa4:	6924      	ldr	r4, [r4, #16]
10001aa6:	b17c      	cbz	r4, 10001ac8 <__wrap_putchar+0x60>
10001aa8:	6823      	ldr	r3, [r4, #0]
10001aaa:	2b00      	cmp	r3, #0
10001aac:	d0fa      	beq.n	10001aa4 <__wrap_putchar+0x3c>
10001aae:	682b      	ldr	r3, [r5, #0]
10001ab0:	b10b      	cbz	r3, 10001ab6 <__wrap_putchar+0x4e>
10001ab2:	429c      	cmp	r4, r3
10001ab4:	d1f6      	bne.n	10001aa4 <__wrap_putchar+0x3c>
10001ab6:	4620      	mov	r0, r4
10001ab8:	2201      	movs	r2, #1
10001aba:	f10d 0107 	add.w	r1, sp, #7
10001abe:	f7ff ff03 	bl	100018c8 <stdio_out_chars_crlf>
10001ac2:	6924      	ldr	r4, [r4, #16]
10001ac4:	2c00      	cmp	r4, #0
10001ac6:	d1ef      	bne.n	10001aa8 <__wrap_putchar+0x40>
10001ac8:	b917      	cbnz	r7, 10001ad0 <__wrap_putchar+0x68>
10001aca:	4630      	mov	r0, r6
10001acc:	b003      	add	sp, #12
10001ace:	bdf0      	pop	{r4, r5, r6, r7, pc}
10001ad0:	4803      	ldr	r0, [pc, #12]	@ (10001ae0 <__wrap_putchar+0x78>)
10001ad2:	f000 f8d1 	bl	10001c78 <__mutex_exit_veneer>
10001ad6:	4630      	mov	r0, r6
10001ad8:	b003      	add	sp, #12
10001ada:	bdf0      	pop	{r4, r5, r6, r7, pc}
10001adc:	000f4240 	.word	0x000f4240
10001ae0:	200002cc 	.word	0x200002cc
10001ae4:	200004ac 	.word	0x200004ac
10001ae8:	200004b0 	.word	0x200004b0

10001aec <__wrap_puts>:
10001aec:	b538      	push	{r3, r4, r5, lr}
10001aee:	4604      	mov	r4, r0
10001af0:	f000 f890 	bl	10001c14 <strlen>
10001af4:	2301      	movs	r3, #1
10001af6:	4605      	mov	r5, r0
10001af8:	461a      	mov	r2, r3
10001afa:	4620      	mov	r0, r4
10001afc:	4629      	mov	r1, r5
10001afe:	f7ff ff39 	bl	10001974 <stdio_put_string>
10001b02:	4b08      	ldr	r3, [pc, #32]	@ (10001b24 <__wrap_puts+0x38>)
10001b04:	681c      	ldr	r4, [r3, #0]
10001b06:	b12c      	cbz	r4, 10001b14 <__wrap_puts+0x28>
10001b08:	6863      	ldr	r3, [r4, #4]
10001b0a:	b12b      	cbz	r3, 10001b18 <__wrap_puts+0x2c>
10001b0c:	4798      	blx	r3
10001b0e:	6924      	ldr	r4, [r4, #16]
10001b10:	2c00      	cmp	r4, #0
10001b12:	d1f9      	bne.n	10001b08 <__wrap_puts+0x1c>
10001b14:	4628      	mov	r0, r5
10001b16:	bd38      	pop	{r3, r4, r5, pc}
10001b18:	6924      	ldr	r4, [r4, #16]
10001b1a:	2c00      	cmp	r4, #0
10001b1c:	d1f4      	bne.n	10001b08 <__wrap_puts+0x1c>
10001b1e:	4628      	mov	r0, r5
10001b20:	bd38      	pop	{r3, r4, r5, pc}
10001b22:	bf00      	nop
10001b24:	200004ac 	.word	0x200004ac

10001b28 <memcpy>:
10001b28:	4684      	mov	ip, r0
10001b2a:	ea41 0300 	orr.w	r3, r1, r0
10001b2e:	f013 0303 	ands.w	r3, r3, #3
10001b32:	d149      	bne.n	10001bc8 <memcpy+0xa0>
10001b34:	3a40      	subs	r2, #64	@ 0x40
10001b36:	d323      	bcc.n	10001b80 <memcpy+0x58>
10001b38:	680b      	ldr	r3, [r1, #0]
10001b3a:	6003      	str	r3, [r0, #0]
10001b3c:	684b      	ldr	r3, [r1, #4]
10001b3e:	6043      	str	r3, [r0, #4]
10001b40:	688b      	ldr	r3, [r1, #8]
10001b42:	6083      	str	r3, [r0, #8]
10001b44:	68cb      	ldr	r3, [r1, #12]
10001b46:	60c3      	str	r3, [r0, #12]
10001b48:	690b      	ldr	r3, [r1, #16]
10001b4a:	6103      	str	r3, [r0, #16]
10001b4c:	694b      	ldr	r3, [r1, #20]
10001b4e:	6143      	str	r3, [r0, #20]
10001b50:	698b      	ldr	r3, [r1, #24]
10001b52:	6183      	str	r3, [r0, #24]
10001b54:	69cb      	ldr	r3, [r1, #28]
10001b56:	61c3      	str	r3, [r0, #28]
10001b58:	6a0b      	ldr	r3, [r1, #32]
10001b5a:	6203      	str	r3, [r0, #32]
10001b5c:	6a4b      	ldr	r3, [r1, #36]	@ 0x24
10001b5e:	6243      	str	r3, [r0, #36]	@ 0x24
10001b60:	6a8b      	ldr	r3, [r1, #40]	@ 0x28
10001b62:	6283      	str	r3, [r0, #40]	@ 0x28
10001b64:	6acb      	ldr	r3, [r1, #44]	@ 0x2c
10001b66:	62c3      	str	r3, [r0, #44]	@ 0x2c
10001b68:	6b0b      	ldr	r3, [r1, #48]	@ 0x30
10001b6a:	6303      	str	r3, [r0, #48]	@ 0x30
10001b6c:	6b4b      	ldr	r3, [r1, #52]	@ 0x34
10001b6e:	6343      	str	r3, [r0, #52]	@ 0x34
10001b70:	6b8b      	ldr	r3, [r1, #56]	@ 0x38
10001b72:	6383      	str	r3, [r0, #56]	@ 0x38
10001b74:	6bcb      	ldr	r3, [r1, #60]	@ 0x3c
10001b76:	63c3      	str	r3, [r0, #60]	@ 0x3c
10001b78:	3040      	adds	r0, #64	@ 0x40
10001b7a:	3140      	adds	r1, #64	@ 0x40
10001b7c:	3a40      	subs	r2, #64	@ 0x40
10001b7e:	d2db      	bcs.n	10001b38 <memcpy+0x10>
10001b80:	3230      	adds	r2, #48	@ 0x30
10001b82:	d30b      	bcc.n	10001b9c <memcpy+0x74>
10001b84:	680b      	ldr	r3, [r1, #0]
10001b86:	6003      	str	r3, [r0, #0]
10001b88:	684b      	ldr	r3, [r1, #4]
10001b8a:	6043      	str	r3, [r0, #4]
10001b8c:	688b      	ldr	r3, [r1, #8]
10001b8e:	6083      	str	r3, [r0, #8]
10001b90:	68cb      	ldr	r3, [r1, #12]
10001b92:	60c3      	str	r3, [r0, #12]
10001b94:	3010      	adds	r0, #16
10001b96:	3110      	adds	r1, #16
10001b98:	3a10      	subs	r2, #16
10001b9a:	d2f3      	bcs.n	10001b84 <memcpy+0x5c>
10001b9c:	320c      	adds	r2, #12
10001b9e:	d305      	bcc.n	10001bac <memcpy+0x84>
10001ba0:	f851 3b04 	ldr.w	r3, [r1], #4
10001ba4:	f840 3b04 	str.w	r3, [r0], #4
10001ba8:	3a04      	subs	r2, #4
10001baa:	d2f9      	bcs.n	10001ba0 <memcpy+0x78>
10001bac:	3204      	adds	r2, #4
10001bae:	d008      	beq.n	10001bc2 <memcpy+0x9a>
10001bb0:	07d2      	lsls	r2, r2, #31
10001bb2:	bf1c      	itt	ne
10001bb4:	f811 3b01 	ldrbne.w	r3, [r1], #1
10001bb8:	f800 3b01 	strbne.w	r3, [r0], #1
10001bbc:	d301      	bcc.n	10001bc2 <memcpy+0x9a>
10001bbe:	880b      	ldrh	r3, [r1, #0]
10001bc0:	8003      	strh	r3, [r0, #0]
10001bc2:	4660      	mov	r0, ip
10001bc4:	4770      	bx	lr
10001bc6:	bf00      	nop
10001bc8:	2a08      	cmp	r2, #8
10001bca:	d313      	bcc.n	10001bf4 <memcpy+0xcc>
10001bcc:	078b      	lsls	r3, r1, #30
10001bce:	d0b1      	beq.n	10001b34 <memcpy+0xc>
10001bd0:	f010 0303 	ands.w	r3, r0, #3
10001bd4:	d0ae      	beq.n	10001b34 <memcpy+0xc>
10001bd6:	f1c3 0304 	rsb	r3, r3, #4
10001bda:	1ad2      	subs	r2, r2, r3
10001bdc:	07db      	lsls	r3, r3, #31
10001bde:	bf1c      	itt	ne
10001be0:	f811 3b01 	ldrbne.w	r3, [r1], #1
10001be4:	f800 3b01 	strbne.w	r3, [r0], #1
10001be8:	d3a4      	bcc.n	10001b34 <memcpy+0xc>
10001bea:	f831 3b02 	ldrh.w	r3, [r1], #2
10001bee:	f820 3b02 	strh.w	r3, [r0], #2
10001bf2:	e79f      	b.n	10001b34 <memcpy+0xc>
10001bf4:	3a04      	subs	r2, #4
10001bf6:	d3d9      	bcc.n	10001bac <memcpy+0x84>
10001bf8:	3a01      	subs	r2, #1
10001bfa:	f811 3b01 	ldrb.w	r3, [r1], #1
10001bfe:	f800 3b01 	strb.w	r3, [r0], #1
10001c02:	d2f9      	bcs.n	10001bf8 <memcpy+0xd0>
10001c04:	780b      	ldrb	r3, [r1, #0]
10001c06:	7003      	strb	r3, [r0, #0]
10001c08:	784b      	ldrb	r3, [r1, #1]
10001c0a:	7043      	strb	r3, [r0, #1]
10001c0c:	788b      	ldrb	r3, [r1, #2]
10001c0e:	7083      	strb	r3, [r0, #2]
10001c10:	4660      	mov	r0, ip
10001c12:	4770      	bx	lr

10001c14 <strlen>:
10001c14:	f020 0103 	bic.w	r1, r0, #3
10001c18:	f010 0003 	ands.w	r0, r0, #3
10001c1c:	f1c0 0000 	rsb	r0, r0, #0
10001c20:	f851 3b04 	ldr.w	r3, [r1], #4
10001c24:	f100 0c04 	add.w	ip, r0, #4
10001c28:	ea4f 0ccc 	mov.w	ip, ip, lsl #3
10001c2c:	f06f 0200 	mvn.w	r2, #0
10001c30:	bf1c      	itt	ne
10001c32:	fa22 f20c 	lsrne.w	r2, r2, ip
10001c36:	4313      	orrne	r3, r2
10001c38:	f04f 0c01 	mov.w	ip, #1
10001c3c:	ea4c 2c0c 	orr.w	ip, ip, ip, lsl #8
10001c40:	ea4c 4c0c 	orr.w	ip, ip, ip, lsl #16
10001c44:	eba3 020c 	sub.w	r2, r3, ip
10001c48:	ea22 0203 	bic.w	r2, r2, r3
10001c4c:	ea12 12cc 	ands.w	r2, r2, ip, lsl #7
10001c50:	bf04      	itt	eq
10001c52:	f851 3b04 	ldreq.w	r3, [r1], #4
10001c56:	3004      	addeq	r0, #4
10001c58:	d0f4      	beq.n	10001c44 <strlen+0x30>
10001c5a:	f1c2 0100 	rsb	r1, r2, #0
10001c5e:	ea02 0201 	and.w	r2, r2, r1
10001c62:	fab2 f282 	clz	r2, r2
10001c66:	f1c2 021f 	rsb	r2, r2, #31
10001c6a:	eb00 00d2 	add.w	r0, r0, r2, lsr #3
10001c6e:	4770      	bx	lr

10001c70 <__mutex_try_enter_block_until_veneer>:
10001c70:	f85f f000 	ldr.w	pc, [pc]	@ 10001c74 <__mutex_try_enter_block_until_veneer+0x4>
10001c74:	200001a9 	.word	0x200001a9

10001c78 <__mutex_exit_veneer>:
10001c78:	f85f f000 	ldr.w	pc, [pc]	@ 10001c7c <__mutex_exit_veneer+0x4>
10001c7c:	20000215 	.word	0x20000215

10001c80 <__pre_init_runtime_init_bootrom_reset>:
10001c80:	100016e9                                ....

10001c84 <__pre_init_runtime_init_early_resets>:
10001c84:	1000165d                                ]...

10001c88 <__pre_init_runtime_init_usb_power_down>:
10001c88:	10001691                                ....

10001c8c <__pre_init_runtime_init_clocks>:
10001c8c:	10001779                                y...

10001c90 <__pre_init_runtime_init_post_clock_resets>:
10001c90:	100016c9                                ....

10001c94 <__pre_init_runtime_init_boot_locks_reset>:
10001c94:	100015e1                                ....

10001c98 <__pre_init_runtime_init_spin_locks_reset>:
10001c98:	10001711                                ....

10001c9c <__pre_init_runtime_init_bootrom_locking_enable>:
10001c9c:	100015cd                                ....

10001ca0 <__pre_init_runtime_init_mutex>:
10001ca0:	10000c6d                                m...

10001ca4 <__pre_init_runtime_init_install_ram_vector_table>:
10001ca4:	10001715                                ....

10001ca8 <__pre_init_runtime_init_default_alarm_pool>:
10001ca8:	10001009                                ....

10001cac <__pre_init_first_per_core_initializer>:
10001cac:	1000162d                                -...

10001cb0 <__pre_init_runtime_init_per_core_bootrom_reset>:
10001cb0:	100016fd                                ....

10001cb4 <__pre_init_runtime_init_per_core_enable_coprocessors>:
10001cb4:	100016ad                                ....

10001cb8 <__pre_init_spinlock_set_extexclall>:
10001cb8:	10000701                                ....

10001cbc <__pre_init_runtime_init_per_core_irq_priorities>:
10001cbc:	10000729                                )...

Disassembly of section .data:

20000110 <mutex_enter_block_until>:
20000110:	f04f 4150 	mov.w	r1, #3489660928	@ 0xd0000000
20000114:	e92d 47f0 	stmdb	sp!, {r4, r5, r6, r7, r8, r9, sl, lr}
20000118:	f04f 0800 	mov.w	r8, #0
2000011c:	4604      	mov	r4, r0
2000011e:	4691      	mov	r9, r2
20000120:	469a      	mov	sl, r3
20000122:	4d1f      	ldr	r5, [pc, #124]	@ (200001a0 <mutex_enter_block_until+0x90>)
20000124:	4e1f      	ldr	r6, [pc, #124]	@ (200001a4 <mutex_enter_block_until+0x94>)
20000126:	680f      	ldr	r7, [r1, #0]
20000128:	6820      	ldr	r0, [r4, #0]
2000012a:	f3ef 8310 	mrs	r3, PRIMASK
2000012e:	b672      	cpsid	i
20000130:	e8d0 1fcf 	ldaexb	r1, [r0]
20000134:	2201      	movs	r2, #1
20000136:	2900      	cmp	r1, #0
20000138:	d1fa      	bne.n	20000130 <mutex_enter_block_until+0x20>
2000013a:	e8c0 2f41 	strexb	r1, r2, [r0]
2000013e:	2900      	cmp	r1, #0
20000140:	d1f6      	bne.n	20000130 <mutex_enter_block_until+0x20>
20000142:	f3bf 8f5f 	dmb	sy
20000146:	f994 2004 	ldrsb.w	r2, [r4, #4]
2000014a:	2a00      	cmp	r2, #0
2000014c:	db1e      	blt.n	2000018c <mutex_enter_block_until+0x7c>
2000014e:	f895 c000 	ldrb.w	ip, [r5]
20000152:	6822      	ldr	r2, [r4, #0]
20000154:	fa5f fc8c 	uxtb.w	ip, ip
20000158:	e8c2 8f8f 	stlb	r8, [r2]
2000015c:	bf20      	wfe
2000015e:	f383 8810 	msr	PRIMASK, r3
20000162:	782b      	ldrb	r3, [r5, #0]
20000164:	4563      	cmp	r3, ip
20000166:	d00a      	beq.n	2000017e <mutex_enter_block_until+0x6e>
20000168:	6a73      	ldr	r3, [r6, #36]	@ 0x24
2000016a:	459a      	cmp	sl, r3
2000016c:	d8dc      	bhi.n	20000128 <mutex_enter_block_until+0x18>
2000016e:	6ab2      	ldr	r2, [r6, #40]	@ 0x28
20000170:	454a      	cmp	r2, r9
20000172:	d201      	bcs.n	20000178 <mutex_enter_block_until+0x68>
20000174:	459a      	cmp	sl, r3
20000176:	d0d7      	beq.n	20000128 <mutex_enter_block_until+0x18>
20000178:	2000      	movs	r0, #0
2000017a:	e8bd 87f0 	ldmia.w	sp!, {r4, r5, r6, r7, r8, r9, sl, pc}
2000017e:	4648      	mov	r0, r9
20000180:	4651      	mov	r1, sl
20000182:	f000 f86d 	bl	20000260 <__best_effort_wfe_or_timeout_veneer>
20000186:	2800      	cmp	r0, #0
20000188:	d0ce      	beq.n	20000128 <mutex_enter_block_until+0x18>
2000018a:	e7f5      	b.n	20000178 <mutex_enter_block_until+0x68>
2000018c:	2200      	movs	r2, #0
2000018e:	6821      	ldr	r1, [r4, #0]
20000190:	7127      	strb	r7, [r4, #4]
20000192:	e8c1 2f8f 	stlb	r2, [r1]
20000196:	f383 8810 	msr	PRIMASK, r3
2000019a:	2001      	movs	r0, #1
2000019c:	e8bd 87f0 	ldmia.w	sp!, {r4, r5, r6, r7, r8, r9, sl, pc}
200001a0:	200004e1 	.word	0x200004e1
200001a4:	400b0000 	.word	0x400b0000

200001a8 <mutex_try_enter_block_until>:
200001a8:	b530      	push	{r4, r5, lr}
200001aa:	4601      	mov	r1, r0
200001ac:	6804      	ldr	r4, [r0, #0]
200001ae:	f3ef 8c10 	mrs	ip, PRIMASK
200001b2:	b672      	cpsid	i
200001b4:	e8d4 efcf 	ldaexb	lr, [r4]
200001b8:	2501      	movs	r5, #1
200001ba:	f1be 0f00 	cmp.w	lr, #0
200001be:	d1f9      	bne.n	200001b4 <mutex_try_enter_block_until+0xc>
200001c0:	e8c4 5f4e 	strexb	lr, r5, [r4]
200001c4:	f1be 0f00 	cmp.w	lr, #0
200001c8:	d1f4      	bne.n	200001b4 <mutex_try_enter_block_until+0xc>
200001ca:	f3bf 8f5f 	dmb	sy
200001ce:	f990 4004 	ldrsb.w	r4, [r0, #4]
200001d2:	2c00      	cmp	r4, #0
200001d4:	db11      	blt.n	200001fa <mutex_try_enter_block_until+0x52>
200001d6:	2100      	movs	r1, #0
200001d8:	6805      	ldr	r5, [r0, #0]
200001da:	e8c5 1f8f 	stlb	r1, [r5]
200001de:	f38c 8810 	msr	PRIMASK, ip
200001e2:	f04f 4c50 	mov.w	ip, #3489660928	@ 0xd0000000
200001e6:	f99c c000 	ldrsb.w	ip, [ip]
200001ea:	45a4      	cmp	ip, r4
200001ec:	d101      	bne.n	200001f2 <mutex_try_enter_block_until+0x4a>
200001ee:	4608      	mov	r0, r1
200001f0:	bd30      	pop	{r4, r5, pc}
200001f2:	e8bd 4030 	ldmia.w	sp!, {r4, r5, lr}
200001f6:	f7ff bf8b 	b.w	20000110 <mutex_enter_block_until>
200001fa:	f04f 4050 	mov.w	r0, #3489660928	@ 0xd0000000
200001fe:	6800      	ldr	r0, [r0, #0]
20000200:	2300      	movs	r3, #0
20000202:	680a      	ldr	r2, [r1, #0]
20000204:	7108      	strb	r0, [r1, #4]
20000206:	e8c2 3f8f 	stlb	r3, [r2]
2000020a:	f38c 8810 	msr	PRIMASK, ip
2000020e:	2001      	movs	r0, #1
20000210:	bd30      	pop	{r4, r5, pc}
20000212:	bf00      	nop

20000214 <mutex_exit>:
20000214:	6803      	ldr	r3, [r0, #0]
20000216:	f3ef 8110 	mrs	r1, PRIMASK
2000021a:	b672      	cpsid	i
2000021c:	e8d3 cfcf 	ldaexb	ip, [r3]
20000220:	2201      	movs	r2, #1
20000222:	f1bc 0f00 	cmp.w	ip, #0
20000226:	d1f9      	bne.n	2000021c <mutex_exit+0x8>
20000228:	e8c3 2f4c 	strexb	ip, r2, [r3]
2000022c:	f1bc 0f00 	cmp.w	ip, #0
20000230:	d1f4      	bne.n	2000021c <mutex_exit+0x8>
20000232:	f3bf 8f5f 	dmb	sy
20000236:	f04f 0cff 	mov.w	ip, #255	@ 0xff
2000023a:	4a07      	ldr	r2, [pc, #28]	@ (20000258 <mutex_exit+0x44>)
2000023c:	f880 c004 	strb.w	ip, [r0, #4]
20000240:	7813      	ldrb	r3, [r2, #0]
20000242:	3301      	adds	r3, #1
20000244:	b2db      	uxtb	r3, r3
20000246:	7013      	strb	r3, [r2, #0]
20000248:	2300      	movs	r3, #0
2000024a:	6802      	ldr	r2, [r0, #0]
2000024c:	e8c2 3f8f 	stlb	r3, [r2]
20000250:	f381 8810 	msr	PRIMASK, r1
20000254:	bf40      	sev
20000256:	4770      	bx	lr
20000258:	200004e1 	.word	0x200004e1
2000025c:	00000000 	.word	0x00000000

20000260 <__best_effort_wfe_or_timeout_veneer>:
20000260:	f85f f000 	ldr.w	pc, [pc]	@ 20000264 <__best_effort_wfe_or_timeout_veneer+0x4>
20000264:	10001321 	.word	0x10001321

20000268 <striped_spin_lock_num>:
20000268:	00000010                                ....

2000026c <irq_handler_chain_slots>:
2000026c:	00000000 	.word	0x00000000
20000270:	00010000 	.word	0x00010000
	...
2000027c:	00020000 	.word	0x00020000
	...
20000288:	00030000 	.word	0x00030000
	...
20000294:	00ff0000 	.word	0x00ff0000
20000298:	00000000 	.word	0x00000000

2000029c <irq_handler_chain_first_slot>:
2000029c:	b501      	push	{r0, lr}
2000029e:	6848      	ldr	r0, [r1, #4]
200002a0:	3101      	adds	r1, #1
200002a2:	468e      	mov	lr, r1
200002a4:	4700      	bx	r0

200002a6 <irq_handler_chain_remove_tail>:
200002a6:	4670      	mov	r0, lr
200002a8:	3809      	subs	r0, #9
200002aa:	4901      	ldr	r1, [pc, #4]	@ (200002b0 <irq_handler_chain_remove_tail+0xa>)
200002ac:	4788      	blx	r1
200002ae:	bd01      	pop	{r0, pc}
200002b0:	10000ba5 	.word	0x10000ba5

200002b4 <default_alarm_pool>:
	...
200002c8:	200002d8                                ... 

200002cc <print_mutex>:
	...
