
/Users/anarojas/Desktop/Sistemas Embebidos 2026/SE1_P5_Eq3_1/build/SE1_P5_Eq3_1.elf:     file format elf32-littlearm

Sections:
Idx Name          Size      VMA       LMA       File off  Algn
  0 .text         00005f34  10000000  10000000  00001000  2**3
                  CONTENTS, ALLOC, LOAD, READONLY, CODE
  1 .rodata       00000404  10005f38  10005f38  00006f38  2**3
                  CONTENTS, ALLOC, LOAD, READONLY, DATA
  2 .ARM.exidx    00000008  1000633c  1000633c  0000733c  2**2
                  CONTENTS, ALLOC, LOAD, READONLY, DATA
  3 .binary_info  00000024  10006344  10006344  00007344  2**2
                  CONTENTS, ALLOC, LOAD, READONLY, DATA
  4 .psram_load   00000000  11000000  11000000  00009800  2**0
                  CONTENTS
  5 .psram_noload 00000000  11000000  11000000  00009800  2**0
                  CONTENTS
  6 .xip_ram      00000000  13ffc000  13ffc000  00009800  2**0
                  CONTENTS
  7 .ram_vector_table 00000110  20000000  20000000  0000a000  2**2
                  ALLOC
  8 .uninitialized_data 00000000  20000110  20000110  00009800  2**0
                  CONTENTS
  9 .data         00001484  20000110  10006368  00008110  2**3
                  CONTENTS, ALLOC, LOAD, READONLY, CODE
 10 .tdata        00000000  20001594  20001594  00009800  2**0
                  CONTENTS, ALLOC, LOAD, DATA, THREAD_LOCAL
 11 .tbss         00000000  20001594  20001594  00000000  2**0
                  ALLOC, THREAD_LOCAL
 12 .tbss_space   00000000  20001594  20001594  00009800  2**0
                  CONTENTS
 13 .bss          00000970  20001598  100077ec  0000a598  2**3
                  ALLOC
 14 .tls0         00000000  20001f08  20001f08  00009800  2**0
                  CONTENTS
 15 .tls1         00000000  20001f08  20001f08  00009800  2**0
                  CONTENTS
 16 .persistent_data 00000000  20001f08  20001f08  00009800  2**0
                  CONTENTS
 17 .dummy_pre_heap 00000000  20001f08  20001f08  00009800  2**0
                  CONTENTS
 18 .heap         00000800  20001f08  20001f08  0000a000  2**2
                  ALLOC, READONLY
 19 .scratch_x    00000000  20080000  20080000  00009800  2**0
                  CONTENTS
 20 .scratch_y    00000000  20081000  20081000  00009800  2**0
                  CONTENTS
 21 .stack_dummy  00000800  20081000  20081000  0000a000  2**5
                  ALLOC, READONLY
 22 .flash_end    00000014  100077ec  100077ec  000097ec  2**2
                  CONTENTS, ALLOC, LOAD, READONLY, DATA
 23 .debug_info   0003258d  00000000  00000000  00009800  2**0
                  CONTENTS, READONLY, DEBUGGING, OCTETS
 24 .debug_abbrev 0000885c  00000000  00000000  0003bd8d  2**0
                  CONTENTS, READONLY, DEBUGGING, OCTETS
 25 .debug_loclists 00018223  00000000  00000000  000445e9  2**0
                  CONTENTS, READONLY, DEBUGGING, OCTETS
 26 .debug_aranges 00001290  00000000  00000000  0005c810  2**3
                  CONTENTS, READONLY, DEBUGGING, OCTETS
 27 .debug_rnglists 000044e5  00000000  00000000  0005daa0  2**0
                  CONTENTS, READONLY, DEBUGGING, OCTETS
 28 .debug_line   00020a40  00000000  00000000  00061f85  2**0
                  CONTENTS, READONLY, DEBUGGING, OCTETS
 29 .debug_str    000095f0  00000000  00000000  000829c5  2**0
                  CONTENTS, READONLY, DEBUGGING, OCTETS
 30 .comment      00000044  00000000  00000000  0008bfb5  2**0
                  CONTENTS, READONLY
 31 .ARM.attributes 00000036  00000000  00000000  0008bff9  2**0
                  CONTENTS, READONLY
 32 .debug_frame  00003110  00000000  00000000  0008c030  2**2
                  CONTENTS, READONLY, DEBUGGING, OCTETS
 33 .debug_line_str 0000030d  00000000  00000000  0008f140  2**0
                  CONTENTS, READONLY, DEBUGGING, OCTETS

/Users/anarojas/Desktop/Sistemas Embebidos 2026/SE1_P5_Eq3_1/build/SE1_P5_Eq3_1.elf:     file format elf32-littlearm


Disassembly of section .text:

10000000 <__VECTOR_TABLE>:
10000000:	20082000 	.word	0x20082000
10000004:	1000015b 	.word	0x1000015b
10000008:	1000011b 	.word	0x1000011b
1000000c:	1000011d 	.word	0x1000011d
10000010:	10000111 	.word	0x10000111
10000014:	10000111 	.word	0x10000111
10000018:	10000111 	.word	0x10000111
1000001c:	10000111 	.word	0x10000111
10000020:	10000119 	.word	0x10000119
10000024:	10000119 	.word	0x10000119
10000028:	10000119 	.word	0x10000119
1000002c:	1000011f 	.word	0x1000011f
10000030:	10000111 	.word	0x10000111
10000034:	10000119 	.word	0x10000119
10000038:	10000121 	.word	0x10000121
1000003c:	10000123 	.word	0x10000123
10000040:	10000111 	.word	0x10000111
10000044:	10000111 	.word	0x10000111
10000048:	10000111 	.word	0x10000111
1000004c:	10000111 	.word	0x10000111
10000050:	10000111 	.word	0x10000111
10000054:	10000111 	.word	0x10000111
10000058:	10000111 	.word	0x10000111
1000005c:	10000111 	.word	0x10000111
10000060:	10000111 	.word	0x10000111
10000064:	10000111 	.word	0x10000111
10000068:	10000111 	.word	0x10000111
1000006c:	10000111 	.word	0x10000111
10000070:	10000111 	.word	0x10000111
10000074:	10000111 	.word	0x10000111
10000078:	10000111 	.word	0x10000111
1000007c:	10000111 	.word	0x10000111
10000080:	10000111 	.word	0x10000111
10000084:	10000111 	.word	0x10000111
10000088:	10000111 	.word	0x10000111
1000008c:	10000111 	.word	0x10000111
10000090:	10000111 	.word	0x10000111
10000094:	10000111 	.word	0x10000111
10000098:	10000111 	.word	0x10000111
1000009c:	10000111 	.word	0x10000111
100000a0:	10000111 	.word	0x10000111
100000a4:	10000111 	.word	0x10000111
100000a8:	10000111 	.word	0x10000111
100000ac:	10000111 	.word	0x10000111
100000b0:	10000111 	.word	0x10000111
100000b4:	10000111 	.word	0x10000111
100000b8:	10000111 	.word	0x10000111
100000bc:	10000111 	.word	0x10000111
100000c0:	10000111 	.word	0x10000111
100000c4:	10000111 	.word	0x10000111
100000c8:	10000111 	.word	0x10000111
100000cc:	10000111 	.word	0x10000111
100000d0:	10000111 	.word	0x10000111
100000d4:	10000111 	.word	0x10000111
100000d8:	10000111 	.word	0x10000111
100000dc:	10000111 	.word	0x10000111
100000e0:	10000111 	.word	0x10000111
100000e4:	10000111 	.word	0x10000111
100000e8:	10000111 	.word	0x10000111
100000ec:	10000111 	.word	0x10000111
100000f0:	10000111 	.word	0x10000111
100000f4:	10000111 	.word	0x10000111
100000f8:	10000111 	.word	0x10000111
100000fc:	10000111 	.word	0x10000111
10000100:	10000111 	.word	0x10000111
10000104:	10000111 	.word	0x10000111
10000108:	10000111 	.word	0x10000111
1000010c:	10000111 	.word	0x10000111

10000110 <__unhandled_user_irq>:
10000110:	f3ef 8005 	mrs	r0, IPSR
10000114:	3810      	subs	r0, #16

10000116 <unhandled_user_irq_num_in_r0>:
10000116:	be00      	bkpt	0x0000

10000118 <isr_invalid>:
10000118:	be00      	bkpt	0x0000

1000011a <isr_nmi>:
1000011a:	be00      	bkpt	0x0000

1000011c <isr_hardfault>:
1000011c:	be00      	bkpt	0x0000

1000011e <isr_svcall>:
1000011e:	be00      	bkpt	0x0000

10000120 <isr_pendsv>:
10000120:	be00      	bkpt	0x0000

10000122 <isr_systick>:
10000122:	be00      	bkpt	0x0000

10000124 <__default_isrs_end>:
10000124:	7188ebf2 	.word	0x7188ebf2
10000128:	10006344 	.word	0x10006344
1000012c:	10006368 	.word	0x10006368
10000130:	1000019c 	.word	0x1000019c
10000134:	e71aa390 	.word	0xe71aa390

10000138 <__binary_info_header_end>:
10000138:	ffffded3 	.word	0xffffded3
1000013c:	10210142 	.word	0x10210142
10000140:	000001ff 	.word	0x000001ff
10000144:	000076b4 	.word	0x000076b4
10000148:	ab123579 	.word	0xab123579

1000014c <_entry_point>:
1000014c:	2000      	movs	r0, #0

1000014e <_enter_vtable_in_r0>:
1000014e:	491e      	ldr	r1, [pc, #120]	@ (100001c8 <data_cpy_table+0x2c>)
10000150:	6008      	str	r0, [r1, #0]
10000152:	c806      	ldmia	r0!, {r1, r2}
10000154:	f381 8808 	msr	MSP, r1
10000158:	4710      	bx	r2

1000015a <_reset_handler>:
1000015a:	f04f 4050 	mov.w	r0, #3489660928	@ 0xd0000000
1000015e:	6800      	ldr	r0, [r0, #0]
10000160:	b108      	cbz	r0, 10000166 <hold_non_core0_in_bootrom+0x4>

10000162 <hold_non_core0_in_bootrom>:
10000162:	2000      	movs	r0, #0
10000164:	e7f3      	b.n	1000014e <_enter_vtable_in_r0>
10000166:	a40d      	add	r4, pc, #52	@ (adr r4, 1000019c <data_cpy_table>)
10000168:	cc0e      	ldmia	r4!, {r1, r2, r3}
1000016a:	2900      	cmp	r1, #0
1000016c:	d002      	beq.n	10000174 <hold_non_core0_in_bootrom+0x12>
1000016e:	f000 f812 	bl	10000196 <data_cpy>
10000172:	e7f9      	b.n	10000168 <hold_non_core0_in_bootrom+0x6>
10000174:	4915      	ldr	r1, [pc, #84]	@ (100001cc <data_cpy_table+0x30>)
10000176:	4a16      	ldr	r2, [pc, #88]	@ (100001d0 <data_cpy_table+0x34>)
10000178:	2000      	movs	r0, #0
1000017a:	e000      	b.n	1000017e <bss_fill_test>

1000017c <bss_fill_loop>:
1000017c:	c101      	stmia	r1!, {r0}

1000017e <bss_fill_test>:
1000017e:	4291      	cmp	r1, r2
10000180:	d1fc      	bne.n	1000017c <bss_fill_loop>

10000182 <platform_entry>:
10000182:	4914      	ldr	r1, [pc, #80]	@ (100001d4 <data_cpy_table+0x38>)
10000184:	4788      	blx	r1
10000186:	4914      	ldr	r1, [pc, #80]	@ (100001d8 <data_cpy_table+0x3c>)
10000188:	4788      	blx	r1
1000018a:	4914      	ldr	r1, [pc, #80]	@ (100001dc <data_cpy_table+0x40>)
1000018c:	4788      	blx	r1
1000018e:	be00      	bkpt	0x0000
10000190:	e7fd      	b.n	1000018e <platform_entry+0xc>

10000192 <data_cpy_loop>:
10000192:	c901      	ldmia	r1!, {r0}
10000194:	c201      	stmia	r2!, {r0}

10000196 <data_cpy>:
10000196:	429a      	cmp	r2, r3
10000198:	d3fb      	bcc.n	10000192 <data_cpy_loop>

1000019a <data_cpy_done>:
1000019a:	4770      	bx	lr

1000019c <data_cpy_table>:
1000019c:	10006368 	.word	0x10006368
100001a0:	20000110 	.word	0x20000110
100001a4:	20001594 	.word	0x20001594
100001a8:	100077ec 	.word	0x100077ec
100001ac:	20080000 	.word	0x20080000
100001b0:	20080000 	.word	0x20080000
100001b4:	100077ec 	.word	0x100077ec
100001b8:	20081000 	.word	0x20081000
100001bc:	20081000 	.word	0x20081000
100001c0:	00000000 	.word	0x00000000
100001c4:	4770      	bx	lr
100001c6:	0000      	.short	0x0000
100001c8:	e000ed08 	.word	0xe000ed08
100001cc:	20001594 	.word	0x20001594
100001d0:	20001f08 	.word	0x20001f08
100001d4:	1000360d 	.word	0x1000360d
100001d8:	1000026d 	.word	0x1000026d
100001dc:	10003605 	.word	0x10003605

100001e0 <sig_isr>:
100001e0:	e92d 43f8 	stmdb	sp!, {r3, r4, r5, r6, r7, r8, r9, lr}
100001e4:	460c      	mov	r4, r1
100001e6:	f001 fa31 	bl	1000164c <time_us_64>
100001ea:	260e      	movs	r6, #14
100001ec:	4602      	mov	r2, r0
100001ee:	460b      	mov	r3, r1
100001f0:	2001      	movs	r0, #1
100001f2:	ec40 6040 	gpioc_bit_out_put r6, r0
100001f6:	0725      	lsls	r5, r4, #28
100001f8:	d506      	bpl.n	10000208 <sig_isr+0x28>
100001fa:	4917      	ldr	r1, [pc, #92]	@ (10000258 <sig_isr+0x78>)
100001fc:	e9d1 6700 	ldrd	r6, r7, [r1]
10000200:	433e      	orrs	r6, r7
10000202:	d11c      	bne.n	1000023e <sig_isr+0x5e>
10000204:	e9c1 2300 	strd	r2, r3, [r1]
10000208:	0761      	lsls	r1, r4, #29
1000020a:	d511      	bpl.n	10000230 <sig_isr+0x50>
1000020c:	4813      	ldr	r0, [pc, #76]	@ (1000025c <sig_isr+0x7c>)
1000020e:	4912      	ldr	r1, [pc, #72]	@ (10000258 <sig_isr+0x78>)
10000210:	e9c0 2300 	strd	r2, r3, [r0]
10000214:	e9d1 2300 	ldrd	r2, r3, [r1]
10000218:	431a      	orrs	r2, r3
1000021a:	d009      	beq.n	10000230 <sig_isr+0x50>
1000021c:	e9d0 6700 	ldrd	r6, r7, [r0]
10000220:	e9d1 0100 	ldrd	r0, r1, [r1]
10000224:	4c0e      	ldr	r4, [pc, #56]	@ (10000260 <sig_isr+0x80>)
10000226:	1a32      	subs	r2, r6, r0
10000228:	eb67 0301 	sbc.w	r3, r7, r1
1000022c:	e9c4 2300 	strd	r2, r3, [r4]
10000230:	230e      	movs	r3, #14
10000232:	f04f 0200 	mov.w	r2, #0
10000236:	ec42 3040 	gpioc_bit_out_put r3, r2
1000023a:	e8bd 83f8 	ldmia.w	sp!, {r3, r4, r5, r6, r7, r8, r9, pc}
1000023e:	e9d1 8900 	ldrd	r8, r9, [r1]
10000242:	f8df c024 	ldr.w	ip, [pc, #36]	@ 10000268 <sig_isr+0x88>
10000246:	ebb2 0608 	subs.w	r6, r2, r8
1000024a:	4d06      	ldr	r5, [pc, #24]	@ (10000264 <sig_isr+0x84>)
1000024c:	eb63 0709 	sbc.w	r7, r3, r9
10000250:	e9cc 6700 	strd	r6, r7, [ip]
10000254:	7028      	strb	r0, [r5, #0]
10000256:	e7d5      	b.n	10000204 <sig_isr+0x24>
10000258:	20001800 	.word	0x20001800
1000025c:	200017f8 	.word	0x200017f8
10000260:	20001668 	.word	0x20001668
10000264:	20001f04 	.word	0x20001f04
10000268:	20001598 	.word	0x20001598

1000026c <main>:
1000026c:	e92d 4ff0 	stmdb	sp!, {r4, r5, r6, r7, r8, r9, sl, fp, lr}
10000270:	ed2d 8b04 	vpush	{d8-d9}
10000274:	b087      	sub	sp, #28
10000276:	f003 faed 	bl	10003854 <stdio_init_all>
1000027a:	200e      	movs	r0, #14
1000027c:	f000 f9c0 	bl	10000600 <gpio_init>
10000280:	230e      	movs	r3, #14
10000282:	f04f 0201 	mov.w	r2, #1
10000286:	ec42 3044 	gpioc_bit_oe_put r3, r2
1000028a:	f04f 0500 	mov.w	r5, #0
1000028e:	ec45 3040 	gpioc_bit_out_put r3, r5
10000292:	200f      	movs	r0, #15
10000294:	f000 f9b4 	bl	10000600 <gpio_init>
10000298:	240f      	movs	r4, #15
1000029a:	ec45 4044 	gpioc_bit_oe_put r4, r5
1000029e:	2200      	movs	r2, #0
100002a0:	4620      	mov	r0, r4
100002a2:	4611      	mov	r1, r2
100002a4:	f000 f92c 	bl	10000500 <gpio_set_pulls>
100002a8:	4620      	mov	r0, r4
100002aa:	2201      	movs	r2, #1
100002ac:	210c      	movs	r1, #12
100002ae:	4b22      	ldr	r3, [pc, #136]	@ (10000338 <main+0xcc>)
100002b0:	f000 f93a 	bl	10000528 <gpio_set_irq_enabled_with_callback>
100002b4:	ed9f 9a21 	vldr	s18, [pc, #132]	@ 1000033c <main+0xd0>
100002b8:	eddf 8a21 	vldr	s17, [pc, #132]	@ 10000340 <main+0xd4>
100002bc:	4c21      	ldr	r4, [pc, #132]	@ (10000344 <main+0xd8>)
100002be:	f8df a08c 	ldr.w	sl, [pc, #140]	@ 1000034c <main+0xe0>
100002c2:	4d21      	ldr	r5, [pc, #132]	@ (10000348 <main+0xdc>)
100002c4:	f8df b088 	ldr.w	fp, [pc, #136]	@ 10000350 <main+0xe4>
100002c8:	2200      	movs	r2, #0
100002ca:	7823      	ldrb	r3, [r4, #0]
100002cc:	2b00      	cmp	r3, #0
100002ce:	d0fc      	beq.n	100002ca <main+0x5e>
100002d0:	e9da 6700 	ldrd	r6, r7, [sl]
100002d4:	e9d5 8900 	ldrd	r8, r9, [r5]
100002d8:	ea56 0307 	orrs.w	r3, r6, r7
100002dc:	7022      	strb	r2, [r4, #0]
100002de:	d0f4      	beq.n	100002ca <main+0x5e>
100002e0:	4639      	mov	r1, r7
100002e2:	4630      	mov	r0, r6
100002e4:	f001 fe55 	bl	10001f92 <__wrap___aeabi_ul2f>
100002e8:	4603      	mov	r3, r0
100002ea:	4649      	mov	r1, r9
100002ec:	4640      	mov	r0, r8
100002ee:	ee08 3a10 	vmov	s16, r3
100002f2:	f001 fe4e 	bl	10001f92 <__wrap___aeabi_ul2f>
100002f6:	ee07 0a10 	vmov	s14, r0
100002fa:	eec7 7a08 	vdiv.f32	s15, s14, s16
100002fe:	ee67 7a89 	vmul.f32	s15, s15, s18
10000302:	ee17 0a90 	vmov	r0, s15
10000306:	f005 fdc7 	bl	10005e98 <____aeabi_f2d_veneer>
1000030a:	eec8 7a88 	vdiv.f32	s15, s17, s16
1000030e:	4602      	mov	r2, r0
10000310:	460b      	mov	r3, r1
10000312:	ee17 0a90 	vmov	r0, s15
10000316:	e9cd 2304 	strd	r2, r3, [sp, #16]
1000031a:	e9cd 8902 	strd	r8, r9, [sp, #8]
1000031e:	f005 fdbb 	bl	10005e98 <____aeabi_f2d_veneer>
10000322:	4632      	mov	r2, r6
10000324:	e9cd 0100 	strd	r0, r1, [sp]
10000328:	463b      	mov	r3, r7
1000032a:	4658      	mov	r0, fp
1000032c:	f003 fb58 	bl	100039e0 <__wrap_printf>
10000330:	20c8      	movs	r0, #200	@ 0xc8
10000332:	f001 f8b9 	bl	100014a8 <sleep_ms>
10000336:	e7c7      	b.n	100002c8 <main+0x5c>
10000338:	100001e1 	.word	0x100001e1
1000033c:	42c80000 	.word	0x42c80000
10000340:	49742400 	.word	0x49742400
10000344:	20001f04 	.word	0x20001f04
10000348:	20001668 	.word	0x20001668
1000034c:	20001598 	.word	0x20001598
10000350:	10005f38 	.word	0x10005f38

10000354 <gpio_default_irq_handler>:
10000354:	f04f 4150 	mov.w	r1, #3489660928	@ 0xd0000000
10000358:	e92d 4ff8 	stmdb	sp!, {r3, r4, r5, r6, r7, r8, r9, sl, fp, lr}
1000035c:	4a64      	ldr	r2, [pc, #400]	@ (100004f0 <gpio_default_irq_handler+0x19c>)
1000035e:	f8d1 a000 	ldr.w	sl, [r1]
10000362:	4b64      	ldr	r3, [pc, #400]	@ (100004f4 <gpio_default_irq_handler+0x1a0>)
10000364:	f852 702a 	ldr.w	r7, [r2, sl, lsl #2]
10000368:	eb0a 02ca 	add.w	r2, sl, sl, lsl #3
1000036c:	eb03 08c2 	add.w	r8, r3, r2, lsl #3
10000370:	b34f      	cbz	r7, 100003c6 <gpio_default_irq_handler+0x72>
10000372:	2600      	movs	r6, #0
10000374:	f8df b180 	ldr.w	fp, [pc, #384]	@ 100004f8 <gpio_default_irq_handler+0x1a4>
10000378:	f8df 9180 	ldr.w	r9, [pc, #384]	@ 100004fc <gpio_default_irq_handler+0x1a8>
1000037c:	08f3      	lsrs	r3, r6, #3
1000037e:	330c      	adds	r3, #12
10000380:	f858 4023 	ldr.w	r4, [r8, r3, lsl #2]
10000384:	4635      	mov	r5, r6
10000386:	3608      	adds	r6, #8
10000388:	b1cc      	cbz	r4, 100003be <gpio_default_irq_handler+0x6a>
1000038a:	f014 010f 	ands.w	r1, r4, #15
1000038e:	d010      	beq.n	100003b2 <gpio_default_irq_handler+0x5e>
10000390:	f85b 202a 	ldr.w	r2, [fp, sl, lsl #2]
10000394:	f005 0307 	and.w	r3, r5, #7
10000398:	40ea      	lsrs	r2, r5
1000039a:	08e8      	lsrs	r0, r5, #3
1000039c:	009b      	lsls	r3, r3, #2
1000039e:	07d2      	lsls	r2, r2, #31
100003a0:	fa01 f303 	lsl.w	r3, r1, r3
100003a4:	f100 0c8c 	add.w	ip, r0, #140	@ 0x8c
100003a8:	d403      	bmi.n	100003b2 <gpio_default_irq_handler+0x5e>
100003aa:	4628      	mov	r0, r5
100003ac:	f849 302c 	str.w	r3, [r9, ip, lsl #2]
100003b0:	47b8      	blx	r7
100003b2:	0924      	lsrs	r4, r4, #4
100003b4:	f105 0501 	add.w	r5, r5, #1
100003b8:	d001      	beq.n	100003be <gpio_default_irq_handler+0x6a>
100003ba:	42b5      	cmp	r5, r6
100003bc:	d3e5      	bcc.n	1000038a <gpio_default_irq_handler+0x36>
100003be:	2e20      	cmp	r6, #32
100003c0:	d1dc      	bne.n	1000037c <gpio_default_irq_handler+0x28>
100003c2:	e8bd 8ff8 	ldmia.w	sp!, {r3, r4, r5, r6, r7, r8, r9, sl, fp, pc}
100003c6:	484c      	ldr	r0, [pc, #304]	@ (100004f8 <gpio_default_irq_handler+0x1a4>)
100003c8:	08f9      	lsrs	r1, r7, #3
100003ca:	f101 030c 	add.w	r3, r1, #12
100003ce:	f858 3023 	ldr.w	r3, [r8, r3, lsl #2]
100003d2:	463a      	mov	r2, r7
100003d4:	3708      	adds	r7, #8
100003d6:	2b00      	cmp	r3, #0
100003d8:	d071      	beq.n	100004be <gpio_default_irq_handler+0x16a>
100003da:	f013 050f 	ands.w	r5, r3, #15
100003de:	d008      	beq.n	100003f2 <gpio_default_irq_handler+0x9e>
100003e0:	f850 402a 	ldr.w	r4, [r0, sl, lsl #2]
100003e4:	40d4      	lsrs	r4, r2
100003e6:	07e4      	lsls	r4, r4, #31
100003e8:	d403      	bmi.n	100003f2 <gpio_default_irq_handler+0x9e>
100003ea:	4c44      	ldr	r4, [pc, #272]	@ (100004fc <gpio_default_irq_handler+0x1a8>)
100003ec:	318c      	adds	r1, #140	@ 0x8c
100003ee:	f844 5021 	str.w	r5, [r4, r1, lsl #2]
100003f2:	0919      	lsrs	r1, r3, #4
100003f4:	d063      	beq.n	100004be <gpio_default_irq_handler+0x16a>
100003f6:	f011 010f 	ands.w	r1, r1, #15
100003fa:	d00b      	beq.n	10000414 <gpio_default_irq_handler+0xc0>
100003fc:	f850 402a 	ldr.w	r4, [r0, sl, lsl #2]
10000400:	1c55      	adds	r5, r2, #1
10000402:	40ec      	lsrs	r4, r5
10000404:	07e6      	lsls	r6, r4, #31
10000406:	d405      	bmi.n	10000414 <gpio_default_irq_handler+0xc0>
10000408:	08ec      	lsrs	r4, r5, #3
1000040a:	4d3c      	ldr	r5, [pc, #240]	@ (100004fc <gpio_default_irq_handler+0x1a8>)
1000040c:	0109      	lsls	r1, r1, #4
1000040e:	348c      	adds	r4, #140	@ 0x8c
10000410:	f845 1024 	str.w	r1, [r5, r4, lsl #2]
10000414:	0a19      	lsrs	r1, r3, #8
10000416:	d052      	beq.n	100004be <gpio_default_irq_handler+0x16a>
10000418:	f011 010f 	ands.w	r1, r1, #15
1000041c:	d00b      	beq.n	10000436 <gpio_default_irq_handler+0xe2>
1000041e:	f850 402a 	ldr.w	r4, [r0, sl, lsl #2]
10000422:	1c95      	adds	r5, r2, #2
10000424:	40ec      	lsrs	r4, r5
10000426:	07e4      	lsls	r4, r4, #31
10000428:	d405      	bmi.n	10000436 <gpio_default_irq_handler+0xe2>
1000042a:	08ec      	lsrs	r4, r5, #3
1000042c:	4d33      	ldr	r5, [pc, #204]	@ (100004fc <gpio_default_irq_handler+0x1a8>)
1000042e:	0209      	lsls	r1, r1, #8
10000430:	348c      	adds	r4, #140	@ 0x8c
10000432:	f845 1024 	str.w	r1, [r5, r4, lsl #2]
10000436:	0b19      	lsrs	r1, r3, #12
10000438:	d041      	beq.n	100004be <gpio_default_irq_handler+0x16a>
1000043a:	f011 010f 	ands.w	r1, r1, #15
1000043e:	d005      	beq.n	1000044c <gpio_default_irq_handler+0xf8>
10000440:	f850 402a 	ldr.w	r4, [r0, sl, lsl #2]
10000444:	1cd5      	adds	r5, r2, #3
10000446:	40ec      	lsrs	r4, r5
10000448:	07e6      	lsls	r6, r4, #31
1000044a:	d53c      	bpl.n	100004c6 <gpio_default_irq_handler+0x172>
1000044c:	0c19      	lsrs	r1, r3, #16
1000044e:	d036      	beq.n	100004be <gpio_default_irq_handler+0x16a>
10000450:	f011 010f 	ands.w	r1, r1, #15
10000454:	d006      	beq.n	10000464 <gpio_default_irq_handler+0x110>
10000456:	4c28      	ldr	r4, [pc, #160]	@ (100004f8 <gpio_default_irq_handler+0x1a4>)
10000458:	f854 502a 	ldr.w	r5, [r4, sl, lsl #2]
1000045c:	1d14      	adds	r4, r2, #4
1000045e:	40e5      	lsrs	r5, r4
10000460:	07ed      	lsls	r5, r5, #31
10000462:	d537      	bpl.n	100004d4 <gpio_default_irq_handler+0x180>
10000464:	0d19      	lsrs	r1, r3, #20
10000466:	d02a      	beq.n	100004be <gpio_default_irq_handler+0x16a>
10000468:	f011 010f 	ands.w	r1, r1, #15
1000046c:	d006      	beq.n	1000047c <gpio_default_irq_handler+0x128>
1000046e:	4c22      	ldr	r4, [pc, #136]	@ (100004f8 <gpio_default_irq_handler+0x1a4>)
10000470:	f854 502a 	ldr.w	r5, [r4, sl, lsl #2]
10000474:	1d54      	adds	r4, r2, #5
10000476:	40e5      	lsrs	r5, r4
10000478:	07ee      	lsls	r6, r5, #31
1000047a:	d532      	bpl.n	100004e2 <gpio_default_irq_handler+0x18e>
1000047c:	0e19      	lsrs	r1, r3, #24
1000047e:	d01e      	beq.n	100004be <gpio_default_irq_handler+0x16a>
10000480:	f011 010f 	ands.w	r1, r1, #15
10000484:	d00c      	beq.n	100004a0 <gpio_default_irq_handler+0x14c>
10000486:	4c1c      	ldr	r4, [pc, #112]	@ (100004f8 <gpio_default_irq_handler+0x1a4>)
10000488:	f854 502a 	ldr.w	r5, [r4, sl, lsl #2]
1000048c:	1d94      	adds	r4, r2, #6
1000048e:	40e5      	lsrs	r5, r4
10000490:	07ed      	lsls	r5, r5, #31
10000492:	d405      	bmi.n	100004a0 <gpio_default_irq_handler+0x14c>
10000494:	4d19      	ldr	r5, [pc, #100]	@ (100004fc <gpio_default_irq_handler+0x1a8>)
10000496:	08e4      	lsrs	r4, r4, #3
10000498:	0609      	lsls	r1, r1, #24
1000049a:	348c      	adds	r4, #140	@ 0x8c
1000049c:	f845 1024 	str.w	r1, [r5, r4, lsl #2]
100004a0:	0f1b      	lsrs	r3, r3, #28
100004a2:	f102 0207 	add.w	r2, r2, #7
100004a6:	d00a      	beq.n	100004be <gpio_default_irq_handler+0x16a>
100004a8:	f850 102a 	ldr.w	r1, [r0, sl, lsl #2]
100004ac:	40d1      	lsrs	r1, r2
100004ae:	07c9      	lsls	r1, r1, #31
100004b0:	d405      	bmi.n	100004be <gpio_default_irq_handler+0x16a>
100004b2:	4912      	ldr	r1, [pc, #72]	@ (100004fc <gpio_default_irq_handler+0x1a8>)
100004b4:	08d2      	lsrs	r2, r2, #3
100004b6:	071b      	lsls	r3, r3, #28
100004b8:	328c      	adds	r2, #140	@ 0x8c
100004ba:	f841 3022 	str.w	r3, [r1, r2, lsl #2]
100004be:	2f20      	cmp	r7, #32
100004c0:	d182      	bne.n	100003c8 <gpio_default_irq_handler+0x74>
100004c2:	e8bd 8ff8 	ldmia.w	sp!, {r3, r4, r5, r6, r7, r8, r9, sl, fp, pc}
100004c6:	08ec      	lsrs	r4, r5, #3
100004c8:	4d0c      	ldr	r5, [pc, #48]	@ (100004fc <gpio_default_irq_handler+0x1a8>)
100004ca:	0309      	lsls	r1, r1, #12
100004cc:	348c      	adds	r4, #140	@ 0x8c
100004ce:	f845 1024 	str.w	r1, [r5, r4, lsl #2]
100004d2:	e7bb      	b.n	1000044c <gpio_default_irq_handler+0xf8>
100004d4:	4d09      	ldr	r5, [pc, #36]	@ (100004fc <gpio_default_irq_handler+0x1a8>)
100004d6:	08e4      	lsrs	r4, r4, #3
100004d8:	0409      	lsls	r1, r1, #16
100004da:	348c      	adds	r4, #140	@ 0x8c
100004dc:	f845 1024 	str.w	r1, [r5, r4, lsl #2]
100004e0:	e7c0      	b.n	10000464 <gpio_default_irq_handler+0x110>
100004e2:	4d06      	ldr	r5, [pc, #24]	@ (100004fc <gpio_default_irq_handler+0x1a8>)
100004e4:	08e4      	lsrs	r4, r4, #3
100004e6:	0509      	lsls	r1, r1, #20
100004e8:	348c      	adds	r4, #140	@ 0x8c
100004ea:	f845 1024 	str.w	r1, [r5, r4, lsl #2]
100004ee:	e7c5      	b.n	1000047c <gpio_default_irq_handler+0x128>
100004f0:	20001a2c 	.word	0x20001a2c
100004f4:	40028248 	.word	0x40028248
100004f8:	20001ed4 	.word	0x20001ed4
100004fc:	40028000 	.word	0x40028000

10000500 <gpio_set_pulls>:
10000500:	b410      	push	{r4}
10000502:	4c08      	ldr	r4, [pc, #32]	@ (10000524 <gpio_set_pulls+0x24>)
10000504:	00c9      	lsls	r1, r1, #3
10000506:	ea41 0182 	orr.w	r1, r1, r2, lsl #2
1000050a:	f854 2020 	ldr.w	r2, [r4, r0, lsl #2]
1000050e:	eb04 0380 	add.w	r3, r4, r0, lsl #2
10000512:	4051      	eors	r1, r2
10000514:	f503 5380 	add.w	r3, r3, #4096	@ 0x1000
10000518:	f001 010c 	and.w	r1, r1, #12
1000051c:	f85d 4b04 	ldr.w	r4, [sp], #4
10000520:	6019      	str	r1, [r3, #0]
10000522:	4770      	bx	lr
10000524:	40038004 	.word	0x40038004

10000528 <gpio_set_irq_enabled_with_callback>:
10000528:	e92d 47f0 	stmdb	sp!, {r4, r5, r6, r7, r8, r9, sl, lr}
1000052c:	f04f 4850 	mov.w	r8, #3489660928	@ 0xd0000000
10000530:	461f      	mov	r7, r3
10000532:	f000 0307 	and.w	r3, r0, #7
10000536:	08c4      	lsrs	r4, r0, #3
10000538:	009b      	lsls	r3, r3, #2
1000053a:	f8d8 5000 	ldr.w	r5, [r8]
1000053e:	fa01 f603 	lsl.w	r6, r1, r3
10000542:	ea4f 0984 	mov.w	r9, r4, lsl #2
10000546:	b9b2      	cbnz	r2, 10000576 <gpio_set_irq_enabled_with_callback+0x4e>
10000548:	4b28      	ldr	r3, [pc, #160]	@ (100005ec <gpio_set_irq_enabled_with_callback+0xc4>)
1000054a:	4929      	ldr	r1, [pc, #164]	@ (100005f0 <gpio_set_irq_enabled_with_callback+0xc8>)
1000054c:	eb05 05c5 	add.w	r5, r5, r5, lsl #3
10000550:	348c      	adds	r4, #140	@ 0x8c
10000552:	eb09 09c5 	add.w	r9, r9, r5, lsl #3
10000556:	f841 6024 	str.w	r6, [r1, r4, lsl #2]
1000055a:	f843 6009 	str.w	r6, [r3, r9]
1000055e:	f8d8 4000 	ldr.w	r4, [r8]
10000562:	f8df a098 	ldr.w	sl, [pc, #152]	@ 100005fc <gpio_set_irq_enabled_with_callback+0xd4>
10000566:	f85a 3024 	ldr.w	r3, [sl, r4, lsl #2]
1000056a:	b303      	cbz	r3, 100005ae <gpio_set_irq_enabled_with_callback+0x86>
1000056c:	b3a7      	cbz	r7, 100005d8 <gpio_set_irq_enabled_with_callback+0xb0>
1000056e:	f84a 7024 	str.w	r7, [sl, r4, lsl #2]
10000572:	e8bd 87f0 	ldmia.w	sp!, {r4, r5, r6, r7, r8, r9, sl, pc}
10000576:	f8df a084 	ldr.w	sl, [pc, #132]	@ 100005fc <gpio_set_irq_enabled_with_callback+0xd4>
1000057a:	f85a 2025 	ldr.w	r2, [sl, r5, lsl #2]
1000057e:	b302      	cbz	r2, 100005c2 <gpio_set_irq_enabled_with_callback+0x9a>
10000580:	b37f      	cbz	r7, 100005e2 <gpio_set_irq_enabled_with_callback+0xba>
10000582:	f04f 4350 	mov.w	r3, #3489660928	@ 0xd0000000
10000586:	f84a 7025 	str.w	r7, [sl, r5, lsl #2]
1000058a:	681d      	ldr	r5, [r3, #0]
1000058c:	4b19      	ldr	r3, [pc, #100]	@ (100005f4 <gpio_set_irq_enabled_with_callback+0xcc>)
1000058e:	eb05 05c5 	add.w	r5, r5, r5, lsl #3
10000592:	eb09 05c5 	add.w	r5, r9, r5, lsl #3
10000596:	4a16      	ldr	r2, [pc, #88]	@ (100005f0 <gpio_set_irq_enabled_with_callback+0xc8>)
10000598:	348c      	adds	r4, #140	@ 0x8c
1000059a:	442b      	add	r3, r5
1000059c:	f842 6024 	str.w	r6, [r2, r4, lsl #2]
100005a0:	2101      	movs	r1, #1
100005a2:	601e      	str	r6, [r3, #0]
100005a4:	2015      	movs	r0, #21
100005a6:	e8bd 47f0 	ldmia.w	sp!, {r4, r5, r6, r7, r8, r9, sl, lr}
100005aa:	f000 b92f 	b.w	1000080c <irq_set_enabled>
100005ae:	2f00      	cmp	r7, #0
100005b0:	d0df      	beq.n	10000572 <gpio_set_irq_enabled_with_callback+0x4a>
100005b2:	f84a 7024 	str.w	r7, [sl, r4, lsl #2]
100005b6:	2015      	movs	r0, #21
100005b8:	e8bd 47f0 	ldmia.w	sp!, {r4, r5, r6, r7, r8, r9, sl, lr}
100005bc:	490e      	ldr	r1, [pc, #56]	@ (100005f8 <gpio_set_irq_enabled_with_callback+0xd0>)
100005be:	f000 b995 	b.w	100008ec <irq_add_shared_handler>
100005c2:	2f00      	cmp	r7, #0
100005c4:	d0e2      	beq.n	1000058c <gpio_set_irq_enabled_with_callback+0x64>
100005c6:	2015      	movs	r0, #21
100005c8:	490b      	ldr	r1, [pc, #44]	@ (100005f8 <gpio_set_irq_enabled_with_callback+0xd0>)
100005ca:	f84a 7025 	str.w	r7, [sl, r5, lsl #2]
100005ce:	f000 f98d 	bl	100008ec <irq_add_shared_handler>
100005d2:	f8d8 5000 	ldr.w	r5, [r8]
100005d6:	e7d9      	b.n	1000058c <gpio_set_irq_enabled_with_callback+0x64>
100005d8:	2015      	movs	r0, #21
100005da:	4907      	ldr	r1, [pc, #28]	@ (100005f8 <gpio_set_irq_enabled_with_callback+0xd0>)
100005dc:	f000 fa66 	bl	10000aac <irq_remove_handler>
100005e0:	e7c5      	b.n	1000056e <gpio_set_irq_enabled_with_callback+0x46>
100005e2:	2015      	movs	r0, #21
100005e4:	4904      	ldr	r1, [pc, #16]	@ (100005f8 <gpio_set_irq_enabled_with_callback+0xd0>)
100005e6:	f000 fa61 	bl	10000aac <irq_remove_handler>
100005ea:	e7ca      	b.n	10000582 <gpio_set_irq_enabled_with_callback+0x5a>
100005ec:	4002b248 	.word	0x4002b248
100005f0:	40028000 	.word	0x40028000
100005f4:	4002a248 	.word	0x4002a248
100005f8:	10000355 	.word	0x10000355
100005fc:	20001a2c 	.word	0x20001a2c

10000600 <gpio_init>:
10000600:	b430      	push	{r4, r5}
10000602:	f04f 0300 	mov.w	r3, #0
10000606:	ec43 0044 	gpioc_bit_oe_put r0, r3
1000060a:	ec43 0040 	gpioc_bit_out_put r0, r3
1000060e:	2505      	movs	r5, #5
10000610:	f44f 7480 	mov.w	r4, #256	@ 0x100
10000614:	4b0b      	ldr	r3, [pc, #44]	@ (10000644 <gpio_init+0x44>)
10000616:	00c2      	lsls	r2, r0, #3
10000618:	f853 1020 	ldr.w	r1, [r3, r0, lsl #2]
1000061c:	eb03 0080 	add.w	r0, r3, r0, lsl #2
10000620:	f081 0140 	eor.w	r1, r1, #64	@ 0x40
10000624:	f102 4380 	add.w	r3, r2, #1073741824	@ 0x40000000
10000628:	f503 3320 	add.w	r3, r3, #163840	@ 0x28000
1000062c:	f001 02c0 	and.w	r2, r1, #192	@ 0xc0
10000630:	f500 5180 	add.w	r1, r0, #4096	@ 0x1000
10000634:	f500 5040 	add.w	r0, r0, #12288	@ 0x3000
10000638:	600a      	str	r2, [r1, #0]
1000063a:	605d      	str	r5, [r3, #4]
1000063c:	6004      	str	r4, [r0, #0]
1000063e:	bc30      	pop	{r4, r5}
10000640:	4770      	bx	lr
10000642:	bf00      	nop
10000644:	40038004 	.word	0x40038004

10000648 <panic>:
10000648:	b40f      	push	{r0, r1, r2, r3}
1000064a:	b500      	push	{lr}
1000064c:	b083      	sub	sp, #12
1000064e:	9c04      	ldr	r4, [sp, #16]
10000650:	4807      	ldr	r0, [pc, #28]	@ (10000670 <panic+0x28>)
10000652:	f003 f943 	bl	100038dc <__wrap_puts>
10000656:	b13c      	cbz	r4, 10000668 <panic+0x20>
10000658:	a905      	add	r1, sp, #20
1000065a:	4620      	mov	r0, r4
1000065c:	9101      	str	r1, [sp, #4]
1000065e:	f002 ffb5 	bl	100035cc <weak_raw_vprintf>
10000662:	4804      	ldr	r0, [pc, #16]	@ (10000674 <panic+0x2c>)
10000664:	f003 f93a 	bl	100038dc <__wrap_puts>
10000668:	2001      	movs	r0, #1
1000066a:	f002 ffc7 	bl	100035fc <_exit>
1000066e:	bf00      	nop
10000670:	10005f78 	.word	0x10005f78
10000674:	10005f74 	.word	0x10005f74

10000678 <hw_claim_or_assert>:
10000678:	b570      	push	{r4, r5, r6, lr}
1000067a:	4686      	mov	lr, r0
1000067c:	f3ef 8510 	mrs	r5, PRIMASK
10000680:	b672      	cpsid	i
10000682:	4c12      	ldr	r4, [pc, #72]	@ (100006cc <hw_claim_or_assert+0x54>)
10000684:	e8d4 6fcf 	ldaexb	r6, [r4]
10000688:	2001      	movs	r0, #1
1000068a:	2e00      	cmp	r6, #0
1000068c:	d1fa      	bne.n	10000684 <hw_claim_or_assert+0xc>
1000068e:	e8c4 0f46 	strexb	r6, r0, [r4]
10000692:	2e00      	cmp	r6, #0
10000694:	d1f6      	bne.n	10000684 <hw_claim_or_assert+0xc>
10000696:	f3bf 8f5f 	dmb	sy
1000069a:	f04f 0c01 	mov.w	ip, #1
1000069e:	08c8      	lsrs	r0, r1, #3
100006a0:	f001 0307 	and.w	r3, r1, #7
100006a4:	fa0c f303 	lsl.w	r3, ip, r3
100006a8:	f81e c000 	ldrb.w	ip, [lr, r0]
100006ac:	ea1c 0603 	ands.w	r6, ip, r3
100006b0:	d108      	bne.n	100006c4 <hw_claim_or_assert+0x4c>
100006b2:	ea4c 0c03 	orr.w	ip, ip, r3
100006b6:	f80e c000 	strb.w	ip, [lr, r0]
100006ba:	e8c4 6f8f 	stlb	r6, [r4]
100006be:	f385 8810 	msr	PRIMASK, r5
100006c2:	bd70      	pop	{r4, r5, r6, pc}
100006c4:	4610      	mov	r0, r2
100006c6:	f7ff ffbf 	bl	10000648 <panic>
100006ca:	bf00      	nop
100006cc:	200018ef 	.word	0x200018ef

100006d0 <hw_claim_unused_from_range>:
100006d0:	b5f8      	push	{r3, r4, r5, r6, r7, lr}
100006d2:	f3ef 8510 	mrs	r5, PRIMASK
100006d6:	b672      	cpsid	i
100006d8:	4c23      	ldr	r4, [pc, #140]	@ (10000768 <hw_claim_unused_from_range+0x98>)
100006da:	e8d4 7fcf 	ldaexb	r7, [r4]
100006de:	2601      	movs	r6, #1
100006e0:	2f00      	cmp	r7, #0
100006e2:	d1fa      	bne.n	100006da <hw_claim_unused_from_range+0xa>
100006e4:	e8c4 6f47 	strexb	r7, r6, [r4]
100006e8:	2f00      	cmp	r7, #0
100006ea:	d1f6      	bne.n	100006da <hw_claim_unused_from_range+0xa>
100006ec:	f3bf 8f5f 	dmb	sy
100006f0:	429a      	cmp	r2, r3
100006f2:	d827      	bhi.n	10000744 <hw_claim_unused_from_range+0x74>
100006f4:	2601      	movs	r6, #1
100006f6:	08d7      	lsrs	r7, r2, #3
100006f8:	f810 e007 	ldrb.w	lr, [r0, r7]
100006fc:	f002 0c07 	and.w	ip, r2, #7
10000700:	fa06 fc0c 	lsl.w	ip, r6, ip
10000704:	ea1e 0f0c 	tst.w	lr, ip
10000708:	eb00 07d2 	add.w	r7, r0, r2, lsr #3
1000070c:	d10d      	bne.n	1000072a <hw_claim_unused_from_range+0x5a>
1000070e:	e025      	b.n	1000075c <hw_claim_unused_from_range+0x8c>
10000710:	ea4f 0ed2 	mov.w	lr, r2, lsr #3
10000714:	f810 e00e 	ldrb.w	lr, [r0, lr]
10000718:	f002 0c07 	and.w	ip, r2, #7
1000071c:	fa06 fc0c 	lsl.w	ip, r6, ip
10000720:	ea1e 0f0c 	tst.w	lr, ip
10000724:	eb00 07d2 	add.w	r7, r0, r2, lsr #3
10000728:	d018      	beq.n	1000075c <hw_claim_unused_from_range+0x8c>
1000072a:	3201      	adds	r2, #1
1000072c:	4293      	cmp	r3, r2
1000072e:	d2ef      	bcs.n	10000710 <hw_claim_unused_from_range+0x40>
10000730:	f04f 30ff 	mov.w	r0, #4294967295	@ 0xffffffff
10000734:	2300      	movs	r3, #0
10000736:	e8c4 3f8f 	stlb	r3, [r4]
1000073a:	f385 8810 	msr	PRIMASK, r5
1000073e:	4298      	cmp	r0, r3
10000740:	db07      	blt.n	10000752 <hw_claim_unused_from_range+0x82>
10000742:	bdf8      	pop	{r3, r4, r5, r6, r7, pc}
10000744:	2300      	movs	r3, #0
10000746:	e8c4 3f8f 	stlb	r3, [r4]
1000074a:	f385 8810 	msr	PRIMASK, r5
1000074e:	f04f 30ff 	mov.w	r0, #4294967295	@ 0xffffffff
10000752:	2900      	cmp	r1, #0
10000754:	d0f5      	beq.n	10000742 <hw_claim_unused_from_range+0x72>
10000756:	9806      	ldr	r0, [sp, #24]
10000758:	f7ff ff76 	bl	10000648 <panic>
1000075c:	ea4e 0e0c 	orr.w	lr, lr, ip
10000760:	4610      	mov	r0, r2
10000762:	f887 e000 	strb.w	lr, [r7]
10000766:	e7e5      	b.n	10000734 <hw_claim_unused_from_range+0x64>
10000768:	200018ef 	.word	0x200018ef

1000076c <next_striped_spin_lock_num>:
1000076c:	4a04      	ldr	r2, [pc, #16]	@ (10000780 <next_striped_spin_lock_num+0x14>)
1000076e:	7810      	ldrb	r0, [r2, #0]
10000770:	1c43      	adds	r3, r0, #1
10000772:	b2db      	uxtb	r3, r3
10000774:	2b18      	cmp	r3, #24
10000776:	bf28      	it	cs
10000778:	2310      	movcs	r3, #16
1000077a:	7013      	strb	r3, [r2, #0]
1000077c:	4770      	bx	lr
1000077e:	bf00      	nop
10000780:	200014d8 	.word	0x200014d8

10000784 <spin_lock_claim_unused>:
10000784:	b510      	push	{r4, lr}
10000786:	4c05      	ldr	r4, [pc, #20]	@ (1000079c <spin_lock_claim_unused+0x18>)
10000788:	b082      	sub	sp, #8
1000078a:	4601      	mov	r1, r0
1000078c:	231f      	movs	r3, #31
1000078e:	2218      	movs	r2, #24
10000790:	9400      	str	r4, [sp, #0]
10000792:	4803      	ldr	r0, [pc, #12]	@ (100007a0 <spin_lock_claim_unused+0x1c>)
10000794:	f7ff ff9c 	bl	100006d0 <hw_claim_unused_from_range>
10000798:	b002      	add	sp, #8
1000079a:	bd10      	pop	{r4, pc}
1000079c:	10005f88 	.word	0x10005f88
100007a0:	20001a3c 	.word	0x20001a3c

100007a4 <spinlock_set_extexclall>:
100007a4:	f04f 22e0 	mov.w	r2, #3758153728	@ 0xe000e000
100007a8:	6893      	ldr	r3, [r2, #8]
100007aa:	f043 5300 	orr.w	r3, r3, #536870912	@ 0x20000000
100007ae:	6093      	str	r3, [r2, #8]
100007b0:	4770      	bx	lr
100007b2:	bf00      	nop

100007b4 <spin_locks_reset>:
100007b4:	2100      	movs	r1, #0
100007b6:	4b04      	ldr	r3, [pc, #16]	@ (100007c8 <spin_locks_reset+0x14>)
100007b8:	f103 0220 	add.w	r2, r3, #32
100007bc:	e8c3 1f8f 	stlb	r1, [r3]
100007c0:	3301      	adds	r3, #1
100007c2:	4293      	cmp	r3, r2
100007c4:	d1fa      	bne.n	100007bc <spin_locks_reset+0x8>
100007c6:	4770      	bx	lr
100007c8:	200018e4 	.word	0x200018e4

100007cc <runtime_init_per_core_irq_priorities>:
100007cc:	f04f 23e0 	mov.w	r3, #3758153728	@ 0xe000e000
100007d0:	f04f 3280 	mov.w	r2, #2155905152	@ 0x80808080
100007d4:	f8c3 2400 	str.w	r2, [r3, #1024]	@ 0x400
100007d8:	f8c3 2404 	str.w	r2, [r3, #1028]	@ 0x404
100007dc:	f8c3 2408 	str.w	r2, [r3, #1032]	@ 0x408
100007e0:	f8c3 240c 	str.w	r2, [r3, #1036]	@ 0x40c
100007e4:	f8c3 2410 	str.w	r2, [r3, #1040]	@ 0x410
100007e8:	f8c3 2414 	str.w	r2, [r3, #1044]	@ 0x414
100007ec:	f8c3 2418 	str.w	r2, [r3, #1048]	@ 0x418
100007f0:	f8c3 241c 	str.w	r2, [r3, #1052]	@ 0x41c
100007f4:	f8c3 2420 	str.w	r2, [r3, #1056]	@ 0x420
100007f8:	f8c3 2424 	str.w	r2, [r3, #1060]	@ 0x424
100007fc:	f8c3 2428 	str.w	r2, [r3, #1064]	@ 0x428
10000800:	f8c3 242c 	str.w	r2, [r3, #1068]	@ 0x42c
10000804:	f8c3 2430 	str.w	r2, [r3, #1072]	@ 0x430
10000808:	b662      	cpsie	i
1000080a:	4770      	bx	lr

1000080c <irq_set_enabled>:
1000080c:	2301      	movs	r3, #1
1000080e:	f000 021f 	and.w	r2, r0, #31
10000812:	4093      	lsls	r3, r2
10000814:	0940      	lsrs	r0, r0, #5
10000816:	b141      	cbz	r1, 1000082a <irq_set_enabled+0x1e>
10000818:	0080      	lsls	r0, r0, #2
1000081a:	f100 4060 	add.w	r0, r0, #3758096384	@ 0xe0000000
1000081e:	f500 4061 	add.w	r0, r0, #57600	@ 0xe100
10000822:	f8c0 3180 	str.w	r3, [r0, #384]	@ 0x180
10000826:	6003      	str	r3, [r0, #0]
10000828:	4770      	bx	lr
1000082a:	4a02      	ldr	r2, [pc, #8]	@ (10000834 <irq_set_enabled+0x28>)
1000082c:	3020      	adds	r0, #32
1000082e:	f842 3020 	str.w	r3, [r2, r0, lsl #2]
10000832:	4770      	bx	lr
10000834:	e000e100 	.word	0xe000e100

10000838 <irq_is_enabled>:
10000838:	2301      	movs	r3, #1
1000083a:	4a06      	ldr	r2, [pc, #24]	@ (10000854 <irq_is_enabled+0x1c>)
1000083c:	0941      	lsrs	r1, r0, #5
1000083e:	f852 2021 	ldr.w	r2, [r2, r1, lsl #2]
10000842:	f000 001f 	and.w	r0, r0, #31
10000846:	4083      	lsls	r3, r0
10000848:	4213      	tst	r3, r2
1000084a:	bf14      	ite	ne
1000084c:	2001      	movne	r0, #1
1000084e:	2000      	moveq	r0, #0
10000850:	4770      	bx	lr
10000852:	bf00      	nop
10000854:	e000e100 	.word	0xe000e100

10000858 <irq_set_pending>:
10000858:	2201      	movs	r2, #1
1000085a:	0943      	lsrs	r3, r0, #5
1000085c:	4903      	ldr	r1, [pc, #12]	@ (1000086c <irq_set_pending+0x14>)
1000085e:	f000 001f 	and.w	r0, r0, #31
10000862:	4082      	lsls	r2, r0
10000864:	3340      	adds	r3, #64	@ 0x40
10000866:	f841 2023 	str.w	r2, [r1, r3, lsl #2]
1000086a:	4770      	bx	lr
1000086c:	e000e100 	.word	0xe000e100

10000870 <irq_has_shared_handler>:
10000870:	4a05      	ldr	r2, [pc, #20]	@ (10000888 <irq_has_shared_handler+0x18>)
10000872:	3010      	adds	r0, #16
10000874:	6892      	ldr	r2, [r2, #8]
10000876:	4b05      	ldr	r3, [pc, #20]	@ (1000088c <irq_has_shared_handler+0x1c>)
10000878:	f852 0020 	ldr.w	r0, [r2, r0, lsl #2]
1000087c:	1ac0      	subs	r0, r0, r3
1000087e:	2847      	cmp	r0, #71	@ 0x47
10000880:	bf8c      	ite	hi
10000882:	2000      	movhi	r0, #0
10000884:	2001      	movls	r0, #1
10000886:	4770      	bx	lr
10000888:	e000ed00 	.word	0xe000ed00
1000088c:	200014dc 	.word	0x200014dc

10000890 <irq_set_exclusive_handler>:
10000890:	b510      	push	{r4, lr}
10000892:	f3ef 8c10 	mrs	ip, PRIMASK
10000896:	b672      	cpsid	i
10000898:	4b11      	ldr	r3, [pc, #68]	@ (100008e0 <irq_set_exclusive_handler+0x50>)
1000089a:	e8d3 4fcf 	ldaexb	r4, [r3]
1000089e:	2201      	movs	r2, #1
100008a0:	2c00      	cmp	r4, #0
100008a2:	d1fa      	bne.n	1000089a <irq_set_exclusive_handler+0xa>
100008a4:	e8c3 2f44 	strexb	r4, r2, [r3]
100008a8:	2c00      	cmp	r4, #0
100008aa:	d1f6      	bne.n	1000089a <irq_set_exclusive_handler+0xa>
100008ac:	f3bf 8f5f 	dmb	sy
100008b0:	4a0c      	ldr	r2, [pc, #48]	@ (100008e4 <irq_set_exclusive_handler+0x54>)
100008b2:	3010      	adds	r0, #16
100008b4:	6892      	ldr	r2, [r2, #8]
100008b6:	4c0c      	ldr	r4, [pc, #48]	@ (100008e8 <irq_set_exclusive_handler+0x58>)
100008b8:	f852 2020 	ldr.w	r2, [r2, r0, lsl #2]
100008bc:	42a2      	cmp	r2, r4
100008be:	d001      	beq.n	100008c4 <irq_set_exclusive_handler+0x34>
100008c0:	4291      	cmp	r1, r2
100008c2:	d10b      	bne.n	100008dc <irq_set_exclusive_handler+0x4c>
100008c4:	4a07      	ldr	r2, [pc, #28]	@ (100008e4 <irq_set_exclusive_handler+0x54>)
100008c6:	6892      	ldr	r2, [r2, #8]
100008c8:	f842 1020 	str.w	r1, [r2, r0, lsl #2]
100008cc:	f3bf 8f5f 	dmb	sy
100008d0:	2200      	movs	r2, #0
100008d2:	e8c3 2f8f 	stlb	r2, [r3]
100008d6:	f38c 8810 	msr	PRIMASK, ip
100008da:	bd10      	pop	{r4, pc}
100008dc:	f001 f84e 	bl	1000197c <hard_assertion_failure>
100008e0:	200018ed 	.word	0x200018ed
100008e4:	e000ed00 	.word	0xe000ed00
100008e8:	10000111 	.word	0x10000111

100008ec <irq_add_shared_handler>:
100008ec:	e92d 4ff0 	stmdb	sp!, {r4, r5, r6, r7, r8, r9, sl, fp, lr}
100008f0:	460b      	mov	r3, r1
100008f2:	b083      	sub	sp, #12
100008f4:	f3ef 8a10 	mrs	sl, PRIMASK
100008f8:	b672      	cpsid	i
100008fa:	f8df 91ac 	ldr.w	r9, [pc, #428]	@ 10000aa8 <irq_add_shared_handler+0x1bc>
100008fe:	e8d9 4fcf 	ldaexb	r4, [r9]
10000902:	2101      	movs	r1, #1
10000904:	2c00      	cmp	r4, #0
10000906:	d1fa      	bne.n	100008fe <irq_add_shared_handler+0x12>
10000908:	e8c9 1f44 	strexb	r4, r1, [r9]
1000090c:	2c00      	cmp	r4, #0
1000090e:	d1f6      	bne.n	100008fe <irq_add_shared_handler+0x12>
10000910:	f3bf 8f5f 	dmb	sy
10000914:	495d      	ldr	r1, [pc, #372]	@ (10000a8c <irq_add_shared_handler+0x1a0>)
10000916:	f991 8000 	ldrsb.w	r8, [r1]
1000091a:	f1b8 0f00 	cmp.w	r8, #0
1000091e:	f2c0 80b2 	blt.w	10000a86 <irq_add_shared_handler+0x19a>
10000922:	4c5b      	ldr	r4, [pc, #364]	@ (10000a90 <irq_add_shared_handler+0x1a4>)
10000924:	eb08 0748 	add.w	r7, r8, r8, lsl #1
10000928:	eb04 0587 	add.w	r5, r4, r7, lsl #2
1000092c:	79ae      	ldrb	r6, [r5, #6]
1000092e:	3010      	adds	r0, #16
10000930:	700e      	strb	r6, [r1, #0]
10000932:	4958      	ldr	r1, [pc, #352]	@ (10000a94 <irq_add_shared_handler+0x1a8>)
10000934:	ea4f 0648 	mov.w	r6, r8, lsl #1
10000938:	6889      	ldr	r1, [r1, #8]
1000093a:	9600      	str	r6, [sp, #0]
1000093c:	f851 1020 	ldr.w	r1, [r1, r0, lsl #2]
10000940:	00bf      	lsls	r7, r7, #2
10000942:	1b0e      	subs	r6, r1, r4
10000944:	2e47      	cmp	r6, #71	@ 0x47
10000946:	d834      	bhi.n	100009b2 <irq_add_shared_handler+0xc6>
10000948:	f021 0e01 	bic.w	lr, r1, #1
1000094c:	f89e 6007 	ldrb.w	r6, [lr, #7]
10000950:	4296      	cmp	r6, r2
10000952:	d809      	bhi.n	10000968 <irq_add_shared_handler+0x7c>
10000954:	e071      	b.n	10000a3a <irq_add_shared_handler+0x14e>
10000956:	eb0c 064c 	add.w	r6, ip, ip, lsl #1
1000095a:	eb04 0686 	add.w	r6, r4, r6, lsl #2
1000095e:	f896 b007 	ldrb.w	fp, [r6, #7]
10000962:	4593      	cmp	fp, r2
10000964:	d94e      	bls.n	10000a04 <irq_add_shared_handler+0x118>
10000966:	46b6      	mov	lr, r6
10000968:	f99e c006 	ldrsb.w	ip, [lr, #6]
1000096c:	f1bc 0f00 	cmp.w	ip, #0
10000970:	daf1      	bge.n	10000956 <irq_add_shared_handler+0x6a>
10000972:	f64b 5601 	movw	r6, #48385	@ 0xbd01
10000976:	f10e 0b04 	add.w	fp, lr, #4
1000097a:	3d04      	subs	r5, #4
1000097c:	eba5 050b 	sub.w	r5, r5, fp
10000980:	f3c5 054a 	ubfx	r5, r5, #1, #11
10000984:	ea6f 45c5 	mvn.w	r5, r5, lsl #19
10000988:	9f00      	ldr	r7, [sp, #0]
1000098a:	ea6f 45d5 	mvn.w	r5, r5, lsr #19
1000098e:	4447      	add	r7, r8
10000990:	46bb      	mov	fp, r7
10000992:	f88e 8006 	strb.w	r8, [lr, #6]
10000996:	f8df 810c 	ldr.w	r8, [pc, #268]	@ 10000aa4 <irq_add_shared_handler+0x1b8>
1000099a:	eb04 0787 	add.w	r7, r4, r7, lsl #2
1000099e:	f8ae 5004 	strh.w	r5, [lr, #4]
100009a2:	f844 802b 	str.w	r8, [r4, fp, lsl #2]
100009a6:	80be      	strh	r6, [r7, #4]
100009a8:	f887 c006 	strb.w	ip, [r7, #6]
100009ac:	71fa      	strb	r2, [r7, #7]
100009ae:	60bb      	str	r3, [r7, #8]
100009b0:	e01a      	b.n	100009e8 <irq_add_shared_handler+0xfc>
100009b2:	4e39      	ldr	r6, [pc, #228]	@ (10000a98 <irq_add_shared_handler+0x1ac>)
100009b4:	42b1      	cmp	r1, r6
100009b6:	d166      	bne.n	10000a86 <irq_add_shared_handler+0x19a>
100009b8:	60ab      	str	r3, [r5, #8]
100009ba:	4b38      	ldr	r3, [pc, #224]	@ (10000a9c <irq_add_shared_handler+0x1b0>)
100009bc:	71ea      	strb	r2, [r5, #7]
100009be:	1cba      	adds	r2, r7, #2
100009c0:	4422      	add	r2, r4
100009c2:	3b04      	subs	r3, #4
100009c4:	1a9b      	subs	r3, r3, r2
100009c6:	f3c3 034a 	ubfx	r3, r3, #1, #11
100009ca:	ea6f 43c3 	mvn.w	r3, r3, lsl #19
100009ce:	f44f 4221 	mov.w	r2, #41216	@ 0xa100
100009d2:	ea6f 43d3 	mvn.w	r3, r3, lsr #19
100009d6:	53e2      	strh	r2, [r4, r7]
100009d8:	806b      	strh	r3, [r5, #2]
100009da:	22ff      	movs	r2, #255	@ 0xff
100009dc:	f64b 5301 	movw	r3, #48385	@ 0xbd01
100009e0:	71aa      	strb	r2, [r5, #6]
100009e2:	80ab      	strh	r3, [r5, #4]
100009e4:	f045 0101 	orr.w	r1, r5, #1
100009e8:	4b2a      	ldr	r3, [pc, #168]	@ (10000a94 <irq_add_shared_handler+0x1a8>)
100009ea:	689b      	ldr	r3, [r3, #8]
100009ec:	f843 1020 	str.w	r1, [r3, r0, lsl #2]
100009f0:	f3bf 8f5f 	dmb	sy
100009f4:	2300      	movs	r3, #0
100009f6:	e8c9 3f8f 	stlb	r3, [r9]
100009fa:	f38a 8810 	msr	PRIMASK, sl
100009fe:	b003      	add	sp, #12
10000a00:	e8bd 8ff0 	ldmia.w	sp!, {r4, r5, r6, r7, r8, r9, sl, fp, pc}
10000a04:	46f3      	mov	fp, lr
10000a06:	f83b 6f04 	ldrh.w	r6, [fp, #4]!
10000a0a:	0576      	lsls	r6, r6, #21
10000a0c:	d40f      	bmi.n	10000a2e <irq_add_shared_handler+0x142>
10000a0e:	1576      	asrs	r6, r6, #21
10000a10:	3602      	adds	r6, #2
10000a12:	eb0b 0646 	add.w	r6, fp, r6, lsl #1
10000a16:	9601      	str	r6, [sp, #4]
10000a18:	f06f 0607 	mvn.w	r6, #7
10000a1c:	1bf6      	subs	r6, r6, r7
10000a1e:	9f01      	ldr	r7, [sp, #4]
10000a20:	1b36      	subs	r6, r6, r4
10000a22:	443e      	add	r6, r7
10000a24:	f3c6 064a 	ubfx	r6, r6, #1, #11
10000a28:	f446 4660 	orr.w	r6, r6, #57344	@ 0xe000
10000a2c:	e7a5      	b.n	1000097a <irq_add_shared_handler+0x8e>
10000a2e:	f506 16ff 	add.w	r6, r6, #2088960	@ 0x1fe000
10000a32:	f506 56ff 	add.w	r6, r6, #8160	@ 0x1fe0
10000a36:	361f      	adds	r6, #31
10000a38:	e7e9      	b.n	10000a0e <irq_add_shared_handler+0x122>
10000a3a:	60ab      	str	r3, [r5, #8]
10000a3c:	f06f 0307 	mvn.w	r3, #7
10000a40:	71ea      	strb	r2, [r5, #7]
10000a42:	f44f 4221 	mov.w	r2, #41216	@ 0xa100
10000a46:	1bdb      	subs	r3, r3, r7
10000a48:	1b1b      	subs	r3, r3, r4
10000a4a:	4473      	add	r3, lr
10000a4c:	53e2      	strh	r2, [r4, r7]
10000a4e:	f3c3 024a 	ubfx	r2, r3, #1, #11
10000a52:	4b12      	ldr	r3, [pc, #72]	@ (10000a9c <irq_add_shared_handler+0x1b0>)
10000a54:	4e12      	ldr	r6, [pc, #72]	@ (10000aa0 <irq_add_shared_handler+0x1b4>)
10000a56:	3702      	adds	r7, #2
10000a58:	4427      	add	r7, r4
10000a5a:	3b04      	subs	r3, #4
10000a5c:	4332      	orrs	r2, r6
10000a5e:	1bdb      	subs	r3, r3, r7
10000a60:	80aa      	strh	r2, [r5, #4]
10000a62:	f3c3 034a 	ubfx	r3, r3, #1, #11
10000a66:	4a0f      	ldr	r2, [pc, #60]	@ (10000aa4 <irq_add_shared_handler+0x1b8>)
10000a68:	4333      	orrs	r3, r6
10000a6a:	806b      	strh	r3, [r5, #2]
10000a6c:	f64a 21aa 	movw	r1, #43690	@ 0xaaaa
10000a70:	4673      	mov	r3, lr
10000a72:	1b1b      	subs	r3, r3, r4
10000a74:	415b      	adcs	r3, r3
10000a76:	4359      	muls	r1, r3
10000a78:	0d09      	lsrs	r1, r1, #20
10000a7a:	71a9      	strb	r1, [r5, #6]
10000a7c:	f8ce 2000 	str.w	r2, [lr]
10000a80:	f045 0101 	orr.w	r1, r5, #1
10000a84:	e7b0      	b.n	100009e8 <irq_add_shared_handler+0xfc>
10000a86:	f000 ff79 	bl	1000197c <hard_assertion_failure>
10000a8a:	bf00      	nop
10000a8c:	20001f00 	.word	0x20001f00
10000a90:	200014dc 	.word	0x200014dc
10000a94:	e000ed00 	.word	0xe000ed00
10000a98:	10000111 	.word	0x10000111
10000a9c:	20001524 	.word	0x20001524
10000aa0:	ffffe000 	.word	0xffffe000
10000aa4:	47804801 	.word	0x47804801
10000aa8:	200018ed 	.word	0x200018ed

10000aac <irq_remove_handler>:
10000aac:	e92d 4ff8 	stmdb	sp!, {r3, r4, r5, r6, r7, r8, r9, sl, fp, lr}
10000ab0:	f3ef 8710 	mrs	r7, PRIMASK
10000ab4:	b672      	cpsid	i
10000ab6:	4c73      	ldr	r4, [pc, #460]	@ (10000c84 <irq_remove_handler+0x1d8>)
10000ab8:	e8d4 2fcf 	ldaexb	r2, [r4]
10000abc:	2301      	movs	r3, #1
10000abe:	2a00      	cmp	r2, #0
10000ac0:	d1fa      	bne.n	10000ab8 <irq_remove_handler+0xc>
10000ac2:	e8c4 3f42 	strexb	r2, r3, [r4]
10000ac6:	2a00      	cmp	r2, #0
10000ac8:	d1f6      	bne.n	10000ab8 <irq_remove_handler+0xc>
10000aca:	f3bf 8f5f 	dmb	sy
10000ace:	4b6e      	ldr	r3, [pc, #440]	@ (10000c88 <irq_remove_handler+0x1dc>)
10000ad0:	f100 0e10 	add.w	lr, r0, #16
10000ad4:	689b      	ldr	r3, [r3, #8]
10000ad6:	f8df b1c0 	ldr.w	fp, [pc, #448]	@ 10000c98 <irq_remove_handler+0x1ec>
10000ada:	f853 202e 	ldr.w	r2, [r3, lr, lsl #2]
10000ade:	455a      	cmp	r2, fp
10000ae0:	d03c      	beq.n	10000b5c <irq_remove_handler+0xb0>
10000ae2:	428a      	cmp	r2, r1
10000ae4:	d047      	beq.n	10000b76 <irq_remove_handler+0xca>
10000ae6:	4d69      	ldr	r5, [pc, #420]	@ (10000c8c <irq_remove_handler+0x1e0>)
10000ae8:	1b53      	subs	r3, r2, r5
10000aea:	2b47      	cmp	r3, #71	@ 0x47
10000aec:	d836      	bhi.n	10000b5c <irq_remove_handler+0xb0>
10000aee:	f04f 0c01 	mov.w	ip, #1
10000af2:	0946      	lsrs	r6, r0, #5
10000af4:	00b6      	lsls	r6, r6, #2
10000af6:	f106 4660 	add.w	r6, r6, #3758096384	@ 0xe0000000
10000afa:	f506 4661 	add.w	r6, r6, #57600	@ 0xe100
10000afe:	f000 031f 	and.w	r3, r0, #31
10000b02:	fa0c f003 	lsl.w	r0, ip, r3
10000b06:	6833      	ldr	r3, [r6, #0]
10000b08:	f8c6 0080 	str.w	r0, [r6, #128]	@ 0x80
10000b0c:	ea00 0803 	and.w	r8, r0, r3
10000b10:	f3bf 8f5f 	dmb	sy
10000b14:	f3ef 8305 	mrs	r3, IPSR
10000b18:	b2db      	uxtb	r3, r3
10000b1a:	4699      	mov	r9, r3
10000b1c:	b36b      	cbz	r3, 10000b7a <irq_remove_handler+0xce>
10000b1e:	459e      	cmp	lr, r3
10000b20:	f040 80ad 	bne.w	10000c7e <irq_remove_handler+0x1d2>
10000b24:	f022 0c01 	bic.w	ip, r2, #1
10000b28:	f8dc a008 	ldr.w	sl, [ip, #8]
10000b2c:	4551      	cmp	r1, sl
10000b2e:	d109      	bne.n	10000b44 <irq_remove_handler+0x98>
10000b30:	e08f      	b.n	10000c52 <irq_remove_handler+0x1a6>
10000b32:	eb03 0343 	add.w	r3, r3, r3, lsl #1
10000b36:	eb05 0383 	add.w	r3, r5, r3, lsl #2
10000b3a:	f8d3 a008 	ldr.w	sl, [r3, #8]
10000b3e:	4551      	cmp	r1, sl
10000b40:	d02c      	beq.n	10000b9c <irq_remove_handler+0xf0>
10000b42:	469c      	mov	ip, r3
10000b44:	f99c 3006 	ldrsb.w	r3, [ip, #6]
10000b48:	2b00      	cmp	r3, #0
10000b4a:	daf2      	bge.n	10000b32 <irq_remove_handler+0x86>
10000b4c:	4551      	cmp	r1, sl
10000b4e:	d063      	beq.n	10000c18 <irq_remove_handler+0x16c>
10000b50:	f1b8 0f00 	cmp.w	r8, #0
10000b54:	d01f      	beq.n	10000b96 <irq_remove_handler+0xea>
10000b56:	f8c6 0180 	str.w	r0, [r6, #384]	@ 0x180
10000b5a:	6030      	str	r0, [r6, #0]
10000b5c:	4b4a      	ldr	r3, [pc, #296]	@ (10000c88 <irq_remove_handler+0x1dc>)
10000b5e:	689b      	ldr	r3, [r3, #8]
10000b60:	f843 202e 	str.w	r2, [r3, lr, lsl #2]
10000b64:	f3bf 8f5f 	dmb	sy
10000b68:	2300      	movs	r3, #0
10000b6a:	e8c4 3f8f 	stlb	r3, [r4]
10000b6e:	f387 8810 	msr	PRIMASK, r7
10000b72:	e8bd 8ff8 	ldmia.w	sp!, {r3, r4, r5, r6, r7, r8, r9, sl, fp, pc}
10000b76:	465a      	mov	r2, fp
10000b78:	e7f0      	b.n	10000b5c <irq_remove_handler+0xb0>
10000b7a:	f022 0c01 	bic.w	ip, r2, #1
10000b7e:	f8dc a008 	ldr.w	sl, [ip, #8]
10000b82:	4551      	cmp	r1, sl
10000b84:	d1de      	bne.n	10000b44 <irq_remove_handler+0x98>
10000b86:	f99c a006 	ldrsb.w	sl, [ip, #6]
10000b8a:	4663      	mov	r3, ip
10000b8c:	f1ba 0f00 	cmp.w	sl, #0
10000b90:	da09      	bge.n	10000ba6 <irq_remove_handler+0xfa>
10000b92:	465a      	mov	r2, fp
10000b94:	e04b      	b.n	10000c2e <irq_remove_handler+0x182>
10000b96:	f8c6 0080 	str.w	r0, [r6, #128]	@ 0x80
10000b9a:	e7df      	b.n	10000b5c <irq_remove_handler+0xb0>
10000b9c:	f993 a006 	ldrsb.w	sl, [r3, #6]
10000ba0:	f1ba 0f00 	cmp.w	sl, #0
10000ba4:	db39      	blt.n	10000c1a <irq_remove_handler+0x16e>
10000ba6:	eb0a 094a 	add.w	r9, sl, sl, lsl #1
10000baa:	eb05 0989 	add.w	r9, r5, r9, lsl #2
10000bae:	f8d9 1008 	ldr.w	r1, [r9, #8]
10000bb2:	ea4f 0c4a 	mov.w	ip, sl, lsl #1
10000bb6:	6099      	str	r1, [r3, #8]
10000bb8:	f899 1007 	ldrb.w	r1, [r9, #7]
10000bbc:	71d9      	strb	r1, [r3, #7]
10000bbe:	f999 1006 	ldrsb.w	r1, [r9, #6]
10000bc2:	2900      	cmp	r1, #0
10000bc4:	7199      	strb	r1, [r3, #6]
10000bc6:	db41      	blt.n	10000c4c <irq_remove_handler+0x1a0>
10000bc8:	f8b9 1004 	ldrh.w	r1, [r9, #4]
10000bcc:	0549      	lsls	r1, r1, #21
10000bce:	d504      	bpl.n	10000bda <irq_remove_handler+0x12e>
10000bd0:	f501 11ff 	add.w	r1, r1, #2088960	@ 0x1fe000
10000bd4:	f501 51ff 	add.w	r1, r1, #8160	@ 0x1fe0
10000bd8:	311f      	adds	r1, #31
10000bda:	1549      	asrs	r1, r1, #21
10000bdc:	f101 0902 	add.w	r9, r1, #2
10000be0:	f04f 0b04 	mov.w	fp, #4
10000be4:	210c      	movs	r1, #12
10000be6:	fb11 b10a 	smlabb	r1, r1, sl, fp
10000bea:	eb01 0149 	add.w	r1, r1, r9, lsl #1
10000bee:	f06f 0907 	mvn.w	r9, #7
10000bf2:	4429      	add	r1, r5
10000bf4:	eba9 0903 	sub.w	r9, r9, r3
10000bf8:	4449      	add	r1, r9
10000bfa:	f3c1 014a 	ubfx	r1, r1, #1, #11
10000bfe:	f441 4160 	orr.w	r1, r1, #57344	@ 0xe000
10000c02:	8099      	strh	r1, [r3, #4]
10000c04:	4b22      	ldr	r3, [pc, #136]	@ (10000c90 <irq_remove_handler+0x1e4>)
10000c06:	44d4      	add	ip, sl
10000c08:	7819      	ldrb	r1, [r3, #0]
10000c0a:	eb05 0c8c 	add.w	ip, r5, ip, lsl #2
10000c0e:	f883 a000 	strb.w	sl, [r3]
10000c12:	f88c 1006 	strb.w	r1, [ip, #6]
10000c16:	e79b      	b.n	10000b50 <irq_remove_handler+0xa4>
10000c18:	4663      	mov	r3, ip
10000c1a:	f1b9 0f00 	cmp.w	r9, #0
10000c1e:	d11e      	bne.n	10000c5e <irq_remove_handler+0x1b2>
10000c20:	21ff      	movs	r1, #255	@ 0xff
10000c22:	f88c 1006 	strb.w	r1, [ip, #6]
10000c26:	f64b 5101 	movw	r1, #48385	@ 0xbd01
10000c2a:	f8ac 1004 	strh.w	r1, [ip, #4]
10000c2e:	f8df 9060 	ldr.w	r9, [pc, #96]	@ 10000c90 <irq_remove_handler+0x1e4>
10000c32:	f64a 21aa 	movw	r1, #43690	@ 0xaaaa
10000c36:	f899 a000 	ldrb.w	sl, [r9]
10000c3a:	f883 a006 	strb.w	sl, [r3, #6]
10000c3e:	1b5b      	subs	r3, r3, r5
10000c40:	415b      	adcs	r3, r3
10000c42:	4359      	muls	r1, r3
10000c44:	0d09      	lsrs	r1, r1, #20
10000c46:	f889 1000 	strb.w	r1, [r9]
10000c4a:	e781      	b.n	10000b50 <irq_remove_handler+0xa4>
10000c4c:	f64b 5101 	movw	r1, #48385	@ 0xbd01
10000c50:	e7d7      	b.n	10000c02 <irq_remove_handler+0x156>
10000c52:	f99c a006 	ldrsb.w	sl, [ip, #6]
10000c56:	4663      	mov	r3, ip
10000c58:	f1ba 0f00 	cmp.w	sl, #0
10000c5c:	daa3      	bge.n	10000ba6 <irq_remove_handler+0xfa>
10000c5e:	490d      	ldr	r1, [pc, #52]	@ (10000c94 <irq_remove_handler+0x1e8>)
10000c60:	f8df c038 	ldr.w	ip, [pc, #56]	@ 10000c9c <irq_remove_handler+0x1f0>
10000c64:	1ac9      	subs	r1, r1, r3
10000c66:	3908      	subs	r1, #8
10000c68:	f3c1 350a 	ubfx	r5, r1, #12, #11
10000c6c:	ea6f 5505 	mvn.w	r5, r5, lsl #20
10000c70:	ea6f 5515 	mvn.w	r5, r5, lsr #20
10000c74:	ea4c 0151 	orr.w	r1, ip, r1, lsr #1
10000c78:	80d9      	strh	r1, [r3, #6]
10000c7a:	809d      	strh	r5, [r3, #4]
10000c7c:	e768      	b.n	10000b50 <irq_remove_handler+0xa4>
10000c7e:	f000 fe7d 	bl	1000197c <hard_assertion_failure>
10000c82:	bf00      	nop
10000c84:	200018ed 	.word	0x200018ed
10000c88:	e000ed00 	.word	0xe000ed00
10000c8c:	200014dc 	.word	0x200014dc
10000c90:	20001f00 	.word	0x20001f00
10000c94:	2000152e 	.word	0x2000152e
10000c98:	10000111 	.word	0x10000111
10000c9c:	fffff800 	.word	0xfffff800

10000ca0 <irq_add_tail_to_free_list>:
10000ca0:	b5f0      	push	{r4, r5, r6, r7, lr}
10000ca2:	f3ef 8505 	mrs	r5, IPSR
10000ca6:	b2ed      	uxtb	r5, r5
10000ca8:	f3ef 8c10 	mrs	ip, PRIMASK
10000cac:	b672      	cpsid	i
10000cae:	492c      	ldr	r1, [pc, #176]	@ (10000d60 <irq_add_tail_to_free_list+0xc0>)
10000cb0:	e8d1 2fcf 	ldaexb	r2, [r1]
10000cb4:	2301      	movs	r3, #1
10000cb6:	2a00      	cmp	r2, #0
10000cb8:	d1fa      	bne.n	10000cb0 <irq_add_tail_to_free_list+0x10>
10000cba:	e8c1 3f42 	strexb	r2, r3, [r1]
10000cbe:	2a00      	cmp	r2, #0
10000cc0:	d1f6      	bne.n	10000cb0 <irq_add_tail_to_free_list+0x10>
10000cc2:	f3bf 8f5f 	dmb	sy
10000cc6:	4e27      	ldr	r6, [pc, #156]	@ (10000d64 <irq_add_tail_to_free_list+0xc4>)
10000cc8:	f040 0e01 	orr.w	lr, r0, #1
10000ccc:	68b4      	ldr	r4, [r6, #8]
10000cce:	f64a 23aa 	movw	r3, #43690	@ 0xaaaa
10000cd2:	f854 7025 	ldr.w	r7, [r4, r5, lsl #2]
10000cd6:	4a24      	ldr	r2, [pc, #144]	@ (10000d68 <irq_add_tail_to_free_list+0xc8>)
10000cd8:	4604      	mov	r4, r0
10000cda:	1aa4      	subs	r4, r4, r2
10000cdc:	4164      	adcs	r4, r4
10000cde:	4363      	muls	r3, r4
10000ce0:	0d1b      	lsrs	r3, r3, #20
10000ce2:	4577      	cmp	r7, lr
10000ce4:	b25b      	sxtb	r3, r3
10000ce6:	d023      	beq.n	10000d30 <irq_add_tail_to_free_list+0x90>
10000ce8:	f992 4006 	ldrsb.w	r4, [r2, #6]
10000cec:	429c      	cmp	r4, r3
10000cee:	d024      	beq.n	10000d3a <irq_add_tail_to_free_list+0x9a>
10000cf0:	f992 4012 	ldrsb.w	r4, [r2, #18]
10000cf4:	429c      	cmp	r4, r3
10000cf6:	d02b      	beq.n	10000d50 <irq_add_tail_to_free_list+0xb0>
10000cf8:	f992 401e 	ldrsb.w	r4, [r2, #30]
10000cfc:	429c      	cmp	r4, r3
10000cfe:	d029      	beq.n	10000d54 <irq_add_tail_to_free_list+0xb4>
10000d00:	f992 402a 	ldrsb.w	r4, [r2, #42]	@ 0x2a
10000d04:	429c      	cmp	r4, r3
10000d06:	d027      	beq.n	10000d58 <irq_add_tail_to_free_list+0xb8>
10000d08:	f992 4036 	ldrsb.w	r4, [r2, #54]	@ 0x36
10000d0c:	429c      	cmp	r4, r3
10000d0e:	d025      	beq.n	10000d5c <irq_add_tail_to_free_list+0xbc>
10000d10:	f992 4042 	ldrsb.w	r4, [r2, #66]	@ 0x42
10000d14:	429c      	cmp	r4, r3
10000d16:	bf08      	it	eq
10000d18:	2405      	moveq	r4, #5
10000d1a:	d00f      	beq.n	10000d3c <irq_add_tail_to_free_list+0x9c>
10000d1c:	4a13      	ldr	r2, [pc, #76]	@ (10000d6c <irq_add_tail_to_free_list+0xcc>)
10000d1e:	2400      	movs	r4, #0
10000d20:	7815      	ldrb	r5, [r2, #0]
10000d22:	7013      	strb	r3, [r2, #0]
10000d24:	7185      	strb	r5, [r0, #6]
10000d26:	e8c1 4f8f 	stlb	r4, [r1]
10000d2a:	f38c 8810 	msr	PRIMASK, ip
10000d2e:	bdf0      	pop	{r4, r5, r6, r7, pc}
10000d30:	68b2      	ldr	r2, [r6, #8]
10000d32:	4c0f      	ldr	r4, [pc, #60]	@ (10000d70 <irq_add_tail_to_free_list+0xd0>)
10000d34:	f842 4025 	str.w	r4, [r2, r5, lsl #2]
10000d38:	e7f0      	b.n	10000d1c <irq_add_tail_to_free_list+0x7c>
10000d3a:	2400      	movs	r4, #0
10000d3c:	eb04 0444 	add.w	r4, r4, r4, lsl #1
10000d40:	eb02 0284 	add.w	r2, r2, r4, lsl #2
10000d44:	24ff      	movs	r4, #255	@ 0xff
10000d46:	7194      	strb	r4, [r2, #6]
10000d48:	f64b 5401 	movw	r4, #48385	@ 0xbd01
10000d4c:	8094      	strh	r4, [r2, #4]
10000d4e:	e7e5      	b.n	10000d1c <irq_add_tail_to_free_list+0x7c>
10000d50:	2401      	movs	r4, #1
10000d52:	e7f3      	b.n	10000d3c <irq_add_tail_to_free_list+0x9c>
10000d54:	2402      	movs	r4, #2
10000d56:	e7f1      	b.n	10000d3c <irq_add_tail_to_free_list+0x9c>
10000d58:	2403      	movs	r4, #3
10000d5a:	e7ef      	b.n	10000d3c <irq_add_tail_to_free_list+0x9c>
10000d5c:	2404      	movs	r4, #4
10000d5e:	e7ed      	b.n	10000d3c <irq_add_tail_to_free_list+0x9c>
10000d60:	200018ed 	.word	0x200018ed
10000d64:	e000ed00 	.word	0xe000ed00
10000d68:	200014dc 	.word	0x200014dc
10000d6c:	20001f00 	.word	0x20001f00
10000d70:	10000111 	.word	0x10000111

10000d74 <user_irq_claim_unused>:
10000d74:	b510      	push	{r4, lr}
10000d76:	4c07      	ldr	r4, [pc, #28]	@ (10000d94 <user_irq_claim_unused+0x20>)
10000d78:	b082      	sub	sp, #8
10000d7a:	4601      	mov	r1, r0
10000d7c:	2305      	movs	r3, #5
10000d7e:	2200      	movs	r2, #0
10000d80:	9400      	str	r4, [sp, #0]
10000d82:	4805      	ldr	r0, [pc, #20]	@ (10000d98 <user_irq_claim_unused+0x24>)
10000d84:	f7ff fca4 	bl	100006d0 <hw_claim_unused_from_range>
10000d88:	2800      	cmp	r0, #0
10000d8a:	bfa8      	it	ge
10000d8c:	f1c0 0033 	rsbge	r0, r0, #51	@ 0x33
10000d90:	b002      	add	sp, #8
10000d92:	bd10      	pop	{r4, pc}
10000d94:	10005fa4 	.word	0x10005fa4
10000d98:	20001f06 	.word	0x20001f06

10000d9c <lock_init>:
10000d9c:	4b01      	ldr	r3, [pc, #4]	@ (10000da4 <lock_init+0x8>)
10000d9e:	440b      	add	r3, r1
10000da0:	6003      	str	r3, [r0, #0]
10000da2:	4770      	bx	lr
10000da4:	200018e4 	.word	0x200018e4

10000da8 <runtime_init_mutex>:
10000da8:	b570      	push	{r4, r5, r6, lr}
10000daa:	4c10      	ldr	r4, [pc, #64]	@ (10000dec <runtime_init_mutex+0x44>)
10000dac:	4d10      	ldr	r5, [pc, #64]	@ (10000df0 <runtime_init_mutex+0x48>)
10000dae:	42ac      	cmp	r4, r5
10000db0:	d20e      	bcs.n	10000dd0 <runtime_init_mutex+0x28>
10000db2:	26ff      	movs	r6, #255	@ 0xff
10000db4:	6823      	ldr	r3, [r4, #0]
10000db6:	b163      	cbz	r3, 10000dd2 <runtime_init_mutex+0x2a>
10000db8:	f7ff fcd8 	bl	1000076c <next_striped_spin_lock_num>
10000dbc:	4601      	mov	r1, r0
10000dbe:	4620      	mov	r0, r4
10000dc0:	f7ff ffec 	bl	10000d9c <lock_init>
10000dc4:	80a6      	strh	r6, [r4, #4]
10000dc6:	f3bf 8f5f 	dmb	sy
10000dca:	3408      	adds	r4, #8
10000dcc:	42ac      	cmp	r4, r5
10000dce:	d3f1      	bcc.n	10000db4 <runtime_init_mutex+0xc>
10000dd0:	bd70      	pop	{r4, r5, r6, pc}
10000dd2:	f7ff fccb 	bl	1000076c <next_striped_spin_lock_num>
10000dd6:	4601      	mov	r1, r0
10000dd8:	4620      	mov	r0, r4
10000dda:	f7ff ffdf 	bl	10000d9c <lock_init>
10000dde:	7126      	strb	r6, [r4, #4]
10000de0:	f3bf 8f5f 	dmb	sy
10000de4:	3408      	adds	r4, #8
10000de6:	42ac      	cmp	r4, r5
10000de8:	d3e4      	bcc.n	10000db4 <runtime_init_mutex+0xc>
10000dea:	bd70      	pop	{r4, r5, r6, pc}
10000dec:	2000158c 	.word	0x2000158c
10000df0:	20001594 	.word	0x20001594

10000df4 <mutex_init>:
10000df4:	b510      	push	{r4, lr}
10000df6:	4604      	mov	r4, r0
10000df8:	f7ff fcb8 	bl	1000076c <next_striped_spin_lock_num>
10000dfc:	4601      	mov	r1, r0
10000dfe:	4620      	mov	r0, r4
10000e00:	f7ff ffcc 	bl	10000d9c <lock_init>
10000e04:	23ff      	movs	r3, #255	@ 0xff
10000e06:	7123      	strb	r3, [r4, #4]
10000e08:	f3bf 8f5f 	dmb	sy
10000e0c:	bd10      	pop	{r4, pc}
10000e0e:	bf00      	nop

10000e10 <critical_section_init>:
10000e10:	b510      	push	{r4, lr}
10000e12:	4604      	mov	r4, r0
10000e14:	2001      	movs	r0, #1
10000e16:	f7ff fcb5 	bl	10000784 <spin_lock_claim_unused>
10000e1a:	4b03      	ldr	r3, [pc, #12]	@ (10000e28 <critical_section_init+0x18>)
10000e1c:	4403      	add	r3, r0
10000e1e:	6023      	str	r3, [r4, #0]
10000e20:	f3bf 8f5f 	dmb	sy
10000e24:	bd10      	pop	{r4, pc}
10000e26:	bf00      	nop
10000e28:	200018e4 	.word	0x200018e4

10000e2c <critical_section_init_with_lock_num>:
10000e2c:	4b02      	ldr	r3, [pc, #8]	@ (10000e38 <critical_section_init_with_lock_num+0xc>)
10000e2e:	440b      	add	r3, r1
10000e30:	6003      	str	r3, [r0, #0]
10000e32:	f3bf 8f5f 	dmb	sy
10000e36:	4770      	bx	lr
10000e38:	200018e4 	.word	0x200018e4

10000e3c <sleep_until_callback>:
10000e3c:	bf40      	sev
10000e3e:	2000      	movs	r0, #0
10000e40:	2100      	movs	r1, #0
10000e42:	4770      	bx	lr

10000e44 <alarm_pool_irq_handler>:
10000e44:	e92d 4ff0 	stmdb	sp!, {r4, r5, r6, r7, r8, r9, sl, fp, lr}
10000e48:	b087      	sub	sp, #28
10000e4a:	f3ef 8305 	mrs	r3, IPSR
10000e4e:	b2db      	uxtb	r3, r3
10000e50:	3b10      	subs	r3, #16
10000e52:	089a      	lsrs	r2, r3, #2
10000e54:	bf16      	itet	ne
10000e56:	498e      	ldrne	r1, [pc, #568]	@ (10001090 <alarm_pool_irq_handler+0x24c>)
10000e58:	498e      	ldreq	r1, [pc, #568]	@ (10001094 <alarm_pool_irq_handler+0x250>)
10000e5a:	2201      	movne	r2, #1
10000e5c:	460d      	mov	r5, r1
10000e5e:	9105      	str	r1, [sp, #20]
10000e60:	2101      	movs	r1, #1
10000e62:	f003 0303 	and.w	r3, r3, #3
10000e66:	fa01 f803 	lsl.w	r8, r1, r3
10000e6a:	46c3      	mov	fp, r8
10000e6c:	488a      	ldr	r0, [pc, #552]	@ (10001098 <alarm_pool_irq_handler+0x254>)
10000e6e:	eb03 0282 	add.w	r2, r3, r2, lsl #2
10000e72:	f850 4022 	ldr.w	r4, [r0, r2, lsl #2]
10000e76:	f505 5241 	add.w	r2, r5, #12352	@ 0x3040
10000e7a:	0098      	lsls	r0, r3, #2
10000e7c:	9003      	str	r0, [sp, #12]
10000e7e:	f104 0a08 	add.w	sl, r4, #8
10000e82:	f8c2 8004 	str.w	r8, [r2, #4]
10000e86:	9401      	str	r4, [sp, #4]
10000e88:	9b01      	ldr	r3, [sp, #4]
10000e8a:	f9b3 6008 	ldrsh.w	r6, [r3, #8]
10000e8e:	f8c5 b03c 	str.w	fp, [r5, #60]	@ 0x3c
10000e92:	2e00      	cmp	r6, #0
10000e94:	da76      	bge.n	10000f84 <alarm_pool_irq_handler+0x140>
10000e96:	889b      	ldrh	r3, [r3, #4]
10000e98:	041b      	lsls	r3, r3, #16
10000e9a:	f100 8128 	bmi.w	100010ee <alarm_pool_irq_handler+0x2aa>
10000e9e:	9c01      	ldr	r4, [sp, #4]
10000ea0:	6923      	ldr	r3, [r4, #16]
10000ea2:	f3ef 8210 	mrs	r2, PRIMASK
10000ea6:	b672      	cpsid	i
10000ea8:	e8d3 0fcf 	ldaexb	r0, [r3]
10000eac:	2101      	movs	r1, #1
10000eae:	2800      	cmp	r0, #0
10000eb0:	d1fa      	bne.n	10000ea8 <alarm_pool_irq_handler+0x64>
10000eb2:	e8c3 1f40 	strexb	r0, r1, [r3]
10000eb6:	2800      	cmp	r0, #0
10000eb8:	d1f6      	bne.n	10000ea8 <alarm_pool_irq_handler+0x64>
10000eba:	f3bf 8f5f 	dmb	sy
10000ebe:	f64f 76ff 	movw	r6, #65535	@ 0xffff
10000ec2:	88a0      	ldrh	r0, [r4, #4]
10000ec4:	2100      	movs	r1, #0
10000ec6:	6923      	ldr	r3, [r4, #16]
10000ec8:	b200      	sxth	r0, r0
10000eca:	80a6      	strh	r6, [r4, #4]
10000ecc:	e8c3 1f8f 	stlb	r1, [r3]
10000ed0:	f382 8810 	msr	PRIMASK, r2
10000ed4:	4288      	cmp	r0, r1
10000ed6:	db2b      	blt.n	10000f30 <alarm_pool_irq_handler+0xec>
10000ed8:	46a6      	mov	lr, r4
10000eda:	6967      	ldr	r7, [r4, #20]
10000edc:	46a8      	mov	r8, r5
10000ede:	4604      	mov	r4, r0
10000ee0:	f9be 3008 	ldrsh.w	r3, [lr, #8]
10000ee4:	eb04 0644 	add.w	r6, r4, r4, lsl #1
10000ee8:	eb07 02c6 	add.w	r2, r7, r6, lsl #3
10000eec:	2b00      	cmp	r3, #0
10000eee:	46d4      	mov	ip, sl
10000ef0:	e9d2 5002 	ldrd	r5, r0, [r2, #8]
10000ef4:	db13      	blt.n	10000f1e <alarm_pool_irq_handler+0xda>
10000ef6:	46f1      	mov	r9, lr
10000ef8:	9402      	str	r4, [sp, #8]
10000efa:	e004      	b.n	10000f06 <alarm_pool_irq_handler+0xc2>
10000efc:	f937 303e 	ldrsh.w	r3, [r7, lr, lsl #3]
10000f00:	4694      	mov	ip, r2
10000f02:	2b00      	cmp	r3, #0
10000f04:	db09      	blt.n	10000f1a <alarm_pool_irq_handler+0xd6>
10000f06:	eb03 0e43 	add.w	lr, r3, r3, lsl #1
10000f0a:	eb07 02ce 	add.w	r2, r7, lr, lsl #3
10000f0e:	e9d2 4102 	ldrd	r4, r1, [r2, #8]
10000f12:	42a5      	cmp	r5, r4
10000f14:	eb70 0101 	sbcs.w	r1, r0, r1
10000f18:	daf0      	bge.n	10000efc <alarm_pool_irq_handler+0xb8>
10000f1a:	46ce      	mov	lr, r9
10000f1c:	9c02      	ldr	r4, [sp, #8]
10000f1e:	f8ac 4000 	strh.w	r4, [ip]
10000f22:	f937 4036 	ldrsh.w	r4, [r7, r6, lsl #3]
10000f26:	f827 3036 	strh.w	r3, [r7, r6, lsl #3]
10000f2a:	2c00      	cmp	r4, #0
10000f2c:	dad8      	bge.n	10000ee0 <alarm_pool_irq_handler+0x9c>
10000f2e:	4645      	mov	r5, r8
10000f30:	9b01      	ldr	r3, [sp, #4]
10000f32:	f9b3 3008 	ldrsh.w	r3, [r3, #8]
10000f36:	2b00      	cmp	r3, #0
10000f38:	f2c0 80d9 	blt.w	100010ee <alarm_pool_irq_handler+0x2aa>
10000f3c:	9a01      	ldr	r2, [sp, #4]
10000f3e:	eb03 0343 	add.w	r3, r3, r3, lsl #1
10000f42:	6952      	ldr	r2, [r2, #20]
10000f44:	6aa9      	ldr	r1, [r5, #40]	@ 0x28
10000f46:	eb02 03c3 	add.w	r3, r2, r3, lsl #3
10000f4a:	9a03      	ldr	r2, [sp, #12]
10000f4c:	689e      	ldr	r6, [r3, #8]
10000f4e:	18a8      	adds	r0, r5, r2
10000f50:	6902      	ldr	r2, [r0, #16]
10000f52:	eba6 0c01 	sub.w	ip, r6, r1
10000f56:	1a52      	subs	r2, r2, r1
10000f58:	4594      	cmp	ip, r2
10000f5a:	68df      	ldr	r7, [r3, #12]
10000f5c:	d303      	bcc.n	10000f66 <alarm_pool_irq_handler+0x122>
10000f5e:	6a2b      	ldr	r3, [r5, #32]
10000f60:	ea13 0f0b 	tst.w	r3, fp
10000f64:	d100      	bne.n	10000f68 <alarm_pool_irq_handler+0x124>
10000f66:	6106      	str	r6, [r0, #16]
10000f68:	9b01      	ldr	r3, [sp, #4]
10000f6a:	799b      	ldrb	r3, [r3, #6]
10000f6c:	2b00      	cmp	r3, #0
10000f6e:	d14d      	bne.n	1000100c <alarm_pool_irq_handler+0x1c8>
10000f70:	4628      	mov	r0, r5
10000f72:	f000 fb63 	bl	1000163c <timer_time_us_64>
10000f76:	42b0      	cmp	r0, r6
10000f78:	41b9      	sbcs	r1, r7
10000f7a:	da85      	bge.n	10000e88 <alarm_pool_irq_handler+0x44>
10000f7c:	bf40      	sev
10000f7e:	b007      	add	sp, #28
10000f80:	e8bd 8ff0 	ldmia.w	sp!, {r4, r5, r6, r7, r8, r9, sl, fp, pc}
10000f84:	f8d3 8014 	ldr.w	r8, [r3, #20]
10000f88:	eb06 0946 	add.w	r9, r6, r6, lsl #1
10000f8c:	eb08 07c9 	add.w	r7, r8, r9, lsl #3
10000f90:	68bb      	ldr	r3, [r7, #8]
10000f92:	4628      	mov	r0, r5
10000f94:	68fc      	ldr	r4, [r7, #12]
10000f96:	9302      	str	r3, [sp, #8]
10000f98:	f000 fb50 	bl	1000163c <timer_time_us_64>
10000f9c:	9b02      	ldr	r3, [sp, #8]
10000f9e:	4298      	cmp	r0, r3
10000fa0:	41a1      	sbcs	r1, r4
10000fa2:	db2d      	blt.n	10001000 <alarm_pool_irq_handler+0x1bc>
10000fa4:	e9d7 3104 	ldrd	r3, r1, [r7, #16]
10000fa8:	2b02      	cmp	r3, #2
10000faa:	d077      	beq.n	1000109c <alarm_pool_irq_handler+0x258>
10000fac:	9801      	ldr	r0, [sp, #4]
10000fae:	887a      	ldrh	r2, [r7, #2]
10000fb0:	f9b0 0008 	ldrsh.w	r0, [r0, #8]
10000fb4:	b292      	uxth	r2, r2
10000fb6:	ea42 4000 	orr.w	r0, r2, r0, lsl #16
10000fba:	4798      	blx	r3
10000fbc:	4602      	mov	r2, r0
10000fbe:	460b      	mov	r3, r1
10000fc0:	ea52 0103 	orrs.w	r1, r2, r3
10000fc4:	d070      	beq.n	100010a8 <alarm_pool_irq_handler+0x264>
10000fc6:	2b00      	cmp	r3, #0
10000fc8:	f280 80b0 	bge.w	1000112c <alarm_pool_irq_handler+0x2e8>
10000fcc:	9902      	ldr	r1, [sp, #8]
10000fce:	ebb1 0e02 	subs.w	lr, r1, r2
10000fd2:	eb64 0c03 	sbc.w	ip, r4, r3
10000fd6:	f938 3039 	ldrsh.w	r3, [r8, r9, lsl #3]
10000fda:	e9c7 ec02 	strd	lr, ip, [r7, #8]
10000fde:	2b00      	cmp	r3, #0
10000fe0:	db0e      	blt.n	10001000 <alarm_pool_irq_handler+0x1bc>
10000fe2:	9a01      	ldr	r2, [sp, #4]
10000fe4:	6950      	ldr	r0, [r2, #20]
10000fe6:	eb03 0243 	add.w	r2, r3, r3, lsl #1
10000fea:	eb00 02c2 	add.w	r2, r0, r2, lsl #3
10000fee:	e9d2 7102 	ldrd	r7, r1, [r2, #8]
10000ff2:	45be      	cmp	lr, r7
10000ff4:	eb7c 0401 	sbcs.w	r4, ip, r1
10000ff8:	ea4f 0243 	mov.w	r2, r3, lsl #1
10000ffc:	f280 80a2 	bge.w	10001144 <alarm_pool_irq_handler+0x300>
10001000:	9b01      	ldr	r3, [sp, #4]
10001002:	889b      	ldrh	r3, [r3, #4]
10001004:	0418      	lsls	r0, r3, #16
10001006:	f57f af4a 	bpl.w	10000e9e <alarm_pool_irq_handler+0x5a>
1000100a:	e791      	b.n	10000f30 <alarm_pool_irq_handler+0xec>
1000100c:	f04f 0e00 	mov.w	lr, #0
10001010:	9801      	ldr	r0, [sp, #4]
10001012:	f880 e006 	strb.w	lr, [r0, #6]
10001016:	f9b0 3008 	ldrsh.w	r3, [r0, #8]
1000101a:	46d4      	mov	ip, sl
1000101c:	1c59      	adds	r1, r3, #1
1000101e:	d0a7      	beq.n	10000f70 <alarm_pool_irq_handler+0x12c>
10001020:	f8cd b008 	str.w	fp, [sp, #8]
10001024:	9504      	str	r5, [sp, #16]
10001026:	e002      	b.n	1000102e <alarm_pool_irq_handler+0x1ea>
10001028:	1c5a      	adds	r2, r3, #1
1000102a:	46ac      	mov	ip, r5
1000102c:	d02c      	beq.n	10001088 <alarm_pool_irq_handler+0x244>
1000102e:	6942      	ldr	r2, [r0, #20]
10001030:	eb03 0143 	add.w	r1, r3, r3, lsl #1
10001034:	eb02 05c1 	add.w	r5, r2, r1, lsl #3
10001038:	f8b5 8002 	ldrh.w	r8, [r5, #2]
1000103c:	461c      	mov	r4, r3
1000103e:	f418 4f00 	tst.w	r8, #32768	@ 0x8000
10001042:	f932 3031 	ldrsh.w	r3, [r2, r1, lsl #3]
10001046:	d0ef      	beq.n	10001028 <alarm_pool_irq_handler+0x1e4>
10001048:	6905      	ldr	r5, [r0, #16]
1000104a:	f8ac 3000 	strh.w	r3, [ip]
1000104e:	f3ef 8810 	mrs	r8, PRIMASK
10001052:	b672      	cpsid	i
10001054:	e8d5 bfcf 	ldaexb	fp, [r5]
10001058:	f05f 0901 	movs.w	r9, #1
1000105c:	f1bb 0f00 	cmp.w	fp, #0
10001060:	d1f8      	bne.n	10001054 <alarm_pool_irq_handler+0x210>
10001062:	e8c5 9f4b 	strexb	fp, r9, [r5]
10001066:	f1bb 0f00 	cmp.w	fp, #0
1000106a:	d1f3      	bne.n	10001054 <alarm_pool_irq_handler+0x210>
1000106c:	f3bf 8f5f 	dmb	sy
10001070:	f8b0 9002 	ldrh.w	r9, [r0, #2]
10001074:	6905      	ldr	r5, [r0, #16]
10001076:	f822 9031 	strh.w	r9, [r2, r1, lsl #3]
1000107a:	8044      	strh	r4, [r0, #2]
1000107c:	e8c5 ef8f 	stlb	lr, [r5]
10001080:	f388 8810 	msr	PRIMASK, r8
10001084:	1c5a      	adds	r2, r3, #1
10001086:	d1d2      	bne.n	1000102e <alarm_pool_irq_handler+0x1ea>
10001088:	f8dd b008 	ldr.w	fp, [sp, #8]
1000108c:	9d04      	ldr	r5, [sp, #16]
1000108e:	e76f      	b.n	10000f70 <alarm_pool_irq_handler+0x12c>
10001090:	400b8000 	.word	0x400b8000
10001094:	400b0000 	.word	0x400b0000
10001098:	20001eb4 	.word	0x20001eb4
1000109c:	4608      	mov	r0, r1
1000109e:	690b      	ldr	r3, [r1, #16]
100010a0:	9104      	str	r1, [sp, #16]
100010a2:	4798      	blx	r3
100010a4:	2800      	cmp	r0, #0
100010a6:	d136      	bne.n	10001116 <alarm_pool_irq_handler+0x2d2>
100010a8:	f838 3039 	ldrh.w	r3, [r8, r9, lsl #3]
100010ac:	9c01      	ldr	r4, [sp, #4]
100010ae:	8123      	strh	r3, [r4, #8]
100010b0:	6923      	ldr	r3, [r4, #16]
100010b2:	f3ef 8210 	mrs	r2, PRIMASK
100010b6:	b672      	cpsid	i
100010b8:	e8d3 0fcf 	ldaexb	r0, [r3]
100010bc:	2101      	movs	r1, #1
100010be:	2800      	cmp	r0, #0
100010c0:	d1fa      	bne.n	100010b8 <alarm_pool_irq_handler+0x274>
100010c2:	e8c3 1f40 	strexb	r0, r1, [r3]
100010c6:	2800      	cmp	r0, #0
100010c8:	d1f6      	bne.n	100010b8 <alarm_pool_irq_handler+0x274>
100010ca:	f3bf 8f5f 	dmb	sy
100010ce:	8863      	ldrh	r3, [r4, #2]
100010d0:	6921      	ldr	r1, [r4, #16]
100010d2:	f828 3039 	strh.w	r3, [r8, r9, lsl #3]
100010d6:	2300      	movs	r3, #0
100010d8:	8066      	strh	r6, [r4, #2]
100010da:	e8c1 3f8f 	stlb	r3, [r1]
100010de:	f382 8810 	msr	PRIMASK, r2
100010e2:	9b01      	ldr	r3, [sp, #4]
100010e4:	889b      	ldrh	r3, [r3, #4]
100010e6:	0418      	lsls	r0, r3, #16
100010e8:	f57f aed9 	bpl.w	10000e9e <alarm_pool_irq_handler+0x5a>
100010ec:	e720      	b.n	10000f30 <alarm_pool_irq_handler+0xec>
100010ee:	9d05      	ldr	r5, [sp, #20]
100010f0:	46d8      	mov	r8, fp
100010f2:	4628      	mov	r0, r5
100010f4:	f000 faa2 	bl	1000163c <timer_time_us_64>
100010f8:	9c03      	ldr	r4, [sp, #12]
100010fa:	6aab      	ldr	r3, [r5, #40]	@ 0x28
100010fc:	442c      	add	r4, r5
100010fe:	6921      	ldr	r1, [r4, #16]
10001100:	f100 4000 	add.w	r0, r0, #2147483648	@ 0x80000000
10001104:	1ac9      	subs	r1, r1, r3
10001106:	1ac3      	subs	r3, r0, r3
10001108:	428b      	cmp	r3, r1
1000110a:	d208      	bcs.n	1000111e <alarm_pool_irq_handler+0x2da>
1000110c:	6120      	str	r0, [r4, #16]
1000110e:	bf40      	sev
10001110:	b007      	add	sp, #28
10001112:	e8bd 8ff0 	ldmia.w	sp!, {r4, r5, r6, r7, r8, r9, sl, fp, pc}
10001116:	9904      	ldr	r1, [sp, #16]
10001118:	e9d1 2300 	ldrd	r2, r3, [r1]
1000111c:	e750      	b.n	10000fc0 <alarm_pool_irq_handler+0x17c>
1000111e:	6a2b      	ldr	r3, [r5, #32]
10001120:	ea13 0f08 	tst.w	r3, r8
10001124:	f47f af2a 	bne.w	10000f7c <alarm_pool_irq_handler+0x138>
10001128:	6120      	str	r0, [r4, #16]
1000112a:	e7f0      	b.n	1000110e <alarm_pool_irq_handler+0x2ca>
1000112c:	4628      	mov	r0, r5
1000112e:	9304      	str	r3, [sp, #16]
10001130:	9202      	str	r2, [sp, #8]
10001132:	f000 fa83 	bl	1000163c <timer_time_us_64>
10001136:	9a02      	ldr	r2, [sp, #8]
10001138:	9b04      	ldr	r3, [sp, #16]
1000113a:	eb10 0e02 	adds.w	lr, r0, r2
1000113e:	eb43 0c01 	adc.w	ip, r3, r1
10001142:	e748      	b.n	10000fd6 <alarm_pool_irq_handler+0x192>
10001144:	9c01      	ldr	r4, [sp, #4]
10001146:	9502      	str	r5, [sp, #8]
10001148:	f824 3f08 	strh.w	r3, [r4, #8]!
1000114c:	4625      	mov	r5, r4
1000114e:	e00b      	b.n	10001168 <alarm_pool_irq_handler+0x324>
10001150:	f930 3032 	ldrsh.w	r3, [r0, r2, lsl #3]
10001154:	4625      	mov	r5, r4
10001156:	2b00      	cmp	r3, #0
10001158:	db0d      	blt.n	10001176 <alarm_pool_irq_handler+0x332>
1000115a:	eb03 0243 	add.w	r2, r3, r3, lsl #1
1000115e:	eb00 02c2 	add.w	r2, r0, r2, lsl #3
10001162:	e9d2 7102 	ldrd	r7, r1, [r2, #8]
10001166:	005a      	lsls	r2, r3, #1
10001168:	45be      	cmp	lr, r7
1000116a:	441a      	add	r2, r3
1000116c:	eb7c 0101 	sbcs.w	r1, ip, r1
10001170:	eb00 04c2 	add.w	r4, r0, r2, lsl #3
10001174:	daec      	bge.n	10001150 <alarm_pool_irq_handler+0x30c>
10001176:	462a      	mov	r2, r5
10001178:	f828 3039 	strh.w	r3, [r8, r9, lsl #3]
1000117c:	9b01      	ldr	r3, [sp, #4]
1000117e:	8016      	strh	r6, [r2, #0]
10001180:	889b      	ldrh	r3, [r3, #4]
10001182:	9d02      	ldr	r5, [sp, #8]
10001184:	0418      	lsls	r0, r3, #16
10001186:	f57f ae8a 	bpl.w	10000e9e <alarm_pool_irq_handler+0x5a>
1000118a:	e6d1      	b.n	10000f30 <alarm_pool_irq_handler+0xec>

1000118c <runtime_init_default_alarm_pool>:
1000118c:	e92d 4ff8 	stmdb	sp!, {r3, r4, r5, r6, r7, r8, r9, sl, fp, lr}
10001190:	4c32      	ldr	r4, [pc, #200]	@ (1000125c <runtime_init_default_alarm_pool+0xd0>)
10001192:	6925      	ldr	r5, [r4, #16]
10001194:	b10d      	cbz	r5, 1000119a <runtime_init_default_alarm_pool+0xe>
10001196:	e8bd 8ff8 	ldmia.w	sp!, {r3, r4, r5, r6, r7, r8, r9, sl, fp, pc}
1000119a:	f8df 80d8 	ldr.w	r8, [pc, #216]	@ 10001274 <runtime_init_default_alarm_pool+0xe8>
1000119e:	2103      	movs	r1, #3
100011a0:	4640      	mov	r0, r8
100011a2:	f000 fa39 	bl	10001618 <timer_hardware_alarm_claim>
100011a6:	2603      	movs	r6, #3
100011a8:	f8c4 800c 	str.w	r8, [r4, #12]
100011ac:	f7ff fade 	bl	1000076c <next_striped_spin_lock_num>
100011b0:	f04f 4c50 	mov.w	ip, #3489660928	@ 0xd0000000
100011b4:	4b2a      	ldr	r3, [pc, #168]	@ (10001260 <runtime_init_default_alarm_pool+0xd4>)
100011b6:	7026      	strb	r6, [r4, #0]
100011b8:	4403      	add	r3, r0
100011ba:	6123      	str	r3, [r4, #16]
100011bc:	f8dc 3000 	ldr.w	r3, [ip]
100011c0:	210f      	movs	r1, #15
100011c2:	7063      	strb	r3, [r4, #1]
100011c4:	6963      	ldr	r3, [r4, #20]
100011c6:	8061      	strh	r1, [r4, #2]
100011c8:	831d      	strh	r5, [r3, #24]
100011ca:	f04f 0504 	mov.w	r5, #4
100011ce:	f8a3 5078 	strh.w	r5, [r3, #120]	@ 0x78
100011d2:	f04f 0505 	mov.w	r5, #5
100011d6:	f8a3 5090 	strh.w	r5, [r3, #144]	@ 0x90
100011da:	f04f 0506 	mov.w	r5, #6
100011de:	f8a3 50a8 	strh.w	r5, [r3, #168]	@ 0xa8
100011e2:	f04f 0507 	mov.w	r5, #7
100011e6:	210e      	movs	r1, #14
100011e8:	f64f 72ff 	movw	r2, #65535	@ 0xffff
100011ec:	f8a3 50c0 	strh.w	r5, [r3, #192]	@ 0xc0
100011f0:	2708      	movs	r7, #8
100011f2:	f04f 0e0a 	mov.w	lr, #10
100011f6:	f04f 0c0c 	mov.w	ip, #12
100011fa:	f04f 0901 	mov.w	r9, #1
100011fe:	200d      	movs	r0, #13
10001200:	f04f 0b02 	mov.w	fp, #2
10001204:	f04f 0a09 	mov.w	sl, #9
10001208:	f04f 050b 	mov.w	r5, #11
1000120c:	f8a3 1168 	strh.w	r1, [r3, #360]	@ 0x168
10001210:	4914      	ldr	r1, [pc, #80]	@ (10001264 <runtime_init_default_alarm_pool+0xd8>)
10001212:	80a2      	strh	r2, [r4, #4]
10001214:	f8a3 e108 	strh.w	lr, [r3, #264]	@ 0x108
10001218:	f8a3 c138 	strh.w	ip, [r3, #312]	@ 0x138
1000121c:	f8a3 0150 	strh.w	r0, [r3, #336]	@ 0x150
10001220:	60a1      	str	r1, [r4, #8]
10001222:	f8a3 b048 	strh.w	fp, [r3, #72]	@ 0x48
10001226:	801a      	strh	r2, [r3, #0]
10001228:	f8a3 a0f0 	strh.w	sl, [r3, #240]	@ 0xf0
1000122c:	f8a3 5120 	strh.w	r5, [r3, #288]	@ 0x120
10001230:	f8a3 9030 	strh.w	r9, [r3, #48]	@ 0x30
10001234:	f8a3 6060 	strh.w	r6, [r3, #96]	@ 0x60
10001238:	f8a3 70d8 	strh.w	r7, [r3, #216]	@ 0xd8
1000123c:	4b0a      	ldr	r3, [pc, #40]	@ (10001268 <runtime_init_default_alarm_pool+0xdc>)
1000123e:	4630      	mov	r0, r6
10001240:	490a      	ldr	r1, [pc, #40]	@ (1000126c <runtime_init_default_alarm_pool+0xe0>)
10001242:	f8c8 7020 	str.w	r7, [r8, #32]
10001246:	60dc      	str	r4, [r3, #12]
10001248:	f7ff fb22 	bl	10000890 <irq_set_exclusive_handler>
1000124c:	4649      	mov	r1, r9
1000124e:	4630      	mov	r0, r6
10001250:	f7ff fadc 	bl	1000080c <irq_set_enabled>
10001254:	4b06      	ldr	r3, [pc, #24]	@ (10001270 <runtime_init_default_alarm_pool+0xe4>)
10001256:	641f      	str	r7, [r3, #64]	@ 0x40
10001258:	e8bd 8ff8 	ldmia.w	sp!, {r3, r4, r5, r6, r7, r8, r9, sl, fp, pc}
1000125c:	2000153c 	.word	0x2000153c
10001260:	200018e4 	.word	0x200018e4
10001264:	0010ffff 	.word	0x0010ffff
10001268:	20001eb4 	.word	0x20001eb4
1000126c:	10000e45 	.word	0x10000e45
10001270:	400b2000 	.word	0x400b2000
10001274:	400b0000 	.word	0x400b0000

10001278 <alarm_pool_get_default>:
10001278:	4800      	ldr	r0, [pc, #0]	@ (1000127c <alarm_pool_get_default+0x4>)
1000127a:	4770      	bx	lr
1000127c:	2000153c 	.word	0x2000153c

10001280 <alarm_pool_add_alarm_at>:
10001280:	b5f8      	push	{r3, r4, r5, r6, r7, lr}
10001282:	f89d 7020 	ldrb.w	r7, [sp, #32]
10001286:	4604      	mov	r4, r0
10001288:	4616      	mov	r6, r2
1000128a:	461d      	mov	r5, r3
1000128c:	b937      	cbnz	r7, 1000129c <alarm_pool_add_alarm_at+0x1c>
1000128e:	f000 f9dd 	bl	1000164c <time_us_64>
10001292:	4286      	cmp	r6, r0
10001294:	eb65 0101 	sbc.w	r1, r5, r1
10001298:	2900      	cmp	r1, #0
1000129a:	db5c      	blt.n	10001356 <alarm_pool_add_alarm_at+0xd6>
1000129c:	6923      	ldr	r3, [r4, #16]
1000129e:	f3ef 8710 	mrs	r7, PRIMASK
100012a2:	b672      	cpsid	i
100012a4:	e8d3 1fcf 	ldaexb	r1, [r3]
100012a8:	2201      	movs	r2, #1
100012aa:	2900      	cmp	r1, #0
100012ac:	d1fa      	bne.n	100012a4 <alarm_pool_add_alarm_at+0x24>
100012ae:	e8c3 2f41 	strexb	r1, r2, [r3]
100012b2:	2900      	cmp	r1, #0
100012b4:	d1f6      	bne.n	100012a4 <alarm_pool_add_alarm_at+0x24>
100012b6:	f3bf 8f5f 	dmb	sy
100012ba:	f9b4 c002 	ldrsh.w	ip, [r4, #2]
100012be:	6963      	ldr	r3, [r4, #20]
100012c0:	eb0c 014c 	add.w	r1, ip, ip, lsl #1
100012c4:	f1bc 0f00 	cmp.w	ip, #0
100012c8:	ea4f 02c1 	mov.w	r2, r1, lsl #3
100012cc:	eb03 01c1 	add.w	r1, r3, r1, lsl #3
100012d0:	db38      	blt.n	10001344 <alarm_pool_add_alarm_at+0xc4>
100012d2:	5a98      	ldrh	r0, [r3, r2]
100012d4:	f04f 0e00 	mov.w	lr, #0
100012d8:	8060      	strh	r0, [r4, #2]
100012da:	6920      	ldr	r0, [r4, #16]
100012dc:	e8c0 ef8f 	stlb	lr, [r0]
100012e0:	f387 8810 	msr	PRIMASK, r7
100012e4:	9806      	ldr	r0, [sp, #24]
100012e6:	e9c1 6502 	strd	r6, r5, [r1, #8]
100012ea:	6108      	str	r0, [r1, #16]
100012ec:	9807      	ldr	r0, [sp, #28]
100012ee:	6148      	str	r0, [r1, #20]
100012f0:	8848      	ldrh	r0, [r1, #2]
100012f2:	3001      	adds	r0, #1
100012f4:	f3c0 000e 	ubfx	r0, r0, #0, #15
100012f8:	2801      	cmp	r0, #1
100012fa:	bf38      	it	cc
100012fc:	2001      	movcc	r0, #1
100012fe:	8048      	strh	r0, [r1, #2]
10001300:	ea40 400c 	orr.w	r0, r0, ip, lsl #16
10001304:	6921      	ldr	r1, [r4, #16]
10001306:	f3ef 8510 	mrs	r5, PRIMASK
1000130a:	b672      	cpsid	i
1000130c:	e8d1 7fcf 	ldaexb	r7, [r1]
10001310:	2601      	movs	r6, #1
10001312:	2f00      	cmp	r7, #0
10001314:	d1fa      	bne.n	1000130c <alarm_pool_add_alarm_at+0x8c>
10001316:	e8c1 6f47 	strexb	r7, r6, [r1]
1000131a:	2f00      	cmp	r7, #0
1000131c:	d1f6      	bne.n	1000130c <alarm_pool_add_alarm_at+0x8c>
1000131e:	f3bf 8f5f 	dmb	sy
10001322:	88a1      	ldrh	r1, [r4, #4]
10001324:	5299      	strh	r1, [r3, r2]
10001326:	f8a4 c004 	strh.w	ip, [r4, #4]
1000132a:	6923      	ldr	r3, [r4, #16]
1000132c:	e8c3 ef8f 	stlb	lr, [r3]
10001330:	f385 8810 	msr	PRIMASK, r5
10001334:	2201      	movs	r2, #1
10001336:	68e3      	ldr	r3, [r4, #12]
10001338:	7821      	ldrb	r1, [r4, #0]
1000133a:	f503 5301 	add.w	r3, r3, #8256	@ 0x2040
1000133e:	408a      	lsls	r2, r1
10001340:	605a      	str	r2, [r3, #4]
10001342:	bdf8      	pop	{r3, r4, r5, r6, r7, pc}
10001344:	2300      	movs	r3, #0
10001346:	6922      	ldr	r2, [r4, #16]
10001348:	e8c2 3f8f 	stlb	r3, [r2]
1000134c:	f387 8810 	msr	PRIMASK, r7
10001350:	f04f 30ff 	mov.w	r0, #4294967295	@ 0xffffffff
10001354:	bdf8      	pop	{r3, r4, r5, r6, r7, pc}
10001356:	4638      	mov	r0, r7
10001358:	bdf8      	pop	{r3, r4, r5, r6, r7, pc}
1000135a:	bf00      	nop

1000135c <alarm_pool_add_alarm_at_force_in_context>:
1000135c:	4601      	mov	r1, r0
1000135e:	b5f0      	push	{r4, r5, r6, r7, lr}
10001360:	6900      	ldr	r0, [r0, #16]
10001362:	f3ef 8710 	mrs	r7, PRIMASK
10001366:	b672      	cpsid	i
10001368:	e8d0 5fcf 	ldaexb	r5, [r0]
1000136c:	2401      	movs	r4, #1
1000136e:	2d00      	cmp	r5, #0
10001370:	d1fa      	bne.n	10001368 <alarm_pool_add_alarm_at_force_in_context+0xc>
10001372:	e8c0 4f45 	strexb	r5, r4, [r0]
10001376:	2d00      	cmp	r5, #0
10001378:	d1f6      	bne.n	10001368 <alarm_pool_add_alarm_at_force_in_context+0xc>
1000137a:	f3bf 8f5f 	dmb	sy
1000137e:	f9b1 e002 	ldrsh.w	lr, [r1, #2]
10001382:	694c      	ldr	r4, [r1, #20]
10001384:	eb0e 0c4e 	add.w	ip, lr, lr, lsl #1
10001388:	f1be 0f00 	cmp.w	lr, #0
1000138c:	ea4f 05cc 	mov.w	r5, ip, lsl #3
10001390:	eb04 0ccc 	add.w	ip, r4, ip, lsl #3
10001394:	db3d      	blt.n	10001412 <alarm_pool_add_alarm_at_force_in_context+0xb6>
10001396:	5b60      	ldrh	r0, [r4, r5]
10001398:	2600      	movs	r6, #0
1000139a:	8048      	strh	r0, [r1, #2]
1000139c:	6908      	ldr	r0, [r1, #16]
1000139e:	e8c0 6f8f 	stlb	r6, [r0]
100013a2:	f387 8810 	msr	PRIMASK, r7
100013a6:	f8bc 0002 	ldrh.w	r0, [ip, #2]
100013aa:	e9cc 2302 	strd	r2, r3, [ip, #8]
100013ae:	3001      	adds	r0, #1
100013b0:	f3c0 000e 	ubfx	r0, r0, #0, #15
100013b4:	2801      	cmp	r0, #1
100013b6:	bf38      	it	cc
100013b8:	2001      	movcc	r0, #1
100013ba:	9b05      	ldr	r3, [sp, #20]
100013bc:	f8ac 0002 	strh.w	r0, [ip, #2]
100013c0:	f8cc 3010 	str.w	r3, [ip, #16]
100013c4:	9b06      	ldr	r3, [sp, #24]
100013c6:	ea40 400e 	orr.w	r0, r0, lr, lsl #16
100013ca:	f8cc 3014 	str.w	r3, [ip, #20]
100013ce:	690b      	ldr	r3, [r1, #16]
100013d0:	f3ef 8210 	mrs	r2, PRIMASK
100013d4:	b672      	cpsid	i
100013d6:	e8d3 cfcf 	ldaexb	ip, [r3]
100013da:	2701      	movs	r7, #1
100013dc:	f1bc 0f00 	cmp.w	ip, #0
100013e0:	d1f9      	bne.n	100013d6 <alarm_pool_add_alarm_at_force_in_context+0x7a>
100013e2:	e8c3 7f4c 	strexb	ip, r7, [r3]
100013e6:	f1bc 0f00 	cmp.w	ip, #0
100013ea:	d1f4      	bne.n	100013d6 <alarm_pool_add_alarm_at_force_in_context+0x7a>
100013ec:	f3bf 8f5f 	dmb	sy
100013f0:	888b      	ldrh	r3, [r1, #4]
100013f2:	5363      	strh	r3, [r4, r5]
100013f4:	f8a1 e004 	strh.w	lr, [r1, #4]
100013f8:	690b      	ldr	r3, [r1, #16]
100013fa:	e8c3 6f8f 	stlb	r6, [r3]
100013fe:	f382 8810 	msr	PRIMASK, r2
10001402:	2201      	movs	r2, #1
10001404:	68cb      	ldr	r3, [r1, #12]
10001406:	7809      	ldrb	r1, [r1, #0]
10001408:	f503 5301 	add.w	r3, r3, #8256	@ 0x2040
1000140c:	408a      	lsls	r2, r1
1000140e:	605a      	str	r2, [r3, #4]
10001410:	bdf0      	pop	{r4, r5, r6, r7, pc}
10001412:	2300      	movs	r3, #0
10001414:	690a      	ldr	r2, [r1, #16]
10001416:	e8c2 3f8f 	stlb	r3, [r2]
1000141a:	f387 8810 	msr	PRIMASK, r7
1000141e:	f04f 30ff 	mov.w	r0, #4294967295	@ 0xffffffff
10001422:	bdf0      	pop	{r4, r5, r6, r7, pc}

10001424 <alarm_pool_cancel_alarm>:
10001424:	4603      	mov	r3, r0
10001426:	8940      	ldrh	r0, [r0, #10]
10001428:	ebb0 4f21 	cmp.w	r0, r1, asr #16
1000142c:	dd37      	ble.n	1000149e <alarm_pool_cancel_alarm+0x7a>
1000142e:	6958      	ldr	r0, [r3, #20]
10001430:	140a      	asrs	r2, r1, #16
10001432:	eb02 0242 	add.w	r2, r2, r2, lsl #1
10001436:	b510      	push	{r4, lr}
10001438:	eb00 00c2 	add.w	r0, r0, r2, lsl #3
1000143c:	691c      	ldr	r4, [r3, #16]
1000143e:	f3ef 8c10 	mrs	ip, PRIMASK
10001442:	b672      	cpsid	i
10001444:	e8d4 efcf 	ldaexb	lr, [r4]
10001448:	2201      	movs	r2, #1
1000144a:	f1be 0f00 	cmp.w	lr, #0
1000144e:	d1f9      	bne.n	10001444 <alarm_pool_cancel_alarm+0x20>
10001450:	e8c4 2f4e 	strexb	lr, r2, [r4]
10001454:	f1be 0f00 	cmp.w	lr, #0
10001458:	d1f4      	bne.n	10001444 <alarm_pool_cancel_alarm+0x20>
1000145a:	f3bf 8f5f 	dmb	sy
1000145e:	8842      	ldrh	r2, [r0, #2]
10001460:	b289      	uxth	r1, r1
10001462:	b292      	uxth	r2, r2
10001464:	428a      	cmp	r2, r1
10001466:	d007      	beq.n	10001478 <alarm_pool_cancel_alarm+0x54>
10001468:	2200      	movs	r2, #0
1000146a:	691b      	ldr	r3, [r3, #16]
1000146c:	e8c3 2f8f 	stlb	r2, [r3]
10001470:	f38c 8810 	msr	PRIMASK, ip
10001474:	2000      	movs	r0, #0
10001476:	bd10      	pop	{r4, pc}
10001478:	f442 4200 	orr.w	r2, r2, #32768	@ 0x8000
1000147c:	8042      	strh	r2, [r0, #2]
1000147e:	2101      	movs	r1, #1
10001480:	2200      	movs	r2, #0
10001482:	6918      	ldr	r0, [r3, #16]
10001484:	7199      	strb	r1, [r3, #6]
10001486:	e8c0 2f8f 	stlb	r2, [r0]
1000148a:	f38c 8810 	msr	PRIMASK, ip
1000148e:	781c      	ldrb	r4, [r3, #0]
10001490:	68da      	ldr	r2, [r3, #12]
10001492:	4608      	mov	r0, r1
10001494:	f502 5301 	add.w	r3, r2, #8256	@ 0x2040
10001498:	40a1      	lsls	r1, r4
1000149a:	6059      	str	r1, [r3, #4]
1000149c:	bd10      	pop	{r4, pc}
1000149e:	2000      	movs	r0, #0
100014a0:	4770      	bx	lr
100014a2:	bf00      	nop

100014a4 <alarm_pool_core_num>:
100014a4:	7840      	ldrb	r0, [r0, #1]
100014a6:	4770      	bx	lr

100014a8 <sleep_ms>:
100014a8:	b5f0      	push	{r4, r5, r6, r7, lr}
100014aa:	b083      	sub	sp, #12
100014ac:	4606      	mov	r6, r0
100014ae:	f000 f8cd 	bl	1000164c <time_us_64>
100014b2:	f44f 737a 	mov.w	r3, #1000	@ 0x3e8
100014b6:	4604      	mov	r4, r0
100014b8:	f04f 30ff 	mov.w	r0, #4294967295	@ 0xffffffff
100014bc:	f06f 4200 	mvn.w	r2, #2147483648	@ 0x80000000
100014c0:	fbe6 4103 	umlal	r4, r1, r6, r3
100014c4:	42a0      	cmp	r0, r4
100014c6:	eb72 0301 	sbcs.w	r3, r2, r1
100014ca:	bf3a      	itte	cc
100014cc:	4604      	movcc	r4, r0
100014ce:	4615      	movcc	r5, r2
100014d0:	460d      	movcs	r5, r1
100014d2:	1fa7      	subs	r7, r4, #6
100014d4:	f145 36ff 	adc.w	r6, r5, #4294967295	@ 0xffffffff
100014d8:	42bc      	cmp	r4, r7
100014da:	eb75 0306 	sbcs.w	r3, r5, r6
100014de:	bf3c      	itt	cc
100014e0:	2700      	movcc	r7, #0
100014e2:	463e      	movcc	r6, r7
100014e4:	f000 f8b2 	bl	1000164c <time_us_64>
100014e8:	1a38      	subs	r0, r7, r0
100014ea:	eb66 0101 	sbc.w	r1, r6, r1
100014ee:	2801      	cmp	r0, #1
100014f0:	f171 0100 	sbcs.w	r1, r1, #0
100014f4:	da06      	bge.n	10001504 <sleep_ms+0x5c>
100014f6:	4620      	mov	r0, r4
100014f8:	4629      	mov	r1, r5
100014fa:	b003      	add	sp, #12
100014fc:	e8bd 40f0 	ldmia.w	sp!, {r4, r5, r6, r7, lr}
10001500:	f000 b8ae 	b.w	10001660 <busy_wait_until>
10001504:	f000 f8a2 	bl	1000164c <time_us_64>
10001508:	4287      	cmp	r7, r0
1000150a:	eb66 0101 	sbc.w	r1, r6, r1
1000150e:	2900      	cmp	r1, #0
10001510:	db0a      	blt.n	10001528 <sleep_ms+0x80>
10001512:	2100      	movs	r1, #0
10001514:	4b0a      	ldr	r3, [pc, #40]	@ (10001540 <sleep_ms+0x98>)
10001516:	463a      	mov	r2, r7
10001518:	9300      	str	r3, [sp, #0]
1000151a:	480a      	ldr	r0, [pc, #40]	@ (10001544 <sleep_ms+0x9c>)
1000151c:	4633      	mov	r3, r6
1000151e:	9101      	str	r1, [sp, #4]
10001520:	f7ff ff1c 	bl	1000135c <alarm_pool_add_alarm_at_force_in_context>
10001524:	2800      	cmp	r0, #0
10001526:	dbe6      	blt.n	100014f6 <sleep_ms+0x4e>
10001528:	4a07      	ldr	r2, [pc, #28]	@ (10001548 <sleep_ms+0xa0>)
1000152a:	6a53      	ldr	r3, [r2, #36]	@ 0x24
1000152c:	429e      	cmp	r6, r3
1000152e:	d804      	bhi.n	1000153a <sleep_ms+0x92>
10001530:	6a91      	ldr	r1, [r2, #40]	@ 0x28
10001532:	42b9      	cmp	r1, r7
10001534:	d2df      	bcs.n	100014f6 <sleep_ms+0x4e>
10001536:	429e      	cmp	r6, r3
10001538:	d1dd      	bne.n	100014f6 <sleep_ms+0x4e>
1000153a:	bf20      	wfe
1000153c:	e7f5      	b.n	1000152a <sleep_ms+0x82>
1000153e:	bf00      	nop
10001540:	10000e3d 	.word	0x10000e3d
10001544:	2000153c 	.word	0x2000153c
10001548:	400b0000 	.word	0x400b0000

1000154c <best_effort_wfe_or_timeout>:
1000154c:	e92d 43f0 	stmdb	sp!, {r4, r5, r6, r7, r8, r9, lr}
10001550:	4605      	mov	r5, r0
10001552:	460c      	mov	r4, r1
10001554:	b083      	sub	sp, #12
10001556:	f3ef 8605 	mrs	r6, IPSR
1000155a:	b2f6      	uxtb	r6, r6
1000155c:	b166      	cbz	r6, 10001578 <best_effort_wfe_or_timeout+0x2c>
1000155e:	4b2b      	ldr	r3, [pc, #172]	@ (1000160c <best_effort_wfe_or_timeout+0xc0>)
10001560:	6a58      	ldr	r0, [r3, #36]	@ 0x24
10001562:	42a0      	cmp	r0, r4
10001564:	d325      	bcc.n	100015b2 <best_effort_wfe_or_timeout+0x66>
10001566:	6a9b      	ldr	r3, [r3, #40]	@ 0x28
10001568:	42ab      	cmp	r3, r5
1000156a:	d22b      	bcs.n	100015c4 <best_effort_wfe_or_timeout+0x78>
1000156c:	1b00      	subs	r0, r0, r4
1000156e:	bf18      	it	ne
10001570:	2001      	movne	r0, #1
10001572:	b003      	add	sp, #12
10001574:	e8bd 83f0 	ldmia.w	sp!, {r4, r5, r6, r7, r8, r9, pc}
10001578:	4f25      	ldr	r7, [pc, #148]	@ (10001610 <best_effort_wfe_or_timeout+0xc4>)
1000157a:	f8d7 900c 	ldr.w	r9, [r7, #12]
1000157e:	f897 8000 	ldrb.w	r8, [r7]
10001582:	4648      	mov	r0, r9
10001584:	f000 f85a 	bl	1000163c <timer_time_us_64>
10001588:	f108 0804 	add.w	r8, r8, #4
1000158c:	f859 3028 	ldr.w	r3, [r9, r8, lsl #2]
10001590:	1a1b      	subs	r3, r3, r0
10001592:	1a28      	subs	r0, r5, r0
10001594:	eb64 0101 	sbc.w	r1, r4, r1
10001598:	4298      	cmp	r0, r3
1000159a:	f171 0100 	sbcs.w	r1, r1, #0
1000159e:	db15      	blt.n	100015cc <best_effort_wfe_or_timeout+0x80>
100015a0:	4b1a      	ldr	r3, [pc, #104]	@ (1000160c <best_effort_wfe_or_timeout+0xc0>)
100015a2:	6a5a      	ldr	r2, [r3, #36]	@ 0x24
100015a4:	42a2      	cmp	r2, r4
100015a6:	d208      	bcs.n	100015ba <best_effort_wfe_or_timeout+0x6e>
100015a8:	bf20      	wfe
100015aa:	4b18      	ldr	r3, [pc, #96]	@ (1000160c <best_effort_wfe_or_timeout+0xc0>)
100015ac:	6a58      	ldr	r0, [r3, #36]	@ 0x24
100015ae:	42a0      	cmp	r0, r4
100015b0:	d2d9      	bcs.n	10001566 <best_effort_wfe_or_timeout+0x1a>
100015b2:	2000      	movs	r0, #0
100015b4:	b003      	add	sp, #12
100015b6:	e8bd 83f0 	ldmia.w	sp!, {r4, r5, r6, r7, r8, r9, pc}
100015ba:	6a9b      	ldr	r3, [r3, #40]	@ 0x28
100015bc:	42ab      	cmp	r3, r5
100015be:	d201      	bcs.n	100015c4 <best_effort_wfe_or_timeout+0x78>
100015c0:	42a2      	cmp	r2, r4
100015c2:	d0f1      	beq.n	100015a8 <best_effort_wfe_or_timeout+0x5c>
100015c4:	2001      	movs	r0, #1
100015c6:	b003      	add	sp, #12
100015c8:	e8bd 83f0 	ldmia.w	sp!, {r4, r5, r6, r7, r8, r9, pc}
100015cc:	f000 f83e 	bl	1000164c <time_us_64>
100015d0:	4285      	cmp	r5, r0
100015d2:	eb64 0101 	sbc.w	r1, r4, r1
100015d6:	2900      	cmp	r1, #0
100015d8:	dbc1      	blt.n	1000155e <best_effort_wfe_or_timeout+0x12>
100015da:	4b0e      	ldr	r3, [pc, #56]	@ (10001614 <best_effort_wfe_or_timeout+0xc8>)
100015dc:	4638      	mov	r0, r7
100015de:	e9cd 3600 	strd	r3, r6, [sp]
100015e2:	462a      	mov	r2, r5
100015e4:	4623      	mov	r3, r4
100015e6:	f7ff feb9 	bl	1000135c <alarm_pool_add_alarm_at_force_in_context>
100015ea:	1e01      	subs	r1, r0, #0
100015ec:	ddb7      	ble.n	1000155e <best_effort_wfe_or_timeout+0x12>
100015ee:	4b07      	ldr	r3, [pc, #28]	@ (1000160c <best_effort_wfe_or_timeout+0xc0>)
100015f0:	6a5a      	ldr	r2, [r3, #36]	@ 0x24
100015f2:	42a2      	cmp	r2, r4
100015f4:	d304      	bcc.n	10001600 <best_effort_wfe_or_timeout+0xb4>
100015f6:	6a9b      	ldr	r3, [r3, #40]	@ 0x28
100015f8:	42ab      	cmp	r3, r5
100015fa:	d202      	bcs.n	10001602 <best_effort_wfe_or_timeout+0xb6>
100015fc:	42a2      	cmp	r2, r4
100015fe:	d100      	bne.n	10001602 <best_effort_wfe_or_timeout+0xb6>
10001600:	bf20      	wfe
10001602:	4803      	ldr	r0, [pc, #12]	@ (10001610 <best_effort_wfe_or_timeout+0xc4>)
10001604:	f7ff ff0e 	bl	10001424 <alarm_pool_cancel_alarm>
10001608:	e7a9      	b.n	1000155e <best_effort_wfe_or_timeout+0x12>
1000160a:	bf00      	nop
1000160c:	400b0000 	.word	0x400b0000
10001610:	2000153c 	.word	0x2000153c
10001614:	10000e3d 	.word	0x10000e3d

10001618 <timer_hardware_alarm_claim>:
10001618:	b410      	push	{r4}
1000161a:	4b05      	ldr	r3, [pc, #20]	@ (10001630 <timer_hardware_alarm_claim+0x18>)
1000161c:	4c05      	ldr	r4, [pc, #20]	@ (10001634 <timer_hardware_alarm_claim+0x1c>)
1000161e:	4a06      	ldr	r2, [pc, #24]	@ (10001638 <timer_hardware_alarm_claim+0x20>)
10001620:	42a0      	cmp	r0, r4
10001622:	bf14      	ite	ne
10001624:	4618      	movne	r0, r3
10001626:	1c58      	addeq	r0, r3, #1
10001628:	f85d 4b04 	ldr.w	r4, [sp], #4
1000162c:	f7ff b824 	b.w	10000678 <hw_claim_or_assert>
10001630:	20001a40 	.word	0x20001a40
10001634:	400b8000 	.word	0x400b8000
10001638:	10005fc0 	.word	0x10005fc0

1000163c <timer_time_us_64>:
1000163c:	4603      	mov	r3, r0
1000163e:	6a41      	ldr	r1, [r0, #36]	@ 0x24
10001640:	460a      	mov	r2, r1
10001642:	6a98      	ldr	r0, [r3, #40]	@ 0x28
10001644:	6a59      	ldr	r1, [r3, #36]	@ 0x24
10001646:	428a      	cmp	r2, r1
10001648:	d1fa      	bne.n	10001640 <timer_time_us_64+0x4>
1000164a:	4770      	bx	lr

1000164c <time_us_64>:
1000164c:	4b03      	ldr	r3, [pc, #12]	@ (1000165c <time_us_64+0x10>)
1000164e:	6a59      	ldr	r1, [r3, #36]	@ 0x24
10001650:	460a      	mov	r2, r1
10001652:	6a98      	ldr	r0, [r3, #40]	@ 0x28
10001654:	6a59      	ldr	r1, [r3, #36]	@ 0x24
10001656:	4291      	cmp	r1, r2
10001658:	d1fa      	bne.n	10001650 <time_us_64+0x4>
1000165a:	4770      	bx	lr
1000165c:	400b0000 	.word	0x400b0000

10001660 <busy_wait_until>:
10001660:	4a07      	ldr	r2, [pc, #28]	@ (10001680 <busy_wait_until+0x20>)
10001662:	6a53      	ldr	r3, [r2, #36]	@ 0x24
10001664:	4299      	cmp	r1, r3
10001666:	d8fc      	bhi.n	10001662 <busy_wait_until+0x2>
10001668:	4299      	cmp	r1, r3
1000166a:	d107      	bne.n	1000167c <busy_wait_until+0x1c>
1000166c:	4b04      	ldr	r3, [pc, #16]	@ (10001680 <busy_wait_until+0x20>)
1000166e:	e002      	b.n	10001676 <busy_wait_until+0x16>
10001670:	6a5a      	ldr	r2, [r3, #36]	@ 0x24
10001672:	4291      	cmp	r1, r2
10001674:	d102      	bne.n	1000167c <busy_wait_until+0x1c>
10001676:	6a9a      	ldr	r2, [r3, #40]	@ 0x28
10001678:	4282      	cmp	r2, r0
1000167a:	d3f9      	bcc.n	10001670 <busy_wait_until+0x10>
1000167c:	4770      	bx	lr
1000167e:	bf00      	nop
10001680:	400b0000 	.word	0x400b0000

10001684 <clock_configure_undivided>:
10001684:	eb00 0c40 	add.w	ip, r0, r0, lsl #1
10001688:	ea4f 0c8c 	mov.w	ip, ip, lsl #2
1000168c:	f10c 4c80 	add.w	ip, ip, #1073741824	@ 0x40000000
10001690:	f50c 3c80 	add.w	ip, ip, #65536	@ 0x10000
10001694:	b5f0      	push	{r4, r5, r6, r7, lr}
10001696:	4616      	mov	r6, r2
10001698:	f8dc 2004 	ldr.w	r2, [ip, #4]
1000169c:	1f05      	subs	r5, r0, #4
1000169e:	f5b2 3f80 	cmp.w	r2, #65536	@ 0x10000
100016a2:	bf38      	it	cc
100016a4:	f44f 3280 	movcc.w	r2, #65536	@ 0x10000
100016a8:	b2ed      	uxtb	r5, r5
100016aa:	bf38      	it	cc
100016ac:	f8cc 2004 	strcc.w	r2, [ip, #4]
100016b0:	2d01      	cmp	r5, #1
100016b2:	d92a      	bls.n	1000170a <clock_configure_undivided+0x86>
100016b4:	f44f 6700 	mov.w	r7, #2048	@ 0x800
100016b8:	4c25      	ldr	r4, [pc, #148]	@ (10001750 <clock_configure_undivided+0xcc>)
100016ba:	f50c 5240 	add.w	r2, ip, #12288	@ 0x3000
100016be:	6017      	str	r7, [r2, #0]
100016c0:	f854 2020 	ldr.w	r2, [r4, r0, lsl #2]
100016c4:	b9b2      	cbnz	r2, 100016f4 <clock_configure_undivided+0x70>
100016c6:	f8dc 2000 	ldr.w	r2, [ip]
100016ca:	2d01      	cmp	r5, #1
100016cc:	ea82 1246 	eor.w	r2, r2, r6, lsl #5
100016d0:	f002 02e0 	and.w	r2, r2, #224	@ 0xe0
100016d4:	f50c 5680 	add.w	r6, ip, #4096	@ 0x1000
100016d8:	6032      	str	r2, [r6, #0]
100016da:	d92a      	bls.n	10001732 <clock_configure_undivided+0xae>
100016dc:	f44f 6100 	mov.w	r1, #2048	@ 0x800
100016e0:	f844 3020 	str.w	r3, [r4, r0, lsl #2]
100016e4:	f44f 3380 	mov.w	r3, #65536	@ 0x10000
100016e8:	f50c 5200 	add.w	r2, ip, #8192	@ 0x2000
100016ec:	6011      	str	r1, [r2, #0]
100016ee:	f8cc 3004 	str.w	r3, [ip, #4]
100016f2:	bdf0      	pop	{r4, r5, r6, r7, pc}
100016f4:	6967      	ldr	r7, [r4, #20]
100016f6:	fbb7 fef2 	udiv	lr, r7, r2
100016fa:	f10e 0e01 	add.w	lr, lr, #1
100016fe:	eb0e 0e4e 	add.w	lr, lr, lr, lsl #1
10001702:	f1be 0e03 	subs.w	lr, lr, #3
10001706:	d2fc      	bcs.n	10001702 <clock_configure_undivided+0x7e>
10001708:	e7dd      	b.n	100016c6 <clock_configure_undivided+0x42>
1000170a:	2901      	cmp	r1, #1
1000170c:	d1d2      	bne.n	100016b4 <clock_configure_undivided+0x30>
1000170e:	2403      	movs	r4, #3
10001710:	f50c 5240 	add.w	r2, ip, #12288	@ 0x3000
10001714:	6014      	str	r4, [r2, #0]
10001716:	f8dc 2008 	ldr.w	r2, [ip, #8]
1000171a:	07d2      	lsls	r2, r2, #31
1000171c:	d5fb      	bpl.n	10001716 <clock_configure_undivided+0x92>
1000171e:	f8dc 2000 	ldr.w	r2, [ip]
10001722:	4c0b      	ldr	r4, [pc, #44]	@ (10001750 <clock_configure_undivided+0xcc>)
10001724:	ea82 1246 	eor.w	r2, r2, r6, lsl #5
10001728:	f002 02e0 	and.w	r2, r2, #224	@ 0xe0
1000172c:	f50c 5680 	add.w	r6, ip, #4096	@ 0x1000
10001730:	6032      	str	r2, [r6, #0]
10001732:	2201      	movs	r2, #1
10001734:	f8dc 5000 	ldr.w	r5, [ip]
10001738:	404d      	eors	r5, r1
1000173a:	f005 0503 	and.w	r5, r5, #3
1000173e:	6035      	str	r5, [r6, #0]
10001740:	fa02 f101 	lsl.w	r1, r2, r1
10001744:	f8dc 2008 	ldr.w	r2, [ip, #8]
10001748:	420a      	tst	r2, r1
1000174a:	d0fb      	beq.n	10001744 <clock_configure_undivided+0xc0>
1000174c:	e7c6      	b.n	100016dc <clock_configure_undivided+0x58>
1000174e:	bf00      	nop
10001750:	20001a44 	.word	0x20001a44

10001754 <clock_get_hz>:
10001754:	4b01      	ldr	r3, [pc, #4]	@ (1000175c <clock_get_hz+0x8>)
10001756:	f853 0020 	ldr.w	r0, [r3, r0, lsl #2]
1000175a:	4770      	bx	lr
1000175c:	20001a44 	.word	0x20001a44

10001760 <pll_init>:
10001760:	b470      	push	{r4, r5, r6}
10001762:	9d03      	ldr	r5, [sp, #12]
10001764:	6804      	ldr	r4, [r0, #0]
10001766:	032d      	lsls	r5, r5, #12
10001768:	ea45 4503 	orr.w	r5, r5, r3, lsl #16
1000176c:	4b1b      	ldr	r3, [pc, #108]	@ (100017dc <pll_init+0x7c>)
1000176e:	2c00      	cmp	r4, #0
10001770:	fbb3 f3f1 	udiv	r3, r3, r1
10001774:	fbb2 f6f3 	udiv	r6, r2, r3
10001778:	db1f      	blt.n	100017ba <pll_init+0x5a>
1000177a:	4a19      	ldr	r2, [pc, #100]	@ (100017e0 <pll_init+0x80>)
1000177c:	4b19      	ldr	r3, [pc, #100]	@ (100017e4 <pll_init+0x84>)
1000177e:	4290      	cmp	r0, r2
10001780:	bf14      	ite	ne
10001782:	f44f 4280 	movne.w	r2, #16384	@ 0x4000
10001786:	f44f 4200 	moveq.w	r2, #32768	@ 0x8000
1000178a:	4c17      	ldr	r4, [pc, #92]	@ (100017e8 <pll_init+0x88>)
1000178c:	601a      	str	r2, [r3, #0]
1000178e:	f503 5380 	add.w	r3, r3, #4096	@ 0x1000
10001792:	601a      	str	r2, [r3, #0]
10001794:	68a3      	ldr	r3, [r4, #8]
10001796:	ea32 0303 	bics.w	r3, r2, r3
1000179a:	d1fb      	bne.n	10001794 <pll_init+0x34>
1000179c:	2221      	movs	r2, #33	@ 0x21
1000179e:	f500 5340 	add.w	r3, r0, #12288	@ 0x3000
100017a2:	3304      	adds	r3, #4
100017a4:	6001      	str	r1, [r0, #0]
100017a6:	6086      	str	r6, [r0, #8]
100017a8:	601a      	str	r2, [r3, #0]
100017aa:	6802      	ldr	r2, [r0, #0]
100017ac:	2a00      	cmp	r2, #0
100017ae:	dafc      	bge.n	100017aa <pll_init+0x4a>
100017b0:	2208      	movs	r2, #8
100017b2:	60c5      	str	r5, [r0, #12]
100017b4:	601a      	str	r2, [r3, #0]
100017b6:	bc70      	pop	{r4, r5, r6}
100017b8:	4770      	bx	lr
100017ba:	6803      	ldr	r3, [r0, #0]
100017bc:	f003 033f 	and.w	r3, r3, #63	@ 0x3f
100017c0:	428b      	cmp	r3, r1
100017c2:	d1da      	bne.n	1000177a <pll_init+0x1a>
100017c4:	6883      	ldr	r3, [r0, #8]
100017c6:	f3c3 030b 	ubfx	r3, r3, #0, #12
100017ca:	42b3      	cmp	r3, r6
100017cc:	d1d5      	bne.n	1000177a <pll_init+0x1a>
100017ce:	68c3      	ldr	r3, [r0, #12]
100017d0:	f403 23ee 	and.w	r3, r3, #487424	@ 0x77000
100017d4:	42ab      	cmp	r3, r5
100017d6:	d1d0      	bne.n	1000177a <pll_init+0x1a>
100017d8:	e7ed      	b.n	100017b6 <pll_init+0x56>
100017da:	bf00      	nop
100017dc:	00b71b00 	.word	0x00b71b00
100017e0:	40058000 	.word	0x40058000
100017e4:	40022000 	.word	0x40022000
100017e8:	40020000 	.word	0x40020000

100017ec <watchdog_reboot>:
100017ec:	b430      	push	{r4, r5}
100017ee:	f04f 4480 	mov.w	r4, #1073741824	@ 0x40000000
100017f2:	4b1c      	ldr	r3, [pc, #112]	@ (10001864 <watchdog_reboot+0x78>)
100017f4:	601c      	str	r4, [r3, #0]
100017f6:	b1e0      	cbz	r0, 10001832 <watchdog_reboot+0x46>
100017f8:	4c1b      	ldr	r4, [pc, #108]	@ (10001868 <watchdog_reboot+0x7c>)
100017fa:	f5a3 5340 	sub.w	r3, r3, #12288	@ 0x3000
100017fe:	61dc      	str	r4, [r3, #28]
10001800:	4c1a      	ldr	r4, [pc, #104]	@ (1000186c <watchdog_reboot+0x80>)
10001802:	f040 0001 	orr.w	r0, r0, #1
10001806:	4044      	eors	r4, r0
10001808:	621c      	str	r4, [r3, #32]
1000180a:	6259      	str	r1, [r3, #36]	@ 0x24
1000180c:	6298      	str	r0, [r3, #40]	@ 0x28
1000180e:	f04f 4580 	mov.w	r5, #1073741824	@ 0x40000000
10001812:	f04f 61e0 	mov.w	r1, #117440512	@ 0x7000000
10001816:	4b13      	ldr	r3, [pc, #76]	@ (10001864 <watchdog_reboot+0x78>)
10001818:	4815      	ldr	r0, [pc, #84]	@ (10001870 <watchdog_reboot+0x84>)
1000181a:	4c16      	ldr	r4, [pc, #88]	@ (10001874 <watchdog_reboot+0x88>)
1000181c:	601d      	str	r5, [r3, #0]
1000181e:	6084      	str	r4, [r0, #8]
10001820:	6019      	str	r1, [r3, #0]
10001822:	b94a      	cbnz	r2, 10001838 <watchdog_reboot+0x4c>
10001824:	bc30      	pop	{r4, r5}
10001826:	f04f 4200 	mov.w	r2, #2147483648	@ 0x80000000
1000182a:	f5a3 5380 	sub.w	r3, r3, #4096	@ 0x1000
1000182e:	601a      	str	r2, [r3, #0]
10001830:	4770      	bx	lr
10001832:	4b11      	ldr	r3, [pc, #68]	@ (10001878 <watchdog_reboot+0x8c>)
10001834:	61d8      	str	r0, [r3, #28]
10001836:	e7ea      	b.n	1000180e <watchdog_reboot+0x22>
10001838:	f44f 737a 	mov.w	r3, #1000	@ 0x3e8
1000183c:	fb03 f202 	mul.w	r2, r3, r2
10001840:	f1b2 7f80 	cmp.w	r2, #16777216	@ 0x1000000
10001844:	bf2a      	itet	cs
10001846:	f06f 437f 	mvncs.w	r3, #4278190080	@ 0xff000000
1000184a:	4613      	movcc	r3, r2
1000184c:	461a      	movcs	r2, r3
1000184e:	f04f 4180 	mov.w	r1, #1073741824	@ 0x40000000
10001852:	4c0a      	ldr	r4, [pc, #40]	@ (1000187c <watchdog_reboot+0x90>)
10001854:	4808      	ldr	r0, [pc, #32]	@ (10001878 <watchdog_reboot+0x8c>)
10001856:	6023      	str	r3, [r4, #0]
10001858:	4b09      	ldr	r3, [pc, #36]	@ (10001880 <watchdog_reboot+0x94>)
1000185a:	6042      	str	r2, [r0, #4]
1000185c:	bc30      	pop	{r4, r5}
1000185e:	6019      	str	r1, [r3, #0]
10001860:	4770      	bx	lr
10001862:	bf00      	nop
10001864:	400db000 	.word	0x400db000
10001868:	b007c0d3 	.word	0xb007c0d3
1000186c:	4ff83f2d 	.word	0x4ff83f2d
10001870:	4001a000 	.word	0x4001a000
10001874:	01fffff3 	.word	0x01fffff3
10001878:	400d8000 	.word	0x400d8000
1000187c:	20001ea4 	.word	0x20001ea4
10001880:	400da000 	.word	0x400da000

10001884 <tick_start>:
10001884:	2301      	movs	r3, #1
10001886:	eb00 0040 	add.w	r0, r0, r0, lsl #1
1000188a:	0080      	lsls	r0, r0, #2
1000188c:	f100 4080 	add.w	r0, r0, #1073741824	@ 0x40000000
10001890:	f500 1084 	add.w	r0, r0, #1081344	@ 0x108000
10001894:	6041      	str	r1, [r0, #4]
10001896:	6003      	str	r3, [r0, #0]
10001898:	4770      	bx	lr
1000189a:	bf00      	nop

1000189c <rom_reboot.constprop.0.isra.0>:
1000189c:	2300      	movs	r3, #0
1000189e:	b570      	push	{r4, r5, r6, lr}
100018a0:	8adb      	ldrh	r3, [r3, #22]
100018a2:	4604      	mov	r4, r0
100018a4:	460d      	mov	r5, r1
100018a6:	4616      	mov	r6, r2
100018a8:	2200      	movs	r2, #0
100018aa:	e842 f200 	tt	r2, r2
100018ae:	0252      	lsls	r2, r2, #9
100018b0:	bf54      	ite	pl
100018b2:	2110      	movpl	r1, #16
100018b4:	2104      	movmi	r1, #4
100018b6:	f244 2052 	movw	r0, #16978	@ 0x4252
100018ba:	4798      	blx	r3
100018bc:	4686      	mov	lr, r0
100018be:	4633      	mov	r3, r6
100018c0:	462a      	mov	r2, r5
100018c2:	4620      	mov	r0, r4
100018c4:	46f4      	mov	ip, lr
100018c6:	e8bd 4070 	ldmia.w	sp!, {r4, r5, r6, lr}
100018ca:	210a      	movs	r1, #10
100018cc:	4760      	bx	ip
100018ce:	bf00      	nop

100018d0 <rom_func_lookup>:
100018d0:	2300      	movs	r3, #0
100018d2:	8adb      	ldrh	r3, [r3, #22]
100018d4:	2200      	movs	r2, #0
100018d6:	e842 f200 	tt	r2, r2
100018da:	0252      	lsls	r2, r2, #9
100018dc:	d401      	bmi.n	100018e2 <rom_func_lookup+0x12>
100018de:	2110      	movs	r1, #16
100018e0:	4718      	bx	r3
100018e2:	2104      	movs	r1, #4
100018e4:	4718      	bx	r3
100018e6:	bf00      	nop

100018e8 <rom_reset_usb_boot_extra>:
100018e8:	b508      	push	{r3, lr}
100018ea:	4613      	mov	r3, r2
100018ec:	1e02      	subs	r2, r0, #0
100018ee:	db02      	blt.n	100018f6 <rom_reset_usb_boot_extra+0xe>
100018f0:	b15b      	cbz	r3, 1000190a <rom_reset_usb_boot_extra+0x22>
100018f2:	f041 0130 	orr.w	r1, r1, #48	@ 0x30
100018f6:	068b      	lsls	r3, r1, #26
100018f8:	d503      	bpl.n	10001902 <rom_reset_usb_boot_extra+0x1a>
100018fa:	2300      	movs	r3, #0
100018fc:	7cdb      	ldrb	r3, [r3, #19]
100018fe:	2b02      	cmp	r3, #2
10001900:	d006      	beq.n	10001910 <rom_reset_usb_boot_extra+0x28>
10001902:	f44f 7081 	mov.w	r0, #258	@ 0x102
10001906:	f7ff ffc9 	bl	1000189c <rom_reboot.constprop.0.isra.0>
1000190a:	f041 0120 	orr.w	r1, r1, #32
1000190e:	e7f2      	b.n	100018f6 <rom_reset_usb_boot_extra+0xe>
10001910:	f44f 7091 	mov.w	r0, #290	@ 0x122
10001914:	f7ff ffc2 	bl	1000189c <rom_reboot.constprop.0.isra.0>

10001918 <runtime_init_bootrom_locking_enable>:
10001918:	4a03      	ldr	r2, [pc, #12]	@ (10001928 <runtime_init_bootrom_locking_enable+0x10>)
1000191a:	f8d2 3828 	ldr.w	r3, [r2, #2088]	@ 0x828
1000191e:	2b00      	cmp	r3, #0
10001920:	d0fb      	beq.n	1000191a <runtime_init_bootrom_locking_enable+0x2>
10001922:	f3bf 8f5f 	dmb	sy
10001926:	4770      	bx	lr
10001928:	400e0000 	.word	0x400e0000

1000192c <runtime_init_boot_locks_reset>:
1000192c:	2100      	movs	r1, #0
1000192e:	4b04      	ldr	r3, [pc, #16]	@ (10001940 <runtime_init_boot_locks_reset+0x14>)
10001930:	4a04      	ldr	r2, [pc, #16]	@ (10001944 <runtime_init_boot_locks_reset+0x18>)
10001932:	f3bf 8f5f 	dmb	sy
10001936:	f843 1b04 	str.w	r1, [r3], #4
1000193a:	4293      	cmp	r3, r2
1000193c:	d1f9      	bne.n	10001932 <runtime_init_boot_locks_reset+0x6>
1000193e:	4770      	bx	lr
10001940:	400e080c 	.word	0x400e080c
10001944:	400e082c 	.word	0x400e082c

10001948 <xosc_init>:
10001948:	b410      	push	{r4}
1000194a:	f44f 708d 	mov.w	r0, #282	@ 0x11a
1000194e:	f44f 642a 	mov.w	r4, #2720	@ 0xaa0
10001952:	4a06      	ldr	r2, [pc, #24]	@ (1000196c <xosc_init+0x24>)
10001954:	4b06      	ldr	r3, [pc, #24]	@ (10001970 <xosc_init+0x28>)
10001956:	4907      	ldr	r1, [pc, #28]	@ (10001974 <xosc_init+0x2c>)
10001958:	6014      	str	r4, [r2, #0]
1000195a:	60d0      	str	r0, [r2, #12]
1000195c:	6019      	str	r1, [r3, #0]
1000195e:	6853      	ldr	r3, [r2, #4]
10001960:	2b00      	cmp	r3, #0
10001962:	dafc      	bge.n	1000195e <xosc_init+0x16>
10001964:	f85d 4b04 	ldr.w	r4, [sp], #4
10001968:	4770      	bx	lr
1000196a:	bf00      	nop
1000196c:	40048000 	.word	0x40048000
10001970:	4004a000 	.word	0x4004a000
10001974:	00fab000 	.word	0x00fab000

10001978 <first_per_core_initializer>:
10001978:	4770      	bx	lr
1000197a:	bf00      	nop

1000197c <hard_assertion_failure>:
1000197c:	b508      	push	{r3, lr}
1000197e:	4801      	ldr	r0, [pc, #4]	@ (10001984 <hard_assertion_failure+0x8>)
10001980:	f7fe fe62 	bl	10000648 <panic>
10001984:	10005fe4 	.word	0x10005fe4

10001988 <runtime_run_initializers>:
10001988:	b538      	push	{r3, r4, r5, lr}
1000198a:	4c05      	ldr	r4, [pc, #20]	@ (100019a0 <runtime_run_initializers+0x18>)
1000198c:	4d05      	ldr	r5, [pc, #20]	@ (100019a4 <runtime_run_initializers+0x1c>)
1000198e:	42ac      	cmp	r4, r5
10001990:	d204      	bcs.n	1000199c <runtime_run_initializers+0x14>
10001992:	f854 3b04 	ldr.w	r3, [r4], #4
10001996:	4798      	blx	r3
10001998:	42ac      	cmp	r4, r5
1000199a:	d3fa      	bcc.n	10001992 <runtime_run_initializers+0xa>
1000199c:	bd38      	pop	{r3, r4, r5, pc}
1000199e:	bf00      	nop
100019a0:	10005ef0 	.word	0x10005ef0
100019a4:	10005f30 	.word	0x10005f30

100019a8 <runtime_init_early_resets>:
100019a8:	b410      	push	{r4}
100019aa:	4807      	ldr	r0, [pc, #28]	@ (100019c8 <runtime_init_early_resets+0x20>)
100019ac:	4c07      	ldr	r4, [pc, #28]	@ (100019cc <runtime_init_early_resets+0x24>)
100019ae:	4b08      	ldr	r3, [pc, #32]	@ (100019d0 <runtime_init_early_resets+0x28>)
100019b0:	4a08      	ldr	r2, [pc, #32]	@ (100019d4 <runtime_init_early_resets+0x2c>)
100019b2:	4909      	ldr	r1, [pc, #36]	@ (100019d8 <runtime_init_early_resets+0x30>)
100019b4:	6004      	str	r4, [r0, #0]
100019b6:	601a      	str	r2, [r3, #0]
100019b8:	688b      	ldr	r3, [r1, #8]
100019ba:	ea32 0303 	bics.w	r3, r2, r3
100019be:	d1fb      	bne.n	100019b8 <runtime_init_early_resets+0x10>
100019c0:	f85d 4b04 	ldr.w	r4, [sp], #4
100019c4:	4770      	bx	lr
100019c6:	bf00      	nop
100019c8:	40022000 	.word	0x40022000
100019cc:	efef3b7f 	.word	0xefef3b7f
100019d0:	40023000 	.word	0x40023000
100019d4:	03f3fff6 	.word	0x03f3fff6
100019d8:	40020000 	.word	0x40020000

100019dc <runtime_init_usb_power_down>:
100019dc:	4b04      	ldr	r3, [pc, #16]	@ (100019f0 <runtime_init_usb_power_down+0x14>)
100019de:	6cdb      	ldr	r3, [r3, #76]	@ 0x4c
100019e0:	f5b3 4f00 	cmp.w	r3, #32768	@ 0x8000
100019e4:	d103      	bne.n	100019ee <runtime_init_usb_power_down+0x12>
100019e6:	f44f 2280 	mov.w	r2, #262144	@ 0x40000
100019ea:	4b02      	ldr	r3, [pc, #8]	@ (100019f4 <runtime_init_usb_power_down+0x18>)
100019ec:	64da      	str	r2, [r3, #76]	@ 0x4c
100019ee:	4770      	bx	lr
100019f0:	50110000 	.word	0x50110000
100019f4:	50112000 	.word	0x50112000

100019f8 <runtime_init_per_core_enable_coprocessors>:
100019f8:	f04f 22e0 	mov.w	r2, #3758153728	@ 0xe000e000
100019fc:	4b04      	ldr	r3, [pc, #16]	@ (10001a10 <runtime_init_per_core_enable_coprocessors+0x18>)
100019fe:	f8d2 1d88 	ldr.w	r1, [r2, #3464]	@ 0xd88
10001a02:	430b      	orrs	r3, r1
10001a04:	f8c2 3d88 	str.w	r3, [r2, #3464]	@ 0xd88
10001a08:	ee10 0430 	dcp_rcmp r0
10001a0c:	4770      	bx	lr
10001a0e:	bf00      	nop
10001a10:	00300303 	.word	0x00300303

10001a14 <runtime_init_post_clock_resets>:
10001a14:	f06f 4160 	mvn.w	r1, #3758096384	@ 0xe0000000
10001a18:	4b04      	ldr	r3, [pc, #16]	@ (10001a2c <runtime_init_post_clock_resets+0x18>)
10001a1a:	4a05      	ldr	r2, [pc, #20]	@ (10001a30 <runtime_init_post_clock_resets+0x1c>)
10001a1c:	6019      	str	r1, [r3, #0]
10001a1e:	6893      	ldr	r3, [r2, #8]
10001a20:	43db      	mvns	r3, r3
10001a22:	f033 4360 	bics.w	r3, r3, #3758096384	@ 0xe0000000
10001a26:	d1fa      	bne.n	10001a1e <runtime_init_post_clock_resets+0xa>
10001a28:	4770      	bx	lr
10001a2a:	bf00      	nop
10001a2c:	40023000 	.word	0x40023000
10001a30:	40020000 	.word	0x40020000

10001a34 <runtime_init_bootrom_reset>:
10001a34:	b510      	push	{r4, lr}
10001a36:	f245 2053 	movw	r0, #21075	@ 0x5253
10001a3a:	f7ff ff49 	bl	100018d0 <rom_func_lookup>
10001a3e:	e8bd 4010 	ldmia.w	sp!, {r4, lr}
10001a42:	4603      	mov	r3, r0
10001a44:	2004      	movs	r0, #4
10001a46:	4718      	bx	r3

10001a48 <runtime_init_per_core_bootrom_reset>:
10001a48:	b510      	push	{r4, lr}
10001a4a:	f245 2053 	movw	r0, #21075	@ 0x5253
10001a4e:	f7ff ff3f 	bl	100018d0 <rom_func_lookup>
10001a52:	e8bd 4010 	ldmia.w	sp!, {r4, lr}
10001a56:	4603      	mov	r3, r0
10001a58:	2001      	movs	r0, #1
10001a5a:	4718      	bx	r3

10001a5c <runtime_init_spin_locks_reset>:
10001a5c:	f7fe beaa 	b.w	100007b4 <spin_locks_reset>

10001a60 <runtime_init_install_ram_vector_table>:
10001a60:	b538      	push	{r3, r4, r5, lr}
10001a62:	4913      	ldr	r1, [pc, #76]	@ (10001ab0 <runtime_init_install_ram_vector_table+0x50>)
10001a64:	4c13      	ldr	r4, [pc, #76]	@ (10001ab4 <runtime_init_install_ram_vector_table+0x54>)
10001a66:	4d14      	ldr	r5, [pc, #80]	@ (10001ab8 <runtime_init_install_ram_vector_table+0x58>)
10001a68:	1a64      	subs	r4, r4, r1
10001a6a:	08a4      	lsrs	r4, r4, #2
10001a6c:	2c44      	cmp	r4, #68	@ 0x44
10001a6e:	4622      	mov	r2, r4
10001a70:	bf28      	it	cs
10001a72:	2244      	movcs	r2, #68	@ 0x44
10001a74:	4628      	mov	r0, r5
10001a76:	0092      	lsls	r2, r2, #2
10001a78:	f004 f96a 	bl	10005d50 <memcpy>
10001a7c:	2c43      	cmp	r4, #67	@ 0x43
10001a7e:	d814      	bhi.n	10001aaa <runtime_init_install_ram_vector_table+0x4a>
10001a80:	4a0e      	ldr	r2, [pc, #56]	@ (10001abc <runtime_init_install_ram_vector_table+0x5c>)
10001a82:	f1c4 0044 	rsb	r0, r4, #68	@ 0x44
10001a86:	d00e      	beq.n	10001aa6 <runtime_init_install_ram_vector_table+0x46>
10001a88:	eb05 0384 	add.w	r3, r5, r4, lsl #2
10001a8c:	0841      	lsrs	r1, r0, #1
10001a8e:	eb03 01c1 	add.w	r1, r3, r1, lsl #3
10001a92:	e9c3 2200 	strd	r2, r2, [r3]
10001a96:	3308      	adds	r3, #8
10001a98:	4299      	cmp	r1, r3
10001a9a:	d1fa      	bne.n	10001a92 <runtime_init_install_ram_vector_table+0x32>
10001a9c:	07c3      	lsls	r3, r0, #31
10001a9e:	d504      	bpl.n	10001aaa <runtime_init_install_ram_vector_table+0x4a>
10001aa0:	f020 0001 	bic.w	r0, r0, #1
10001aa4:	4404      	add	r4, r0
10001aa6:	f845 2024 	str.w	r2, [r5, r4, lsl #2]
10001aaa:	4b05      	ldr	r3, [pc, #20]	@ (10001ac0 <runtime_init_install_ram_vector_table+0x60>)
10001aac:	609d      	str	r5, [r3, #8]
10001aae:	bd38      	pop	{r3, r4, r5, pc}
10001ab0:	10000000 	.word	0x10000000
10001ab4:	10000110 	.word	0x10000110
10001ab8:	20000000 	.word	0x20000000
10001abc:	10000111 	.word	0x10000111
10001ac0:	e000ed00 	.word	0xe000ed00

10001ac4 <runtime_init_clocks>:
10001ac4:	2300      	movs	r3, #0
10001ac6:	b570      	push	{r4, r5, r6, lr}
10001ac8:	4c2b      	ldr	r4, [pc, #172]	@ (10001b78 <runtime_init_clocks+0xb4>)
10001aca:	b082      	sub	sp, #8
10001acc:	f8c4 3084 	str.w	r3, [r4, #132]	@ 0x84
10001ad0:	f7ff ff3a 	bl	10001948 <xosc_init>
10001ad4:	2201      	movs	r2, #1
10001ad6:	4b29      	ldr	r3, [pc, #164]	@ (10001b7c <runtime_init_clocks+0xb8>)
10001ad8:	63da      	str	r2, [r3, #60]	@ 0x3c
10001ada:	6c63      	ldr	r3, [r4, #68]	@ 0x44
10001adc:	2b01      	cmp	r3, #1
10001ade:	d1fc      	bne.n	10001ada <runtime_init_clocks+0x16>
10001ae0:	2103      	movs	r1, #3
10001ae2:	4a26      	ldr	r2, [pc, #152]	@ (10001b7c <runtime_init_clocks+0xb8>)
10001ae4:	4b24      	ldr	r3, [pc, #144]	@ (10001b78 <runtime_init_clocks+0xb4>)
10001ae6:	6311      	str	r1, [r2, #48]	@ 0x30
10001ae8:	6b9c      	ldr	r4, [r3, #56]	@ 0x38
10001aea:	2c01      	cmp	r4, #1
10001aec:	d1fc      	bne.n	10001ae8 <runtime_init_clocks+0x24>
10001aee:	2602      	movs	r6, #2
10001af0:	2505      	movs	r5, #5
10001af2:	4621      	mov	r1, r4
10001af4:	2305      	movs	r3, #5
10001af6:	4a22      	ldr	r2, [pc, #136]	@ (10001b80 <runtime_init_clocks+0xbc>)
10001af8:	4822      	ldr	r0, [pc, #136]	@ (10001b84 <runtime_init_clocks+0xc0>)
10001afa:	9600      	str	r6, [sp, #0]
10001afc:	f7ff fe30 	bl	10001760 <pll_init>
10001b00:	4621      	mov	r1, r4
10001b02:	462b      	mov	r3, r5
10001b04:	4a20      	ldr	r2, [pc, #128]	@ (10001b88 <runtime_init_clocks+0xc4>)
10001b06:	4821      	ldr	r0, [pc, #132]	@ (10001b8c <runtime_init_clocks+0xc8>)
10001b08:	9500      	str	r5, [sp, #0]
10001b0a:	f7ff fe29 	bl	10001760 <pll_init>
10001b0e:	2200      	movs	r2, #0
10001b10:	2004      	movs	r0, #4
10001b12:	4631      	mov	r1, r6
10001b14:	4b1e      	ldr	r3, [pc, #120]	@ (10001b90 <runtime_init_clocks+0xcc>)
10001b16:	f7ff fdb5 	bl	10001684 <clock_configure_undivided>
10001b1a:	4621      	mov	r1, r4
10001b1c:	4628      	mov	r0, r5
10001b1e:	2200      	movs	r2, #0
10001b20:	4b1c      	ldr	r3, [pc, #112]	@ (10001b94 <runtime_init_clocks+0xd0>)
10001b22:	f7ff fdaf 	bl	10001684 <clock_configure_undivided>
10001b26:	2200      	movs	r2, #0
10001b28:	2008      	movs	r0, #8
10001b2a:	4611      	mov	r1, r2
10001b2c:	4b1a      	ldr	r3, [pc, #104]	@ (10001b98 <runtime_init_clocks+0xd4>)
10001b2e:	f7ff fda9 	bl	10001684 <clock_configure_undivided>
10001b32:	2200      	movs	r2, #0
10001b34:	2009      	movs	r0, #9
10001b36:	4611      	mov	r1, r2
10001b38:	4b17      	ldr	r3, [pc, #92]	@ (10001b98 <runtime_init_clocks+0xd4>)
10001b3a:	f7ff fda3 	bl	10001684 <clock_configure_undivided>
10001b3e:	2200      	movs	r2, #0
10001b40:	2006      	movs	r0, #6
10001b42:	4611      	mov	r1, r2
10001b44:	4b13      	ldr	r3, [pc, #76]	@ (10001b94 <runtime_init_clocks+0xd0>)
10001b46:	f7ff fd9d 	bl	10001684 <clock_configure_undivided>
10001b4a:	2200      	movs	r2, #0
10001b4c:	4b11      	ldr	r3, [pc, #68]	@ (10001b94 <runtime_init_clocks+0xd0>)
10001b4e:	2007      	movs	r0, #7
10001b50:	4611      	mov	r1, r2
10001b52:	f7ff fd97 	bl	10001684 <clock_configure_undivided>
10001b56:	2004      	movs	r0, #4
10001b58:	f7ff fdfc 	bl	10001754 <clock_get_hz>
10001b5c:	2400      	movs	r4, #0
10001b5e:	4b0f      	ldr	r3, [pc, #60]	@ (10001b9c <runtime_init_clocks+0xd8>)
10001b60:	fba3 3500 	umull	r3, r5, r3, r0
10001b64:	0cad      	lsrs	r5, r5, #18
10001b66:	b2e0      	uxtb	r0, r4
10001b68:	4629      	mov	r1, r5
10001b6a:	3401      	adds	r4, #1
10001b6c:	f7ff fe8a 	bl	10001884 <tick_start>
10001b70:	2c06      	cmp	r4, #6
10001b72:	d1f8      	bne.n	10001b66 <runtime_init_clocks+0xa2>
10001b74:	b002      	add	sp, #8
10001b76:	bd70      	pop	{r4, r5, r6, pc}
10001b78:	40010000 	.word	0x40010000
10001b7c:	40013000 	.word	0x40013000
10001b80:	59682f00 	.word	0x59682f00
10001b84:	40050000 	.word	0x40050000
10001b88:	47868c00 	.word	0x47868c00
10001b8c:	40058000 	.word	0x40058000
10001b90:	00b71b00 	.word	0x00b71b00
10001b94:	08f0d180 	.word	0x08f0d180
10001b98:	02dc6c00 	.word	0x02dc6c00
10001b9c:	431bde83 	.word	0x431bde83

10001ba0 <generic_save_state>:
10001ba0:	b086      	sub	sp, #24
10001ba2:	b403      	push	{r0, r1}
10001ba4:	fc51 0408 	dcp_pxmd r0, r1
10001ba8:	e9cd 0102 	strd	r0, r1, [sp, #8]
10001bac:	fc51 0409 	dcp_pymd r0, r1
10001bb0:	e9cd 0104 	strd	r0, r1, [sp, #16]
10001bb4:	ec51 040a 	dcp_refd r0, r1
10001bb8:	e9cd 0106 	strd	r0, r1, [sp, #24]
10001bbc:	bc03      	pop	{r0, r1}
10001bbe:	47f0      	blx	lr

10001bc0 <generic_restore_state>:
10001bc0:	e8bd 5000 	ldmia.w	sp!, {ip, lr}
10001bc4:	ec4e c400 	dcp_wxmd ip, lr
10001bc8:	e8bd 5000 	ldmia.w	sp!, {ip, lr}
10001bcc:	ec4e c401 	dcp_wymd ip, lr
10001bd0:	e8bd 5000 	ldmia.w	sp!, {ip, lr}
10001bd4:	ec4e c402 	dcp_wefd ip, lr
10001bd8:	bd00      	pop	{pc}
10001bda:	0000      	movs	r0, r0
10001bdc:	b500      	push	{lr}
10001bde:	f7ff ffdf 	bl	10001ba0 <generic_save_state>
10001be2:	e002      	b.n	10001bea <__wrap___aeabi_dadd+0x6>

10001be4 <__wrap___aeabi_dadd>:
10001be4:	fe10 f430 	dcp_pcmp APSR_nzcv
10001be8:	d4f8      	bmi.n	10001bdc <generic_restore_state+0x1c>
10001bea:	ec41 0410 	dcp_wxup r0, r1
10001bee:	ec43 2411 	dcp_wyup r2, r3
10001bf2:	ee00 0401 	dcp_add0
10001bf6:	ee10 0401 	dcp_add1
10001bfa:	ee80 0420 	dcp_nrdd
10001bfe:	ec51 0410 	dcp_rdda r0, r1
10001c02:	4770      	bx	lr
10001c04:	b500      	push	{lr}
10001c06:	f7ff ffcb 	bl	10001ba0 <generic_save_state>
10001c0a:	e002      	b.n	10001c12 <__wrap___aeabi_dsub+0x6>

10001c0c <__wrap___aeabi_dsub>:
10001c0c:	fe10 f430 	dcp_pcmp APSR_nzcv
10001c10:	d4f8      	bmi.n	10001c04 <__wrap___aeabi_dadd+0x20>
10001c12:	ec41 0410 	dcp_wxup r0, r1
10001c16:	ec43 2411 	dcp_wyup r2, r3
10001c1a:	ee00 0401 	dcp_add0
10001c1e:	ee10 0421 	dcp_sub1
10001c22:	ee80 0420 	dcp_nrdd
10001c26:	ec51 0430 	dcp_rdds r0, r1
10001c2a:	4770      	bx	lr
10001c2c:	b500      	push	{lr}
10001c2e:	f7ff ffb7 	bl	10001ba0 <generic_save_state>
10001c32:	e002      	b.n	10001c3a <__wrap___aeabi_dmul+0x6>

10001c34 <__wrap___aeabi_dmul>:
10001c34:	fe10 f430 	dcp_pcmp APSR_nzcv
10001c38:	d4f8      	bmi.n	10001c2c <__wrap___aeabi_dsub+0x20>
10001c3a:	b510      	push	{r4, lr}
10001c3c:	ec41 0410 	dcp_wxup r0, r1
10001c40:	ec43 2411 	dcp_wyup r2, r3
10001c44:	ec51 0404 	dcp_rxms r0, r1, #0x0
10001c48:	ec53 2405 	dcp_ryms r2, r3, #0x0
10001c4c:	fba0 4c02 	umull	r4, ip, r0, r2
10001c50:	f05f 0e00 	movs.w	lr, #0
10001c54:	fbe0 ce03 	umlal	ip, lr, r0, r3
10001c58:	fbe1 ce02 	umlal	ip, lr, r1, r2
10001c5c:	ec4c 4420 	dcp_wxms r4, ip
10001c60:	2400      	movs	r4, #0
10001c62:	fbe1 e403 	umlal	lr, r4, r1, r3
10001c66:	ec44 e430 	dcp_wxmo lr, r4
10001c6a:	ee80 0420 	dcp_nrdd
10001c6e:	ec51 0450 	dcp_rddm r0, r1
10001c72:	bd10      	pop	{r4, pc}
10001c74:	b500      	push	{lr}
10001c76:	f7ff ff93 	bl	10001ba0 <generic_save_state>
10001c7a:	e002      	b.n	10001c82 <__wrap___aeabi_ddiv+0x6>

10001c7c <__wrap___aeabi_ddiv>:
10001c7c:	fe10 f430 	dcp_pcmp APSR_nzcv
10001c80:	d4f8      	bmi.n	10001c74 <__wrap___aeabi_dmul+0x40>
10001c82:	ec41 0410 	dcp_wxup r0, r1
10001c86:	ec43 2411 	dcp_wyup r2, r3
10001c8a:	ec51 0421 	dcp_rymr r0, r1
10001c8e:	fba0 1201 	umull	r1, r2, r0, r1
10001c92:	ea6f 0282 	mvn.w	r2, r2, lsl #2
10001c96:	fb52 0010 	smmlar	r0, r2, r0, r0
10001c9a:	fb52 f212 	smmulr	r2, r2, r2
10001c9e:	fb52 0010 	smmlar	r0, r2, r0, r0
10001ca2:	eba0 7cd0 	sub.w	ip, r0, r0, lsr #31
10001ca6:	ec53 2404 	dcp_rxms r2, r3, #0x0
10001caa:	fb5c f113 	smmulr	r1, ip, r3
10001cae:	ec53 2415 	dcp_ryms r2, r3, #0x1
10001cb2:	fba1 2002 	umull	r2, r0, r1, r2
10001cb6:	fb01 0003 	mla	r0, r1, r3, r0
10001cba:	ec53 2444 	dcp_rxms r2, r3, #0x4
10001cbe:	eba2 0000 	sub.w	r0, r2, r0
10001cc2:	fb50 f21c 	smmulr	r2, r0, ip
10001cc6:	ea4f 1311 	mov.w	r3, r1, lsr #4
10001cca:	eb12 7001 	adds.w	r0, r2, r1, lsl #28
10001cce:	eb43 71e2 	adc.w	r1, r3, r2, asr #31
10001cd2:	ea40 5051 	orr.w	r0, r0, r1, lsr #21
10001cd6:	ea20 5091 	bic.w	r0, r0, r1, lsr #22
10001cda:	f020 0007 	bic.w	r0, r0, #7
10001cde:	ec53 2475 	dcp_ryms r2, r3, #0x7
10001ce2:	fba0 3c02 	umull	r3, ip, r0, r2
10001ce6:	ec53 2475 	dcp_ryms r2, r3, #0x7
10001cea:	fb00 cc03 	mla	ip, r0, r3, ip
10001cee:	fb01 cc02 	mla	ip, r1, r2, ip
10001cf2:	ec53 2404 	dcp_rxms r2, r3, #0x0
10001cf6:	ebac 4c82 	sub.w	ip, ip, r2, lsl #18
10001cfa:	ea40 705c 	orr.w	r0, r0, ip, lsr #29
10001cfe:	f1a0 0001 	sub.w	r0, r0, #1
10001d02:	ec41 0440 	dcp_wxdd r0, r1
10001d06:	ee80 0420 	dcp_nrdd
10001d0a:	ec51 0470 	dcp_rddd r0, r1
10001d0e:	4770      	bx	lr
10001d10:	b500      	push	{lr}
10001d12:	f7ff ff45 	bl	10001ba0 <generic_save_state>
10001d16:	e002      	b.n	10001d1e <__wrap___aeabi_i2d+0x6>

10001d18 <__wrap___aeabi_i2d>:
10001d18:	fe10 f430 	dcp_pcmp APSR_nzcv
10001d1c:	d4f8      	bmi.n	10001d10 <__wrap___aeabi_ddiv+0x94>
10001d1e:	ec40 0470 	dcp_wxic r0, r0
10001d22:	ee00 0401 	dcp_add0
10001d26:	ee10 0421 	dcp_sub1
10001d2a:	ee80 0420 	dcp_nrdd
10001d2e:	ec51 0430 	dcp_rdds r0, r1
10001d32:	4770      	bx	lr
10001d34:	b500      	push	{lr}
10001d36:	f7ff ff33 	bl	10001ba0 <generic_save_state>
10001d3a:	e002      	b.n	10001d42 <__wrap___aeabi_ui2d+0x6>

10001d3c <__wrap___aeabi_ui2d>:
10001d3c:	fe10 f430 	dcp_pcmp APSR_nzcv
10001d40:	d4f8      	bmi.n	10001d34 <__wrap___aeabi_i2d+0x1c>
10001d42:	ec40 0460 	dcp_wxuc r0, r0
10001d46:	ee00 0401 	dcp_add0
10001d4a:	ee10 0421 	dcp_sub1
10001d4e:	ee80 0420 	dcp_nrdd
10001d52:	ec51 0430 	dcp_rdds r0, r1
10001d56:	4770      	bx	lr
10001d58:	b500      	push	{lr}
10001d5a:	f7ff ff21 	bl	10001ba0 <generic_save_state>
10001d5e:	e002      	b.n	10001d66 <double2int_z_entry>

10001d60 <__wrap___aeabi_d2iz>:
10001d60:	fe10 f430 	dcp_pcmp APSR_nzcv
10001d64:	d4f8      	bmi.n	10001d58 <__wrap___aeabi_ui2d+0x1c>

10001d66 <double2int_z_entry>:
10001d66:	ec41 0480 	dcp_wxdc r0, r1
10001d6a:	ee00 0401 	dcp_add0
10001d6e:	ee10 0401 	dcp_add1
10001d72:	ee80 0440 	dcp_ntdc
10001d76:	ee10 0413 	dcp_rdic r0
10001d7a:	4770      	bx	lr
10001d7c:	b500      	push	{lr}
10001d7e:	f7ff ff0f 	bl	10001ba0 <generic_save_state>
10001d82:	e002      	b.n	10001d8a <double2uint_z_entry>

10001d84 <__wrap___aeabi_d2uiz>:
10001d84:	fe10 f430 	dcp_pcmp APSR_nzcv
10001d88:	d4f8      	bmi.n	10001d7c <double2int_z_entry+0x16>

10001d8a <double2uint_z_entry>:
10001d8a:	ec41 0480 	dcp_wxdc r0, r1
10001d8e:	ee00 0401 	dcp_add0
10001d92:	ee10 0401 	dcp_add1
10001d96:	ee80 0440 	dcp_ntdc
10001d9a:	ee10 0433 	dcp_rduc r0
10001d9e:	4770      	bx	lr
10001da0:	b500      	push	{lr}
10001da2:	f7ff fefd 	bl	10001ba0 <generic_save_state>
10001da6:	e002      	b.n	10001dae <__wrap___aeabi_dcmpun+0x6>

10001da8 <__wrap___aeabi_dcmpun>:
10001da8:	fe10 f430 	dcp_pcmp APSR_nzcv
10001dac:	d4f8      	bmi.n	10001da0 <double2uint_z_entry+0x16>
10001dae:	ec41 0410 	dcp_wxup r0, r1
10001db2:	ec43 2411 	dcp_wyup r2, r3
10001db6:	ee00 0401 	dcp_add0
10001dba:	ee10 0430 	dcp_rcmp r0
10001dbe:	f3c0 7000 	ubfx	r0, r0, #28, #1
10001dc2:	4770      	bx	lr
10001dc4:	b500      	push	{lr}
10001dc6:	f7ff feeb 	bl	10001ba0 <generic_save_state>
10001dca:	e002      	b.n	10001dd2 <__wrap___aeabi_dcmplt+0x6>

10001dcc <__wrap___aeabi_dcmplt>:
10001dcc:	fe10 f430 	dcp_pcmp APSR_nzcv
10001dd0:	d4f8      	bmi.n	10001dc4 <__wrap___aeabi_dcmpun+0x1c>
10001dd2:	ec43 2410 	dcp_wxup r2, r3
10001dd6:	ec41 0411 	dcp_wyup r0, r1
10001dda:	ee00 0401 	dcp_add0
10001dde:	ee10 f430 	dcp_rcmp APSR_nzcv
10001de2:	bf8c      	ite	hi
10001de4:	2001      	movhi	r0, #1
10001de6:	2000      	movls	r0, #0
10001de8:	4770      	bx	lr
10001dea:	bf00      	nop
10001dec:	b500      	push	{lr}
10001dee:	f7ff fed7 	bl	10001ba0 <generic_save_state>
10001df2:	e002      	b.n	10001dfa <__wrap___aeabi_dcmpge+0x6>

10001df4 <__wrap___aeabi_dcmpge>:
10001df4:	fe10 f430 	dcp_pcmp APSR_nzcv
10001df8:	d4f8      	bmi.n	10001dec <__wrap___aeabi_dcmplt+0x20>
10001dfa:	ec41 0410 	dcp_wxup r0, r1
10001dfe:	ec43 2411 	dcp_wyup r2, r3
10001e02:	ee00 0401 	dcp_add0
10001e06:	ee10 f430 	dcp_rcmp APSR_nzcv
10001e0a:	bf2c      	ite	cs
10001e0c:	2001      	movcs	r0, #1
10001e0e:	2000      	movcc	r0, #0
10001e10:	4770      	bx	lr
10001e12:	bf00      	nop
10001e14:	b500      	push	{lr}
10001e16:	f7ff fec3 	bl	10001ba0 <generic_save_state>
10001e1a:	e002      	b.n	10001e22 <__wrap___aeabi_dcmpgt+0x6>

10001e1c <__wrap___aeabi_dcmpgt>:
10001e1c:	fe10 f430 	dcp_pcmp APSR_nzcv
10001e20:	d4f8      	bmi.n	10001e14 <__wrap___aeabi_dcmpge+0x20>
10001e22:	ec41 0410 	dcp_wxup r0, r1
10001e26:	ec43 2411 	dcp_wyup r2, r3
10001e2a:	ee00 0401 	dcp_add0
10001e2e:	ee10 f430 	dcp_rcmp APSR_nzcv
10001e32:	bf8c      	ite	hi
10001e34:	2001      	movhi	r0, #1
10001e36:	2000      	movls	r0, #0
10001e38:	4770      	bx	lr
10001e3a:	bf00      	nop

10001e3c <__wrap___aeabi_l2f>:
10001e3c:	2200      	movs	r2, #0

10001e3e <fix642float>:
10001e3e:	2900      	cmp	r1, #0
10001e40:	f280 80a8 	bge.w	10001f94 <ufix642float>
10001e44:	4240      	negs	r0, r0
10001e46:	eb61 0141 	sbc.w	r1, r1, r1, lsl #1
10001e4a:	b3b1      	cbz	r1, 10001eba <fix642float+0x7c>
10001e4c:	fab1 f381 	clz	r3, r1
10001e50:	3b08      	subs	r3, #8
10001e52:	d416      	bmi.n	10001e82 <fix642float+0x44>
10001e54:	4099      	lsls	r1, r3
10001e56:	fa10 fc03 	lsls.w	ip, r0, r3
10001e5a:	f1c3 0320 	rsb	r3, r3, #32
10001e5e:	fa20 f003 	lsr.w	r0, r0, r3
10001e62:	ea40 0001 	orr.w	r0, r0, r1
10001e66:	eba2 0203 	sub.w	r2, r2, r3
10001e6a:	f1c2 0295 	rsb	r2, r2, #149	@ 0x95
10001e6e:	eb1c 0c0c 	adds.w	ip, ip, ip
10001e72:	eb40 50c2 	adc.w	r0, r0, r2, lsl #23
10001e76:	f040 4000 	orr.w	r0, r0, #2147483648	@ 0x80000000
10001e7a:	d020      	beq.n	10001ebe <fix642float+0x80>
10001e7c:	2afe      	cmp	r2, #254	@ 0xfe
10001e7e:	d216      	bcs.n	10001eae <fix642float+0x70>
10001e80:	4770      	bx	lr
10001e82:	f103 0321 	add.w	r3, r3, #33	@ 0x21
10001e86:	fa11 fc03 	lsls.w	ip, r1, r3
10001e8a:	ea5c 0c00 	orrs.w	ip, ip, r0
10001e8e:	f1c3 0321 	rsb	r3, r3, #33	@ 0x21
10001e92:	fa21 f003 	lsr.w	r0, r1, r3
10001e96:	eba3 0202 	sub.w	r2, r3, r2
10001e9a:	f102 02b5 	add.w	r2, r2, #181	@ 0xb5
10001e9e:	eb40 50c2 	adc.w	r0, r0, r2, lsl #23
10001ea2:	f040 4000 	orr.w	r0, r0, #2147483648	@ 0x80000000
10001ea6:	d00a      	beq.n	10001ebe <fix642float+0x80>
10001ea8:	2afe      	cmp	r2, #254	@ 0xfe
10001eaa:	bf38      	it	cc
10001eac:	4770      	bxcc	lr
10001eae:	f04f 4000 	mov.w	r0, #2147483648	@ 0x80000000
10001eb2:	bfa8      	it	ge
10001eb4:	f6cf 7080 	movtge	r0, #65408	@ 0xff80
10001eb8:	4770      	bx	lr
10001eba:	4611      	mov	r1, r2
10001ebc:	e009      	b.n	10001ed2 <fix2float_neg>
10001ebe:	bf28      	it	cs
10001ec0:	f020 0001 	biccs.w	r0, r0, #1
10001ec4:	2afe      	cmp	r2, #254	@ 0xfe
10001ec6:	bf38      	it	cc
10001ec8:	4770      	bxcc	lr
10001eca:	e7f0      	b.n	10001eae <fix642float+0x70>

10001ecc <fix2float>:
10001ecc:	2800      	cmp	r0, #0
10001ece:	da32      	bge.n	10001f36 <ufix2float>
10001ed0:	4240      	negs	r0, r0

10001ed2 <fix2float_neg>:
10001ed2:	fab0 f380 	clz	r3, r0
10001ed6:	3b08      	subs	r3, #8
10001ed8:	d40c      	bmi.n	10001ef4 <fix2float_neg+0x22>
10001eda:	4098      	lsls	r0, r3
10001edc:	eb01 0203 	add.w	r2, r1, r3
10001ee0:	f1c2 0295 	rsb	r2, r2, #149	@ 0x95
10001ee4:	eb00 50c2 	add.w	r0, r0, r2, lsl #23
10001ee8:	f040 4000 	orr.w	r0, r0, #2147483648	@ 0x80000000
10001eec:	2afe      	cmp	r2, #254	@ 0xfe
10001eee:	bf38      	it	cc
10001ef0:	4770      	bxcc	lr
10001ef2:	e013      	b.n	10001f1c <fix2float_neg+0x4a>
10001ef4:	f103 0321 	add.w	r3, r3, #33	@ 0x21
10001ef8:	fa10 fc03 	lsls.w	ip, r0, r3
10001efc:	f1c3 0321 	rsb	r3, r3, #33	@ 0x21
10001f00:	fa20 f003 	lsr.w	r0, r0, r3
10001f04:	eba3 0201 	sub.w	r2, r3, r1
10001f08:	f102 0295 	add.w	r2, r2, #149	@ 0x95
10001f0c:	eb40 50c2 	adc.w	r0, r0, r2, lsl #23
10001f10:	f040 4000 	orr.w	r0, r0, #2147483648	@ 0x80000000
10001f14:	d008      	beq.n	10001f28 <fix2float_neg+0x56>
10001f16:	2afe      	cmp	r2, #254	@ 0xfe
10001f18:	bf38      	it	cc
10001f1a:	4770      	bxcc	lr
10001f1c:	f04f 4000 	mov.w	r0, #2147483648	@ 0x80000000
10001f20:	bfa8      	it	ge
10001f22:	f040 40ff 	orrge.w	r0, r0, #2139095040	@ 0x7f800000
10001f26:	4770      	bx	lr
10001f28:	bf28      	it	cs
10001f2a:	f020 0001 	biccs.w	r0, r0, #1
10001f2e:	2afe      	cmp	r2, #254	@ 0xfe
10001f30:	bf38      	it	cc
10001f32:	4770      	bxcc	lr
10001f34:	e7f2      	b.n	10001f1c <fix2float_neg+0x4a>

10001f36 <ufix2float>:
10001f36:	b320      	cbz	r0, 10001f82 <ufix2float+0x4c>
10001f38:	fab0 f380 	clz	r3, r0
10001f3c:	3b08      	subs	r3, #8
10001f3e:	d40a      	bmi.n	10001f56 <ufix2float+0x20>
10001f40:	4098      	lsls	r0, r3
10001f42:	eb01 0203 	add.w	r2, r1, r3
10001f46:	f1c2 0295 	rsb	r2, r2, #149	@ 0x95
10001f4a:	eb00 50c2 	add.w	r0, r0, r2, lsl #23
10001f4e:	2afe      	cmp	r2, #254	@ 0xfe
10001f50:	bf38      	it	cc
10001f52:	4770      	bxcc	lr
10001f54:	e011      	b.n	10001f7a <ufix2float+0x44>
10001f56:	f103 0321 	add.w	r3, r3, #33	@ 0x21
10001f5a:	fa10 fc03 	lsls.w	ip, r0, r3
10001f5e:	f1c3 0321 	rsb	r3, r3, #33	@ 0x21
10001f62:	fa20 f003 	lsr.w	r0, r0, r3
10001f66:	eba3 0201 	sub.w	r2, r3, r1
10001f6a:	f102 0295 	add.w	r2, r2, #149	@ 0x95
10001f6e:	eb40 50c2 	adc.w	r0, r0, r2, lsl #23
10001f72:	d007      	beq.n	10001f84 <ufix2float+0x4e>
10001f74:	2afe      	cmp	r2, #254	@ 0xfe
10001f76:	bf38      	it	cc
10001f78:	4770      	bxcc	lr
10001f7a:	bfac      	ite	ge
10001f7c:	f04f 40ff 	movge.w	r0, #2139095040	@ 0x7f800000
10001f80:	2000      	movlt	r0, #0
10001f82:	4770      	bx	lr
10001f84:	bf28      	it	cs
10001f86:	f020 0001 	biccs.w	r0, r0, #1
10001f8a:	2afe      	cmp	r2, #254	@ 0xfe
10001f8c:	bf38      	it	cc
10001f8e:	4770      	bxcc	lr
10001f90:	e7f3      	b.n	10001f7a <ufix2float+0x44>

10001f92 <__wrap___aeabi_ul2f>:
10001f92:	2200      	movs	r2, #0

10001f94 <ufix642float>:
10001f94:	b389      	cbz	r1, 10001ffa <ufix642float+0x66>
10001f96:	fab1 f381 	clz	r3, r1
10001f9a:	3b08      	subs	r3, #8
10001f9c:	d414      	bmi.n	10001fc8 <ufix642float+0x34>
10001f9e:	4099      	lsls	r1, r3
10001fa0:	fa10 fc03 	lsls.w	ip, r0, r3
10001fa4:	f1c3 0320 	rsb	r3, r3, #32
10001fa8:	fa20 f003 	lsr.w	r0, r0, r3
10001fac:	ea40 0001 	orr.w	r0, r0, r1
10001fb0:	eba2 0203 	sub.w	r2, r2, r3
10001fb4:	f1c2 0295 	rsb	r2, r2, #149	@ 0x95
10001fb8:	eb1c 0c0c 	adds.w	ip, ip, ip
10001fbc:	eb40 50c2 	adc.w	r0, r0, r2, lsl #23
10001fc0:	d01d      	beq.n	10001ffe <ufix642float+0x6a>
10001fc2:	2afe      	cmp	r2, #254	@ 0xfe
10001fc4:	d214      	bcs.n	10001ff0 <ufix642float+0x5c>
10001fc6:	4770      	bx	lr
10001fc8:	f103 0321 	add.w	r3, r3, #33	@ 0x21
10001fcc:	fa11 fc03 	lsls.w	ip, r1, r3
10001fd0:	ea5c 0c00 	orrs.w	ip, ip, r0
10001fd4:	f1c3 0321 	rsb	r3, r3, #33	@ 0x21
10001fd8:	fa21 f003 	lsr.w	r0, r1, r3
10001fdc:	eba3 0202 	sub.w	r2, r3, r2
10001fe0:	f102 02b5 	add.w	r2, r2, #181	@ 0xb5
10001fe4:	eb40 50c2 	adc.w	r0, r0, r2, lsl #23
10001fe8:	d009      	beq.n	10001ffe <ufix642float+0x6a>
10001fea:	2afe      	cmp	r2, #254	@ 0xfe
10001fec:	bf38      	it	cc
10001fee:	4770      	bxcc	lr
10001ff0:	bfac      	ite	ge
10001ff2:	f04f 40ff 	movge.w	r0, #2139095040	@ 0x7f800000
10001ff6:	2000      	movlt	r0, #0
10001ff8:	4770      	bx	lr
10001ffa:	4611      	mov	r1, r2
10001ffc:	e79b      	b.n	10001f36 <ufix2float>
10001ffe:	bf28      	it	cs
10002000:	f020 0001 	biccs.w	r0, r0, #1
10002004:	2afe      	cmp	r2, #254	@ 0xfe
10002006:	bf38      	it	cc
10002008:	4770      	bxcc	lr
1000200a:	e7f1      	b.n	10001ff0 <ufix642float+0x5c>

1000200c <_out_null>:
1000200c:	4770      	bx	lr
1000200e:	bf00      	nop

10002010 <_out_rev>:
10002010:	e92d 4ff0 	stmdb	sp!, {r4, r5, r6, r7, r8, r9, sl, fp, lr}
10002014:	b083      	sub	sp, #12
10002016:	4699      	mov	r9, r3
10002018:	e9dd ab0d 	ldrd	sl, fp, [sp, #52]	@ 0x34
1000201c:	9b0f      	ldr	r3, [sp, #60]	@ 0x3c
1000201e:	4688      	mov	r8, r1
10002020:	4611      	mov	r1, r2
10002022:	079a      	lsls	r2, r3, #30
10002024:	4607      	mov	r7, r0
10002026:	d116      	bne.n	10002056 <_out_rev+0x46>
10002028:	45da      	cmp	sl, fp
1000202a:	d23a      	bcs.n	100020a2 <_out_rev+0x92>
1000202c:	460c      	mov	r4, r1
1000202e:	460d      	mov	r5, r1
10002030:	ebab 060a 	sub.w	r6, fp, sl
10002034:	440e      	add	r6, r1
10002036:	4622      	mov	r2, r4
10002038:	464b      	mov	r3, r9
1000203a:	4641      	mov	r1, r8
1000203c:	2020      	movs	r0, #32
1000203e:	3401      	adds	r4, #1
10002040:	47b8      	blx	r7
10002042:	42b4      	cmp	r4, r6
10002044:	d1f7      	bne.n	10002036 <_out_rev+0x26>
10002046:	4629      	mov	r1, r5
10002048:	f1ba 0f00 	cmp.w	sl, #0
1000204c:	d108      	bne.n	10002060 <_out_rev+0x50>
1000204e:	4620      	mov	r0, r4
10002050:	b003      	add	sp, #12
10002052:	e8bd 8ff0 	ldmia.w	sp!, {r4, r5, r6, r7, r8, r9, sl, fp, pc}
10002056:	460c      	mov	r4, r1
10002058:	f1ba 0f00 	cmp.w	sl, #0
1000205c:	d010      	beq.n	10002080 <_out_rev+0x70>
1000205e:	460e      	mov	r6, r1
10002060:	4655      	mov	r5, sl
10002062:	9b0c      	ldr	r3, [sp, #48]	@ 0x30
10002064:	442e      	add	r6, r5
10002066:	449a      	add	sl, r3
10002068:	9101      	str	r1, [sp, #4]
1000206a:	1b72      	subs	r2, r6, r5
1000206c:	464b      	mov	r3, r9
1000206e:	3d01      	subs	r5, #1
10002070:	4641      	mov	r1, r8
10002072:	f81a 0d01 	ldrb.w	r0, [sl, #-1]!
10002076:	4634      	mov	r4, r6
10002078:	47b8      	blx	r7
1000207a:	2d00      	cmp	r5, #0
1000207c:	d1f5      	bne.n	1000206a <_out_rev+0x5a>
1000207e:	9901      	ldr	r1, [sp, #4]
10002080:	9b0f      	ldr	r3, [sp, #60]	@ 0x3c
10002082:	079b      	lsls	r3, r3, #30
10002084:	d5e3      	bpl.n	1000204e <_out_rev+0x3e>
10002086:	1a65      	subs	r5, r4, r1
10002088:	45ab      	cmp	fp, r5
1000208a:	d9e0      	bls.n	1000204e <_out_rev+0x3e>
1000208c:	4622      	mov	r2, r4
1000208e:	464b      	mov	r3, r9
10002090:	4641      	mov	r1, r8
10002092:	2020      	movs	r0, #32
10002094:	3501      	adds	r5, #1
10002096:	47b8      	blx	r7
10002098:	455d      	cmp	r5, fp
1000209a:	f104 0401 	add.w	r4, r4, #1
1000209e:	d3f5      	bcc.n	1000208c <_out_rev+0x7c>
100020a0:	e7d5      	b.n	1000204e <_out_rev+0x3e>
100020a2:	f1ba 0f00 	cmp.w	sl, #0
100020a6:	d1da      	bne.n	1000205e <_out_rev+0x4e>
100020a8:	460c      	mov	r4, r1
100020aa:	e7d0      	b.n	1000204e <_out_rev+0x3e>

100020ac <_ntoa_format>:
100020ac:	e92d 4ff0 	stmdb	sp!, {r4, r5, r6, r7, r8, r9, sl, fp, lr}
100020b0:	9f0f      	ldr	r7, [sp, #60]	@ 0x3c
100020b2:	f8dd e024 	ldr.w	lr, [sp, #36]	@ 0x24
100020b6:	f017 0f02 	tst.w	r7, #2
100020ba:	9c0a      	ldr	r4, [sp, #40]	@ 0x28
100020bc:	f89d 902c 	ldrb.w	r9, [sp, #44]	@ 0x2c
100020c0:	9d0e      	ldr	r5, [sp, #56]	@ 0x38
100020c2:	e9dd 860c 	ldrd	r8, r6, [sp, #48]	@ 0x30
100020c6:	d129      	bne.n	1000211c <_ntoa_format+0x70>
100020c8:	2d00      	cmp	r5, #0
100020ca:	d16f      	bne.n	100021ac <_ntoa_format+0x100>
100020cc:	42b4      	cmp	r4, r6
100020ce:	d225      	bcs.n	1000211c <_ntoa_format+0x70>
100020d0:	2c20      	cmp	r4, #32
100020d2:	f007 0b01 	and.w	fp, r7, #1
100020d6:	f000 8112 	beq.w	100022fe <_ntoa_format+0x252>
100020da:	f104 3cff 	add.w	ip, r4, #4294967295	@ 0xffffffff
100020de:	f04f 0a30 	mov.w	sl, #48	@ 0x30
100020e2:	44f4      	add	ip, lr
100020e4:	e001      	b.n	100020ea <_ntoa_format+0x3e>
100020e6:	2c20      	cmp	r4, #32
100020e8:	d07a      	beq.n	100021e0 <_ntoa_format+0x134>
100020ea:	3401      	adds	r4, #1
100020ec:	42a6      	cmp	r6, r4
100020ee:	f80c af01 	strb.w	sl, [ip, #1]!
100020f2:	d8f8      	bhi.n	100020e6 <_ntoa_format+0x3a>
100020f4:	f1bb 0f00 	cmp.w	fp, #0
100020f8:	d010      	beq.n	1000211c <_ntoa_format+0x70>
100020fa:	42ac      	cmp	r4, r5
100020fc:	d20e      	bcs.n	1000211c <_ntoa_format+0x70>
100020fe:	2c20      	cmp	r4, #32
10002100:	d074      	beq.n	100021ec <_ntoa_format+0x140>
10002102:	f104 3cff 	add.w	ip, r4, #4294967295	@ 0xffffffff
10002106:	f04f 0a30 	mov.w	sl, #48	@ 0x30
1000210a:	44f4      	add	ip, lr
1000210c:	e001      	b.n	10002112 <_ntoa_format+0x66>
1000210e:	2c20      	cmp	r4, #32
10002110:	d029      	beq.n	10002166 <_ntoa_format+0xba>
10002112:	3401      	adds	r4, #1
10002114:	42ac      	cmp	r4, r5
10002116:	f80c af01 	strb.w	sl, [ip, #1]!
1000211a:	d1f8      	bne.n	1000210e <_ntoa_format+0x62>
1000211c:	f017 0f10 	tst.w	r7, #16
10002120:	d03a      	beq.n	10002198 <_ntoa_format+0xec>
10002122:	f417 6f80 	tst.w	r7, #1024	@ 0x400
10002126:	d128      	bne.n	1000217a <_ntoa_format+0xce>
10002128:	bb1c      	cbnz	r4, 10002172 <_ntoa_format+0xc6>
1000212a:	f1b8 0f10 	cmp.w	r8, #16
1000212e:	f000 80ca 	beq.w	100022c6 <_ntoa_format+0x21a>
10002132:	f1b8 0f02 	cmp.w	r8, #2
10002136:	f000 80d4 	beq.w	100022e2 <_ntoa_format+0x236>
1000213a:	2430      	movs	r4, #48	@ 0x30
1000213c:	f88e 4000 	strb.w	r4, [lr]
10002140:	2401      	movs	r4, #1
10002142:	f1b9 0f00 	cmp.w	r9, #0
10002146:	d167      	bne.n	10002218 <_ntoa_format+0x16c>
10002148:	077e      	lsls	r6, r7, #29
1000214a:	f140 80aa 	bpl.w	100022a2 <_ntoa_format+0x1f6>
1000214e:	262b      	movs	r6, #43	@ 0x2b
10002150:	f80e 6004 	strb.w	r6, [lr, r4]
10002154:	3401      	adds	r4, #1
10002156:	e9cd 570b 	strd	r5, r7, [sp, #44]	@ 0x2c
1000215a:	e9cd e409 	strd	lr, r4, [sp, #36]	@ 0x24
1000215e:	e8bd 4ff0 	ldmia.w	sp!, {r4, r5, r6, r7, r8, r9, sl, fp, lr}
10002162:	f7ff bf55 	b.w	10002010 <_out_rev>
10002166:	06fc      	lsls	r4, r7, #27
10002168:	f140 8089 	bpl.w	1000227e <_ntoa_format+0x1d2>
1000216c:	057c      	lsls	r4, r7, #21
1000216e:	d435      	bmi.n	100021dc <_ntoa_format+0x130>
10002170:	2420      	movs	r4, #32
10002172:	42a6      	cmp	r6, r4
10002174:	d06a      	beq.n	1000224c <_ntoa_format+0x1a0>
10002176:	42ac      	cmp	r4, r5
10002178:	d068      	beq.n	1000224c <_ntoa_format+0x1a0>
1000217a:	f1b8 0f10 	cmp.w	r8, #16
1000217e:	f000 8087 	beq.w	10002290 <_ntoa_format+0x1e4>
10002182:	f1b8 0f02 	cmp.w	r8, #2
10002186:	d05a      	beq.n	1000223e <_ntoa_format+0x192>
10002188:	2c20      	cmp	r4, #32
1000218a:	d0e4      	beq.n	10002156 <_ntoa_format+0xaa>
1000218c:	4626      	mov	r6, r4
1000218e:	3401      	adds	r4, #1
10002190:	f04f 0c30 	mov.w	ip, #48	@ 0x30
10002194:	f80e c006 	strb.w	ip, [lr, r6]
10002198:	2c20      	cmp	r4, #32
1000219a:	d1d2      	bne.n	10002142 <_ntoa_format+0x96>
1000219c:	e9cd 570b 	strd	r5, r7, [sp, #44]	@ 0x2c
100021a0:	e9cd e409 	strd	lr, r4, [sp, #36]	@ 0x24
100021a4:	e8bd 4ff0 	ldmia.w	sp!, {r4, r5, r6, r7, r8, r9, sl, fp, lr}
100021a8:	f7ff bf32 	b.w	10002010 <_out_rev>
100021ac:	f017 0b01 	ands.w	fp, r7, #1
100021b0:	d03e      	beq.n	10002230 <_ntoa_format+0x184>
100021b2:	f1b9 0f00 	cmp.w	r9, #0
100021b6:	d147      	bne.n	10002248 <_ntoa_format+0x19c>
100021b8:	f017 0f0c 	tst.w	r7, #12
100021bc:	d144      	bne.n	10002248 <_ntoa_format+0x19c>
100021be:	42b4      	cmp	r4, r6
100021c0:	d29b      	bcs.n	100020fa <_ntoa_format+0x4e>
100021c2:	2c20      	cmp	r4, #32
100021c4:	d189      	bne.n	100020da <_ntoa_format+0x2e>
100021c6:	2d20      	cmp	r5, #32
100021c8:	d810      	bhi.n	100021ec <_ntoa_format+0x140>
100021ca:	06fc      	lsls	r4, r7, #27
100021cc:	d557      	bpl.n	1000227e <_ntoa_format+0x1d2>
100021ce:	057c      	lsls	r4, r7, #21
100021d0:	d455      	bmi.n	1000227e <_ntoa_format+0x1d2>
100021d2:	2e20      	cmp	r6, #32
100021d4:	f000 80b9 	beq.w	1000234a <_ntoa_format+0x29e>
100021d8:	2d20      	cmp	r5, #32
100021da:	d010      	beq.n	100021fe <_ntoa_format+0x152>
100021dc:	2420      	movs	r4, #32
100021de:	e7cc      	b.n	1000217a <_ntoa_format+0xce>
100021e0:	f1bb 0f00 	cmp.w	fp, #0
100021e4:	f000 80a5 	beq.w	10002332 <_ntoa_format+0x286>
100021e8:	2d20      	cmp	r5, #32
100021ea:	d9bc      	bls.n	10002166 <_ntoa_format+0xba>
100021ec:	06fc      	lsls	r4, r7, #27
100021ee:	d546      	bpl.n	1000227e <_ntoa_format+0x1d2>
100021f0:	057c      	lsls	r4, r7, #21
100021f2:	d444      	bmi.n	1000227e <_ntoa_format+0x1d2>
100021f4:	2e20      	cmp	r6, #32
100021f6:	f000 80a8 	beq.w	1000234a <_ntoa_format+0x29e>
100021fa:	2d20      	cmp	r5, #32
100021fc:	d13f      	bne.n	1000227e <_ntoa_format+0x1d2>
100021fe:	462c      	mov	r4, r5
10002200:	261f      	movs	r6, #31
10002202:	f1b8 0f10 	cmp.w	r8, #16
10002206:	d07f      	beq.n	10002308 <_ntoa_format+0x25c>
10002208:	f1b8 0f02 	cmp.w	r8, #2
1000220c:	d1c0      	bne.n	10002190 <_ntoa_format+0xe4>
1000220e:	f04f 0c62 	mov.w	ip, #98	@ 0x62
10002212:	f80e c006 	strb.w	ip, [lr, r6]
10002216:	e7b7      	b.n	10002188 <_ntoa_format+0xdc>
10002218:	262d      	movs	r6, #45	@ 0x2d
1000221a:	f80e 6004 	strb.w	r6, [lr, r4]
1000221e:	3401      	adds	r4, #1
10002220:	e9cd 570b 	strd	r5, r7, [sp, #44]	@ 0x2c
10002224:	e9cd e409 	strd	lr, r4, [sp, #36]	@ 0x24
10002228:	e8bd 4ff0 	ldmia.w	sp!, {r4, r5, r6, r7, r8, r9, sl, fp, lr}
1000222c:	f7ff bef0 	b.w	10002010 <_out_rev>
10002230:	42b4      	cmp	r4, r6
10002232:	f4bf af73 	bcs.w	1000211c <_ntoa_format+0x70>
10002236:	2c20      	cmp	r4, #32
10002238:	f47f af4f 	bne.w	100020da <_ntoa_format+0x2e>
1000223c:	e7d6      	b.n	100021ec <_ntoa_format+0x140>
1000223e:	2c20      	cmp	r4, #32
10002240:	d089      	beq.n	10002156 <_ntoa_format+0xaa>
10002242:	4626      	mov	r6, r4
10002244:	3401      	adds	r4, #1
10002246:	e7e2      	b.n	1000220e <_ntoa_format+0x162>
10002248:	3d01      	subs	r5, #1
1000224a:	e7b8      	b.n	100021be <_ntoa_format+0x112>
1000224c:	1e66      	subs	r6, r4, #1
1000224e:	d1d8      	bne.n	10002202 <_ntoa_format+0x156>
10002250:	f1b8 0f10 	cmp.w	r8, #16
10002254:	d064      	beq.n	10002320 <_ntoa_format+0x274>
10002256:	f1b8 0f02 	cmp.w	r8, #2
1000225a:	f47f af6e 	bne.w	1000213a <_ntoa_format+0x8e>
1000225e:	2662      	movs	r6, #98	@ 0x62
10002260:	f88e 6000 	strb.w	r6, [lr]
10002264:	2630      	movs	r6, #48	@ 0x30
10002266:	4644      	mov	r4, r8
10002268:	f88e 6001 	strb.w	r6, [lr, #1]
1000226c:	f1b9 0f00 	cmp.w	r9, #0
10002270:	f43f af6a 	beq.w	10002148 <_ntoa_format+0x9c>
10002274:	e7d0      	b.n	10002218 <_ntoa_format+0x16c>
10002276:	f1b8 0f10 	cmp.w	r8, #16
1000227a:	f47f af6c 	bne.w	10002156 <_ntoa_format+0xaa>
1000227e:	2420      	movs	r4, #32
10002280:	e9cd 570b 	strd	r5, r7, [sp, #44]	@ 0x2c
10002284:	e9cd e409 	strd	lr, r4, [sp, #36]	@ 0x24
10002288:	e8bd 4ff0 	ldmia.w	sp!, {r4, r5, r6, r7, r8, r9, sl, fp, lr}
1000228c:	f7ff bec0 	b.w	10002010 <_out_rev>
10002290:	06be      	lsls	r6, r7, #26
10002292:	d40e      	bmi.n	100022b2 <_ntoa_format+0x206>
10002294:	2c20      	cmp	r4, #32
10002296:	d0f2      	beq.n	1000227e <_ntoa_format+0x1d2>
10002298:	2678      	movs	r6, #120	@ 0x78
1000229a:	f80e 6004 	strb.w	r6, [lr, r4]
1000229e:	3401      	adds	r4, #1
100022a0:	e772      	b.n	10002188 <_ntoa_format+0xdc>
100022a2:	073e      	lsls	r6, r7, #28
100022a4:	f57f af57 	bpl.w	10002156 <_ntoa_format+0xaa>
100022a8:	2620      	movs	r6, #32
100022aa:	f80e 6004 	strb.w	r6, [lr, r4]
100022ae:	3401      	adds	r4, #1
100022b0:	e751      	b.n	10002156 <_ntoa_format+0xaa>
100022b2:	2c20      	cmp	r4, #32
100022b4:	d0e3      	beq.n	1000227e <_ntoa_format+0x1d2>
100022b6:	f04f 0c58 	mov.w	ip, #88	@ 0x58
100022ba:	eb0e 0604 	add.w	r6, lr, r4
100022be:	f886 c000 	strb.w	ip, [r6]
100022c2:	3401      	adds	r4, #1
100022c4:	e760      	b.n	10002188 <_ntoa_format+0xdc>
100022c6:	06be      	lsls	r6, r7, #26
100022c8:	d517      	bpl.n	100022fa <_ntoa_format+0x24e>
100022ca:	2458      	movs	r4, #88	@ 0x58
100022cc:	f88e 4000 	strb.w	r4, [lr]
100022d0:	2430      	movs	r4, #48	@ 0x30
100022d2:	f88e 4001 	strb.w	r4, [lr, #1]
100022d6:	2402      	movs	r4, #2
100022d8:	f1b9 0f00 	cmp.w	r9, #0
100022dc:	f43f af34 	beq.w	10002148 <_ntoa_format+0x9c>
100022e0:	e79a      	b.n	10002218 <_ntoa_format+0x16c>
100022e2:	2462      	movs	r4, #98	@ 0x62
100022e4:	f88e 4000 	strb.w	r4, [lr]
100022e8:	2430      	movs	r4, #48	@ 0x30
100022ea:	f88e 4001 	strb.w	r4, [lr, #1]
100022ee:	2402      	movs	r4, #2
100022f0:	f1b9 0f00 	cmp.w	r9, #0
100022f4:	f43f af28 	beq.w	10002148 <_ntoa_format+0x9c>
100022f8:	e78e      	b.n	10002218 <_ntoa_format+0x16c>
100022fa:	2478      	movs	r4, #120	@ 0x78
100022fc:	e7f2      	b.n	100022e4 <_ntoa_format+0x238>
100022fe:	f1bb 0f00 	cmp.w	fp, #0
10002302:	f47f af62 	bne.w	100021ca <_ntoa_format+0x11e>
10002306:	e771      	b.n	100021ec <_ntoa_format+0x140>
10002308:	f017 0f20 	tst.w	r7, #32
1000230c:	bf0c      	ite	eq
1000230e:	f04f 0c78 	moveq.w	ip, #120	@ 0x78
10002312:	f04f 0c58 	movne.w	ip, #88	@ 0x58
10002316:	1ea6      	subs	r6, r4, #2
10002318:	f80e c006 	strb.w	ip, [lr, r6]
1000231c:	3c01      	subs	r4, #1
1000231e:	e735      	b.n	1000218c <_ntoa_format+0xe0>
10002320:	06bc      	lsls	r4, r7, #26
10002322:	d5ea      	bpl.n	100022fa <_ntoa_format+0x24e>
10002324:	2458      	movs	r4, #88	@ 0x58
10002326:	f88e 4000 	strb.w	r4, [lr]
1000232a:	2430      	movs	r4, #48	@ 0x30
1000232c:	f88e 4001 	strb.w	r4, [lr, #1]
10002330:	e7dd      	b.n	100022ee <_ntoa_format+0x242>
10002332:	f017 0f10 	tst.w	r7, #16
10002336:	f43f af0e 	beq.w	10002156 <_ntoa_format+0xaa>
1000233a:	f417 6f80 	tst.w	r7, #1024	@ 0x400
1000233e:	d19a      	bne.n	10002276 <_ntoa_format+0x1ca>
10002340:	2e20      	cmp	r6, #32
10002342:	f47f af18 	bne.w	10002176 <_ntoa_format+0xca>
10002346:	261f      	movs	r6, #31
10002348:	e75b      	b.n	10002202 <_ntoa_format+0x156>
1000234a:	4634      	mov	r4, r6
1000234c:	261f      	movs	r6, #31
1000234e:	e758      	b.n	10002202 <_ntoa_format+0x156>

10002350 <_out_char>:
10002350:	b900      	cbnz	r0, 10002354 <_out_char+0x4>
10002352:	4770      	bx	lr
10002354:	f001 ba80 	b.w	10003858 <__wrap_putchar>

10002358 <_out_fct>:
10002358:	b110      	cbz	r0, 10002360 <_out_fct+0x8>
1000235a:	e9d1 3100 	ldrd	r3, r1, [r1]
1000235e:	4718      	bx	r3
10002360:	4770      	bx	lr
10002362:	bf00      	nop
10002364:	0000      	movs	r0, r0
	...

10002368 <_etoa>:
10002368:	e92d 4ff0 	stmdb	sp!, {r4, r5, r6, r7, r8, r9, sl, fp, lr}
1000236c:	b09f      	sub	sp, #124	@ 0x7c
1000236e:	ed9d 7b28 	vldr	d7, [sp, #160]	@ 0xa0
10002372:	e9dd a52a 	ldrd	sl, r5, [sp, #168]	@ 0xa8
10002376:	ec58 7b17 	vmov	r7, r8, d7
1000237a:	4683      	mov	fp, r0
1000237c:	461e      	mov	r6, r3
1000237e:	910d      	str	r1, [sp, #52]	@ 0x34
10002380:	9210      	str	r2, [sp, #64]	@ 0x40
10002382:	4643      	mov	r3, r8
10002384:	463a      	mov	r2, r7
10002386:	4638      	mov	r0, r7
10002388:	4641      	mov	r1, r8
1000238a:	ed8d 7b08 	vstr	d7, [sp, #32]
1000238e:	9c2c      	ldr	r4, [sp, #176]	@ 0xb0
10002390:	f7ff fd0a 	bl	10001da8 <__wrap___aeabi_dcmpun>
10002394:	2800      	cmp	r0, #0
10002396:	f040 80d8 	bne.w	1000254a <_etoa+0x1e2>
1000239a:	4638      	mov	r0, r7
1000239c:	4641      	mov	r1, r8
1000239e:	f04f 32ff 	mov.w	r2, #4294967295	@ 0xffffffff
100023a2:	4b75      	ldr	r3, [pc, #468]	@ (10002578 <_etoa+0x210>)
100023a4:	f7ff fd3a 	bl	10001e1c <__wrap___aeabi_dcmpgt>
100023a8:	2800      	cmp	r0, #0
100023aa:	f040 80ce 	bne.w	1000254a <_etoa+0x1e2>
100023ae:	4638      	mov	r0, r7
100023b0:	4641      	mov	r1, r8
100023b2:	f04f 32ff 	mov.w	r2, #4294967295	@ 0xffffffff
100023b6:	f46f 1380 	mvn.w	r3, #1048576	@ 0x100000
100023ba:	f7ff fd07 	bl	10001dcc <__wrap___aeabi_dcmplt>
100023be:	2800      	cmp	r0, #0
100023c0:	f040 80c3 	bne.w	1000254a <_etoa+0x1e2>
100023c4:	e9dd 7808 	ldrd	r7, r8, [sp, #32]
100023c8:	2200      	movs	r2, #0
100023ca:	4638      	mov	r0, r7
100023cc:	4641      	mov	r1, r8
100023ce:	2300      	movs	r3, #0
100023d0:	f7ff fcfc 	bl	10001dcc <__wrap___aeabi_dcmplt>
100023d4:	2800      	cmp	r0, #0
100023d6:	f040 81c0 	bne.w	1000275a <_etoa+0x3f2>
100023da:	e9cd 780a 	strd	r7, r8, [sp, #40]	@ 0x28
100023de:	e9dd 230a 	ldrd	r2, r3, [sp, #40]	@ 0x28
100023e2:	4690      	mov	r8, r2
100023e4:	461f      	mov	r7, r3
100023e6:	f414 6380 	ands.w	r3, r4, #1024	@ 0x400
100023ea:	bf08      	it	eq
100023ec:	f04f 0a06 	moveq.w	sl, #6
100023f0:	9313      	str	r3, [sp, #76]	@ 0x4c
100023f2:	f404 6200 	and.w	r2, r4, #2048	@ 0x800
100023f6:	ea58 0307 	orrs.w	r3, r8, r7
100023fa:	9211      	str	r2, [sp, #68]	@ 0x44
100023fc:	f040 80c0 	bne.w	10002580 <_etoa+0x218>
10002400:	2a00      	cmp	r2, #0
10002402:	f000 81a2 	beq.w	1000274a <_etoa+0x3e2>
10002406:	ed9f 7b5a 	vldr	d7, [pc, #360]	@ 10002570 <_etoa+0x208>
1000240a:	2700      	movs	r7, #0
1000240c:	ed8d 7b0e 	vstr	d7, [sp, #56]	@ 0x38
10002410:	f04f 0900 	mov.w	r9, #0
10002414:	45ba      	cmp	sl, r7
10002416:	bfcc      	ite	gt
10002418:	ebaa 0a07 	subgt.w	sl, sl, r7
1000241c:	f04f 0a00 	movle.w	sl, #0
10002420:	464f      	mov	r7, r9
10002422:	bfc8      	it	gt
10002424:	f10a 3aff 	addgt.w	sl, sl, #4294967295	@ 0xffffffff
10002428:	f444 6480 	orr.w	r4, r4, #1024	@ 0x400
1000242c:	454d      	cmp	r5, r9
1000242e:	bf94      	ite	ls
10002430:	f04f 0800 	movls.w	r8, #0
10002434:	eba5 0809 	subhi.w	r8, r5, r9
10002438:	f014 0302 	ands.w	r3, r4, #2
1000243c:	9311      	str	r3, [sp, #68]	@ 0x44
1000243e:	d004      	beq.n	1000244a <_etoa+0xe2>
10002440:	f1b9 0f00 	cmp.w	r9, #0
10002444:	bf18      	it	ne
10002446:	f04f 0800 	movne.w	r8, #0
1000244a:	b13f      	cbz	r7, 1000245c <_etoa+0xf4>
1000244c:	e9dd 010a 	ldrd	r0, r1, [sp, #40]	@ 0x28
10002450:	e9dd 230e 	ldrd	r2, r3, [sp, #56]	@ 0x38
10002454:	f7ff fc12 	bl	10001c7c <__wrap___aeabi_ddiv>
10002458:	e9cd 010a 	strd	r0, r1, [sp, #40]	@ 0x28
1000245c:	e9dd 0108 	ldrd	r0, r1, [sp, #32]
10002460:	2200      	movs	r2, #0
10002462:	2300      	movs	r3, #0
10002464:	f7ff fcb2 	bl	10001dcc <__wrap___aeabi_dcmplt>
10002468:	b130      	cbz	r0, 10002478 <_etoa+0x110>
1000246a:	e9dd 010a 	ldrd	r0, r1, [sp, #40]	@ 0x28
1000246e:	4602      	mov	r2, r0
10002470:	f101 4300 	add.w	r3, r1, #2147483648	@ 0x80000000
10002474:	e9cd 230a 	strd	r2, r3, [sp, #40]	@ 0x28
10002478:	ed9d 7b0a 	vldr	d7, [sp, #40]	@ 0x28
1000247c:	e9cd a802 	strd	sl, r8, [sp, #8]
10002480:	f8dd a034 	ldr.w	sl, [sp, #52]	@ 0x34
10002484:	f424 6300 	bic.w	r3, r4, #2048	@ 0x800
10002488:	9304      	str	r3, [sp, #16]
1000248a:	ed8d 7b00 	vstr	d7, [sp]
1000248e:	4633      	mov	r3, r6
10002490:	4651      	mov	r1, sl
10002492:	4658      	mov	r0, fp
10002494:	9a10      	ldr	r2, [sp, #64]	@ 0x40
10002496:	f000 f997 	bl	100027c8 <_ftoa>
1000249a:	4680      	mov	r8, r0
1000249c:	f1b9 0f00 	cmp.w	r9, #0
100024a0:	d04f      	beq.n	10002542 <_etoa+0x1da>
100024a2:	f014 0f20 	tst.w	r4, #32
100024a6:	4602      	mov	r2, r0
100024a8:	f100 0401 	add.w	r4, r0, #1
100024ac:	4633      	mov	r3, r6
100024ae:	bf0c      	ite	eq
100024b0:	2065      	moveq	r0, #101	@ 0x65
100024b2:	2045      	movne	r0, #69	@ 0x45
100024b4:	4651      	mov	r1, sl
100024b6:	47d8      	blx	fp
100024b8:	f109 30ff 	add.w	r0, r9, #4294967295	@ 0xffffffff
100024bc:	ea87 7ce7 	eor.w	ip, r7, r7, asr #31
100024c0:	f10d 0958 	add.w	r9, sp, #88	@ 0x58
100024c4:	2200      	movs	r2, #0
100024c6:	464b      	mov	r3, r9
100024c8:	f8df 80b0 	ldr.w	r8, [pc, #176]	@ 1000257c <_etoa+0x214>
100024cc:	ebac 7ce7 	sub.w	ip, ip, r7, asr #31
100024d0:	ea4f 7ed7 	mov.w	lr, r7, lsr #31
100024d4:	e001      	b.n	100024da <_etoa+0x172>
100024d6:	2a20      	cmp	r2, #32
100024d8:	d010      	beq.n	100024fc <_etoa+0x194>
100024da:	46e2      	mov	sl, ip
100024dc:	fba8 710c 	umull	r7, r1, r8, ip
100024e0:	08c9      	lsrs	r1, r1, #3
100024e2:	eb01 0781 	add.w	r7, r1, r1, lsl #2
100024e6:	ebac 0747 	sub.w	r7, ip, r7, lsl #1
100024ea:	3730      	adds	r7, #48	@ 0x30
100024ec:	f1ba 0f09 	cmp.w	sl, #9
100024f0:	468c      	mov	ip, r1
100024f2:	f102 0201 	add.w	r2, r2, #1
100024f6:	f803 7b01 	strb.w	r7, [r3], #1
100024fa:	d8ec      	bhi.n	100024d6 <_etoa+0x16e>
100024fc:	2305      	movs	r3, #5
100024fe:	9005      	str	r0, [sp, #20]
10002500:	9306      	str	r3, [sp, #24]
10002502:	2000      	movs	r0, #0
10002504:	230a      	movs	r3, #10
10002506:	9f0d      	ldr	r7, [sp, #52]	@ 0x34
10002508:	e9cd 3003 	strd	r3, r0, [sp, #12]
1000250c:	e9cd 2e01 	strd	r2, lr, [sp, #4]
10002510:	4633      	mov	r3, r6
10002512:	4622      	mov	r2, r4
10002514:	4639      	mov	r1, r7
10002516:	4658      	mov	r0, fp
10002518:	f8cd 9000 	str.w	r9, [sp]
1000251c:	f7ff fdc6 	bl	100020ac <_ntoa_format>
10002520:	9b11      	ldr	r3, [sp, #68]	@ 0x44
10002522:	4680      	mov	r8, r0
10002524:	b16b      	cbz	r3, 10002542 <_etoa+0x1da>
10002526:	9b10      	ldr	r3, [sp, #64]	@ 0x40
10002528:	1ac4      	subs	r4, r0, r3
1000252a:	42a5      	cmp	r5, r4
1000252c:	d909      	bls.n	10002542 <_etoa+0x1da>
1000252e:	4642      	mov	r2, r8
10002530:	4633      	mov	r3, r6
10002532:	4639      	mov	r1, r7
10002534:	2020      	movs	r0, #32
10002536:	3401      	adds	r4, #1
10002538:	47d8      	blx	fp
1000253a:	42a5      	cmp	r5, r4
1000253c:	f108 0801 	add.w	r8, r8, #1
10002540:	d8f5      	bhi.n	1000252e <_etoa+0x1c6>
10002542:	4640      	mov	r0, r8
10002544:	b01f      	add	sp, #124	@ 0x7c
10002546:	e8bd 8ff0 	ldmia.w	sp!, {r4, r5, r6, r7, r8, r9, sl, fp, pc}
1000254a:	ed9d 7b08 	vldr	d7, [sp, #32]
1000254e:	4633      	mov	r3, r6
10002550:	4658      	mov	r0, fp
10002552:	9a10      	ldr	r2, [sp, #64]	@ 0x40
10002554:	990d      	ldr	r1, [sp, #52]	@ 0x34
10002556:	ed8d 7b28 	vstr	d7, [sp, #160]	@ 0xa0
1000255a:	e9cd 542b 	strd	r5, r4, [sp, #172]	@ 0xac
1000255e:	f8cd a0a8 	str.w	sl, [sp, #168]	@ 0xa8
10002562:	b01f      	add	sp, #124	@ 0x7c
10002564:	e8bd 4ff0 	ldmia.w	sp!, {r4, r5, r6, r7, r8, r9, sl, fp, lr}
10002568:	f000 b92e 	b.w	100027c8 <_ftoa>
1000256c:	f3af 8000 	nop.w
	...
10002578:	7fefffff 	.word	0x7fefffff
1000257c:	cccccccd 	.word	0xcccccccd
10002580:	f3c7 500a 	ubfx	r0, r7, #20, #11
10002584:	f2a0 30ff 	subw	r0, r0, #1023	@ 0x3ff
10002588:	f7ff fbc6 	bl	10001d18 <__wrap___aeabi_i2d>
1000258c:	a38a      	add	r3, pc, #552	@ (adr r3, 100027b8 <_etoa+0x450>)
1000258e:	e9d3 2300 	ldrd	r2, r3, [r3]
10002592:	f7ff fb4f 	bl	10001c34 <__wrap___aeabi_dmul>
10002596:	a38a      	add	r3, pc, #552	@ (adr r3, 100027c0 <_etoa+0x458>)
10002598:	e9d3 2300 	ldrd	r2, r3, [r3]
1000259c:	f7ff fb22 	bl	10001be4 <__wrap___aeabi_dadd>
100025a0:	f3c7 0713 	ubfx	r7, r7, #0, #20
100025a4:	e9cd 010e 	strd	r0, r1, [sp, #56]	@ 0x38
100025a8:	f047 517f 	orr.w	r1, r7, #1069547520	@ 0x3fc00000
100025ac:	4640      	mov	r0, r8
100025ae:	2200      	movs	r2, #0
100025b0:	4b7b      	ldr	r3, [pc, #492]	@ (100027a0 <_etoa+0x438>)
100025b2:	f441 1140 	orr.w	r1, r1, #3145728	@ 0x300000
100025b6:	f7ff fb29 	bl	10001c0c <__wrap___aeabi_dsub>
100025ba:	a36b      	add	r3, pc, #428	@ (adr r3, 10002768 <_etoa+0x400>)
100025bc:	e9d3 2300 	ldrd	r2, r3, [r3]
100025c0:	f7ff fb38 	bl	10001c34 <__wrap___aeabi_dmul>
100025c4:	4602      	mov	r2, r0
100025c6:	460b      	mov	r3, r1
100025c8:	e9dd 010e 	ldrd	r0, r1, [sp, #56]	@ 0x38
100025cc:	f7ff fb0a 	bl	10001be4 <__wrap___aeabi_dadd>
100025d0:	f7ff fbc6 	bl	10001d60 <__wrap___aeabi_d2iz>
100025d4:	4607      	mov	r7, r0
100025d6:	f7ff fb9f 	bl	10001d18 <__wrap___aeabi_i2d>
100025da:	a365      	add	r3, pc, #404	@ (adr r3, 10002770 <_etoa+0x408>)
100025dc:	e9d3 2300 	ldrd	r2, r3, [r3]
100025e0:	4680      	mov	r8, r0
100025e2:	4689      	mov	r9, r1
100025e4:	f7ff fb26 	bl	10001c34 <__wrap___aeabi_dmul>
100025e8:	2200      	movs	r2, #0
100025ea:	4b6e      	ldr	r3, [pc, #440]	@ (100027a4 <_etoa+0x43c>)
100025ec:	f7ff fafa 	bl	10001be4 <__wrap___aeabi_dadd>
100025f0:	f7ff fbb6 	bl	10001d60 <__wrap___aeabi_d2iz>
100025f4:	4603      	mov	r3, r0
100025f6:	4649      	mov	r1, r9
100025f8:	4640      	mov	r0, r8
100025fa:	9312      	str	r3, [sp, #72]	@ 0x48
100025fc:	a35e      	add	r3, pc, #376	@ (adr r3, 10002778 <_etoa+0x410>)
100025fe:	e9d3 2300 	ldrd	r2, r3, [r3]
10002602:	f7ff fb17 	bl	10001c34 <__wrap___aeabi_dmul>
10002606:	4680      	mov	r8, r0
10002608:	9812      	ldr	r0, [sp, #72]	@ 0x48
1000260a:	4689      	mov	r9, r1
1000260c:	f7ff fb84 	bl	10001d18 <__wrap___aeabi_i2d>
10002610:	a35b      	add	r3, pc, #364	@ (adr r3, 10002780 <_etoa+0x418>)
10002612:	e9d3 2300 	ldrd	r2, r3, [r3]
10002616:	f7ff fb0d 	bl	10001c34 <__wrap___aeabi_dmul>
1000261a:	4602      	mov	r2, r0
1000261c:	460b      	mov	r3, r1
1000261e:	4640      	mov	r0, r8
10002620:	4649      	mov	r1, r9
10002622:	f7ff faf3 	bl	10001c0c <__wrap___aeabi_dsub>
10002626:	4602      	mov	r2, r0
10002628:	460b      	mov	r3, r1
1000262a:	4680      	mov	r8, r0
1000262c:	4689      	mov	r9, r1
1000262e:	f7ff fb01 	bl	10001c34 <__wrap___aeabi_dmul>
10002632:	4642      	mov	r2, r8
10002634:	464b      	mov	r3, r9
10002636:	e9cd 010e 	strd	r0, r1, [sp, #56]	@ 0x38
1000263a:	4640      	mov	r0, r8
1000263c:	4649      	mov	r1, r9
1000263e:	f7ff fad1 	bl	10001be4 <__wrap___aeabi_dadd>
10002642:	2200      	movs	r2, #0
10002644:	e9cd 0114 	strd	r0, r1, [sp, #80]	@ 0x50
10002648:	e9dd 010e 	ldrd	r0, r1, [sp, #56]	@ 0x38
1000264c:	4b56      	ldr	r3, [pc, #344]	@ (100027a8 <_etoa+0x440>)
1000264e:	f7ff fb15 	bl	10001c7c <__wrap___aeabi_ddiv>
10002652:	2200      	movs	r2, #0
10002654:	4b55      	ldr	r3, [pc, #340]	@ (100027ac <_etoa+0x444>)
10002656:	f7ff fac5 	bl	10001be4 <__wrap___aeabi_dadd>
1000265a:	4602      	mov	r2, r0
1000265c:	460b      	mov	r3, r1
1000265e:	e9dd 010e 	ldrd	r0, r1, [sp, #56]	@ 0x38
10002662:	f7ff fb0b 	bl	10001c7c <__wrap___aeabi_ddiv>
10002666:	2200      	movs	r2, #0
10002668:	4b51      	ldr	r3, [pc, #324]	@ (100027b0 <_etoa+0x448>)
1000266a:	f7ff fabb 	bl	10001be4 <__wrap___aeabi_dadd>
1000266e:	4602      	mov	r2, r0
10002670:	460b      	mov	r3, r1
10002672:	e9dd 010e 	ldrd	r0, r1, [sp, #56]	@ 0x38
10002676:	f7ff fb01 	bl	10001c7c <__wrap___aeabi_ddiv>
1000267a:	4642      	mov	r2, r8
1000267c:	464b      	mov	r3, r9
1000267e:	4680      	mov	r8, r0
10002680:	4689      	mov	r9, r1
10002682:	2000      	movs	r0, #0
10002684:	f04f 4180 	mov.w	r1, #1073741824	@ 0x40000000
10002688:	f7ff fac0 	bl	10001c0c <__wrap___aeabi_dsub>
1000268c:	4602      	mov	r2, r0
1000268e:	460b      	mov	r3, r1
10002690:	4640      	mov	r0, r8
10002692:	4649      	mov	r1, r9
10002694:	f7ff faa6 	bl	10001be4 <__wrap___aeabi_dadd>
10002698:	4602      	mov	r2, r0
1000269a:	460b      	mov	r3, r1
1000269c:	e9dd 0114 	ldrd	r0, r1, [sp, #80]	@ 0x50
100026a0:	f7ff faec 	bl	10001c7c <__wrap___aeabi_ddiv>
100026a4:	2200      	movs	r2, #0
100026a6:	4b43      	ldr	r3, [pc, #268]	@ (100027b4 <_etoa+0x44c>)
100026a8:	f7ff fa9c 	bl	10001be4 <__wrap___aeabi_dadd>
100026ac:	9b12      	ldr	r3, [sp, #72]	@ 0x48
100026ae:	2200      	movs	r2, #0
100026b0:	f203 3cff 	addw	ip, r3, #1023	@ 0x3ff
100026b4:	ea4f 530c 	mov.w	r3, ip, lsl #20
100026b8:	f7ff fabc 	bl	10001c34 <__wrap___aeabi_dmul>
100026bc:	4680      	mov	r8, r0
100026be:	4689      	mov	r9, r1
100026c0:	e9dd 010a 	ldrd	r0, r1, [sp, #40]	@ 0x28
100026c4:	4642      	mov	r2, r8
100026c6:	464b      	mov	r3, r9
100026c8:	e9cd 890e 	strd	r8, r9, [sp, #56]	@ 0x38
100026cc:	f7ff fb7e 	bl	10001dcc <__wrap___aeabi_dcmplt>
100026d0:	bb68      	cbnz	r0, 1000272e <_etoa+0x3c6>
100026d2:	4643      	mov	r3, r8
100026d4:	4649      	mov	r1, r9
100026d6:	f107 0263 	add.w	r2, r7, #99	@ 0x63
100026da:	2ac6      	cmp	r2, #198	@ 0xc6
100026dc:	9a11      	ldr	r2, [sp, #68]	@ 0x44
100026de:	bf8c      	ite	hi
100026e0:	f04f 0905 	movhi.w	r9, #5
100026e4:	f04f 0904 	movls.w	r9, #4
100026e8:	2a00      	cmp	r2, #0
100026ea:	f43f ae9f 	beq.w	1000242c <_etoa+0xc4>
100026ee:	430b      	orrs	r3, r1
100026f0:	f43f ae8e 	beq.w	10002410 <_etoa+0xa8>
100026f4:	e9dd 010a 	ldrd	r0, r1, [sp, #40]	@ 0x28
100026f8:	a323      	add	r3, pc, #140	@ (adr r3, 10002788 <_etoa+0x420>)
100026fa:	e9d3 2300 	ldrd	r2, r3, [r3]
100026fe:	f7ff fb79 	bl	10001df4 <__wrap___aeabi_dcmpge>
10002702:	b148      	cbz	r0, 10002718 <_etoa+0x3b0>
10002704:	e9dd 010a 	ldrd	r0, r1, [sp, #40]	@ 0x28
10002708:	a321      	add	r3, pc, #132	@ (adr r3, 10002790 <_etoa+0x428>)
1000270a:	e9d3 2300 	ldrd	r2, r3, [r3]
1000270e:	f7ff fb5d 	bl	10001dcc <__wrap___aeabi_dcmplt>
10002712:	2800      	cmp	r0, #0
10002714:	f47f ae7c 	bne.w	10002410 <_etoa+0xa8>
10002718:	f1ba 0f00 	cmp.w	sl, #0
1000271c:	f43f ae86 	beq.w	1000242c <_etoa+0xc4>
10002720:	9b13      	ldr	r3, [sp, #76]	@ 0x4c
10002722:	2b00      	cmp	r3, #0
10002724:	f43f ae82 	beq.w	1000242c <_etoa+0xc4>
10002728:	f10a 3aff 	add.w	sl, sl, #4294967295	@ 0xffffffff
1000272c:	e67e      	b.n	1000242c <_etoa+0xc4>
1000272e:	2200      	movs	r2, #0
10002730:	4b1e      	ldr	r3, [pc, #120]	@ (100027ac <_etoa+0x444>)
10002732:	4640      	mov	r0, r8
10002734:	4649      	mov	r1, r9
10002736:	f7ff faa1 	bl	10001c7c <__wrap___aeabi_ddiv>
1000273a:	460a      	mov	r2, r1
1000273c:	4601      	mov	r1, r0
1000273e:	4603      	mov	r3, r0
10002740:	e9cd 120e 	strd	r1, r2, [sp, #56]	@ 0x38
10002744:	3f01      	subs	r7, #1
10002746:	4611      	mov	r1, r2
10002748:	e7c5      	b.n	100026d6 <_etoa+0x36e>
1000274a:	ed9f 7b13 	vldr	d7, [pc, #76]	@ 10002798 <_etoa+0x430>
1000274e:	4617      	mov	r7, r2
10002750:	f04f 0904 	mov.w	r9, #4
10002754:	ed8d 7b0e 	vstr	d7, [sp, #56]	@ 0x38
10002758:	e668      	b.n	1000242c <_etoa+0xc4>
1000275a:	f108 4300 	add.w	r3, r8, #2147483648	@ 0x80000000
1000275e:	970a      	str	r7, [sp, #40]	@ 0x28
10002760:	930b      	str	r3, [sp, #44]	@ 0x2c
10002762:	e63c      	b.n	100023de <_etoa+0x76>
10002764:	f3af 8000 	nop.w
10002768:	636f4361 	.word	0x636f4361
1000276c:	3fd287a7 	.word	0x3fd287a7
10002770:	0979a371 	.word	0x0979a371
10002774:	400a934f 	.word	0x400a934f
10002778:	bbb55516 	.word	0xbbb55516
1000277c:	40026bb1 	.word	0x40026bb1
10002780:	fefa39ef 	.word	0xfefa39ef
10002784:	3fe62e42 	.word	0x3fe62e42
10002788:	eb1c432d 	.word	0xeb1c432d
1000278c:	3f1a36e2 	.word	0x3f1a36e2
10002790:	00000000 	.word	0x00000000
10002794:	412e8480 	.word	0x412e8480
	...
100027a0:	3ff80000 	.word	0x3ff80000
100027a4:	3fe00000 	.word	0x3fe00000
100027a8:	402c0000 	.word	0x402c0000
100027ac:	40240000 	.word	0x40240000
100027b0:	40180000 	.word	0x40180000
100027b4:	3ff00000 	.word	0x3ff00000
100027b8:	509f79fb 	.word	0x509f79fb
100027bc:	3fd34413 	.word	0x3fd34413
100027c0:	8b60c8b3 	.word	0x8b60c8b3
100027c4:	3fc68a28 	.word	0x3fc68a28

100027c8 <_ftoa>:
100027c8:	e92d 4ff0 	stmdb	sp!, {r4, r5, r6, r7, r8, r9, sl, fp, lr}
100027cc:	b097      	sub	sp, #92	@ 0x5c
100027ce:	e9dd 8920 	ldrd	r8, r9, [sp, #128]	@ 0x80
100027d2:	e9cd 0104 	strd	r0, r1, [sp, #16]
100027d6:	e9dd 4b22 	ldrd	r4, fp, [sp, #136]	@ 0x88
100027da:	e9cd 2306 	strd	r2, r3, [sp, #24]
100027de:	4640      	mov	r0, r8
100027e0:	4642      	mov	r2, r8
100027e2:	464b      	mov	r3, r9
100027e4:	4649      	mov	r1, r9
100027e6:	f8dd a090 	ldr.w	sl, [sp, #144]	@ 0x90
100027ea:	f7ff fadd 	bl	10001da8 <__wrap___aeabi_dcmpun>
100027ee:	2800      	cmp	r0, #0
100027f0:	f040 81c5 	bne.w	10002b7e <_ftoa+0x3b6>
100027f4:	4640      	mov	r0, r8
100027f6:	4649      	mov	r1, r9
100027f8:	f04f 32ff 	mov.w	r2, #4294967295	@ 0xffffffff
100027fc:	f46f 1380 	mvn.w	r3, #1048576	@ 0x100000
10002800:	f7ff fae4 	bl	10001dcc <__wrap___aeabi_dcmplt>
10002804:	2800      	cmp	r0, #0
10002806:	f040 811d 	bne.w	10002a44 <_ftoa+0x27c>
1000280a:	4640      	mov	r0, r8
1000280c:	4649      	mov	r1, r9
1000280e:	f04f 32ff 	mov.w	r2, #4294967295	@ 0xffffffff
10002812:	4bc1      	ldr	r3, [pc, #772]	@ (10002b18 <_ftoa+0x350>)
10002814:	f7ff fb02 	bl	10001e1c <__wrap___aeabi_dcmpgt>
10002818:	2800      	cmp	r0, #0
1000281a:	f040 80e3 	bne.w	100029e4 <_ftoa+0x21c>
1000281e:	a3b8      	add	r3, pc, #736	@ (adr r3, 10002b00 <_ftoa+0x338>)
10002820:	e9d3 2300 	ldrd	r2, r3, [r3]
10002824:	4640      	mov	r0, r8
10002826:	4649      	mov	r1, r9
10002828:	f7ff faf8 	bl	10001e1c <__wrap___aeabi_dcmpgt>
1000282c:	2800      	cmp	r0, #0
1000282e:	f040 80cb 	bne.w	100029c8 <_ftoa+0x200>
10002832:	a3b5      	add	r3, pc, #724	@ (adr r3, 10002b08 <_ftoa+0x340>)
10002834:	e9d3 2300 	ldrd	r2, r3, [r3]
10002838:	4640      	mov	r0, r8
1000283a:	4649      	mov	r1, r9
1000283c:	f7ff fac6 	bl	10001dcc <__wrap___aeabi_dcmplt>
10002840:	2800      	cmp	r0, #0
10002842:	f040 80c1 	bne.w	100029c8 <_ftoa+0x200>
10002846:	4640      	mov	r0, r8
10002848:	4649      	mov	r1, r9
1000284a:	2200      	movs	r2, #0
1000284c:	2300      	movs	r3, #0
1000284e:	f7ff fabd 	bl	10001dcc <__wrap___aeabi_dcmplt>
10002852:	2800      	cmp	r0, #0
10002854:	f040 80e0 	bne.w	10002a18 <_ftoa+0x250>
10002858:	f41a 6580 	ands.w	r5, sl, #1024	@ 0x400
1000285c:	900d      	str	r0, [sp, #52]	@ 0x34
1000285e:	f000 80e9 	beq.w	10002a34 <_ftoa+0x26c>
10002862:	2c09      	cmp	r4, #9
10002864:	f240 8196 	bls.w	10002b94 <_ftoa+0x3cc>
10002868:	ab0e      	add	r3, sp, #56	@ 0x38
1000286a:	461a      	mov	r2, r3
1000286c:	930c      	str	r3, [sp, #48]	@ 0x30
1000286e:	2130      	movs	r1, #48	@ 0x30
10002870:	2300      	movs	r3, #0
10002872:	f1a4 0509 	sub.w	r5, r4, #9
10002876:	3301      	adds	r3, #1
10002878:	2b20      	cmp	r3, #32
1000287a:	f802 1b01 	strb.w	r1, [r2], #1
1000287e:	eba4 0603 	sub.w	r6, r4, r3
10002882:	f000 813a 	beq.w	10002afa <_ftoa+0x332>
10002886:	42ab      	cmp	r3, r5
10002888:	d1f5      	bne.n	10002876 <_ftoa+0xae>
1000288a:	ed9f 7b9d 	vldr	d7, [pc, #628]	@ 10002b00 <_ftoa+0x338>
1000288e:	ed8d 7b08 	vstr	d7, [sp, #32]
10002892:	4649      	mov	r1, r9
10002894:	4640      	mov	r0, r8
10002896:	f7ff fa63 	bl	10001d60 <__wrap___aeabi_d2iz>
1000289a:	4604      	mov	r4, r0
1000289c:	f7ff fa3c 	bl	10001d18 <__wrap___aeabi_i2d>
100028a0:	4602      	mov	r2, r0
100028a2:	460b      	mov	r3, r1
100028a4:	4640      	mov	r0, r8
100028a6:	4649      	mov	r1, r9
100028a8:	f7ff f9b0 	bl	10001c0c <__wrap___aeabi_dsub>
100028ac:	e9dd 2308 	ldrd	r2, r3, [sp, #32]
100028b0:	f7ff f9c0 	bl	10001c34 <__wrap___aeabi_dmul>
100028b4:	4602      	mov	r2, r0
100028b6:	460b      	mov	r3, r1
100028b8:	e9cd 230a 	strd	r2, r3, [sp, #40]	@ 0x28
100028bc:	f7ff fa62 	bl	10001d84 <__wrap___aeabi_d2uiz>
100028c0:	4607      	mov	r7, r0
100028c2:	f7ff fa3b 	bl	10001d3c <__wrap___aeabi_ui2d>
100028c6:	4602      	mov	r2, r0
100028c8:	460b      	mov	r3, r1
100028ca:	e9dd 010a 	ldrd	r0, r1, [sp, #40]	@ 0x28
100028ce:	f7ff f99d 	bl	10001c0c <__wrap___aeabi_dsub>
100028d2:	4602      	mov	r2, r0
100028d4:	460b      	mov	r3, r1
100028d6:	e9cd 230a 	strd	r2, r3, [sp, #40]	@ 0x28
100028da:	2200      	movs	r2, #0
100028dc:	4b8f      	ldr	r3, [pc, #572]	@ (10002b1c <_ftoa+0x354>)
100028de:	f7ff fa9d 	bl	10001e1c <__wrap___aeabi_dcmpgt>
100028e2:	2800      	cmp	r0, #0
100028e4:	f000 80db 	beq.w	10002a9e <_ftoa+0x2d6>
100028e8:	3701      	adds	r7, #1
100028ea:	4638      	mov	r0, r7
100028ec:	f7ff fa26 	bl	10001d3c <__wrap___aeabi_ui2d>
100028f0:	e9dd 2308 	ldrd	r2, r3, [sp, #32]
100028f4:	f7ff fa7e 	bl	10001df4 <__wrap___aeabi_dcmpge>
100028f8:	b108      	cbz	r0, 100028fe <_ftoa+0x136>
100028fa:	2700      	movs	r7, #0
100028fc:	3401      	adds	r4, #1
100028fe:	2e00      	cmp	r6, #0
10002900:	f040 80b1 	bne.w	10002a66 <_ftoa+0x29e>
10002904:	4620      	mov	r0, r4
10002906:	f7ff fa07 	bl	10001d18 <__wrap___aeabi_i2d>
1000290a:	4602      	mov	r2, r0
1000290c:	460b      	mov	r3, r1
1000290e:	4640      	mov	r0, r8
10002910:	4649      	mov	r1, r9
10002912:	f7ff f97b 	bl	10001c0c <__wrap___aeabi_dsub>
10002916:	2200      	movs	r2, #0
10002918:	4b80      	ldr	r3, [pc, #512]	@ (10002b1c <_ftoa+0x354>)
1000291a:	4606      	mov	r6, r0
1000291c:	460f      	mov	r7, r1
1000291e:	f7ff fa55 	bl	10001dcc <__wrap___aeabi_dcmplt>
10002922:	b940      	cbnz	r0, 10002936 <_ftoa+0x16e>
10002924:	4630      	mov	r0, r6
10002926:	4639      	mov	r1, r7
10002928:	2200      	movs	r2, #0
1000292a:	4b7c      	ldr	r3, [pc, #496]	@ (10002b1c <_ftoa+0x354>)
1000292c:	f7ff fa76 	bl	10001e1c <__wrap___aeabi_dcmpgt>
10002930:	2800      	cmp	r0, #0
10002932:	f000 8115 	beq.w	10002b60 <_ftoa+0x398>
10002936:	9b0c      	ldr	r3, [sp, #48]	@ 0x30
10002938:	1e69      	subs	r1, r5, #1
1000293a:	4879      	ldr	r0, [pc, #484]	@ (10002b20 <_ftoa+0x358>)
1000293c:	4419      	add	r1, r3
1000293e:	e010      	b.n	10002962 <_ftoa+0x19a>
10002940:	fb80 6204 	smull	r6, r2, r0, r4
10002944:	ebc3 03a2 	rsb	r3, r3, r2, asr #2
10002948:	eb03 0283 	add.w	r2, r3, r3, lsl #2
1000294c:	eba4 0442 	sub.w	r4, r4, r2, lsl #1
10002950:	f104 0230 	add.w	r2, r4, #48	@ 0x30
10002954:	3501      	adds	r5, #1
10002956:	461c      	mov	r4, r3
10002958:	f801 2f01 	strb.w	r2, [r1, #1]!
1000295c:	2b00      	cmp	r3, #0
1000295e:	f000 80ab 	beq.w	10002ab8 <_ftoa+0x2f0>
10002962:	2d20      	cmp	r5, #32
10002964:	ea4f 73e4 	mov.w	r3, r4, asr #31
10002968:	d1ea      	bne.n	10002940 <_ftoa+0x178>
1000296a:	f00a 0303 	and.w	r3, sl, #3
1000296e:	2b01      	cmp	r3, #1
10002970:	d11c      	bne.n	100029ac <_ftoa+0x1e4>
10002972:	f1bb 0f00 	cmp.w	fp, #0
10002976:	d019      	beq.n	100029ac <_ftoa+0x1e4>
10002978:	9b0d      	ldr	r3, [sp, #52]	@ 0x34
1000297a:	2b00      	cmp	r3, #0
1000297c:	f040 80f9 	bne.w	10002b72 <_ftoa+0x3aa>
10002980:	f01a 0f0c 	tst.w	sl, #12
10002984:	f040 80f5 	bne.w	10002b72 <_ftoa+0x3aa>
10002988:	45ab      	cmp	fp, r5
1000298a:	f240 80d3 	bls.w	10002b34 <_ftoa+0x36c>
1000298e:	2d20      	cmp	r5, #32
10002990:	d00b      	beq.n	100029aa <_ftoa+0x1e2>
10002992:	2230      	movs	r2, #48	@ 0x30
10002994:	990c      	ldr	r1, [sp, #48]	@ 0x30
10002996:	1e6b      	subs	r3, r5, #1
10002998:	440b      	add	r3, r1
1000299a:	3501      	adds	r5, #1
1000299c:	455d      	cmp	r5, fp
1000299e:	f803 2f01 	strb.w	r2, [r3, #1]!
100029a2:	f000 808d 	beq.w	10002ac0 <_ftoa+0x2f8>
100029a6:	2d20      	cmp	r5, #32
100029a8:	d1f7      	bne.n	1000299a <_ftoa+0x1d2>
100029aa:	2520      	movs	r5, #32
100029ac:	e9dd 2306 	ldrd	r2, r3, [sp, #24]
100029b0:	e9dd 0104 	ldrd	r0, r1, [sp, #16]
100029b4:	9c0c      	ldr	r4, [sp, #48]	@ 0x30
100029b6:	e9cd ba02 	strd	fp, sl, [sp, #8]
100029ba:	9501      	str	r5, [sp, #4]
100029bc:	9400      	str	r4, [sp, #0]
100029be:	f7ff fb27 	bl	10002010 <_out_rev>
100029c2:	b017      	add	sp, #92	@ 0x5c
100029c4:	e8bd 8ff0 	ldmia.w	sp!, {r4, r5, r6, r7, r8, r9, sl, fp, pc}
100029c8:	e9cd 8920 	strd	r8, r9, [sp, #128]	@ 0x80
100029cc:	e9dd 2306 	ldrd	r2, r3, [sp, #24]
100029d0:	e9dd 0104 	ldrd	r0, r1, [sp, #16]
100029d4:	e9cd ba23 	strd	fp, sl, [sp, #140]	@ 0x8c
100029d8:	9422      	str	r4, [sp, #136]	@ 0x88
100029da:	b017      	add	sp, #92	@ 0x5c
100029dc:	e8bd 4ff0 	ldmia.w	sp!, {r4, r5, r6, r7, r8, r9, sl, fp, lr}
100029e0:	f7ff bcc2 	b.w	10002368 <_etoa>
100029e4:	4d4f      	ldr	r5, [pc, #316]	@ (10002b24 <_ftoa+0x35c>)
100029e6:	f8cd a08c 	str.w	sl, [sp, #140]	@ 0x8c
100029ea:	f00a 0a04 	and.w	sl, sl, #4
100029ee:	f1ba 0f00 	cmp.w	sl, #0
100029f2:	4c4d      	ldr	r4, [pc, #308]	@ (10002b28 <_ftoa+0x360>)
100029f4:	bf18      	it	ne
100029f6:	462c      	movne	r4, r5
100029f8:	e9dd 2306 	ldrd	r2, r3, [sp, #24]
100029fc:	e9dd 0104 	ldrd	r0, r1, [sp, #16]
10002a00:	9420      	str	r4, [sp, #128]	@ 0x80
10002a02:	bf0c      	ite	eq
10002a04:	2403      	moveq	r4, #3
10002a06:	2404      	movne	r4, #4
10002a08:	f8cd b088 	str.w	fp, [sp, #136]	@ 0x88
10002a0c:	9421      	str	r4, [sp, #132]	@ 0x84
10002a0e:	b017      	add	sp, #92	@ 0x5c
10002a10:	e8bd 4ff0 	ldmia.w	sp!, {r4, r5, r6, r7, r8, r9, sl, fp, lr}
10002a14:	f7ff bafc 	b.w	10002010 <_out_rev>
10002a18:	464b      	mov	r3, r9
10002a1a:	4642      	mov	r2, r8
10002a1c:	2000      	movs	r0, #0
10002a1e:	2100      	movs	r1, #0
10002a20:	f7ff f8f4 	bl	10001c0c <__wrap___aeabi_dsub>
10002a24:	2301      	movs	r3, #1
10002a26:	f41a 6580 	ands.w	r5, sl, #1024	@ 0x400
10002a2a:	4680      	mov	r8, r0
10002a2c:	4689      	mov	r9, r1
10002a2e:	930d      	str	r3, [sp, #52]	@ 0x34
10002a30:	f47f af17 	bne.w	10002862 <_ftoa+0x9a>
10002a34:	ed9f 7b36 	vldr	d7, [pc, #216]	@ 10002b10 <_ftoa+0x348>
10002a38:	ab0e      	add	r3, sp, #56	@ 0x38
10002a3a:	2606      	movs	r6, #6
10002a3c:	ed8d 7b08 	vstr	d7, [sp, #32]
10002a40:	930c      	str	r3, [sp, #48]	@ 0x30
10002a42:	e726      	b.n	10002892 <_ftoa+0xca>
10002a44:	2404      	movs	r4, #4
10002a46:	e9dd 2306 	ldrd	r2, r3, [sp, #24]
10002a4a:	e9dd 0104 	ldrd	r0, r1, [sp, #16]
10002a4e:	4d37      	ldr	r5, [pc, #220]	@ (10002b2c <_ftoa+0x364>)
10002a50:	f8cd a08c 	str.w	sl, [sp, #140]	@ 0x8c
10002a54:	f8cd b088 	str.w	fp, [sp, #136]	@ 0x88
10002a58:	9520      	str	r5, [sp, #128]	@ 0x80
10002a5a:	9421      	str	r4, [sp, #132]	@ 0x84
10002a5c:	b017      	add	sp, #92	@ 0x5c
10002a5e:	e8bd 4ff0 	ldmia.w	sp!, {r4, r5, r6, r7, r8, r9, sl, fp, lr}
10002a62:	f7ff bad5 	b.w	10002010 <_out_rev>
10002a66:	9b0c      	ldr	r3, [sp, #48]	@ 0x30
10002a68:	1e68      	subs	r0, r5, #1
10002a6a:	f8df c0c4 	ldr.w	ip, [pc, #196]	@ 10002b30 <_ftoa+0x368>
10002a6e:	4418      	add	r0, r3
10002a70:	e00d      	b.n	10002a8e <_ftoa+0x2c6>
10002a72:	fbac 2107 	umull	r2, r1, ip, r7
10002a76:	08c9      	lsrs	r1, r1, #3
10002a78:	eb01 0281 	add.w	r2, r1, r1, lsl #2
10002a7c:	eba7 0242 	sub.w	r2, r7, r2, lsl #1
10002a80:	3230      	adds	r2, #48	@ 0x30
10002a82:	2f09      	cmp	r7, #9
10002a84:	f800 2f01 	strb.w	r2, [r0, #1]!
10002a88:	d927      	bls.n	10002ada <_ftoa+0x312>
10002a8a:	460f      	mov	r7, r1
10002a8c:	461d      	mov	r5, r3
10002a8e:	2d20      	cmp	r5, #32
10002a90:	f105 0301 	add.w	r3, r5, #1
10002a94:	f106 36ff 	add.w	r6, r6, #4294967295	@ 0xffffffff
10002a98:	d1eb      	bne.n	10002a72 <_ftoa+0x2aa>
10002a9a:	2520      	movs	r5, #32
10002a9c:	e74b      	b.n	10002936 <_ftoa+0x16e>
10002a9e:	2200      	movs	r2, #0
10002aa0:	e9dd 010a 	ldrd	r0, r1, [sp, #40]	@ 0x28
10002aa4:	4b1d      	ldr	r3, [pc, #116]	@ (10002b1c <_ftoa+0x354>)
10002aa6:	f7ff f991 	bl	10001dcc <__wrap___aeabi_dcmplt>
10002aaa:	2800      	cmp	r0, #0
10002aac:	f47f af27 	bne.w	100028fe <_ftoa+0x136>
10002ab0:	2f00      	cmp	r7, #0
10002ab2:	d15a      	bne.n	10002b6a <_ftoa+0x3a2>
10002ab4:	3701      	adds	r7, #1
10002ab6:	e722      	b.n	100028fe <_ftoa+0x136>
10002ab8:	f00a 0303 	and.w	r3, sl, #3
10002abc:	2b01      	cmp	r3, #1
10002abe:	d075      	beq.n	10002bac <_ftoa+0x3e4>
10002ac0:	2d20      	cmp	r5, #32
10002ac2:	f43f af73 	beq.w	100029ac <_ftoa+0x1e4>
10002ac6:	9b0d      	ldr	r3, [sp, #52]	@ 0x34
10002ac8:	b3bb      	cbz	r3, 10002b3a <_ftoa+0x372>
10002aca:	222d      	movs	r2, #45	@ 0x2d
10002acc:	f105 0358 	add.w	r3, r5, #88	@ 0x58
10002ad0:	446b      	add	r3, sp
10002ad2:	f803 2c20 	strb.w	r2, [r3, #-32]
10002ad6:	3501      	adds	r5, #1
10002ad8:	e768      	b.n	100029ac <_ftoa+0x1e4>
10002ada:	2b20      	cmp	r3, #32
10002adc:	d0dd      	beq.n	10002a9a <_ftoa+0x2d2>
10002ade:	b3ae      	cbz	r6, 10002b4c <_ftoa+0x384>
10002ae0:	9a0c      	ldr	r2, [sp, #48]	@ 0x30
10002ae2:	441e      	add	r6, r3
10002ae4:	4415      	add	r5, r2
10002ae6:	2230      	movs	r2, #48	@ 0x30
10002ae8:	e001      	b.n	10002aee <_ftoa+0x326>
10002aea:	42b3      	cmp	r3, r6
10002aec:	d02e      	beq.n	10002b4c <_ftoa+0x384>
10002aee:	3301      	adds	r3, #1
10002af0:	2b20      	cmp	r3, #32
10002af2:	f805 2f01 	strb.w	r2, [r5, #1]!
10002af6:	d1f8      	bne.n	10002aea <_ftoa+0x322>
10002af8:	e7cf      	b.n	10002a9a <_ftoa+0x2d2>
10002afa:	461d      	mov	r5, r3
10002afc:	e6c5      	b.n	1000288a <_ftoa+0xc2>
10002afe:	bf00      	nop
10002b00:	00000000 	.word	0x00000000
10002b04:	41cdcd65 	.word	0x41cdcd65
10002b08:	00000000 	.word	0x00000000
10002b0c:	c1cdcd65 	.word	0xc1cdcd65
10002b10:	00000000 	.word	0x00000000
10002b14:	412e8480 	.word	0x412e8480
10002b18:	7fefffff 	.word	0x7fefffff
10002b1c:	3fe00000 	.word	0x3fe00000
10002b20:	66666667 	.word	0x66666667
10002b24:	10006038 	.word	0x10006038
10002b28:	10006040 	.word	0x10006040
10002b2c:	10006048 	.word	0x10006048
10002b30:	cccccccd 	.word	0xcccccccd
10002b34:	2d20      	cmp	r5, #32
10002b36:	f43f af39 	beq.w	100029ac <_ftoa+0x1e4>
10002b3a:	f01a 0f04 	tst.w	sl, #4
10002b3e:	d10d      	bne.n	10002b5c <_ftoa+0x394>
10002b40:	f01a 0f08 	tst.w	sl, #8
10002b44:	f43f af32 	beq.w	100029ac <_ftoa+0x1e4>
10002b48:	2220      	movs	r2, #32
10002b4a:	e7bf      	b.n	10002acc <_ftoa+0x304>
10002b4c:	212e      	movs	r1, #46	@ 0x2e
10002b4e:	f103 0258 	add.w	r2, r3, #88	@ 0x58
10002b52:	446a      	add	r2, sp
10002b54:	f802 1c20 	strb.w	r1, [r2, #-32]
10002b58:	1c5d      	adds	r5, r3, #1
10002b5a:	e6ec      	b.n	10002936 <_ftoa+0x16e>
10002b5c:	222b      	movs	r2, #43	@ 0x2b
10002b5e:	e7b5      	b.n	10002acc <_ftoa+0x304>
10002b60:	07e3      	lsls	r3, r4, #31
10002b62:	f57f aee8 	bpl.w	10002936 <_ftoa+0x16e>
10002b66:	3401      	adds	r4, #1
10002b68:	e6e5      	b.n	10002936 <_ftoa+0x16e>
10002b6a:	07fa      	lsls	r2, r7, #31
10002b6c:	f57f aec7 	bpl.w	100028fe <_ftoa+0x136>
10002b70:	e7a0      	b.n	10002ab4 <_ftoa+0x2ec>
10002b72:	f10b 3bff 	add.w	fp, fp, #4294967295	@ 0xffffffff
10002b76:	45ab      	cmp	fp, r5
10002b78:	f63f af09 	bhi.w	1000298e <_ftoa+0x1c6>
10002b7c:	e7a0      	b.n	10002ac0 <_ftoa+0x2f8>
10002b7e:	2403      	movs	r4, #3
10002b80:	e9dd 2306 	ldrd	r2, r3, [sp, #24]
10002b84:	e9dd 0104 	ldrd	r0, r1, [sp, #16]
10002b88:	4d0a      	ldr	r5, [pc, #40]	@ (10002bb4 <_ftoa+0x3ec>)
10002b8a:	f8cd a08c 	str.w	sl, [sp, #140]	@ 0x8c
10002b8e:	f8cd b088 	str.w	fp, [sp, #136]	@ 0x88
10002b92:	e761      	b.n	10002a58 <_ftoa+0x290>
10002b94:	4b08      	ldr	r3, [pc, #32]	@ (10002bb8 <_ftoa+0x3f0>)
10002b96:	4626      	mov	r6, r4
10002b98:	eb03 03c4 	add.w	r3, r3, r4, lsl #3
10002b9c:	ed93 7b00 	vldr	d7, [r3]
10002ba0:	ab0e      	add	r3, sp, #56	@ 0x38
10002ba2:	ed8d 7b08 	vstr	d7, [sp, #32]
10002ba6:	2500      	movs	r5, #0
10002ba8:	930c      	str	r3, [sp, #48]	@ 0x30
10002baa:	e672      	b.n	10002892 <_ftoa+0xca>
10002bac:	f1bb 0f00 	cmp.w	fp, #0
10002bb0:	d086      	beq.n	10002ac0 <_ftoa+0x2f8>
10002bb2:	e6e1      	b.n	10002978 <_ftoa+0x1b0>
10002bb4:	10006044 	.word	0x10006044
10002bb8:	10006150 	.word	0x10006150

10002bbc <_vsnprintf>:
10002bbc:	e92d 4ff0 	stmdb	sp!, {r4, r5, r6, r7, r8, r9, sl, fp, lr}
10002bc0:	469a      	mov	sl, r3
10002bc2:	b09b      	sub	sp, #108	@ 0x6c
10002bc4:	9c24      	ldr	r4, [sp, #144]	@ 0x90
10002bc6:	4d96      	ldr	r5, [pc, #600]	@ (10002e20 <_vsnprintf+0x264>)
10002bc8:	940b      	str	r4, [sp, #44]	@ 0x2c
10002bca:	4c96      	ldr	r4, [pc, #600]	@ (10002e24 <_vsnprintf+0x268>)
10002bcc:	1e0b      	subs	r3, r1, #0
10002bce:	bf18      	it	ne
10002bd0:	4683      	movne	fp, r0
10002bd2:	6025      	str	r5, [r4, #0]
10002bd4:	f89a 0000 	ldrb.w	r0, [sl]
10002bd8:	4c93      	ldr	r4, [pc, #588]	@ (10002e28 <_vsnprintf+0x26c>)
10002bda:	930a      	str	r3, [sp, #40]	@ 0x28
10002bdc:	bf08      	it	eq
10002bde:	46a3      	moveq	fp, r4
10002be0:	9209      	str	r2, [sp, #36]	@ 0x24
10002be2:	2800      	cmp	r0, #0
10002be4:	f000 82bc 	beq.w	10003160 <_vsnprintf+0x5a4>
10002be8:	f04f 0900 	mov.w	r9, #0
10002bec:	e00a      	b.n	10002c04 <_vsnprintf+0x48>
10002bee:	464a      	mov	r2, r9
10002bf0:	9b09      	ldr	r3, [sp, #36]	@ 0x24
10002bf2:	990a      	ldr	r1, [sp, #40]	@ 0x28
10002bf4:	f109 0901 	add.w	r9, r9, #1
10002bf8:	47d8      	blx	fp
10002bfa:	f89a 0000 	ldrb.w	r0, [sl]
10002bfe:	2800      	cmp	r0, #0
10002c00:	f000 80ce 	beq.w	10002da0 <_vsnprintf+0x1e4>
10002c04:	2825      	cmp	r0, #37	@ 0x25
10002c06:	f10a 0a01 	add.w	sl, sl, #1
10002c0a:	d1f0      	bne.n	10002bee <_vsnprintf+0x32>
10002c0c:	2300      	movs	r3, #0
10002c0e:	4652      	mov	r2, sl
10002c10:	f812 0b01 	ldrb.w	r0, [r2], #1
10002c14:	f1a0 0120 	sub.w	r1, r0, #32
10002c18:	2910      	cmp	r1, #16
10002c1a:	d80a      	bhi.n	10002c32 <_vsnprintf+0x76>
10002c1c:	e8df f001 	tbb	[pc, r1]
10002c20:	3c090940 	.word	0x3c090940
10002c24:	09090909 	.word	0x09090909
10002c28:	38090909 	.word	0x38090909
10002c2c:	09093409 	.word	0x09093409
10002c30:	30          	.byte	0x30
10002c31:	00          	.byte	0x00
10002c32:	f1a0 0130 	sub.w	r1, r0, #48	@ 0x30
10002c36:	2909      	cmp	r1, #9
10002c38:	f240 808c 	bls.w	10002d54 <_vsnprintf+0x198>
10002c3c:	282a      	cmp	r0, #42	@ 0x2a
10002c3e:	f000 80f5 	beq.w	10002e2c <_vsnprintf+0x270>
10002c42:	2100      	movs	r1, #0
10002c44:	910c      	str	r1, [sp, #48]	@ 0x30
10002c46:	282e      	cmp	r0, #46	@ 0x2e
10002c48:	f000 8099 	beq.w	10002d7e <_vsnprintf+0x1c2>
10002c4c:	2700      	movs	r7, #0
10002c4e:	f1a0 0168 	sub.w	r1, r0, #104	@ 0x68
10002c52:	2912      	cmp	r1, #18
10002c54:	d82d      	bhi.n	10002cb2 <_vsnprintf+0xf6>
10002c56:	e8df f011 	tbh	[pc, r1, lsl #1]
10002c5a:	0157      	.short	0x0157
10002c5c:	0151002c 	.word	0x0151002c
10002c60:	0145002c 	.word	0x0145002c
10002c64:	002c002c 	.word	0x002c002c
10002c68:	002c002c 	.word	0x002c002c
10002c6c:	002c002c 	.word	0x002c002c
10002c70:	0027002c 	.word	0x0027002c
10002c74:	002c002c 	.word	0x002c002c
10002c78:	002c002c 	.word	0x002c002c
10002c7c:	0027002c 	.word	0x0027002c
10002c80:	4692      	mov	sl, r2
10002c82:	f043 0301 	orr.w	r3, r3, #1
10002c86:	e7c2      	b.n	10002c0e <_vsnprintf+0x52>
10002c88:	4692      	mov	sl, r2
10002c8a:	f043 0302 	orr.w	r3, r3, #2
10002c8e:	e7be      	b.n	10002c0e <_vsnprintf+0x52>
10002c90:	4692      	mov	sl, r2
10002c92:	f043 0304 	orr.w	r3, r3, #4
10002c96:	e7ba      	b.n	10002c0e <_vsnprintf+0x52>
10002c98:	4692      	mov	sl, r2
10002c9a:	f043 0310 	orr.w	r3, r3, #16
10002c9e:	e7b6      	b.n	10002c0e <_vsnprintf+0x52>
10002ca0:	4692      	mov	sl, r2
10002ca2:	f043 0308 	orr.w	r3, r3, #8
10002ca6:	e7b2      	b.n	10002c0e <_vsnprintf+0x52>
10002ca8:	f89a 0001 	ldrb.w	r0, [sl, #1]
10002cac:	f443 7380 	orr.w	r3, r3, #256	@ 0x100
10002cb0:	3201      	adds	r2, #1
10002cb2:	2867      	cmp	r0, #103	@ 0x67
10002cb4:	4692      	mov	sl, r2
10002cb6:	f200 8082 	bhi.w	10002dbe <_vsnprintf+0x202>
10002cba:	2824      	cmp	r0, #36	@ 0x24
10002cbc:	f240 80c6 	bls.w	10002e4c <_vsnprintf+0x290>
10002cc0:	f1a0 0225 	sub.w	r2, r0, #37	@ 0x25
10002cc4:	2a42      	cmp	r2, #66	@ 0x42
10002cc6:	f200 80c1 	bhi.w	10002e4c <_vsnprintf+0x290>
10002cca:	e8df f012 	tbh	[pc, r2, lsl #1]
10002cce:	015f      	.short	0x015f
10002cd0:	00bf00bf 	.word	0x00bf00bf
10002cd4:	00bf00bf 	.word	0x00bf00bf
10002cd8:	00bf00bf 	.word	0x00bf00bf
10002cdc:	00bf00bf 	.word	0x00bf00bf
10002ce0:	00bf00bf 	.word	0x00bf00bf
10002ce4:	00bf00bf 	.word	0x00bf00bf
10002ce8:	00bf00bf 	.word	0x00bf00bf
10002cec:	00bf00bf 	.word	0x00bf00bf
10002cf0:	00bf00bf 	.word	0x00bf00bf
10002cf4:	00bf00bf 	.word	0x00bf00bf
10002cf8:	00bf00bf 	.word	0x00bf00bf
10002cfc:	00bf00bf 	.word	0x00bf00bf
10002d00:	00bf00bf 	.word	0x00bf00bf
10002d04:	00bf00bf 	.word	0x00bf00bf
10002d08:	00bf00bf 	.word	0x00bf00bf
10002d0c:	012600bf 	.word	0x012600bf
10002d10:	01260145 	.word	0x01260145
10002d14:	00bf00bf 	.word	0x00bf00bf
10002d18:	00bf00bf 	.word	0x00bf00bf
10002d1c:	00bf00bf 	.word	0x00bf00bf
10002d20:	00bf00bf 	.word	0x00bf00bf
10002d24:	00bf00bf 	.word	0x00bf00bf
10002d28:	00bf00bf 	.word	0x00bf00bf
10002d2c:	00bf00bf 	.word	0x00bf00bf
10002d30:	00bf00bf 	.word	0x00bf00bf
10002d34:	00bf01d3 	.word	0x00bf01d3
10002d38:	00bf00bf 	.word	0x00bf00bf
10002d3c:	00bf00bf 	.word	0x00bf00bf
10002d40:	00bf00bf 	.word	0x00bf00bf
10002d44:	00bf00bf 	.word	0x00bf00bf
10002d48:	016701d3 	.word	0x016701d3
10002d4c:	012601d3 	.word	0x012601d3
10002d50:	01260145 	.word	0x01260145
10002d54:	2100      	movs	r1, #0
10002d56:	e000      	b.n	10002d5a <_vsnprintf+0x19e>
10002d58:	3201      	adds	r2, #1
10002d5a:	eb01 0181 	add.w	r1, r1, r1, lsl #2
10002d5e:	eb00 0141 	add.w	r1, r0, r1, lsl #1
10002d62:	7810      	ldrb	r0, [r2, #0]
10002d64:	4692      	mov	sl, r2
10002d66:	f1a0 0430 	sub.w	r4, r0, #48	@ 0x30
10002d6a:	2c09      	cmp	r4, #9
10002d6c:	f1a1 0130 	sub.w	r1, r1, #48	@ 0x30
10002d70:	d9f2      	bls.n	10002d58 <_vsnprintf+0x19c>
10002d72:	282e      	cmp	r0, #46	@ 0x2e
10002d74:	910c      	str	r1, [sp, #48]	@ 0x30
10002d76:	f102 0201 	add.w	r2, r2, #1
10002d7a:	f47f af67 	bne.w	10002c4c <_vsnprintf+0x90>
10002d7e:	f89a 0001 	ldrb.w	r0, [sl, #1]
10002d82:	4611      	mov	r1, r2
10002d84:	f1a0 0630 	sub.w	r6, r0, #48	@ 0x30
10002d88:	2e09      	cmp	r6, #9
10002d8a:	f443 6380 	orr.w	r3, r3, #1024	@ 0x400
10002d8e:	f240 8131 	bls.w	10002ff4 <_vsnprintf+0x438>
10002d92:	282a      	cmp	r0, #42	@ 0x2a
10002d94:	f000 813e 	beq.w	10003014 <_vsnprintf+0x458>
10002d98:	4692      	mov	sl, r2
10002d9a:	2700      	movs	r7, #0
10002d9c:	3201      	adds	r2, #1
10002d9e:	e756      	b.n	10002c4e <_vsnprintf+0x92>
10002da0:	464c      	mov	r4, r9
10002da2:	9b09      	ldr	r3, [sp, #36]	@ 0x24
10002da4:	4599      	cmp	r9, r3
10002da6:	d301      	bcc.n	10002dac <_vsnprintf+0x1f0>
10002da8:	f103 39ff 	add.w	r9, r3, #4294967295	@ 0xffffffff
10002dac:	464a      	mov	r2, r9
10002dae:	2000      	movs	r0, #0
10002db0:	9b09      	ldr	r3, [sp, #36]	@ 0x24
10002db2:	990a      	ldr	r1, [sp, #40]	@ 0x28
10002db4:	47d8      	blx	fp
10002db6:	4620      	mov	r0, r4
10002db8:	b01b      	add	sp, #108	@ 0x6c
10002dba:	e8bd 8ff0 	ldmia.w	sp!, {r4, r5, r6, r7, r8, r9, sl, fp, pc}
10002dbe:	f1a0 0269 	sub.w	r2, r0, #105	@ 0x69
10002dc2:	b2d2      	uxtb	r2, r2
10002dc4:	2a0f      	cmp	r2, #15
10002dc6:	d841      	bhi.n	10002e4c <_vsnprintf+0x290>
10002dc8:	2601      	movs	r6, #1
10002dca:	f249 0141 	movw	r1, #36929	@ 0x9041
10002dce:	4096      	lsls	r6, r2
10002dd0:	400e      	ands	r6, r1
10002dd2:	f040 8101 	bne.w	10002fd8 <_vsnprintf+0x41c>
10002dd6:	2a0a      	cmp	r2, #10
10002dd8:	d03f      	beq.n	10002e5a <_vsnprintf+0x29e>
10002dda:	2a07      	cmp	r2, #7
10002ddc:	d136      	bne.n	10002e4c <_vsnprintf+0x290>
10002dde:	9c0b      	ldr	r4, [sp, #44]	@ 0x2c
10002de0:	f854 2b04 	ldr.w	r2, [r4], #4
10002de4:	2a00      	cmp	r2, #0
10002de6:	f000 8128 	beq.w	1000303a <_vsnprintf+0x47e>
10002dea:	f043 0121 	orr.w	r1, r3, #33	@ 0x21
10002dee:	f10d 0e48 	add.w	lr, sp, #72	@ 0x48
10002df2:	4670      	mov	r0, lr
10002df4:	e003      	b.n	10002dfe <_vsnprintf+0x242>
10002df6:	2e20      	cmp	r6, #32
10002df8:	f000 8129 	beq.w	1000304e <_vsnprintf+0x492>
10002dfc:	461a      	mov	r2, r3
10002dfe:	f002 050f 	and.w	r5, r2, #15
10002e02:	462b      	mov	r3, r5
10002e04:	2d09      	cmp	r5, #9
10002e06:	bf94      	ite	ls
10002e08:	3330      	addls	r3, #48	@ 0x30
10002e0a:	3337      	addhi	r3, #55	@ 0x37
10002e0c:	2a0f      	cmp	r2, #15
10002e0e:	f800 3b01 	strb.w	r3, [r0], #1
10002e12:	f106 0601 	add.w	r6, r6, #1
10002e16:	ea4f 1312 	mov.w	r3, r2, lsr #4
10002e1a:	d8ec      	bhi.n	10002df6 <_vsnprintf+0x23a>
10002e1c:	e117      	b.n	1000304e <_vsnprintf+0x492>
10002e1e:	bf00      	nop
10002e20:	10002bbd 	.word	0x10002bbd
10002e24:	20001ea0 	.word	0x20001ea0
10002e28:	1000200d 	.word	0x1000200d
10002e2c:	9c0b      	ldr	r4, [sp, #44]	@ 0x2c
10002e2e:	f89a 0001 	ldrb.w	r0, [sl, #1]
10002e32:	f854 5b04 	ldr.w	r5, [r4], #4
10002e36:	4692      	mov	sl, r2
10002e38:	2d00      	cmp	r5, #0
10002e3a:	bfbd      	ittte	lt
10002e3c:	4269      	neglt	r1, r5
10002e3e:	f043 0302 	orrlt.w	r3, r3, #2
10002e42:	910c      	strlt	r1, [sp, #48]	@ 0x30
10002e44:	950c      	strge	r5, [sp, #48]	@ 0x30
10002e46:	940b      	str	r4, [sp, #44]	@ 0x2c
10002e48:	3201      	adds	r2, #1
10002e4a:	e6fc      	b.n	10002c46 <_vsnprintf+0x8a>
10002e4c:	464a      	mov	r2, r9
10002e4e:	9b09      	ldr	r3, [sp, #36]	@ 0x24
10002e50:	990a      	ldr	r1, [sp, #40]	@ 0x28
10002e52:	f109 0901 	add.w	r9, r9, #1
10002e56:	47d8      	blx	fp
10002e58:	e6cf      	b.n	10002bfa <_vsnprintf+0x3e>
10002e5a:	990b      	ldr	r1, [sp, #44]	@ 0x2c
10002e5c:	f851 8b04 	ldr.w	r8, [r1], #4
10002e60:	f898 2000 	ldrb.w	r2, [r8]
10002e64:	4610      	mov	r0, r2
10002e66:	2f00      	cmp	r7, #0
10002e68:	f040 80e1 	bne.w	1000302e <_vsnprintf+0x472>
10002e6c:	b172      	cbz	r2, 10002e8c <_vsnprintf+0x2d0>
10002e6e:	f06f 0c01 	mvn.w	ip, #1
10002e72:	f10c 0c01 	add.w	ip, ip, #1
10002e76:	4646      	mov	r6, r8
10002e78:	44c4      	add	ip, r8
10002e7a:	e001      	b.n	10002e80 <_vsnprintf+0x2c4>
10002e7c:	4566      	cmp	r6, ip
10002e7e:	d003      	beq.n	10002e88 <_vsnprintf+0x2cc>
10002e80:	f816 4f01 	ldrb.w	r4, [r6, #1]!
10002e84:	2c00      	cmp	r4, #0
10002e86:	d1f9      	bne.n	10002e7c <_vsnprintf+0x2c0>
10002e88:	eba6 0608 	sub.w	r6, r6, r8
10002e8c:	f413 6c80 	ands.w	ip, r3, #1024	@ 0x400
10002e90:	d002      	beq.n	10002e98 <_vsnprintf+0x2dc>
10002e92:	42be      	cmp	r6, r7
10002e94:	bf28      	it	cs
10002e96:	463e      	movcs	r6, r7
10002e98:	f013 0402 	ands.w	r4, r3, #2
10002e9c:	f000 8187 	beq.w	100031ae <_vsnprintf+0x5f2>
10002ea0:	2a00      	cmp	r2, #0
10002ea2:	f000 812b 	beq.w	100030fc <_vsnprintf+0x540>
10002ea6:	f1bc 0f00 	cmp.w	ip, #0
10002eaa:	f000 8141 	beq.w	10003130 <_vsnprintf+0x574>
10002eae:	940b      	str	r4, [sp, #44]	@ 0x2c
10002eb0:	960d      	str	r6, [sp, #52]	@ 0x34
10002eb2:	464a      	mov	r2, r9
10002eb4:	e9dd 5409 	ldrd	r5, r4, [sp, #36]	@ 0x24
10002eb8:	460e      	mov	r6, r1
10002eba:	444f      	add	r7, r9
10002ebc:	e008      	b.n	10002ed0 <_vsnprintf+0x314>
10002ebe:	462b      	mov	r3, r5
10002ec0:	4621      	mov	r1, r4
10002ec2:	47d8      	blx	fp
10002ec4:	f818 0f01 	ldrb.w	r0, [r8, #1]!
10002ec8:	f109 0901 	add.w	r9, r9, #1
10002ecc:	b110      	cbz	r0, 10002ed4 <_vsnprintf+0x318>
10002ece:	464a      	mov	r2, r9
10002ed0:	454f      	cmp	r7, r9
10002ed2:	d1f4      	bne.n	10002ebe <_vsnprintf+0x302>
10002ed4:	4631      	mov	r1, r6
10002ed6:	9c0b      	ldr	r4, [sp, #44]	@ 0x2c
10002ed8:	9e0d      	ldr	r6, [sp, #52]	@ 0x34
10002eda:	2c00      	cmp	r4, #0
10002edc:	f040 810e 	bne.w	100030fc <_vsnprintf+0x540>
10002ee0:	910b      	str	r1, [sp, #44]	@ 0x2c
10002ee2:	e68a      	b.n	10002bfa <_vsnprintf+0x3e>
10002ee4:	f89a 0001 	ldrb.w	r0, [sl, #1]
10002ee8:	286c      	cmp	r0, #108	@ 0x6c
10002eea:	f47f aedf 	bne.w	10002cac <_vsnprintf+0xf0>
10002eee:	f89a 0002 	ldrb.w	r0, [sl, #2]
10002ef2:	f443 7340 	orr.w	r3, r3, #768	@ 0x300
10002ef6:	f10a 0203 	add.w	r2, sl, #3
10002efa:	e6da      	b.n	10002cb2 <_vsnprintf+0xf6>
10002efc:	f89a 0001 	ldrb.w	r0, [sl, #1]
10002f00:	f443 7300 	orr.w	r3, r3, #512	@ 0x200
10002f04:	3201      	adds	r2, #1
10002f06:	e6d4      	b.n	10002cb2 <_vsnprintf+0xf6>
10002f08:	f89a 0001 	ldrb.w	r0, [sl, #1]
10002f0c:	2868      	cmp	r0, #104	@ 0x68
10002f0e:	f000 8120 	beq.w	10003152 <_vsnprintf+0x596>
10002f12:	f043 0380 	orr.w	r3, r3, #128	@ 0x80
10002f16:	3201      	adds	r2, #1
10002f18:	e6cb      	b.n	10002cb2 <_vsnprintf+0xf6>
10002f1a:	2867      	cmp	r0, #103	@ 0x67
10002f1c:	f000 80e7 	beq.w	100030ee <_vsnprintf+0x532>
10002f20:	2847      	cmp	r0, #71	@ 0x47
10002f22:	f000 8100 	beq.w	10003126 <_vsnprintf+0x56a>
10002f26:	2845      	cmp	r0, #69	@ 0x45
10002f28:	f000 80ff 	beq.w	1000312a <_vsnprintf+0x56e>
10002f2c:	9c0b      	ldr	r4, [sp, #44]	@ 0x2c
10002f2e:	9304      	str	r3, [sp, #16]
10002f30:	9b0c      	ldr	r3, [sp, #48]	@ 0x30
10002f32:	3407      	adds	r4, #7
10002f34:	e9cd 7302 	strd	r7, r3, [sp, #8]
10002f38:	f024 0307 	bic.w	r3, r4, #7
10002f3c:	461c      	mov	r4, r3
10002f3e:	e9dd 3109 	ldrd	r3, r1, [sp, #36]	@ 0x24
10002f42:	e8f4 6702 	ldrd	r6, r7, [r4], #8
10002f46:	464a      	mov	r2, r9
10002f48:	4658      	mov	r0, fp
10002f4a:	e9cd 6700 	strd	r6, r7, [sp]
10002f4e:	940b      	str	r4, [sp, #44]	@ 0x2c
10002f50:	f7ff fa0a 	bl	10002368 <_etoa>
10002f54:	4681      	mov	r9, r0
10002f56:	e650      	b.n	10002bfa <_vsnprintf+0x3e>
10002f58:	2846      	cmp	r0, #70	@ 0x46
10002f5a:	9c0b      	ldr	r4, [sp, #44]	@ 0x2c
10002f5c:	bf08      	it	eq
10002f5e:	f043 0320 	orreq.w	r3, r3, #32
10002f62:	9304      	str	r3, [sp, #16]
10002f64:	9b0c      	ldr	r3, [sp, #48]	@ 0x30
10002f66:	3407      	adds	r4, #7
10002f68:	e9cd 7302 	strd	r7, r3, [sp, #8]
10002f6c:	f024 0307 	bic.w	r3, r4, #7
10002f70:	461c      	mov	r4, r3
10002f72:	e9dd 3109 	ldrd	r3, r1, [sp, #36]	@ 0x24
10002f76:	e8f4 6702 	ldrd	r6, r7, [r4], #8
10002f7a:	464a      	mov	r2, r9
10002f7c:	4658      	mov	r0, fp
10002f7e:	e9cd 6700 	strd	r6, r7, [sp]
10002f82:	940b      	str	r4, [sp, #44]	@ 0x2c
10002f84:	f7ff fc20 	bl	100027c8 <_ftoa>
10002f88:	4681      	mov	r9, r0
10002f8a:	e636      	b.n	10002bfa <_vsnprintf+0x3e>
10002f8c:	464a      	mov	r2, r9
10002f8e:	2025      	movs	r0, #37	@ 0x25
10002f90:	9b09      	ldr	r3, [sp, #36]	@ 0x24
10002f92:	990a      	ldr	r1, [sp, #40]	@ 0x28
10002f94:	f109 0901 	add.w	r9, r9, #1
10002f98:	47d8      	blx	fp
10002f9a:	e62e      	b.n	10002bfa <_vsnprintf+0x3e>
10002f9c:	9a0b      	ldr	r2, [sp, #44]	@ 0x2c
10002f9e:	079c      	lsls	r4, r3, #30
10002fa0:	f102 0704 	add.w	r7, r2, #4
10002fa4:	f109 0601 	add.w	r6, r9, #1
10002fa8:	f140 80e6 	bpl.w	10003178 <_vsnprintf+0x5bc>
10002fac:	7810      	ldrb	r0, [r2, #0]
10002fae:	9b09      	ldr	r3, [sp, #36]	@ 0x24
10002fb0:	464a      	mov	r2, r9
10002fb2:	990a      	ldr	r1, [sp, #40]	@ 0x28
10002fb4:	47d8      	blx	fp
10002fb6:	9b0c      	ldr	r3, [sp, #48]	@ 0x30
10002fb8:	2b01      	cmp	r3, #1
10002fba:	f240 812c 	bls.w	10003216 <_vsnprintf+0x65a>
10002fbe:	e9dd 5409 	ldrd	r5, r4, [sp, #36]	@ 0x24
10002fc2:	4499      	add	r9, r3
10002fc4:	4632      	mov	r2, r6
10002fc6:	462b      	mov	r3, r5
10002fc8:	4621      	mov	r1, r4
10002fca:	2020      	movs	r0, #32
10002fcc:	3601      	adds	r6, #1
10002fce:	47d8      	blx	fp
10002fd0:	454e      	cmp	r6, r9
10002fd2:	d1f7      	bne.n	10002fc4 <_vsnprintf+0x408>
10002fd4:	970b      	str	r7, [sp, #44]	@ 0x2c
10002fd6:	e610      	b.n	10002bfa <_vsnprintf+0x3e>
10002fd8:	286f      	cmp	r0, #111	@ 0x6f
10002fda:	f000 808b 	beq.w	100030f4 <_vsnprintf+0x538>
10002fde:	f240 8165 	bls.w	100032ac <_vsnprintf+0x6f0>
10002fe2:	2878      	cmp	r0, #120	@ 0x78
10002fe4:	f000 8108 	beq.w	100031f8 <_vsnprintf+0x63c>
10002fe8:	f04f 080a 	mov.w	r8, #10
10002fec:	f023 0310 	bic.w	r3, r3, #16
10002ff0:	46c4      	mov	ip, r8
10002ff2:	e047      	b.n	10003084 <_vsnprintf+0x4c8>
10002ff4:	2700      	movs	r7, #0
10002ff6:	eb07 0787 	add.w	r7, r7, r7, lsl #2
10002ffa:	eb00 0047 	add.w	r0, r0, r7, lsl #1
10002ffe:	f1a0 0730 	sub.w	r7, r0, #48	@ 0x30
10003002:	f811 0f01 	ldrb.w	r0, [r1, #1]!
10003006:	f1a0 0230 	sub.w	r2, r0, #48	@ 0x30
1000300a:	2a09      	cmp	r2, #9
1000300c:	d9f3      	bls.n	10002ff6 <_vsnprintf+0x43a>
1000300e:	468a      	mov	sl, r1
10003010:	1c4a      	adds	r2, r1, #1
10003012:	e61c      	b.n	10002c4e <_vsnprintf+0x92>
10003014:	9c0b      	ldr	r4, [sp, #44]	@ 0x2c
10003016:	f89a 0002 	ldrb.w	r0, [sl, #2]
1000301a:	f854 7b04 	ldr.w	r7, [r4], #4
1000301e:	f10a 0a02 	add.w	sl, sl, #2
10003022:	f10a 0201 	add.w	r2, sl, #1
10003026:	940b      	str	r4, [sp, #44]	@ 0x2c
10003028:	ea27 77e7 	bic.w	r7, r7, r7, asr #31
1000302c:	e60f      	b.n	10002c4e <_vsnprintf+0x92>
1000302e:	2a00      	cmp	r2, #0
10003030:	f43f af2c 	beq.w	10002e8c <_vsnprintf+0x2d0>
10003034:	f107 3cff 	add.w	ip, r7, #4294967295	@ 0xffffffff
10003038:	e71b      	b.n	10002e72 <_vsnprintf+0x2b6>
1000303a:	f023 0110 	bic.w	r1, r3, #16
1000303e:	f413 6280 	ands.w	r2, r3, #1024	@ 0x400
10003042:	f041 0121 	orr.w	r1, r1, #33	@ 0x21
10003046:	f43f aed2 	beq.w	10002dee <_vsnprintf+0x232>
1000304a:	f10d 0e48 	add.w	lr, sp, #72	@ 0x48
1000304e:	2308      	movs	r3, #8
10003050:	2010      	movs	r0, #16
10003052:	9305      	str	r3, [sp, #20]
10003054:	2300      	movs	r3, #0
10003056:	464a      	mov	r2, r9
10003058:	e9cd 3002 	strd	r3, r0, [sp, #8]
1000305c:	9106      	str	r1, [sp, #24]
1000305e:	4658      	mov	r0, fp
10003060:	e9dd 3109 	ldrd	r3, r1, [sp, #36]	@ 0x24
10003064:	e9cd e600 	strd	lr, r6, [sp]
10003068:	9704      	str	r7, [sp, #16]
1000306a:	f7ff f81f 	bl	100020ac <_ntoa_format>
1000306e:	940b      	str	r4, [sp, #44]	@ 0x2c
10003070:	4681      	mov	r9, r0
10003072:	e5c2      	b.n	10002bfa <_vsnprintf+0x3e>
10003074:	2858      	cmp	r0, #88	@ 0x58
10003076:	d079      	beq.n	1000316c <_vsnprintf+0x5b0>
10003078:	2862      	cmp	r0, #98	@ 0x62
1000307a:	f040 8251 	bne.w	10003520 <_vsnprintf+0x964>
1000307e:	f04f 0802 	mov.w	r8, #2
10003082:	46c4      	mov	ip, r8
10003084:	f413 6080 	ands.w	r0, r3, #1024	@ 0x400
10003088:	d16d      	bne.n	10003166 <_vsnprintf+0x5aa>
1000308a:	f023 030c 	bic.w	r3, r3, #12
1000308e:	f413 7200 	ands.w	r2, r3, #512	@ 0x200
10003092:	f040 80c2 	bne.w	1000321a <_vsnprintf+0x65e>
10003096:	990b      	ldr	r1, [sp, #44]	@ 0x2c
10003098:	3104      	adds	r1, #4
1000309a:	910d      	str	r1, [sp, #52]	@ 0x34
1000309c:	f413 7180 	ands.w	r1, r3, #256	@ 0x100
100030a0:	f040 822e 	bne.w	10003500 <_vsnprintf+0x944>
100030a4:	065e      	lsls	r6, r3, #25
100030a6:	9a0b      	ldr	r2, [sp, #44]	@ 0x2c
100030a8:	f140 80aa 	bpl.w	10003200 <_vsnprintf+0x644>
100030ac:	7812      	ldrb	r2, [r2, #0]
100030ae:	2a00      	cmp	r2, #0
100030b0:	f040 80da 	bne.w	10003268 <_vsnprintf+0x6ac>
100030b4:	f023 0310 	bic.w	r3, r3, #16
100030b8:	2800      	cmp	r0, #0
100030ba:	f000 80d5 	beq.w	10003268 <_vsnprintf+0x6ac>
100030be:	4611      	mov	r1, r2
100030c0:	f10d 0e48 	add.w	lr, sp, #72	@ 0x48
100030c4:	9306      	str	r3, [sp, #24]
100030c6:	9b0c      	ldr	r3, [sp, #48]	@ 0x30
100030c8:	f8cd c00c 	str.w	ip, [sp, #12]
100030cc:	e9cd 7304 	strd	r7, r3, [sp, #16]
100030d0:	9101      	str	r1, [sp, #4]
100030d2:	2300      	movs	r3, #0
100030d4:	464a      	mov	r2, r9
100030d6:	9302      	str	r3, [sp, #8]
100030d8:	4658      	mov	r0, fp
100030da:	e9dd 3109 	ldrd	r3, r1, [sp, #36]	@ 0x24
100030de:	f8cd e000 	str.w	lr, [sp]
100030e2:	f7fe ffe3 	bl	100020ac <_ntoa_format>
100030e6:	9b0d      	ldr	r3, [sp, #52]	@ 0x34
100030e8:	4681      	mov	r9, r0
100030ea:	930b      	str	r3, [sp, #44]	@ 0x2c
100030ec:	e585      	b.n	10002bfa <_vsnprintf+0x3e>
100030ee:	f443 6300 	orr.w	r3, r3, #2048	@ 0x800
100030f2:	e71b      	b.n	10002f2c <_vsnprintf+0x370>
100030f4:	f04f 0808 	mov.w	r8, #8
100030f8:	46c4      	mov	ip, r8
100030fa:	e7c3      	b.n	10003084 <_vsnprintf+0x4c8>
100030fc:	9b0c      	ldr	r3, [sp, #48]	@ 0x30
100030fe:	464c      	mov	r4, r9
10003100:	42b3      	cmp	r3, r6
10003102:	f67f aeed 	bls.w	10002ee0 <_vsnprintf+0x324>
10003106:	460f      	mov	r7, r1
10003108:	444b      	add	r3, r9
1000310a:	eba3 0906 	sub.w	r9, r3, r6
1000310e:	e9dd 6509 	ldrd	r6, r5, [sp, #36]	@ 0x24
10003112:	4622      	mov	r2, r4
10003114:	4633      	mov	r3, r6
10003116:	4629      	mov	r1, r5
10003118:	2020      	movs	r0, #32
1000311a:	3401      	adds	r4, #1
1000311c:	47d8      	blx	fp
1000311e:	454c      	cmp	r4, r9
10003120:	d1f7      	bne.n	10003112 <_vsnprintf+0x556>
10003122:	4639      	mov	r1, r7
10003124:	e6dc      	b.n	10002ee0 <_vsnprintf+0x324>
10003126:	f443 6300 	orr.w	r3, r3, #2048	@ 0x800
1000312a:	f043 0320 	orr.w	r3, r3, #32
1000312e:	e6fd      	b.n	10002f2c <_vsnprintf+0x370>
10003130:	460f      	mov	r7, r1
10003132:	940b      	str	r4, [sp, #44]	@ 0x2c
10003134:	e9dd 5409 	ldrd	r5, r4, [sp, #36]	@ 0x24
10003138:	464a      	mov	r2, r9
1000313a:	462b      	mov	r3, r5
1000313c:	4621      	mov	r1, r4
1000313e:	47d8      	blx	fp
10003140:	f818 0f01 	ldrb.w	r0, [r8, #1]!
10003144:	f109 0901 	add.w	r9, r9, #1
10003148:	2800      	cmp	r0, #0
1000314a:	d1f5      	bne.n	10003138 <_vsnprintf+0x57c>
1000314c:	4639      	mov	r1, r7
1000314e:	9c0b      	ldr	r4, [sp, #44]	@ 0x2c
10003150:	e6c3      	b.n	10002eda <_vsnprintf+0x31e>
10003152:	f89a 0002 	ldrb.w	r0, [sl, #2]
10003156:	f043 03c0 	orr.w	r3, r3, #192	@ 0xc0
1000315a:	f10a 0203 	add.w	r2, sl, #3
1000315e:	e5a8      	b.n	10002cb2 <_vsnprintf+0xf6>
10003160:	4604      	mov	r4, r0
10003162:	4681      	mov	r9, r0
10003164:	e61d      	b.n	10002da2 <_vsnprintf+0x1e6>
10003166:	f023 030d 	bic.w	r3, r3, #13
1000316a:	e790      	b.n	1000308e <_vsnprintf+0x4d2>
1000316c:	f04f 0810 	mov.w	r8, #16
10003170:	f043 0320 	orr.w	r3, r3, #32
10003174:	46c4      	mov	ip, r8
10003176:	e785      	b.n	10003084 <_vsnprintf+0x4c8>
10003178:	9b0c      	ldr	r3, [sp, #48]	@ 0x30
1000317a:	2b01      	cmp	r3, #1
1000317c:	d945      	bls.n	1000320a <_vsnprintf+0x64e>
1000317e:	e9dd 5409 	ldrd	r5, r4, [sp, #36]	@ 0x24
10003182:	464e      	mov	r6, r9
10003184:	f109 38ff 	add.w	r8, r9, #4294967295	@ 0xffffffff
10003188:	4498      	add	r8, r3
1000318a:	4632      	mov	r2, r6
1000318c:	462b      	mov	r3, r5
1000318e:	4621      	mov	r1, r4
10003190:	2020      	movs	r0, #32
10003192:	3601      	adds	r6, #1
10003194:	47d8      	blx	fp
10003196:	4546      	cmp	r6, r8
10003198:	d1f7      	bne.n	1000318a <_vsnprintf+0x5ce>
1000319a:	9b0c      	ldr	r3, [sp, #48]	@ 0x30
1000319c:	4632      	mov	r2, r6
1000319e:	4499      	add	r9, r3
100031a0:	9b0b      	ldr	r3, [sp, #44]	@ 0x2c
100031a2:	7818      	ldrb	r0, [r3, #0]
100031a4:	e9dd 3109 	ldrd	r3, r1, [sp, #36]	@ 0x24
100031a8:	47d8      	blx	fp
100031aa:	970b      	str	r7, [sp, #44]	@ 0x2c
100031ac:	e525      	b.n	10002bfa <_vsnprintf+0x3e>
100031ae:	9b0c      	ldr	r3, [sp, #48]	@ 0x30
100031b0:	42b3      	cmp	r3, r6
100031b2:	f240 81ee 	bls.w	10003592 <_vsnprintf+0x9d6>
100031b6:	e9cd 480d 	strd	r4, r8, [sp, #52]	@ 0x34
100031ba:	e9dd 5409 	ldrd	r5, r4, [sp, #36]	@ 0x24
100031be:	4688      	mov	r8, r1
100031c0:	444b      	add	r3, r9
100031c2:	1b9e      	subs	r6, r3, r6
100031c4:	f8cd c02c 	str.w	ip, [sp, #44]	@ 0x2c
100031c8:	464a      	mov	r2, r9
100031ca:	462b      	mov	r3, r5
100031cc:	4621      	mov	r1, r4
100031ce:	2020      	movs	r0, #32
100031d0:	f109 0901 	add.w	r9, r9, #1
100031d4:	47d8      	blx	fp
100031d6:	45b1      	cmp	r9, r6
100031d8:	d1f6      	bne.n	100031c8 <_vsnprintf+0x60c>
100031da:	4641      	mov	r1, r8
100031dc:	f8dd 8038 	ldr.w	r8, [sp, #56]	@ 0x38
100031e0:	9b0c      	ldr	r3, [sp, #48]	@ 0x30
100031e2:	f8dd c02c 	ldr.w	ip, [sp, #44]	@ 0x2c
100031e6:	9c0d      	ldr	r4, [sp, #52]	@ 0x34
100031e8:	f898 2000 	ldrb.w	r2, [r8]
100031ec:	1c5e      	adds	r6, r3, #1
100031ee:	4610      	mov	r0, r2
100031f0:	2a00      	cmp	r2, #0
100031f2:	f47f ae58 	bne.w	10002ea6 <_vsnprintf+0x2ea>
100031f6:	e673      	b.n	10002ee0 <_vsnprintf+0x324>
100031f8:	f04f 0810 	mov.w	r8, #16
100031fc:	46c4      	mov	ip, r8
100031fe:	e741      	b.n	10003084 <_vsnprintf+0x4c8>
10003200:	061d      	lsls	r5, r3, #24
10003202:	bf4c      	ite	mi
10003204:	8812      	ldrhmi	r2, [r2, #0]
10003206:	6812      	ldrpl	r2, [r2, #0]
10003208:	e751      	b.n	100030ae <_vsnprintf+0x4f2>
1000320a:	4613      	mov	r3, r2
1000320c:	464a      	mov	r2, r9
1000320e:	7818      	ldrb	r0, [r3, #0]
10003210:	e9dd 3109 	ldrd	r3, r1, [sp, #36]	@ 0x24
10003214:	47d8      	blx	fp
10003216:	46b1      	mov	r9, r6
10003218:	e6dc      	b.n	10002fd4 <_vsnprintf+0x418>
1000321a:	9c0b      	ldr	r4, [sp, #44]	@ 0x2c
1000321c:	3407      	adds	r4, #7
1000321e:	f024 0407 	bic.w	r4, r4, #7
10003222:	4622      	mov	r2, r4
10003224:	6865      	ldr	r5, [r4, #4]
10003226:	f852 4b08 	ldr.w	r4, [r2], #8
1000322a:	920b      	str	r2, [sp, #44]	@ 0x2c
1000322c:	ea54 0205 	orrs.w	r2, r4, r5
10003230:	f040 812c 	bne.w	1000348c <_vsnprintf+0x8d0>
10003234:	f023 0310 	bic.w	r3, r3, #16
10003238:	2800      	cmp	r0, #0
1000323a:	f000 8127 	beq.w	1000348c <_vsnprintf+0x8d0>
1000323e:	2600      	movs	r6, #0
10003240:	f10d 0e48 	add.w	lr, sp, #72	@ 0x48
10003244:	9306      	str	r3, [sp, #24]
10003246:	9b0c      	ldr	r3, [sp, #48]	@ 0x30
10003248:	464a      	mov	r2, r9
1000324a:	e9cd 7304 	strd	r7, r3, [sp, #16]
1000324e:	2300      	movs	r3, #0
10003250:	e9cd e600 	strd	lr, r6, [sp]
10003254:	f8cd c00c 	str.w	ip, [sp, #12]
10003258:	9302      	str	r3, [sp, #8]
1000325a:	4658      	mov	r0, fp
1000325c:	e9dd 3109 	ldrd	r3, r1, [sp, #36]	@ 0x24
10003260:	f7fe ff24 	bl	100020ac <_ntoa_format>
10003264:	4681      	mov	r9, r0
10003266:	e4c8      	b.n	10002bfa <_vsnprintf+0x3e>
10003268:	f013 0f20 	tst.w	r3, #32
1000326c:	bf14      	ite	ne
1000326e:	2041      	movne	r0, #65	@ 0x41
10003270:	2061      	moveq	r0, #97	@ 0x61
10003272:	f10d 0e48 	add.w	lr, sp, #72	@ 0x48
10003276:	4676      	mov	r6, lr
10003278:	f1a0 080a 	sub.w	r8, r0, #10
1000327c:	e003      	b.n	10003286 <_vsnprintf+0x6ca>
1000327e:	2920      	cmp	r1, #32
10003280:	f43f af20 	beq.w	100030c4 <_vsnprintf+0x508>
10003284:	4622      	mov	r2, r4
10003286:	fbb2 f4fc 	udiv	r4, r2, ip
1000328a:	fb0c 2514 	mls	r5, ip, r4, r2
1000328e:	b2e8      	uxtb	r0, r5
10003290:	2d09      	cmp	r5, #9
10003292:	f100 0530 	add.w	r5, r0, #48	@ 0x30
10003296:	bf8a      	itet	hi
10003298:	4440      	addhi	r0, r8
1000329a:	b2e8      	uxtbls	r0, r5
1000329c:	b2c0      	uxtbhi	r0, r0
1000329e:	4562      	cmp	r2, ip
100032a0:	f806 0b01 	strb.w	r0, [r6], #1
100032a4:	f101 0101 	add.w	r1, r1, #1
100032a8:	d2e9      	bcs.n	1000327e <_vsnprintf+0x6c2>
100032aa:	e70b      	b.n	100030c4 <_vsnprintf+0x508>
100032ac:	f023 0210 	bic.w	r2, r3, #16
100032b0:	2869      	cmp	r0, #105	@ 0x69
100032b2:	920d      	str	r2, [sp, #52]	@ 0x34
100032b4:	f040 816f 	bne.w	10003596 <_vsnprintf+0x9da>
100032b8:	f413 6280 	ands.w	r2, r3, #1024	@ 0x400
100032bc:	d004      	beq.n	100032c8 <_vsnprintf+0x70c>
100032be:	f44f 6280 	mov.w	r2, #1024	@ 0x400
100032c2:	f023 0311 	bic.w	r3, r3, #17
100032c6:	930d      	str	r3, [sp, #52]	@ 0x34
100032c8:	9b0d      	ldr	r3, [sp, #52]	@ 0x34
100032ca:	f413 7600 	ands.w	r6, r3, #512	@ 0x200
100032ce:	d140      	bne.n	10003352 <_vsnprintf+0x796>
100032d0:	9b0b      	ldr	r3, [sp, #44]	@ 0x2c
100032d2:	f103 0804 	add.w	r8, r3, #4
100032d6:	9b0d      	ldr	r3, [sp, #52]	@ 0x34
100032d8:	f413 7080 	ands.w	r0, r3, #256	@ 0x100
100032dc:	f040 8098 	bne.w	10003410 <_vsnprintf+0x854>
100032e0:	0659      	lsls	r1, r3, #25
100032e2:	f140 80c6 	bpl.w	10003472 <_vsnprintf+0x8b6>
100032e6:	9b0b      	ldr	r3, [sp, #44]	@ 0x2c
100032e8:	7819      	ldrb	r1, [r3, #0]
100032ea:	460c      	mov	r4, r1
100032ec:	0fcb      	lsrs	r3, r1, #31
100032ee:	2900      	cmp	r1, #0
100032f0:	f000 80b9 	beq.w	10003466 <_vsnprintf+0x8aa>
100032f4:	4622      	mov	r2, r4
100032f6:	f10d 0e48 	add.w	lr, sp, #72	@ 0x48
100032fa:	4674      	mov	r4, lr
100032fc:	4616      	mov	r6, r2
100032fe:	f8df c2a0 	ldr.w	ip, [pc, #672]	@ 100035a0 <_vsnprintf+0x9e4>
10003302:	e001      	b.n	10003308 <_vsnprintf+0x74c>
10003304:	2820      	cmp	r0, #32
10003306:	d00f      	beq.n	10003328 <_vsnprintf+0x76c>
10003308:	4635      	mov	r5, r6
1000330a:	fbac 2106 	umull	r2, r1, ip, r6
1000330e:	08c9      	lsrs	r1, r1, #3
10003310:	eb01 0281 	add.w	r2, r1, r1, lsl #2
10003314:	eba6 0242 	sub.w	r2, r6, r2, lsl #1
10003318:	3230      	adds	r2, #48	@ 0x30
1000331a:	2d09      	cmp	r5, #9
1000331c:	460e      	mov	r6, r1
1000331e:	f100 0001 	add.w	r0, r0, #1
10003322:	f804 2b01 	strb.w	r2, [r4], #1
10003326:	d8ed      	bhi.n	10003304 <_vsnprintf+0x748>
10003328:	9a0d      	ldr	r2, [sp, #52]	@ 0x34
1000332a:	e9cd 0301 	strd	r0, r3, [sp, #4]
1000332e:	9206      	str	r2, [sp, #24]
10003330:	9a0c      	ldr	r2, [sp, #48]	@ 0x30
10003332:	e9cd 7204 	strd	r7, r2, [sp, #16]
10003336:	230a      	movs	r3, #10
10003338:	464a      	mov	r2, r9
1000333a:	9303      	str	r3, [sp, #12]
1000333c:	4658      	mov	r0, fp
1000333e:	e9dd 3109 	ldrd	r3, r1, [sp, #36]	@ 0x24
10003342:	f8cd e000 	str.w	lr, [sp]
10003346:	f7fe feb1 	bl	100020ac <_ntoa_format>
1000334a:	f8cd 802c 	str.w	r8, [sp, #44]	@ 0x2c
1000334e:	4681      	mov	r9, r0
10003350:	e453      	b.n	10002bfa <_vsnprintf+0x3e>
10003352:	9c0b      	ldr	r4, [sp, #44]	@ 0x2c
10003354:	3407      	adds	r4, #7
10003356:	f024 0407 	bic.w	r4, r4, #7
1000335a:	4621      	mov	r1, r4
1000335c:	4608      	mov	r0, r1
1000335e:	6863      	ldr	r3, [r4, #4]
10003360:	f850 1b08 	ldr.w	r1, [r0], #8
10003364:	0fdc      	lsrs	r4, r3, #31
10003366:	900b      	str	r0, [sp, #44]	@ 0x2c
10003368:	ea51 0003 	orrs.w	r0, r1, r3
1000336c:	f000 80c3 	beq.w	100034f6 <_vsnprintf+0x93a>
10003370:	460a      	mov	r2, r1
10003372:	1e19      	subs	r1, r3, #0
10003374:	db48      	blt.n	10003408 <_vsnprintf+0x84c>
10003376:	4613      	mov	r3, r2
10003378:	f10d 0e48 	add.w	lr, sp, #72	@ 0x48
1000337c:	46f4      	mov	ip, lr
1000337e:	2600      	movs	r6, #0
10003380:	e9cd 940e 	strd	r9, r4, [sp, #56]	@ 0x38
10003384:	f8df 8218 	ldr.w	r8, [pc, #536]	@ 100035a0 <_vsnprintf+0x9e4>
10003388:	e001      	b.n	1000338e <_vsnprintf+0x7d2>
1000338a:	2e20      	cmp	r6, #32
1000338c:	d02d      	beq.n	100033ea <_vsnprintf+0x82e>
1000338e:	185a      	adds	r2, r3, r1
10003390:	f142 0200 	adc.w	r2, r2, #0
10003394:	fba8 5902 	umull	r5, r9, r8, r2
10003398:	f029 0503 	bic.w	r5, r9, #3
1000339c:	eb05 0599 	add.w	r5, r5, r9, lsr #2
100033a0:	1b52      	subs	r2, r2, r5
100033a2:	461c      	mov	r4, r3
100033a4:	1a9b      	subs	r3, r3, r2
100033a6:	f161 0500 	sbc.w	r5, r1, #0
100033aa:	4608      	mov	r0, r1
100033ac:	f04f 31cc 	mov.w	r1, #3435973836	@ 0xcccccccc
100033b0:	fb01 f103 	mul.w	r1, r1, r3
100033b4:	fb08 1105 	mla	r1, r8, r5, r1
100033b8:	fba3 5308 	umull	r5, r3, r3, r8
100033bc:	4419      	add	r1, r3
100033be:	2305      	movs	r3, #5
100033c0:	f005 0901 	and.w	r9, r5, #1
100033c4:	fba9 3903 	umull	r3, r9, r9, r3
100033c8:	189b      	adds	r3, r3, r2
100033ca:	2c0a      	cmp	r4, #10
100033cc:	f103 0330 	add.w	r3, r3, #48	@ 0x30
100033d0:	ea4f 0555 	mov.w	r5, r5, lsr #1
100033d4:	f170 0000 	sbcs.w	r0, r0, #0
100033d8:	f80c 3b01 	strb.w	r3, [ip], #1
100033dc:	f106 0601 	add.w	r6, r6, #1
100033e0:	ea45 73c1 	orr.w	r3, r5, r1, lsl #31
100033e4:	ea4f 0151 	mov.w	r1, r1, lsr #1
100033e8:	d2cf      	bcs.n	1000338a <_vsnprintf+0x7ce>
100033ea:	e9dd 940e 	ldrd	r9, r4, [sp, #56]	@ 0x38
100033ee:	9b0d      	ldr	r3, [sp, #52]	@ 0x34
100033f0:	464a      	mov	r2, r9
100033f2:	9306      	str	r3, [sp, #24]
100033f4:	9b0c      	ldr	r3, [sp, #48]	@ 0x30
100033f6:	e9cd 6401 	strd	r6, r4, [sp, #4]
100033fa:	e9cd 7304 	strd	r7, r3, [sp, #16]
100033fe:	230a      	movs	r3, #10
10003400:	f8cd e000 	str.w	lr, [sp]
10003404:	9303      	str	r3, [sp, #12]
10003406:	e728      	b.n	1000325a <_vsnprintf+0x69e>
10003408:	4252      	negs	r2, r2
1000340a:	eb61 0141 	sbc.w	r1, r1, r1, lsl #1
1000340e:	e7b2      	b.n	10003376 <_vsnprintf+0x7ba>
10003410:	9b0b      	ldr	r3, [sp, #44]	@ 0x2c
10003412:	6819      	ldr	r1, [r3, #0]
10003414:	0fcb      	lsrs	r3, r1, #31
10003416:	2900      	cmp	r1, #0
10003418:	f000 80ab 	beq.w	10003572 <_vsnprintf+0x9b6>
1000341c:	ea81 72e1 	eor.w	r2, r1, r1, asr #31
10003420:	eba2 72e1 	sub.w	r2, r2, r1, asr #31
10003424:	f10d 0e48 	add.w	lr, sp, #72	@ 0x48
10003428:	4670      	mov	r0, lr
1000342a:	f8df c174 	ldr.w	ip, [pc, #372]	@ 100035a0 <_vsnprintf+0x9e4>
1000342e:	e001      	b.n	10003434 <_vsnprintf+0x878>
10003430:	2e20      	cmp	r6, #32
10003432:	d010      	beq.n	10003456 <_vsnprintf+0x89a>
10003434:	4615      	mov	r5, r2
10003436:	fbac 4102 	umull	r4, r1, ip, r2
1000343a:	08c9      	lsrs	r1, r1, #3
1000343c:	eb01 0481 	add.w	r4, r1, r1, lsl #2
10003440:	eba2 0444 	sub.w	r4, r2, r4, lsl #1
10003444:	f104 0230 	add.w	r2, r4, #48	@ 0x30
10003448:	2d09      	cmp	r5, #9
1000344a:	f800 2b01 	strb.w	r2, [r0], #1
1000344e:	f106 0601 	add.w	r6, r6, #1
10003452:	460a      	mov	r2, r1
10003454:	d8ec      	bhi.n	10003430 <_vsnprintf+0x874>
10003456:	9a0d      	ldr	r2, [sp, #52]	@ 0x34
10003458:	e9cd 6301 	strd	r6, r3, [sp, #4]
1000345c:	9206      	str	r2, [sp, #24]
1000345e:	9a0c      	ldr	r2, [sp, #48]	@ 0x30
10003460:	e9cd 7204 	strd	r7, r2, [sp, #16]
10003464:	e767      	b.n	10003336 <_vsnprintf+0x77a>
10003466:	2a00      	cmp	r2, #0
10003468:	f43f af45 	beq.w	100032f6 <_vsnprintf+0x73a>
1000346c:	f10d 0e48 	add.w	lr, sp, #72	@ 0x48
10003470:	e75a      	b.n	10003328 <_vsnprintf+0x76c>
10003472:	f013 0f80 	tst.w	r3, #128	@ 0x80
10003476:	9b0b      	ldr	r3, [sp, #44]	@ 0x2c
10003478:	f000 8081 	beq.w	1000357e <_vsnprintf+0x9c2>
1000347c:	f9b3 1000 	ldrsh.w	r1, [r3]
10003480:	ea81 74e1 	eor.w	r4, r1, r1, asr #31
10003484:	eba4 74e1 	sub.w	r4, r4, r1, asr #31
10003488:	b2a4      	uxth	r4, r4
1000348a:	e72f      	b.n	100032ec <_vsnprintf+0x730>
1000348c:	f013 0f20 	tst.w	r3, #32
10003490:	bf14      	ite	ne
10003492:	2241      	movne	r2, #65	@ 0x41
10003494:	2261      	moveq	r2, #97	@ 0x61
10003496:	f10d 0e48 	add.w	lr, sp, #72	@ 0x48
1000349a:	3a0a      	subs	r2, #10
1000349c:	e9cd 970d 	strd	r9, r7, [sp, #52]	@ 0x34
100034a0:	f8cd b044 	str.w	fp, [sp, #68]	@ 0x44
100034a4:	2600      	movs	r6, #0
100034a6:	4677      	mov	r7, lr
100034a8:	46f3      	mov	fp, lr
100034aa:	4691      	mov	r9, r2
100034ac:	e9cd 3c0f 	strd	r3, ip, [sp, #60]	@ 0x3c
100034b0:	e003      	b.n	100034ba <_vsnprintf+0x8fe>
100034b2:	2e20      	cmp	r6, #32
100034b4:	d017      	beq.n	100034e6 <_vsnprintf+0x92a>
100034b6:	4604      	mov	r4, r0
100034b8:	460d      	mov	r5, r1
100034ba:	4629      	mov	r1, r5
100034bc:	4642      	mov	r2, r8
100034be:	2300      	movs	r3, #0
100034c0:	4620      	mov	r0, r4
100034c2:	f002 fcf1 	bl	10005ea8 <____aeabi_uldivmod_veneer>
100034c6:	b2d2      	uxtb	r2, r2
100034c8:	2a09      	cmp	r2, #9
100034ca:	f102 0330 	add.w	r3, r2, #48	@ 0x30
100034ce:	bf88      	it	hi
100034d0:	eb02 0309 	addhi.w	r3, r2, r9
100034d4:	4544      	cmp	r4, r8
100034d6:	b2db      	uxtb	r3, r3
100034d8:	f175 0500 	sbcs.w	r5, r5, #0
100034dc:	f807 3b01 	strb.w	r3, [r7], #1
100034e0:	f106 0601 	add.w	r6, r6, #1
100034e4:	d2e5      	bcs.n	100034b2 <_vsnprintf+0x8f6>
100034e6:	46de      	mov	lr, fp
100034e8:	e9dd 970d 	ldrd	r9, r7, [sp, #52]	@ 0x34
100034ec:	e9dd 3c0f 	ldrd	r3, ip, [sp, #60]	@ 0x3c
100034f0:	f8dd b044 	ldr.w	fp, [sp, #68]	@ 0x44
100034f4:	e6a6      	b.n	10003244 <_vsnprintf+0x688>
100034f6:	2a00      	cmp	r2, #0
100034f8:	d147      	bne.n	1000358a <_vsnprintf+0x9ce>
100034fa:	4613      	mov	r3, r2
100034fc:	4611      	mov	r1, r2
100034fe:	e73b      	b.n	10003378 <_vsnprintf+0x7bc>
10003500:	990b      	ldr	r1, [sp, #44]	@ 0x2c
10003502:	6809      	ldr	r1, [r1, #0]
10003504:	b9a1      	cbnz	r1, 10003530 <_vsnprintf+0x974>
10003506:	f023 0310 	bic.w	r3, r3, #16
1000350a:	b188      	cbz	r0, 10003530 <_vsnprintf+0x974>
1000350c:	f10d 0e48 	add.w	lr, sp, #72	@ 0x48
10003510:	9306      	str	r3, [sp, #24]
10003512:	9b0c      	ldr	r3, [sp, #48]	@ 0x30
10003514:	f8cd c00c 	str.w	ip, [sp, #12]
10003518:	e9cd 7304 	strd	r7, r3, [sp, #16]
1000351c:	9201      	str	r2, [sp, #4]
1000351e:	e5d8      	b.n	100030d2 <_vsnprintf+0x516>
10003520:	f413 6280 	ands.w	r2, r3, #1024	@ 0x400
10003524:	f47f aecb 	bne.w	100032be <_vsnprintf+0x702>
10003528:	f023 0310 	bic.w	r3, r3, #16
1000352c:	930d      	str	r3, [sp, #52]	@ 0x34
1000352e:	e6cb      	b.n	100032c8 <_vsnprintf+0x70c>
10003530:	f013 0f20 	tst.w	r3, #32
10003534:	bf14      	ite	ne
10003536:	2041      	movne	r0, #65	@ 0x41
10003538:	2061      	moveq	r0, #97	@ 0x61
1000353a:	f10d 0e48 	add.w	lr, sp, #72	@ 0x48
1000353e:	4676      	mov	r6, lr
10003540:	f1a0 080a 	sub.w	r8, r0, #10
10003544:	e002      	b.n	1000354c <_vsnprintf+0x990>
10003546:	2a20      	cmp	r2, #32
10003548:	d0e2      	beq.n	10003510 <_vsnprintf+0x954>
1000354a:	4621      	mov	r1, r4
1000354c:	fbb1 f4fc 	udiv	r4, r1, ip
10003550:	fb0c 1514 	mls	r5, ip, r4, r1
10003554:	b2e8      	uxtb	r0, r5
10003556:	2d09      	cmp	r5, #9
10003558:	f100 0530 	add.w	r5, r0, #48	@ 0x30
1000355c:	bf8a      	itet	hi
1000355e:	4440      	addhi	r0, r8
10003560:	b2e8      	uxtbls	r0, r5
10003562:	b2c0      	uxtbhi	r0, r0
10003564:	4561      	cmp	r1, ip
10003566:	f806 0b01 	strb.w	r0, [r6], #1
1000356a:	f102 0201 	add.w	r2, r2, #1
1000356e:	d2ea      	bcs.n	10003546 <_vsnprintf+0x98a>
10003570:	e7ce      	b.n	10003510 <_vsnprintf+0x954>
10003572:	2a00      	cmp	r2, #0
10003574:	f43f af56 	beq.w	10003424 <_vsnprintf+0x868>
10003578:	f10d 0e48 	add.w	lr, sp, #72	@ 0x48
1000357c:	e76b      	b.n	10003456 <_vsnprintf+0x89a>
1000357e:	6819      	ldr	r1, [r3, #0]
10003580:	ea81 74e1 	eor.w	r4, r1, r1, asr #31
10003584:	eba4 74e1 	sub.w	r4, r4, r1, asr #31
10003588:	e6b0      	b.n	100032ec <_vsnprintf+0x730>
1000358a:	2600      	movs	r6, #0
1000358c:	f10d 0e48 	add.w	lr, sp, #72	@ 0x48
10003590:	e72d      	b.n	100033ee <_vsnprintf+0x832>
10003592:	3601      	adds	r6, #1
10003594:	e62b      	b.n	100031ee <_vsnprintf+0x632>
10003596:	f04f 080a 	mov.w	r8, #10
1000359a:	4613      	mov	r3, r2
1000359c:	46c4      	mov	ip, r8
1000359e:	e571      	b.n	10003084 <_vsnprintf+0x4c8>
100035a0:	cccccccd 	.word	0xcccccccd

100035a4 <vfctprintf>:
100035a4:	b570      	push	{r4, r5, r6, lr}
100035a6:	4694      	mov	ip, r2
100035a8:	461e      	mov	r6, r3
100035aa:	4605      	mov	r5, r0
100035ac:	460c      	mov	r4, r1
100035ae:	b084      	sub	sp, #16
100035b0:	f04f 32ff 	mov.w	r2, #4294967295	@ 0xffffffff
100035b4:	4663      	mov	r3, ip
100035b6:	a902      	add	r1, sp, #8
100035b8:	9600      	str	r6, [sp, #0]
100035ba:	4803      	ldr	r0, [pc, #12]	@ (100035c8 <vfctprintf+0x24>)
100035bc:	e9cd 5402 	strd	r5, r4, [sp, #8]
100035c0:	f7ff fafc 	bl	10002bbc <_vsnprintf>
100035c4:	b004      	add	sp, #16
100035c6:	bd70      	pop	{r4, r5, r6, pc}
100035c8:	10002359 	.word	0x10002359

100035cc <weak_raw_vprintf>:
100035cc:	b510      	push	{r4, lr}
100035ce:	4b09      	ldr	r3, [pc, #36]	@ (100035f4 <weak_raw_vprintf+0x28>)
100035d0:	b084      	sub	sp, #16
100035d2:	681c      	ldr	r4, [r3, #0]
100035d4:	b14c      	cbz	r4, 100035ea <weak_raw_vprintf+0x1e>
100035d6:	4603      	mov	r3, r0
100035d8:	9100      	str	r1, [sp, #0]
100035da:	f04f 32ff 	mov.w	r2, #4294967295	@ 0xffffffff
100035de:	a903      	add	r1, sp, #12
100035e0:	4805      	ldr	r0, [pc, #20]	@ (100035f8 <weak_raw_vprintf+0x2c>)
100035e2:	47a0      	blx	r4
100035e4:	2001      	movs	r0, #1
100035e6:	b004      	add	sp, #16
100035e8:	bd10      	pop	{r4, pc}
100035ea:	f000 f977 	bl	100038dc <__wrap_puts>
100035ee:	4620      	mov	r0, r4
100035f0:	b004      	add	sp, #16
100035f2:	bd10      	pop	{r4, pc}
100035f4:	20001ea0 	.word	0x20001ea0
100035f8:	10002351 	.word	0x10002351

100035fc <_exit>:
100035fc:	be00      	bkpt	0x0000
100035fe:	e7fd      	b.n	100035fc <_exit>

10003600 <_fini>:
10003600:	4770      	bx	lr
10003602:	bf00      	nop

10003604 <exit>:
10003604:	b508      	push	{r3, lr}
10003606:	f7ff fff9 	bl	100035fc <_exit>
1000360a:	bf00      	nop

1000360c <runtime_init>:
1000360c:	b538      	push	{r3, r4, r5, lr}
1000360e:	4c06      	ldr	r4, [pc, #24]	@ (10003628 <runtime_init+0x1c>)
10003610:	4d06      	ldr	r5, [pc, #24]	@ (1000362c <runtime_init+0x20>)
10003612:	f7fe f9b9 	bl	10001988 <runtime_run_initializers>
10003616:	42ac      	cmp	r4, r5
10003618:	d204      	bcs.n	10003624 <runtime_init+0x18>
1000361a:	f854 3b04 	ldr.w	r3, [r4], #4
1000361e:	4798      	blx	r3
10003620:	42ac      	cmp	r4, r5
10003622:	d3fa      	bcc.n	1000361a <runtime_init+0xe>
10003624:	bd38      	pop	{r3, r4, r5, pc}
10003626:	bf00      	nop
10003628:	10005f30 	.word	0x10005f30
1000362c:	10005f34 	.word	0x10005f34

10003630 <stdio_out_chars_no_crlf>:
10003630:	6803      	ldr	r3, [r0, #0]
10003632:	4608      	mov	r0, r1
10003634:	4611      	mov	r1, r2
10003636:	4718      	bx	r3

10003638 <stdio_out_chars_crlf>:
10003638:	7d43      	ldrb	r3, [r0, #21]
1000363a:	e92d 47f0 	stmdb	sp!, {r4, r5, r6, r7, r8, r9, sl, lr}
1000363e:	4681      	mov	r9, r0
10003640:	460f      	mov	r7, r1
10003642:	4616      	mov	r6, r2
10003644:	2b00      	cmp	r3, #0
10003646:	d043      	beq.n	100036d0 <stdio_out_chars_crlf+0x98>
10003648:	2a00      	cmp	r2, #0
1000364a:	dd3b      	ble.n	100036c4 <stdio_out_chars_crlf+0x8c>
1000364c:	7d03      	ldrb	r3, [r0, #20]
1000364e:	2000      	movs	r0, #0
10003650:	1e4d      	subs	r5, r1, #1
10003652:	4601      	mov	r1, r0
10003654:	f815 2f01 	ldrb.w	r2, [r5, #1]!
10003658:	f8df 8084 	ldr.w	r8, [pc, #132]	@ 100036e0 <stdio_out_chars_crlf+0xa8>
1000365c:	2a0a      	cmp	r2, #10
1000365e:	f101 0401 	add.w	r4, r1, #1
10003662:	d00e      	beq.n	10003682 <stdio_out_chars_crlf+0x4a>
10003664:	42a6      	cmp	r6, r4
10003666:	d01c      	beq.n	100036a2 <stdio_out_chars_crlf+0x6a>
10003668:	782b      	ldrb	r3, [r5, #0]
1000366a:	4621      	mov	r1, r4
1000366c:	f1a3 030d 	sub.w	r3, r3, #13
10003670:	fab3 f383 	clz	r3, r3
10003674:	f815 2f01 	ldrb.w	r2, [r5, #1]!
10003678:	095b      	lsrs	r3, r3, #5
1000367a:	2a0a      	cmp	r2, #10
1000367c:	f101 0401 	add.w	r4, r1, #1
10003680:	d1f0      	bne.n	10003664 <stdio_out_chars_crlf+0x2c>
10003682:	2b00      	cmp	r3, #0
10003684:	d1ee      	bne.n	10003664 <stdio_out_chars_crlf+0x2c>
10003686:	4281      	cmp	r1, r0
10003688:	eba1 0100 	sub.w	r1, r1, r0
1000368c:	4438      	add	r0, r7
1000368e:	dc1b      	bgt.n	100036c8 <stdio_out_chars_crlf+0x90>
10003690:	2102      	movs	r1, #2
10003692:	4640      	mov	r0, r8
10003694:	f8d9 3000 	ldr.w	r3, [r9]
10003698:	4798      	blx	r3
1000369a:	42a6      	cmp	r6, r4
1000369c:	d008      	beq.n	100036b0 <stdio_out_chars_crlf+0x78>
1000369e:	4620      	mov	r0, r4
100036a0:	e7e2      	b.n	10003668 <stdio_out_chars_crlf+0x30>
100036a2:	4286      	cmp	r6, r0
100036a4:	dd04      	ble.n	100036b0 <stdio_out_chars_crlf+0x78>
100036a6:	1a31      	subs	r1, r6, r0
100036a8:	f8d9 3000 	ldr.w	r3, [r9]
100036ac:	4438      	add	r0, r7
100036ae:	4798      	blx	r3
100036b0:	4437      	add	r7, r6
100036b2:	f817 3c01 	ldrb.w	r3, [r7, #-1]
100036b6:	f1a3 030d 	sub.w	r3, r3, #13
100036ba:	fab3 f383 	clz	r3, r3
100036be:	095b      	lsrs	r3, r3, #5
100036c0:	f889 3014 	strb.w	r3, [r9, #20]
100036c4:	e8bd 87f0 	ldmia.w	sp!, {r4, r5, r6, r7, r8, r9, sl, pc}
100036c8:	f8d9 3000 	ldr.w	r3, [r9]
100036cc:	4798      	blx	r3
100036ce:	e7df      	b.n	10003690 <stdio_out_chars_crlf+0x58>
100036d0:	4638      	mov	r0, r7
100036d2:	f8d9 3000 	ldr.w	r3, [r9]
100036d6:	4611      	mov	r1, r2
100036d8:	e8bd 47f0 	ldmia.w	sp!, {r4, r5, r6, r7, r8, r9, sl, lr}
100036dc:	4718      	bx	r3
100036de:	bf00      	nop
100036e0:	100061a0 	.word	0x100061a0

100036e4 <stdio_buffered_printer>:
100036e4:	b5f8      	push	{r3, r4, r5, r6, r7, lr}
100036e6:	680b      	ldr	r3, [r1, #0]
100036e8:	1c5a      	adds	r2, r3, #1
100036ea:	2a80      	cmp	r2, #128	@ 0x80
100036ec:	440b      	add	r3, r1
100036ee:	600a      	str	r2, [r1, #0]
100036f0:	7118      	strb	r0, [r3, #4]
100036f2:	d000      	beq.n	100036f6 <stdio_buffered_printer+0x12>
100036f4:	bdf8      	pop	{r3, r4, r5, r6, r7, pc}
100036f6:	4b0d      	ldr	r3, [pc, #52]	@ (1000372c <stdio_buffered_printer+0x48>)
100036f8:	460d      	mov	r5, r1
100036fa:	681c      	ldr	r4, [r3, #0]
100036fc:	b19c      	cbz	r4, 10003726 <stdio_buffered_printer+0x42>
100036fe:	4e0c      	ldr	r6, [pc, #48]	@ (10003730 <stdio_buffered_printer+0x4c>)
10003700:	1d0f      	adds	r7, r1, #4
10003702:	e001      	b.n	10003708 <stdio_buffered_printer+0x24>
10003704:	6924      	ldr	r4, [r4, #16]
10003706:	b174      	cbz	r4, 10003726 <stdio_buffered_printer+0x42>
10003708:	6823      	ldr	r3, [r4, #0]
1000370a:	2b00      	cmp	r3, #0
1000370c:	d0fa      	beq.n	10003704 <stdio_buffered_printer+0x20>
1000370e:	6833      	ldr	r3, [r6, #0]
10003710:	b10b      	cbz	r3, 10003716 <stdio_buffered_printer+0x32>
10003712:	42a3      	cmp	r3, r4
10003714:	d1f6      	bne.n	10003704 <stdio_buffered_printer+0x20>
10003716:	4620      	mov	r0, r4
10003718:	4639      	mov	r1, r7
1000371a:	682a      	ldr	r2, [r5, #0]
1000371c:	f7ff ff8c 	bl	10003638 <stdio_out_chars_crlf>
10003720:	6924      	ldr	r4, [r4, #16]
10003722:	2c00      	cmp	r4, #0
10003724:	d1f0      	bne.n	10003708 <stdio_buffered_printer+0x24>
10003726:	2300      	movs	r3, #0
10003728:	602b      	str	r3, [r5, #0]
1000372a:	bdf8      	pop	{r3, r4, r5, r6, r7, pc}
1000372c:	20001a94 	.word	0x20001a94
10003730:	20001a9c 	.word	0x20001a9c

10003734 <stdio_put_string>:
10003734:	e92d 47f0 	stmdb	sp!, {r4, r5, r6, r7, r8, r9, sl, lr}
10003738:	b082      	sub	sp, #8
1000373a:	460d      	mov	r5, r1
1000373c:	4692      	mov	sl, r2
1000373e:	4699      	mov	r9, r3
10003740:	4607      	mov	r7, r0
10003742:	f7fd ff83 	bl	1000164c <time_us_64>
10003746:	f04f 36ff 	mov.w	r6, #4294967295	@ 0xffffffff
1000374a:	f06f 4400 	mvn.w	r4, #2147483648	@ 0x80000000
1000374e:	4a2f      	ldr	r2, [pc, #188]	@ (1000380c <stdio_put_string+0xd8>)
10003750:	1882      	adds	r2, r0, r2
10003752:	f141 0300 	adc.w	r3, r1, #0
10003756:	4296      	cmp	r6, r2
10003758:	eb74 0103 	sbcs.w	r1, r4, r3
1000375c:	bf3c      	itt	cc
1000375e:	4632      	movcc	r2, r6
10003760:	4623      	movcc	r3, r4
10003762:	482b      	ldr	r0, [pc, #172]	@ (10003810 <stdio_put_string+0xdc>)
10003764:	f002 fba4 	bl	10005eb0 <__mutex_try_enter_block_until_veneer>
10003768:	1c6b      	adds	r3, r5, #1
1000376a:	4680      	mov	r8, r0
1000376c:	d103      	bne.n	10003776 <stdio_put_string+0x42>
1000376e:	4638      	mov	r0, r7
10003770:	f002 fb64 	bl	10005e3c <strlen>
10003774:	4605      	mov	r5, r0
10003776:	4b27      	ldr	r3, [pc, #156]	@ (10003814 <stdio_put_string+0xe0>)
10003778:	4e27      	ldr	r6, [pc, #156]	@ (10003818 <stdio_put_string+0xe4>)
1000377a:	681c      	ldr	r4, [r3, #0]
1000377c:	4b27      	ldr	r3, [pc, #156]	@ (1000381c <stdio_put_string+0xe8>)
1000377e:	f1b9 0f00 	cmp.w	r9, #0
10003782:	bf18      	it	ne
10003784:	461e      	movne	r6, r3
10003786:	b1b4      	cbz	r4, 100037b6 <stdio_put_string+0x82>
10003788:	f1ba 0f00 	cmp.w	sl, #0
1000378c:	d11a      	bne.n	100037c4 <stdio_put_string+0x90>
1000378e:	f8df 9090 	ldr.w	r9, [pc, #144]	@ 10003820 <stdio_put_string+0xec>
10003792:	e001      	b.n	10003798 <stdio_put_string+0x64>
10003794:	6924      	ldr	r4, [r4, #16]
10003796:	b174      	cbz	r4, 100037b6 <stdio_put_string+0x82>
10003798:	6823      	ldr	r3, [r4, #0]
1000379a:	2b00      	cmp	r3, #0
1000379c:	d0fa      	beq.n	10003794 <stdio_put_string+0x60>
1000379e:	f8d9 3000 	ldr.w	r3, [r9]
100037a2:	b10b      	cbz	r3, 100037a8 <stdio_put_string+0x74>
100037a4:	429c      	cmp	r4, r3
100037a6:	d1f5      	bne.n	10003794 <stdio_put_string+0x60>
100037a8:	4620      	mov	r0, r4
100037aa:	462a      	mov	r2, r5
100037ac:	4639      	mov	r1, r7
100037ae:	47b0      	blx	r6
100037b0:	6924      	ldr	r4, [r4, #16]
100037b2:	2c00      	cmp	r4, #0
100037b4:	d1f0      	bne.n	10003798 <stdio_put_string+0x64>
100037b6:	f1b8 0f00 	cmp.w	r8, #0
100037ba:	d11f      	bne.n	100037fc <stdio_put_string+0xc8>
100037bc:	4628      	mov	r0, r5
100037be:	b002      	add	sp, #8
100037c0:	e8bd 87f0 	ldmia.w	sp!, {r4, r5, r6, r7, r8, r9, sl, pc}
100037c4:	f04f 0a0a 	mov.w	sl, #10
100037c8:	f8df 9054 	ldr.w	r9, [pc, #84]	@ 10003820 <stdio_put_string+0xec>
100037cc:	e002      	b.n	100037d4 <stdio_put_string+0xa0>
100037ce:	6924      	ldr	r4, [r4, #16]
100037d0:	2c00      	cmp	r4, #0
100037d2:	d0f0      	beq.n	100037b6 <stdio_put_string+0x82>
100037d4:	6823      	ldr	r3, [r4, #0]
100037d6:	2b00      	cmp	r3, #0
100037d8:	d0f9      	beq.n	100037ce <stdio_put_string+0x9a>
100037da:	f8d9 3000 	ldr.w	r3, [r9]
100037de:	b10b      	cbz	r3, 100037e4 <stdio_put_string+0xb0>
100037e0:	42a3      	cmp	r3, r4
100037e2:	d1f4      	bne.n	100037ce <stdio_put_string+0x9a>
100037e4:	462a      	mov	r2, r5
100037e6:	4639      	mov	r1, r7
100037e8:	4620      	mov	r0, r4
100037ea:	47b0      	blx	r6
100037ec:	2201      	movs	r2, #1
100037ee:	4620      	mov	r0, r4
100037f0:	f10d 0107 	add.w	r1, sp, #7
100037f4:	f88d a007 	strb.w	sl, [sp, #7]
100037f8:	47b0      	blx	r6
100037fa:	e7e8      	b.n	100037ce <stdio_put_string+0x9a>
100037fc:	4804      	ldr	r0, [pc, #16]	@ (10003810 <stdio_put_string+0xdc>)
100037fe:	f002 fb6f 	bl	10005ee0 <__mutex_exit_veneer>
10003802:	4628      	mov	r0, r5
10003804:	b002      	add	sp, #8
10003806:	e8bd 87f0 	ldmia.w	sp!, {r4, r5, r6, r7, r8, r9, sl, pc}
1000380a:	bf00      	nop
1000380c:	000f4240 	.word	0x000f4240
10003810:	2000158c 	.word	0x2000158c
10003814:	20001a94 	.word	0x20001a94
10003818:	10003631 	.word	0x10003631
1000381c:	10003639 	.word	0x10003639
10003820:	20001a9c 	.word	0x20001a9c

10003824 <stdio_set_driver_enabled>:
10003824:	4a0a      	ldr	r2, [pc, #40]	@ (10003850 <stdio_set_driver_enabled+0x2c>)
10003826:	6813      	ldr	r3, [r2, #0]
10003828:	b14b      	cbz	r3, 1000383e <stdio_set_driver_enabled+0x1a>
1000382a:	4283      	cmp	r3, r0
1000382c:	d102      	bne.n	10003834 <stdio_set_driver_enabled+0x10>
1000382e:	e009      	b.n	10003844 <stdio_set_driver_enabled+0x20>
10003830:	4298      	cmp	r0, r3
10003832:	d007      	beq.n	10003844 <stdio_set_driver_enabled+0x20>
10003834:	f103 0210 	add.w	r2, r3, #16
10003838:	691b      	ldr	r3, [r3, #16]
1000383a:	2b00      	cmp	r3, #0
1000383c:	d1f8      	bne.n	10003830 <stdio_set_driver_enabled+0xc>
1000383e:	b101      	cbz	r1, 10003842 <stdio_set_driver_enabled+0x1e>
10003840:	6010      	str	r0, [r2, #0]
10003842:	4770      	bx	lr
10003844:	2900      	cmp	r1, #0
10003846:	d1fc      	bne.n	10003842 <stdio_set_driver_enabled+0x1e>
10003848:	6903      	ldr	r3, [r0, #16]
1000384a:	6013      	str	r3, [r2, #0]
1000384c:	6101      	str	r1, [r0, #16]
1000384e:	4770      	bx	lr
10003850:	20001a94 	.word	0x20001a94

10003854 <stdio_init_all>:
10003854:	f000 ba6e 	b.w	10003d34 <stdio_usb_init>

10003858 <__wrap_putchar>:
10003858:	b5f0      	push	{r4, r5, r6, r7, lr}
1000385a:	b083      	sub	sp, #12
1000385c:	4606      	mov	r6, r0
1000385e:	f88d 0007 	strb.w	r0, [sp, #7]
10003862:	f7fd fef3 	bl	1000164c <time_us_64>
10003866:	f04f 35ff 	mov.w	r5, #4294967295	@ 0xffffffff
1000386a:	f06f 4400 	mvn.w	r4, #2147483648	@ 0x80000000
1000386e:	4a17      	ldr	r2, [pc, #92]	@ (100038cc <__wrap_putchar+0x74>)
10003870:	1882      	adds	r2, r0, r2
10003872:	f141 0300 	adc.w	r3, r1, #0
10003876:	4295      	cmp	r5, r2
10003878:	eb74 0103 	sbcs.w	r1, r4, r3
1000387c:	bf3c      	itt	cc
1000387e:	4623      	movcc	r3, r4
10003880:	462a      	movcc	r2, r5
10003882:	4813      	ldr	r0, [pc, #76]	@ (100038d0 <__wrap_putchar+0x78>)
10003884:	f002 fb14 	bl	10005eb0 <__mutex_try_enter_block_until_veneer>
10003888:	4b12      	ldr	r3, [pc, #72]	@ (100038d4 <__wrap_putchar+0x7c>)
1000388a:	4607      	mov	r7, r0
1000388c:	681c      	ldr	r4, [r3, #0]
1000388e:	b19c      	cbz	r4, 100038b8 <__wrap_putchar+0x60>
10003890:	4d11      	ldr	r5, [pc, #68]	@ (100038d8 <__wrap_putchar+0x80>)
10003892:	e001      	b.n	10003898 <__wrap_putchar+0x40>
10003894:	6924      	ldr	r4, [r4, #16]
10003896:	b17c      	cbz	r4, 100038b8 <__wrap_putchar+0x60>
10003898:	6823      	ldr	r3, [r4, #0]
1000389a:	2b00      	cmp	r3, #0
1000389c:	d0fa      	beq.n	10003894 <__wrap_putchar+0x3c>
1000389e:	682b      	ldr	r3, [r5, #0]
100038a0:	b10b      	cbz	r3, 100038a6 <__wrap_putchar+0x4e>
100038a2:	429c      	cmp	r4, r3
100038a4:	d1f6      	bne.n	10003894 <__wrap_putchar+0x3c>
100038a6:	4620      	mov	r0, r4
100038a8:	2201      	movs	r2, #1
100038aa:	f10d 0107 	add.w	r1, sp, #7
100038ae:	f7ff fec3 	bl	10003638 <stdio_out_chars_crlf>
100038b2:	6924      	ldr	r4, [r4, #16]
100038b4:	2c00      	cmp	r4, #0
100038b6:	d1ef      	bne.n	10003898 <__wrap_putchar+0x40>
100038b8:	b917      	cbnz	r7, 100038c0 <__wrap_putchar+0x68>
100038ba:	4630      	mov	r0, r6
100038bc:	b003      	add	sp, #12
100038be:	bdf0      	pop	{r4, r5, r6, r7, pc}
100038c0:	4803      	ldr	r0, [pc, #12]	@ (100038d0 <__wrap_putchar+0x78>)
100038c2:	f002 fb0d 	bl	10005ee0 <__mutex_exit_veneer>
100038c6:	4630      	mov	r0, r6
100038c8:	b003      	add	sp, #12
100038ca:	bdf0      	pop	{r4, r5, r6, r7, pc}
100038cc:	000f4240 	.word	0x000f4240
100038d0:	2000158c 	.word	0x2000158c
100038d4:	20001a94 	.word	0x20001a94
100038d8:	20001a9c 	.word	0x20001a9c

100038dc <__wrap_puts>:
100038dc:	b538      	push	{r3, r4, r5, lr}
100038de:	4604      	mov	r4, r0
100038e0:	f002 faac 	bl	10005e3c <strlen>
100038e4:	2301      	movs	r3, #1
100038e6:	4605      	mov	r5, r0
100038e8:	461a      	mov	r2, r3
100038ea:	4620      	mov	r0, r4
100038ec:	4629      	mov	r1, r5
100038ee:	f7ff ff21 	bl	10003734 <stdio_put_string>
100038f2:	4b08      	ldr	r3, [pc, #32]	@ (10003914 <__wrap_puts+0x38>)
100038f4:	681c      	ldr	r4, [r3, #0]
100038f6:	b12c      	cbz	r4, 10003904 <__wrap_puts+0x28>
100038f8:	6863      	ldr	r3, [r4, #4]
100038fa:	b12b      	cbz	r3, 10003908 <__wrap_puts+0x2c>
100038fc:	4798      	blx	r3
100038fe:	6924      	ldr	r4, [r4, #16]
10003900:	2c00      	cmp	r4, #0
10003902:	d1f9      	bne.n	100038f8 <__wrap_puts+0x1c>
10003904:	4628      	mov	r0, r5
10003906:	bd38      	pop	{r3, r4, r5, pc}
10003908:	6924      	ldr	r4, [r4, #16]
1000390a:	2c00      	cmp	r4, #0
1000390c:	d1f4      	bne.n	100038f8 <__wrap_puts+0x1c>
1000390e:	4628      	mov	r0, r5
10003910:	bd38      	pop	{r3, r4, r5, pc}
10003912:	bf00      	nop
10003914:	20001a94 	.word	0x20001a94

10003918 <__wrap_vprintf>:
10003918:	e92d 41f0 	stmdb	sp!, {r4, r5, r6, r7, r8, lr}
1000391c:	b0a2      	sub	sp, #136	@ 0x88
1000391e:	4604      	mov	r4, r0
10003920:	460d      	mov	r5, r1
10003922:	f7fd fe93 	bl	1000164c <time_us_64>
10003926:	f04f 37ff 	mov.w	r7, #4294967295	@ 0xffffffff
1000392a:	f06f 4600 	mvn.w	r6, #2147483648	@ 0x80000000
1000392e:	4a27      	ldr	r2, [pc, #156]	@ (100039cc <__wrap_vprintf+0xb4>)
10003930:	1882      	adds	r2, r0, r2
10003932:	f141 0300 	adc.w	r3, r1, #0
10003936:	4297      	cmp	r7, r2
10003938:	eb76 0103 	sbcs.w	r1, r6, r3
1000393c:	bf3c      	itt	cc
1000393e:	463a      	movcc	r2, r7
10003940:	4633      	movcc	r3, r6
10003942:	4823      	ldr	r0, [pc, #140]	@ (100039d0 <__wrap_vprintf+0xb8>)
10003944:	f002 fab4 	bl	10005eb0 <__mutex_try_enter_block_until_veneer>
10003948:	2600      	movs	r6, #0
1000394a:	462b      	mov	r3, r5
1000394c:	4607      	mov	r7, r0
1000394e:	4622      	mov	r2, r4
10003950:	4820      	ldr	r0, [pc, #128]	@ (100039d4 <__wrap_vprintf+0xbc>)
10003952:	a901      	add	r1, sp, #4
10003954:	9601      	str	r6, [sp, #4]
10003956:	f7ff fe25 	bl	100035a4 <vfctprintf>
1000395a:	9b01      	ldr	r3, [sp, #4]
1000395c:	4606      	mov	r6, r0
1000395e:	b97b      	cbnz	r3, 10003980 <__wrap_vprintf+0x68>
10003960:	4b1d      	ldr	r3, [pc, #116]	@ (100039d8 <__wrap_vprintf+0xc0>)
10003962:	681c      	ldr	r4, [r3, #0]
10003964:	b12c      	cbz	r4, 10003972 <__wrap_vprintf+0x5a>
10003966:	6863      	ldr	r3, [r4, #4]
10003968:	b143      	cbz	r3, 1000397c <__wrap_vprintf+0x64>
1000396a:	4798      	blx	r3
1000396c:	6924      	ldr	r4, [r4, #16]
1000396e:	2c00      	cmp	r4, #0
10003970:	d1f9      	bne.n	10003966 <__wrap_vprintf+0x4e>
10003972:	bb0f      	cbnz	r7, 100039b8 <__wrap_vprintf+0xa0>
10003974:	4630      	mov	r0, r6
10003976:	b022      	add	sp, #136	@ 0x88
10003978:	e8bd 81f0 	ldmia.w	sp!, {r4, r5, r6, r7, r8, pc}
1000397c:	6924      	ldr	r4, [r4, #16]
1000397e:	e7f1      	b.n	10003964 <__wrap_vprintf+0x4c>
10003980:	f8df 8054 	ldr.w	r8, [pc, #84]	@ 100039d8 <__wrap_vprintf+0xc0>
10003984:	f8d8 5000 	ldr.w	r5, [r8]
10003988:	b1ed      	cbz	r5, 100039c6 <__wrap_vprintf+0xae>
1000398a:	4c14      	ldr	r4, [pc, #80]	@ (100039dc <__wrap_vprintf+0xc4>)
1000398c:	e001      	b.n	10003992 <__wrap_vprintf+0x7a>
1000398e:	692d      	ldr	r5, [r5, #16]
10003990:	b175      	cbz	r5, 100039b0 <__wrap_vprintf+0x98>
10003992:	682b      	ldr	r3, [r5, #0]
10003994:	2b00      	cmp	r3, #0
10003996:	d0fa      	beq.n	1000398e <__wrap_vprintf+0x76>
10003998:	6823      	ldr	r3, [r4, #0]
1000399a:	b10b      	cbz	r3, 100039a0 <__wrap_vprintf+0x88>
1000399c:	42ab      	cmp	r3, r5
1000399e:	d1f6      	bne.n	1000398e <__wrap_vprintf+0x76>
100039a0:	4628      	mov	r0, r5
100039a2:	9a01      	ldr	r2, [sp, #4]
100039a4:	a902      	add	r1, sp, #8
100039a6:	f7ff fe47 	bl	10003638 <stdio_out_chars_crlf>
100039aa:	692d      	ldr	r5, [r5, #16]
100039ac:	2d00      	cmp	r5, #0
100039ae:	d1f0      	bne.n	10003992 <__wrap_vprintf+0x7a>
100039b0:	f8d8 4000 	ldr.w	r4, [r8]
100039b4:	9501      	str	r5, [sp, #4]
100039b6:	e7d5      	b.n	10003964 <__wrap_vprintf+0x4c>
100039b8:	4805      	ldr	r0, [pc, #20]	@ (100039d0 <__wrap_vprintf+0xb8>)
100039ba:	f002 fa91 	bl	10005ee0 <__mutex_exit_veneer>
100039be:	4630      	mov	r0, r6
100039c0:	b022      	add	sp, #136	@ 0x88
100039c2:	e8bd 81f0 	ldmia.w	sp!, {r4, r5, r6, r7, r8, pc}
100039c6:	9501      	str	r5, [sp, #4]
100039c8:	e7d3      	b.n	10003972 <__wrap_vprintf+0x5a>
100039ca:	bf00      	nop
100039cc:	000f4240 	.word	0x000f4240
100039d0:	2000158c 	.word	0x2000158c
100039d4:	100036e5 	.word	0x100036e5
100039d8:	20001a94 	.word	0x20001a94
100039dc:	20001a9c 	.word	0x20001a9c

100039e0 <__wrap_printf>:
100039e0:	b40f      	push	{r0, r1, r2, r3}
100039e2:	b500      	push	{lr}
100039e4:	b083      	sub	sp, #12
100039e6:	a904      	add	r1, sp, #16
100039e8:	f851 0b04 	ldr.w	r0, [r1], #4
100039ec:	9101      	str	r1, [sp, #4]
100039ee:	f7ff ff93 	bl	10003918 <__wrap_vprintf>
100039f2:	b003      	add	sp, #12
100039f4:	f85d eb04 	ldr.w	lr, [sp], #4
100039f8:	b004      	add	sp, #16
100039fa:	4770      	bx	lr

100039fc <stdio_usb_set_chars_available_callback>:
100039fc:	4a02      	ldr	r2, [pc, #8]	@ (10003a08 <stdio_usb_set_chars_available_callback+0xc>)
100039fe:	4b03      	ldr	r3, [pc, #12]	@ (10003a0c <stdio_usb_set_chars_available_callback+0x10>)
10003a00:	6010      	str	r0, [r2, #0]
10003a02:	6019      	str	r1, [r3, #0]
10003a04:	4770      	bx	lr
10003a06:	bf00      	nop
10003a08:	20001a34 	.word	0x20001a34
10003a0c:	20001a38 	.word	0x20001a38

10003a10 <timer_task>:
10003a10:	4b18      	ldr	r3, [pc, #96]	@ (10003a74 <timer_task+0x64>)
10003a12:	b570      	push	{r4, r5, r6, lr}
10003a14:	681a      	ldr	r2, [r3, #0]
10003a16:	2a00      	cmp	r2, #0
10003a18:	d028      	beq.n	10003a6c <timer_task+0x5c>
10003a1a:	f3ef 8110 	mrs	r1, PRIMASK
10003a1e:	b672      	cpsid	i
10003a20:	e8d2 4fcf 	ldaexb	r4, [r2]
10003a24:	2001      	movs	r0, #1
10003a26:	2c00      	cmp	r4, #0
10003a28:	d1fa      	bne.n	10003a20 <timer_task+0x10>
10003a2a:	e8c2 0f44 	strexb	r4, r0, [r2]
10003a2e:	2c00      	cmp	r4, #0
10003a30:	d1f6      	bne.n	10003a20 <timer_task+0x10>
10003a32:	f3bf 8f5f 	dmb	sy
10003a36:	2200      	movs	r2, #0
10003a38:	4c0f      	ldr	r4, [pc, #60]	@ (10003a78 <timer_task+0x68>)
10003a3a:	6818      	ldr	r0, [r3, #0]
10003a3c:	6059      	str	r1, [r3, #4]
10003a3e:	7022      	strb	r2, [r4, #0]
10003a40:	e8c0 2f8f 	stlb	r2, [r0]
10003a44:	f381 8810 	msr	PRIMASK, r1
10003a48:	2400      	movs	r4, #0
10003a4a:	2500      	movs	r5, #0
10003a4c:	4e0b      	ldr	r6, [pc, #44]	@ (10003a7c <timer_task+0x6c>)
10003a4e:	7830      	ldrb	r0, [r6, #0]
10003a50:	f7fc fef2 	bl	10000838 <irq_is_enabled>
10003a54:	b920      	cbnz	r0, 10003a60 <timer_task+0x50>
10003a56:	2400      	movs	r4, #0
10003a58:	2500      	movs	r5, #0
10003a5a:	4620      	mov	r0, r4
10003a5c:	4629      	mov	r1, r5
10003a5e:	bd70      	pop	{r4, r5, r6, pc}
10003a60:	7830      	ldrb	r0, [r6, #0]
10003a62:	f7fc fef9 	bl	10000858 <irq_set_pending>
10003a66:	4620      	mov	r0, r4
10003a68:	4629      	mov	r1, r5
10003a6a:	bd70      	pop	{r4, r5, r6, pc}
10003a6c:	f44f 747a 	mov.w	r4, #1000	@ 0x3e8
10003a70:	2500      	movs	r5, #0
10003a72:	e7eb      	b.n	10003a4c <timer_task+0x3c>
10003a74:	20001eac 	.word	0x20001eac
10003a78:	20001f05 	.word	0x20001f05
10003a7c:	20001f03 	.word	0x20001f03

10003a80 <usb_irq>:
10003a80:	4b01      	ldr	r3, [pc, #4]	@ (10003a88 <usb_irq+0x8>)
10003a82:	7818      	ldrb	r0, [r3, #0]
10003a84:	f7fc bee8 	b.w	10000858 <irq_set_pending>
10003a88:	20001f03 	.word	0x20001f03

10003a8c <stdio_usb_in_chars>:
10003a8c:	b538      	push	{r3, r4, r5, lr}
10003a8e:	4604      	mov	r4, r0
10003a90:	2000      	movs	r0, #0
10003a92:	460d      	mov	r5, r1
10003a94:	f001 fb62 	bl	1000515c <tud_cdc_n_connected>
10003a98:	b3a8      	cbz	r0, 10003b06 <stdio_usb_in_chars+0x7a>
10003a9a:	2000      	movs	r0, #0
10003a9c:	f001 fb74 	bl	10005188 <tud_cdc_n_available>
10003aa0:	b388      	cbz	r0, 10003b06 <stdio_usb_in_chars+0x7a>
10003aa2:	f7fd fdd3 	bl	1000164c <time_us_64>
10003aa6:	f04f 3eff 	mov.w	lr, #4294967295	@ 0xffffffff
10003aaa:	f06f 4c00 	mvn.w	ip, #2147483648	@ 0x80000000
10003aae:	4a17      	ldr	r2, [pc, #92]	@ (10003b0c <stdio_usb_in_chars+0x80>)
10003ab0:	1882      	adds	r2, r0, r2
10003ab2:	f141 0300 	adc.w	r3, r1, #0
10003ab6:	4596      	cmp	lr, r2
10003ab8:	eb7c 0103 	sbcs.w	r1, ip, r3
10003abc:	bf3c      	itt	cc
10003abe:	4672      	movcc	r2, lr
10003ac0:	4663      	movcc	r3, ip
10003ac2:	4813      	ldr	r0, [pc, #76]	@ (10003b10 <stdio_usb_in_chars+0x84>)
10003ac4:	f002 f9f4 	bl	10005eb0 <__mutex_try_enter_block_until_veneer>
10003ac8:	b1e8      	cbz	r0, 10003b06 <stdio_usb_in_chars+0x7a>
10003aca:	2000      	movs	r0, #0
10003acc:	f001 fb46 	bl	1000515c <tud_cdc_n_connected>
10003ad0:	b958      	cbnz	r0, 10003aea <stdio_usb_in_chars+0x5e>
10003ad2:	2100      	movs	r1, #0
10003ad4:	f04f 30ff 	mov.w	r0, #4294967295	@ 0xffffffff
10003ad8:	f000 fd7e 	bl	100045d8 <tud_task_ext>
10003adc:	f06f 0402 	mvn.w	r4, #2
10003ae0:	480b      	ldr	r0, [pc, #44]	@ (10003b10 <stdio_usb_in_chars+0x84>)
10003ae2:	f002 f9fd 	bl	10005ee0 <__mutex_exit_veneer>
10003ae6:	4620      	mov	r0, r4
10003ae8:	bd38      	pop	{r3, r4, r5, pc}
10003aea:	2000      	movs	r0, #0
10003aec:	f001 fb4c 	bl	10005188 <tud_cdc_n_available>
10003af0:	2800      	cmp	r0, #0
10003af2:	d0ee      	beq.n	10003ad2 <stdio_usb_in_chars+0x46>
10003af4:	4621      	mov	r1, r4
10003af6:	462a      	mov	r2, r5
10003af8:	2000      	movs	r0, #0
10003afa:	f001 fb51 	bl	100051a0 <tud_cdc_n_read>
10003afe:	4604      	mov	r4, r0
10003b00:	2800      	cmp	r0, #0
10003b02:	d1ed      	bne.n	10003ae0 <stdio_usb_in_chars+0x54>
10003b04:	e7ea      	b.n	10003adc <stdio_usb_in_chars+0x50>
10003b06:	f06f 0402 	mvn.w	r4, #2
10003b0a:	e7ec      	b.n	10003ae6 <stdio_usb_in_chars+0x5a>
10003b0c:	000f4240 	.word	0x000f4240
10003b10:	20001ee4 	.word	0x20001ee4

10003b14 <stdio_usb_out_flush>:
10003b14:	b508      	push	{r3, lr}
10003b16:	f7fd fd99 	bl	1000164c <time_us_64>
10003b1a:	f04f 3eff 	mov.w	lr, #4294967295	@ 0xffffffff
10003b1e:	f06f 4c00 	mvn.w	ip, #2147483648	@ 0x80000000
10003b22:	4a0f      	ldr	r2, [pc, #60]	@ (10003b60 <stdio_usb_out_flush+0x4c>)
10003b24:	1882      	adds	r2, r0, r2
10003b26:	f141 0300 	adc.w	r3, r1, #0
10003b2a:	4596      	cmp	lr, r2
10003b2c:	eb7c 0103 	sbcs.w	r1, ip, r3
10003b30:	bf3c      	itt	cc
10003b32:	4672      	movcc	r2, lr
10003b34:	4663      	movcc	r3, ip
10003b36:	480b      	ldr	r0, [pc, #44]	@ (10003b64 <stdio_usb_out_flush+0x50>)
10003b38:	f002 f9ba 	bl	10005eb0 <__mutex_try_enter_block_until_veneer>
10003b3c:	b170      	cbz	r0, 10003b5c <stdio_usb_out_flush+0x48>
10003b3e:	f04f 30ff 	mov.w	r0, #4294967295	@ 0xffffffff
10003b42:	2100      	movs	r1, #0
10003b44:	f000 fd48 	bl	100045d8 <tud_task_ext>
10003b48:	2000      	movs	r0, #0
10003b4a:	f001 fb6f 	bl	1000522c <tud_cdc_n_write_flush>
10003b4e:	2800      	cmp	r0, #0
10003b50:	d1f5      	bne.n	10003b3e <stdio_usb_out_flush+0x2a>
10003b52:	e8bd 4008 	ldmia.w	sp!, {r3, lr}
10003b56:	4803      	ldr	r0, [pc, #12]	@ (10003b64 <stdio_usb_out_flush+0x50>)
10003b58:	f002 b9c2 	b.w	10005ee0 <__mutex_exit_veneer>
10003b5c:	bd08      	pop	{r3, pc}
10003b5e:	bf00      	nop
10003b60:	000f4240 	.word	0x000f4240
10003b64:	20001ee4 	.word	0x20001ee4

10003b68 <stdio_usb_out_chars>:
10003b68:	e92d 43f8 	stmdb	sp!, {r3, r4, r5, r6, r7, r8, r9, lr}
10003b6c:	4607      	mov	r7, r0
10003b6e:	460e      	mov	r6, r1
10003b70:	f7fd fd6c 	bl	1000164c <time_us_64>
10003b74:	f04f 35ff 	mov.w	r5, #4294967295	@ 0xffffffff
10003b78:	f06f 4400 	mvn.w	r4, #2147483648	@ 0x80000000
10003b7c:	4a33      	ldr	r2, [pc, #204]	@ (10003c4c <stdio_usb_out_chars+0xe4>)
10003b7e:	1882      	adds	r2, r0, r2
10003b80:	f141 0300 	adc.w	r3, r1, #0
10003b84:	4295      	cmp	r5, r2
10003b86:	eb74 0103 	sbcs.w	r1, r4, r3
10003b8a:	bf3c      	itt	cc
10003b8c:	462a      	movcc	r2, r5
10003b8e:	4623      	movcc	r3, r4
10003b90:	482f      	ldr	r0, [pc, #188]	@ (10003c50 <stdio_usb_out_chars+0xe8>)
10003b92:	f002 f98d 	bl	10005eb0 <__mutex_try_enter_block_until_veneer>
10003b96:	b908      	cbnz	r0, 10003b9c <stdio_usb_out_chars+0x34>
10003b98:	e8bd 83f8 	ldmia.w	sp!, {r3, r4, r5, r6, r7, r8, r9, pc}
10003b9c:	2000      	movs	r0, #0
10003b9e:	f001 fadd 	bl	1000515c <tud_cdc_n_connected>
10003ba2:	2800      	cmp	r0, #0
10003ba4:	d048      	beq.n	10003c38 <stdio_usb_out_chars+0xd0>
10003ba6:	2e00      	cmp	r6, #0
10003ba8:	dd41      	ble.n	10003c2e <stdio_usb_out_chars+0xc6>
10003baa:	2500      	movs	r5, #0
10003bac:	f8df 80a4 	ldr.w	r8, [pc, #164]	@ 10003c54 <stdio_usb_out_chars+0xec>
10003bb0:	f8df 90a4 	ldr.w	r9, [pc, #164]	@ 10003c58 <stdio_usb_out_chars+0xf0>
10003bb4:	e013      	b.n	10003bde <stdio_usb_out_chars+0x76>
10003bb6:	4622      	mov	r2, r4
10003bb8:	2000      	movs	r0, #0
10003bba:	f001 fb7d 	bl	100052b8 <tud_cdc_n_write>
10003bbe:	2100      	movs	r1, #0
10003bc0:	4604      	mov	r4, r0
10003bc2:	f04f 30ff 	mov.w	r0, #4294967295	@ 0xffffffff
10003bc6:	f000 fd07 	bl	100045d8 <tud_task_ext>
10003bca:	2000      	movs	r0, #0
10003bcc:	f001 fb2e 	bl	1000522c <tud_cdc_n_write_flush>
10003bd0:	f7fd fd3c 	bl	1000164c <time_us_64>
10003bd4:	e9c8 0100 	strd	r0, r1, [r8]
10003bd8:	4425      	add	r5, r4
10003bda:	42ae      	cmp	r6, r5
10003bdc:	dd27      	ble.n	10003c2e <stdio_usb_out_chars+0xc6>
10003bde:	2000      	movs	r0, #0
10003be0:	f001 fb8c 	bl	100052fc <tud_cdc_n_write_available>
10003be4:	1b74      	subs	r4, r6, r5
10003be6:	4284      	cmp	r4, r0
10003be8:	bfa8      	it	ge
10003bea:	4604      	movge	r4, r0
10003bec:	1979      	adds	r1, r7, r5
10003bee:	2c00      	cmp	r4, #0
10003bf0:	d1e1      	bne.n	10003bb6 <stdio_usb_out_chars+0x4e>
10003bf2:	4621      	mov	r1, r4
10003bf4:	f04f 30ff 	mov.w	r0, #4294967295	@ 0xffffffff
10003bf8:	f000 fcee 	bl	100045d8 <tud_task_ext>
10003bfc:	4620      	mov	r0, r4
10003bfe:	f001 fb15 	bl	1000522c <tud_cdc_n_write_flush>
10003c02:	4620      	mov	r0, r4
10003c04:	f001 faaa 	bl	1000515c <tud_cdc_n_connected>
10003c08:	b188      	cbz	r0, 10003c2e <stdio_usb_out_chars+0xc6>
10003c0a:	4620      	mov	r0, r4
10003c0c:	f001 fb76 	bl	100052fc <tud_cdc_n_write_available>
10003c10:	2800      	cmp	r0, #0
10003c12:	d1e2      	bne.n	10003bda <stdio_usb_out_chars+0x72>
10003c14:	f7fd fd1a 	bl	1000164c <time_us_64>
10003c18:	f8d8 3000 	ldr.w	r3, [r8]
10003c1c:	f8d8 2004 	ldr.w	r2, [r8, #4]
10003c20:	eb13 0309 	adds.w	r3, r3, r9
10003c24:	f142 0200 	adc.w	r2, r2, #0
10003c28:	4283      	cmp	r3, r0
10003c2a:	418a      	sbcs	r2, r1
10003c2c:	d2d5      	bcs.n	10003bda <stdio_usb_out_chars+0x72>
10003c2e:	4808      	ldr	r0, [pc, #32]	@ (10003c50 <stdio_usb_out_chars+0xe8>)
10003c30:	e8bd 43f8 	ldmia.w	sp!, {r3, r4, r5, r6, r7, r8, r9, lr}
10003c34:	f002 b954 	b.w	10005ee0 <__mutex_exit_veneer>
10003c38:	2000      	movs	r0, #0
10003c3a:	2100      	movs	r1, #0
10003c3c:	4b05      	ldr	r3, [pc, #20]	@ (10003c54 <stdio_usb_out_chars+0xec>)
10003c3e:	e9c3 0100 	strd	r0, r1, [r3]
10003c42:	e8bd 43f8 	ldmia.w	sp!, {r3, r4, r5, r6, r7, r8, r9, lr}
10003c46:	4802      	ldr	r0, [pc, #8]	@ (10003c50 <stdio_usb_out_chars+0xe8>)
10003c48:	f002 b94a 	b.w	10005ee0 <__mutex_exit_veneer>
10003c4c:	000f4240 	.word	0x000f4240
10003c50:	20001ee4 	.word	0x20001ee4
10003c54:	200017f0 	.word	0x200017f0
10003c58:	0007a120 	.word	0x0007a120

10003c5c <low_priority_worker_irq>:
10003c5c:	b530      	push	{r4, r5, lr}
10003c5e:	2100      	movs	r1, #0
10003c60:	b085      	sub	sp, #20
10003c62:	482e      	ldr	r0, [pc, #184]	@ (10003d1c <low_priority_worker_irq+0xc0>)
10003c64:	f002 f92c 	bl	10005ec0 <__mutex_try_enter_veneer>
10003c68:	b9f0      	cbnz	r0, 10003ca8 <low_priority_worker_irq+0x4c>
10003c6a:	4b2d      	ldr	r3, [pc, #180]	@ (10003d20 <low_priority_worker_irq+0xc4>)
10003c6c:	681a      	ldr	r2, [r3, #0]
10003c6e:	b1ca      	cbz	r2, 10003ca4 <low_priority_worker_irq+0x48>
10003c70:	f3ef 8110 	mrs	r1, PRIMASK
10003c74:	b672      	cpsid	i
10003c76:	e8d2 5fcf 	ldaexb	r5, [r2]
10003c7a:	2401      	movs	r4, #1
10003c7c:	2d00      	cmp	r5, #0
10003c7e:	d1fa      	bne.n	10003c76 <low_priority_worker_irq+0x1a>
10003c80:	e8c2 4f45 	strexb	r5, r4, [r2]
10003c84:	2d00      	cmp	r5, #0
10003c86:	d1f6      	bne.n	10003c76 <low_priority_worker_irq+0x1a>
10003c88:	f3bf 8f5f 	dmb	sy
10003c8c:	4c25      	ldr	r4, [pc, #148]	@ (10003d24 <low_priority_worker_irq+0xc8>)
10003c8e:	681d      	ldr	r5, [r3, #0]
10003c90:	7822      	ldrb	r2, [r4, #0]
10003c92:	6059      	str	r1, [r3, #4]
10003c94:	b2d3      	uxtb	r3, r2
10003c96:	2201      	movs	r2, #1
10003c98:	7022      	strb	r2, [r4, #0]
10003c9a:	e8c5 0f8f 	stlb	r0, [r5]
10003c9e:	f381 8810 	msr	PRIMASK, r1
10003ca2:	b1cb      	cbz	r3, 10003cd8 <low_priority_worker_irq+0x7c>
10003ca4:	b005      	add	sp, #20
10003ca6:	bd30      	pop	{r4, r5, pc}
10003ca8:	2100      	movs	r1, #0
10003caa:	f04f 30ff 	mov.w	r0, #4294967295	@ 0xffffffff
10003cae:	f000 fc93 	bl	100045d8 <tud_task_ext>
10003cb2:	2000      	movs	r0, #0
10003cb4:	f001 fa68 	bl	10005188 <tud_cdc_n_available>
10003cb8:	4604      	mov	r4, r0
10003cba:	4818      	ldr	r0, [pc, #96]	@ (10003d1c <low_priority_worker_irq+0xc0>)
10003cbc:	f002 f910 	bl	10005ee0 <__mutex_exit_veneer>
10003cc0:	2c00      	cmp	r4, #0
10003cc2:	d0ef      	beq.n	10003ca4 <low_priority_worker_irq+0x48>
10003cc4:	4b18      	ldr	r3, [pc, #96]	@ (10003d28 <low_priority_worker_irq+0xcc>)
10003cc6:	681b      	ldr	r3, [r3, #0]
10003cc8:	2b00      	cmp	r3, #0
10003cca:	d0eb      	beq.n	10003ca4 <low_priority_worker_irq+0x48>
10003ccc:	4a17      	ldr	r2, [pc, #92]	@ (10003d2c <low_priority_worker_irq+0xd0>)
10003cce:	6810      	ldr	r0, [r2, #0]
10003cd0:	b005      	add	sp, #20
10003cd2:	e8bd 4030 	ldmia.w	sp!, {r4, r5, lr}
10003cd6:	4718      	bx	r3
10003cd8:	f7fd face 	bl	10001278 <alarm_pool_get_default>
10003cdc:	4604      	mov	r4, r0
10003cde:	f7fd fcb5 	bl	1000164c <time_us_64>
10003ce2:	f04f 3cff 	mov.w	ip, #4294967295	@ 0xffffffff
10003ce6:	f06f 4500 	mvn.w	r5, #2147483648	@ 0x80000000
10003cea:	f510 727a 	adds.w	r2, r0, #1000	@ 0x3e8
10003cee:	f141 0300 	adc.w	r3, r1, #0
10003cf2:	4594      	cmp	ip, r2
10003cf4:	eb75 0103 	sbcs.w	r1, r5, r3
10003cf8:	bf38      	it	cc
10003cfa:	462b      	movcc	r3, r5
10003cfc:	f04f 0100 	mov.w	r1, #0
10003d00:	f04f 0501 	mov.w	r5, #1
10003d04:	4620      	mov	r0, r4
10003d06:	4c0a      	ldr	r4, [pc, #40]	@ (10003d30 <low_priority_worker_irq+0xd4>)
10003d08:	bf38      	it	cc
10003d0a:	4662      	movcc	r2, ip
10003d0c:	e9cd 1501 	strd	r1, r5, [sp, #4]
10003d10:	9400      	str	r4, [sp, #0]
10003d12:	f7fd fab5 	bl	10001280 <alarm_pool_add_alarm_at>
10003d16:	b005      	add	sp, #20
10003d18:	bd30      	pop	{r4, r5, pc}
10003d1a:	bf00      	nop
10003d1c:	20001ee4 	.word	0x20001ee4
10003d20:	20001eac 	.word	0x20001eac
10003d24:	20001f05 	.word	0x20001f05
10003d28:	20001a34 	.word	0x20001a34
10003d2c:	20001a38 	.word	0x20001a38
10003d30:	10003a11 	.word	0x10003a11

10003d34 <stdio_usb_init>:
10003d34:	f04f 4350 	mov.w	r3, #3489660928	@ 0xd0000000
10003d38:	b530      	push	{r4, r5, lr}
10003d3a:	b085      	sub	sp, #20
10003d3c:	681c      	ldr	r4, [r3, #0]
10003d3e:	f7fd fa9b 	bl	10001278 <alarm_pool_get_default>
10003d42:	f7fd fbaf 	bl	100014a4 <alarm_pool_core_num>
10003d46:	42a0      	cmp	r0, r4
10003d48:	d002      	beq.n	10003d50 <stdio_usb_init+0x1c>
10003d4a:	2000      	movs	r0, #0
10003d4c:	b005      	add	sp, #20
10003d4e:	bd30      	pop	{r4, r5, pc}
10003d50:	2100      	movs	r1, #0
10003d52:	4b2a      	ldr	r3, [pc, #168]	@ (10003dfc <stdio_usb_init+0xc8>)
10003d54:	4608      	mov	r0, r1
10003d56:	781b      	ldrb	r3, [r3, #0]
10003d58:	f001 fc8c 	bl	10005674 <tusb_rhport_init>
10003d5c:	4828      	ldr	r0, [pc, #160]	@ (10003e00 <stdio_usb_init+0xcc>)
10003d5e:	6803      	ldr	r3, [r0, #0]
10003d60:	2b00      	cmp	r3, #0
10003d62:	d047      	beq.n	10003df4 <stdio_usb_init+0xc0>
10003d64:	2001      	movs	r0, #1
10003d66:	f7fd f805 	bl	10000d74 <user_irq_claim_unused>
10003d6a:	4603      	mov	r3, r0
10003d6c:	4c25      	ldr	r4, [pc, #148]	@ (10003e04 <stdio_usb_init+0xd0>)
10003d6e:	4926      	ldr	r1, [pc, #152]	@ (10003e08 <stdio_usb_init+0xd4>)
10003d70:	b2c0      	uxtb	r0, r0
10003d72:	7023      	strb	r3, [r4, #0]
10003d74:	f7fc fd8c 	bl	10000890 <irq_set_exclusive_handler>
10003d78:	7820      	ldrb	r0, [r4, #0]
10003d7a:	2101      	movs	r1, #1
10003d7c:	f7fc fd46 	bl	1000080c <irq_set_enabled>
10003d80:	200e      	movs	r0, #14
10003d82:	f7fc fd75 	bl	10000870 <irq_has_shared_handler>
10003d86:	bb40      	cbnz	r0, 10003dda <stdio_usb_init+0xa6>
10003d88:	4b20      	ldr	r3, [pc, #128]	@ (10003e0c <stdio_usb_init+0xd8>)
10003d8a:	2501      	movs	r5, #1
10003d8c:	e9c3 0000 	strd	r0, r0, [r3]
10003d90:	f7fd fa72 	bl	10001278 <alarm_pool_get_default>
10003d94:	4604      	mov	r4, r0
10003d96:	f7fd fc59 	bl	1000164c <time_us_64>
10003d9a:	f04f 3eff 	mov.w	lr, #4294967295	@ 0xffffffff
10003d9e:	f06f 4c00 	mvn.w	ip, #2147483648	@ 0x80000000
10003da2:	f510 727a 	adds.w	r2, r0, #1000	@ 0x3e8
10003da6:	f141 0300 	adc.w	r3, r1, #0
10003daa:	4596      	cmp	lr, r2
10003dac:	eb7c 0103 	sbcs.w	r1, ip, r3
10003db0:	f04f 0100 	mov.w	r1, #0
10003db4:	4620      	mov	r0, r4
10003db6:	4c16      	ldr	r4, [pc, #88]	@ (10003e10 <stdio_usb_init+0xdc>)
10003db8:	bf3c      	itt	cc
10003dba:	4672      	movcc	r2, lr
10003dbc:	4663      	movcc	r3, ip
10003dbe:	e9cd 1501 	strd	r1, r5, [sp, #4]
10003dc2:	9400      	str	r4, [sp, #0]
10003dc4:	f7fd fa5c 	bl	10001280 <alarm_pool_add_alarm_at>
10003dc8:	2800      	cmp	r0, #0
10003dca:	dbbe      	blt.n	10003d4a <stdio_usb_init+0x16>
10003dcc:	2101      	movs	r1, #1
10003dce:	4811      	ldr	r0, [pc, #68]	@ (10003e14 <stdio_usb_init+0xe0>)
10003dd0:	f7ff fd28 	bl	10003824 <stdio_set_driver_enabled>
10003dd4:	2001      	movs	r0, #1
10003dd6:	b005      	add	sp, #20
10003dd8:	bd30      	pop	{r4, r5, pc}
10003dda:	2001      	movs	r0, #1
10003ddc:	f7fc fcd2 	bl	10000784 <spin_lock_claim_unused>
10003de0:	4601      	mov	r1, r0
10003de2:	480a      	ldr	r0, [pc, #40]	@ (10003e0c <stdio_usb_init+0xd8>)
10003de4:	f7fd f822 	bl	10000e2c <critical_section_init_with_lock_num>
10003de8:	2200      	movs	r2, #0
10003dea:	200e      	movs	r0, #14
10003dec:	490a      	ldr	r1, [pc, #40]	@ (10003e18 <stdio_usb_init+0xe4>)
10003dee:	f7fc fd7d 	bl	100008ec <irq_add_shared_handler>
10003df2:	e7eb      	b.n	10003dcc <stdio_usb_init+0x98>
10003df4:	f7fc fffe 	bl	10000df4 <mutex_init>
10003df8:	e7b4      	b.n	10003d64 <stdio_usb_init+0x30>
10003dfa:	bf00      	nop
10003dfc:	10006364 	.word	0x10006364
10003e00:	20001ee4 	.word	0x20001ee4
10003e04:	20001f03 	.word	0x20001f03
10003e08:	10003c5d 	.word	0x10003c5d
10003e0c:	20001eac 	.word	0x20001eac
10003e10:	10003a11 	.word	0x10003a11
10003e14:	20001554 	.word	0x20001554
10003e18:	10003a81 	.word	0x10003a81

10003e1c <tud_descriptor_device_cb>:
10003e1c:	4800      	ldr	r0, [pc, #0]	@ (10003e20 <tud_descriptor_device_cb+0x4>)
10003e1e:	4770      	bx	lr
10003e20:	1000621c 	.word	0x1000621c

10003e24 <tud_descriptor_configuration_cb>:
10003e24:	4800      	ldr	r0, [pc, #0]	@ (10003e28 <tud_descriptor_configuration_cb+0x4>)
10003e26:	4770      	bx	lr
10003e28:	100061c8 	.word	0x100061c8

10003e2c <tud_descriptor_string_cb>:
10003e2c:	b538      	push	{r3, r4, r5, lr}
10003e2e:	4b18      	ldr	r3, [pc, #96]	@ (10003e90 <tud_descriptor_string_cb+0x64>)
10003e30:	4604      	mov	r4, r0
10003e32:	781a      	ldrb	r2, [r3, #0]
10003e34:	b30a      	cbz	r2, 10003e7a <tud_descriptor_string_cb+0x4e>
10003e36:	b944      	cbnz	r4, 10003e4a <tud_descriptor_string_cb+0x1e>
10003e38:	f240 4209 	movw	r2, #1033	@ 0x409
10003e3c:	f44f 7341 	mov.w	r3, #772	@ 0x304
10003e40:	4d14      	ldr	r5, [pc, #80]	@ (10003e94 <tud_descriptor_string_cb+0x68>)
10003e42:	806a      	strh	r2, [r5, #2]
10003e44:	4813      	ldr	r0, [pc, #76]	@ (10003e94 <tud_descriptor_string_cb+0x68>)
10003e46:	802b      	strh	r3, [r5, #0]
10003e48:	bd38      	pop	{r3, r4, r5, pc}
10003e4a:	2c05      	cmp	r4, #5
10003e4c:	d81a      	bhi.n	10003e84 <tud_descriptor_string_cb+0x58>
10003e4e:	4b12      	ldr	r3, [pc, #72]	@ (10003e98 <tud_descriptor_string_cb+0x6c>)
10003e50:	4d10      	ldr	r5, [pc, #64]	@ (10003e94 <tud_descriptor_string_cb+0x68>)
10003e52:	f853 1024 	ldr.w	r1, [r3, r4, lsl #2]
10003e56:	4628      	mov	r0, r5
10003e58:	2300      	movs	r3, #0
10003e5a:	3901      	subs	r1, #1
10003e5c:	e003      	b.n	10003e66 <tud_descriptor_string_cb+0x3a>
10003e5e:	2b13      	cmp	r3, #19
10003e60:	f820 2f02 	strh.w	r2, [r0, #2]!
10003e64:	d010      	beq.n	10003e88 <tud_descriptor_string_cb+0x5c>
10003e66:	f811 2f01 	ldrb.w	r2, [r1, #1]!
10003e6a:	3301      	adds	r3, #1
10003e6c:	b2db      	uxtb	r3, r3
10003e6e:	2a00      	cmp	r2, #0
10003e70:	d1f5      	bne.n	10003e5e <tud_descriptor_string_cb+0x32>
10003e72:	005b      	lsls	r3, r3, #1
10003e74:	f443 7340 	orr.w	r3, r3, #768	@ 0x300
10003e78:	e7e4      	b.n	10003e44 <tud_descriptor_string_cb+0x18>
10003e7a:	2111      	movs	r1, #17
10003e7c:	4618      	mov	r0, r3
10003e7e:	f000 f825 	bl	10003ecc <pico_get_unique_board_id_string>
10003e82:	e7d8      	b.n	10003e36 <tud_descriptor_string_cb+0xa>
10003e84:	2000      	movs	r0, #0
10003e86:	bd38      	pop	{r3, r4, r5, pc}
10003e88:	f44f 734a 	mov.w	r3, #808	@ 0x328
10003e8c:	e7da      	b.n	10003e44 <tud_descriptor_string_cb+0x18>
10003e8e:	bf00      	nop
10003e90:	20001eec 	.word	0x20001eec
10003e94:	20001a6c 	.word	0x20001a6c
10003e98:	100061b0 	.word	0x100061b0

10003e9c <_retrieve_unique_id_on_boot>:
10003e9c:	b500      	push	{lr}
10003e9e:	f245 3047 	movw	r0, #21319	@ 0x5347
10003ea2:	b08b      	sub	sp, #44	@ 0x2c
10003ea4:	f7fd fd14 	bl	100018d0 <rom_func_lookup>
10003ea8:	2201      	movs	r2, #1
10003eaa:	4603      	mov	r3, r0
10003eac:	2109      	movs	r1, #9
10003eae:	a801      	add	r0, sp, #4
10003eb0:	4798      	blx	r3
10003eb2:	e9dd 3203 	ldrd	r3, r2, [sp, #12]
10003eb6:	4904      	ldr	r1, [pc, #16]	@ (10003ec8 <_retrieve_unique_id_on_boot+0x2c>)
10003eb8:	ba12      	rev	r2, r2
10003eba:	ba1b      	rev	r3, r3
10003ebc:	e9c1 2300 	strd	r2, r3, [r1]
10003ec0:	b00b      	add	sp, #44	@ 0x2c
10003ec2:	f85d fb04 	ldr.w	pc, [sp], #4
10003ec6:	bf00      	nop
10003ec8:	20001edc 	.word	0x20001edc

10003ecc <pico_get_unique_board_id_string>:
10003ecc:	2901      	cmp	r1, #1
10003ece:	f101 33ff 	add.w	r3, r1, #4294967295	@ 0xffffffff
10003ed2:	f000 80b3 	beq.w	1000403c <pico_get_unique_board_id_string+0x170>
10003ed6:	495d      	ldr	r1, [pc, #372]	@ (1000404c <pico_get_unique_board_id_string+0x180>)
10003ed8:	780a      	ldrb	r2, [r1, #0]
10003eda:	ea4f 1c12 	mov.w	ip, r2, lsr #4
10003ede:	2a9f      	cmp	r2, #159	@ 0x9f
10003ee0:	bf8c      	ite	hi
10003ee2:	f10c 0c37 	addhi.w	ip, ip, #55	@ 0x37
10003ee6:	f10c 0c30 	addls.w	ip, ip, #48	@ 0x30
10003eea:	2b01      	cmp	r3, #1
10003eec:	f880 c000 	strb.w	ip, [r0]
10003ef0:	f000 80a7 	beq.w	10004042 <pico_get_unique_board_id_string+0x176>
10003ef4:	f002 020f 	and.w	r2, r2, #15
10003ef8:	2a09      	cmp	r2, #9
10003efa:	bf8c      	ite	hi
10003efc:	3237      	addhi	r2, #55	@ 0x37
10003efe:	3230      	addls	r2, #48	@ 0x30
10003f00:	2b02      	cmp	r3, #2
10003f02:	7042      	strb	r2, [r0, #1]
10003f04:	f000 809d 	beq.w	10004042 <pico_get_unique_board_id_string+0x176>
10003f08:	784a      	ldrb	r2, [r1, #1]
10003f0a:	ea4f 1c12 	mov.w	ip, r2, lsr #4
10003f0e:	2a9f      	cmp	r2, #159	@ 0x9f
10003f10:	bf8c      	ite	hi
10003f12:	f10c 0c37 	addhi.w	ip, ip, #55	@ 0x37
10003f16:	f10c 0c30 	addls.w	ip, ip, #48	@ 0x30
10003f1a:	2b03      	cmp	r3, #3
10003f1c:	f880 c002 	strb.w	ip, [r0, #2]
10003f20:	f000 808f 	beq.w	10004042 <pico_get_unique_board_id_string+0x176>
10003f24:	f002 020f 	and.w	r2, r2, #15
10003f28:	2a09      	cmp	r2, #9
10003f2a:	bf8c      	ite	hi
10003f2c:	3237      	addhi	r2, #55	@ 0x37
10003f2e:	3230      	addls	r2, #48	@ 0x30
10003f30:	2b04      	cmp	r3, #4
10003f32:	70c2      	strb	r2, [r0, #3]
10003f34:	f000 8085 	beq.w	10004042 <pico_get_unique_board_id_string+0x176>
10003f38:	788a      	ldrb	r2, [r1, #2]
10003f3a:	ea4f 1c12 	mov.w	ip, r2, lsr #4
10003f3e:	2a9f      	cmp	r2, #159	@ 0x9f
10003f40:	bf8c      	ite	hi
10003f42:	f10c 0c37 	addhi.w	ip, ip, #55	@ 0x37
10003f46:	f10c 0c30 	addls.w	ip, ip, #48	@ 0x30
10003f4a:	2b05      	cmp	r3, #5
10003f4c:	f880 c004 	strb.w	ip, [r0, #4]
10003f50:	d077      	beq.n	10004042 <pico_get_unique_board_id_string+0x176>
10003f52:	f002 020f 	and.w	r2, r2, #15
10003f56:	2a09      	cmp	r2, #9
10003f58:	bf8c      	ite	hi
10003f5a:	3237      	addhi	r2, #55	@ 0x37
10003f5c:	3230      	addls	r2, #48	@ 0x30
10003f5e:	2b06      	cmp	r3, #6
10003f60:	7142      	strb	r2, [r0, #5]
10003f62:	d06e      	beq.n	10004042 <pico_get_unique_board_id_string+0x176>
10003f64:	78ca      	ldrb	r2, [r1, #3]
10003f66:	ea4f 1c12 	mov.w	ip, r2, lsr #4
10003f6a:	2a9f      	cmp	r2, #159	@ 0x9f
10003f6c:	bf8c      	ite	hi
10003f6e:	f10c 0c37 	addhi.w	ip, ip, #55	@ 0x37
10003f72:	f10c 0c30 	addls.w	ip, ip, #48	@ 0x30
10003f76:	2b07      	cmp	r3, #7
10003f78:	f880 c006 	strb.w	ip, [r0, #6]
10003f7c:	d061      	beq.n	10004042 <pico_get_unique_board_id_string+0x176>
10003f7e:	f002 020f 	and.w	r2, r2, #15
10003f82:	2a09      	cmp	r2, #9
10003f84:	bf8c      	ite	hi
10003f86:	3237      	addhi	r2, #55	@ 0x37
10003f88:	3230      	addls	r2, #48	@ 0x30
10003f8a:	2b08      	cmp	r3, #8
10003f8c:	71c2      	strb	r2, [r0, #7]
10003f8e:	d058      	beq.n	10004042 <pico_get_unique_board_id_string+0x176>
10003f90:	790a      	ldrb	r2, [r1, #4]
10003f92:	ea4f 1c12 	mov.w	ip, r2, lsr #4
10003f96:	2a9f      	cmp	r2, #159	@ 0x9f
10003f98:	bf8c      	ite	hi
10003f9a:	f10c 0c37 	addhi.w	ip, ip, #55	@ 0x37
10003f9e:	f10c 0c30 	addls.w	ip, ip, #48	@ 0x30
10003fa2:	2b09      	cmp	r3, #9
10003fa4:	f880 c008 	strb.w	ip, [r0, #8]
10003fa8:	d04b      	beq.n	10004042 <pico_get_unique_board_id_string+0x176>
10003faa:	f002 020f 	and.w	r2, r2, #15
10003fae:	2a09      	cmp	r2, #9
10003fb0:	bf8c      	ite	hi
10003fb2:	3237      	addhi	r2, #55	@ 0x37
10003fb4:	3230      	addls	r2, #48	@ 0x30
10003fb6:	2b0a      	cmp	r3, #10
10003fb8:	7242      	strb	r2, [r0, #9]
10003fba:	d042      	beq.n	10004042 <pico_get_unique_board_id_string+0x176>
10003fbc:	794a      	ldrb	r2, [r1, #5]
10003fbe:	ea4f 1c12 	mov.w	ip, r2, lsr #4
10003fc2:	2a9f      	cmp	r2, #159	@ 0x9f
10003fc4:	bf8c      	ite	hi
10003fc6:	f10c 0c37 	addhi.w	ip, ip, #55	@ 0x37
10003fca:	f10c 0c30 	addls.w	ip, ip, #48	@ 0x30
10003fce:	2b0b      	cmp	r3, #11
10003fd0:	f880 c00a 	strb.w	ip, [r0, #10]
10003fd4:	d035      	beq.n	10004042 <pico_get_unique_board_id_string+0x176>
10003fd6:	f002 020f 	and.w	r2, r2, #15
10003fda:	2a09      	cmp	r2, #9
10003fdc:	bf8c      	ite	hi
10003fde:	3237      	addhi	r2, #55	@ 0x37
10003fe0:	3230      	addls	r2, #48	@ 0x30
10003fe2:	2b0c      	cmp	r3, #12
10003fe4:	72c2      	strb	r2, [r0, #11]
10003fe6:	d02c      	beq.n	10004042 <pico_get_unique_board_id_string+0x176>
10003fe8:	798a      	ldrb	r2, [r1, #6]
10003fea:	ea4f 1c12 	mov.w	ip, r2, lsr #4
10003fee:	2a9f      	cmp	r2, #159	@ 0x9f
10003ff0:	bf8c      	ite	hi
10003ff2:	f10c 0c37 	addhi.w	ip, ip, #55	@ 0x37
10003ff6:	f10c 0c30 	addls.w	ip, ip, #48	@ 0x30
10003ffa:	2b0d      	cmp	r3, #13
10003ffc:	f880 c00c 	strb.w	ip, [r0, #12]
10004000:	d01f      	beq.n	10004042 <pico_get_unique_board_id_string+0x176>
10004002:	f002 020f 	and.w	r2, r2, #15
10004006:	2a09      	cmp	r2, #9
10004008:	bf8c      	ite	hi
1000400a:	3237      	addhi	r2, #55	@ 0x37
1000400c:	3230      	addls	r2, #48	@ 0x30
1000400e:	2b0e      	cmp	r3, #14
10004010:	7342      	strb	r2, [r0, #13]
10004012:	d016      	beq.n	10004042 <pico_get_unique_board_id_string+0x176>
10004014:	79ca      	ldrb	r2, [r1, #7]
10004016:	0911      	lsrs	r1, r2, #4
10004018:	2a9f      	cmp	r2, #159	@ 0x9f
1000401a:	bf8c      	ite	hi
1000401c:	3137      	addhi	r1, #55	@ 0x37
1000401e:	3130      	addls	r1, #48	@ 0x30
10004020:	2b0f      	cmp	r3, #15
10004022:	7381      	strb	r1, [r0, #14]
10004024:	d00d      	beq.n	10004042 <pico_get_unique_board_id_string+0x176>
10004026:	f002 020f 	and.w	r2, r2, #15
1000402a:	2a09      	cmp	r2, #9
1000402c:	bf94      	ite	ls
1000402e:	3230      	addls	r2, #48	@ 0x30
10004030:	3237      	addhi	r2, #55	@ 0x37
10004032:	2b10      	cmp	r3, #16
10004034:	73c2      	strb	r2, [r0, #15]
10004036:	bf18      	it	ne
10004038:	3010      	addne	r0, #16
1000403a:	d002      	beq.n	10004042 <pico_get_unique_board_id_string+0x176>
1000403c:	2300      	movs	r3, #0
1000403e:	7003      	strb	r3, [r0, #0]
10004040:	4770      	bx	lr
10004042:	4418      	add	r0, r3
10004044:	2300      	movs	r3, #0
10004046:	7003      	strb	r3, [r0, #0]
10004048:	4770      	bx	lr
1000404a:	bf00      	nop
1000404c:	20001edc 	.word	0x20001edc

10004050 <usb_reset_interface_init>:
10004050:	4770      	bx	lr
10004052:	bf00      	nop

10004054 <usb_reset_interface_reset>:
10004054:	2200      	movs	r2, #0
10004056:	4b01      	ldr	r3, [pc, #4]	@ (1000405c <usb_reset_interface_reset+0x8>)
10004058:	701a      	strb	r2, [r3, #0]
1000405a:	4770      	bx	lr
1000405c:	20001f01 	.word	0x20001f01

10004060 <usb_reset_interface_open>:
10004060:	794b      	ldrb	r3, [r1, #5]
10004062:	2bff      	cmp	r3, #255	@ 0xff
10004064:	d10b      	bne.n	1000407e <usb_reset_interface_open+0x1e>
10004066:	7988      	ldrb	r0, [r1, #6]
10004068:	b948      	cbnz	r0, 1000407e <usb_reset_interface_open+0x1e>
1000406a:	79cb      	ldrb	r3, [r1, #7]
1000406c:	2b01      	cmp	r3, #1
1000406e:	d107      	bne.n	10004080 <usb_reset_interface_open+0x20>
10004070:	2a08      	cmp	r2, #8
10004072:	d905      	bls.n	10004080 <usb_reset_interface_open+0x20>
10004074:	4b03      	ldr	r3, [pc, #12]	@ (10004084 <usb_reset_interface_open+0x24>)
10004076:	788a      	ldrb	r2, [r1, #2]
10004078:	2009      	movs	r0, #9
1000407a:	701a      	strb	r2, [r3, #0]
1000407c:	4770      	bx	lr
1000407e:	2000      	movs	r0, #0
10004080:	4770      	bx	lr
10004082:	bf00      	nop
10004084:	20001f01 	.word	0x20001f01

10004088 <usb_reset_interface_xfer_cb>:
10004088:	2001      	movs	r0, #1
1000408a:	4770      	bx	lr

1000408c <usb_reset_interface_control_xfer_cb>:
1000408c:	2901      	cmp	r1, #1
1000408e:	d001      	beq.n	10004094 <usb_reset_interface_control_xfer_cb+0x8>
10004090:	2001      	movs	r0, #1
10004092:	4770      	bx	lr
10004094:	b508      	push	{r3, lr}
10004096:	4b10      	ldr	r3, [pc, #64]	@ (100040d8 <usb_reset_interface_control_xfer_cb+0x4c>)
10004098:	8891      	ldrh	r1, [r2, #4]
1000409a:	781b      	ldrb	r3, [r3, #0]
1000409c:	4299      	cmp	r1, r3
1000409e:	d001      	beq.n	100040a4 <usb_reset_interface_control_xfer_cb+0x18>
100040a0:	2000      	movs	r0, #0
100040a2:	bd08      	pop	{r3, pc}
100040a4:	7853      	ldrb	r3, [r2, #1]
100040a6:	2b01      	cmp	r3, #1
100040a8:	d008      	beq.n	100040bc <usb_reset_interface_control_xfer_cb+0x30>
100040aa:	2b02      	cmp	r3, #2
100040ac:	d1f8      	bne.n	100040a0 <usb_reset_interface_control_xfer_cb+0x14>
100040ae:	2100      	movs	r1, #0
100040b0:	2264      	movs	r2, #100	@ 0x64
100040b2:	4608      	mov	r0, r1
100040b4:	f7fd fb9a 	bl	100017ec <watchdog_reboot>
100040b8:	2001      	movs	r0, #1
100040ba:	bd08      	pop	{r3, pc}
100040bc:	8851      	ldrh	r1, [r2, #2]
100040be:	f411 7280 	ands.w	r2, r1, #256	@ 0x100
100040c2:	bf1a      	itte	ne
100040c4:	f3c1 12c0 	ubfxne	r2, r1, #7, #1
100040c8:	0a48      	lsrne	r0, r1, #9
100040ca:	f04f 30ff 	moveq.w	r0, #4294967295	@ 0xffffffff
100040ce:	f001 0103 	and.w	r1, r1, #3
100040d2:	f7fd fc09 	bl	100018e8 <rom_reset_usb_boot_extra>
100040d6:	bf00      	nop
100040d8:	20001f01 	.word	0x20001f01

100040dc <tud_descriptor_bos_cb>:
100040dc:	4800      	ldr	r0, [pc, #0]	@ (100040e0 <tud_descriptor_bos_cb+0x4>)
100040de:	4770      	bx	lr
100040e0:	100062d8 	.word	0x100062d8

100040e4 <tud_vendor_control_xfer_cb>:
100040e4:	2901      	cmp	r1, #1
100040e6:	d107      	bne.n	100040f8 <tud_vendor_control_xfer_cb+0x14>
100040e8:	7853      	ldrb	r3, [r2, #1]
100040ea:	2b01      	cmp	r3, #1
100040ec:	d102      	bne.n	100040f4 <tud_vendor_control_xfer_cb+0x10>
100040ee:	8893      	ldrh	r3, [r2, #4]
100040f0:	2b07      	cmp	r3, #7
100040f2:	d003      	beq.n	100040fc <tud_vendor_control_xfer_cb+0x18>
100040f4:	2000      	movs	r0, #0
100040f6:	4770      	bx	lr
100040f8:	2001      	movs	r0, #1
100040fa:	4770      	bx	lr
100040fc:	4611      	mov	r1, r2
100040fe:	23a6      	movs	r3, #166	@ 0xa6
10004100:	4a01      	ldr	r2, [pc, #4]	@ (10004108 <tud_vendor_control_xfer_cb+0x24>)
10004102:	f000 beff 	b.w	10004f04 <tud_control_xfer>
10004106:	bf00      	nop
10004108:	10006230 	.word	0x10006230

1000410c <usbd_app_driver_get_cb>:
1000410c:	4603      	mov	r3, r0
1000410e:	2201      	movs	r2, #1
10004110:	4801      	ldr	r0, [pc, #4]	@ (10004118 <usbd_app_driver_get_cb+0xc>)
10004112:	701a      	strb	r2, [r3, #0]
10004114:	4770      	bx	lr
10004116:	bf00      	nop
10004118:	100062fc 	.word	0x100062fc

1000411c <tud_cdc_line_coding_cb>:
1000411c:	b508      	push	{r3, lr}
1000411e:	680b      	ldr	r3, [r1, #0]
10004120:	f5b3 6f96 	cmp.w	r3, #1200	@ 0x4b0
10004124:	d000      	beq.n	10004128 <tud_cdc_line_coding_cb+0xc>
10004126:	bd08      	pop	{r3, pc}
10004128:	2200      	movs	r2, #0
1000412a:	f04f 30ff 	mov.w	r0, #4294967295	@ 0xffffffff
1000412e:	4611      	mov	r1, r2
10004130:	f7fd fbda 	bl	100018e8 <rom_reset_usb_boot_extra>

10004134 <dcd_init>:
10004134:	b570      	push	{r4, r5, r6, lr}
10004136:	f000 f92d 	bl	10004394 <rp2040_usb_init>
1000413a:	230c      	movs	r3, #12
1000413c:	2640      	movs	r6, #64	@ 0x40
1000413e:	4c1b      	ldr	r4, [pc, #108]	@ (100041ac <dcd_init+0x78>)
10004140:	22ff      	movs	r2, #255	@ 0xff
10004142:	67a3      	str	r3, [r4, #120]	@ 0x78
10004144:	200e      	movs	r0, #14
10004146:	491a      	ldr	r1, [pc, #104]	@ (100041b0 <dcd_init+0x7c>)
10004148:	f7fc fbd0 	bl	100008ec <irq_add_shared_handler>
1000414c:	4b19      	ldr	r3, [pc, #100]	@ (100041b4 <dcd_init+0x80>)
1000414e:	4632      	mov	r2, r6
10004150:	2100      	movs	r1, #0
10004152:	4618      	mov	r0, r3
10004154:	f001 fdaa 	bl	10005cac <memset>
10004158:	4603      	mov	r3, r0
1000415a:	2100      	movs	r1, #0
1000415c:	2501      	movs	r5, #1
1000415e:	2080      	movs	r0, #128	@ 0x80
10004160:	4a15      	ldr	r2, [pc, #84]	@ (100041b8 <dcd_init+0x84>)
10004162:	8458      	strh	r0, [r3, #34]	@ 0x22
10004164:	609a      	str	r2, [r3, #8]
10004166:	3a84      	subs	r2, #132	@ 0x84
10004168:	705d      	strb	r5, [r3, #1]
1000416a:	831e      	strh	r6, [r3, #24]
1000416c:	871e      	strh	r6, [r3, #56]	@ 0x38
1000416e:	6059      	str	r1, [r3, #4]
10004170:	f8c2 1084 	str.w	r1, [r2, #132]	@ 0x84
10004174:	f8c2 1080 	str.w	r1, [r2, #128]	@ 0x80
10004178:	f502 7280 	add.w	r2, r2, #256	@ 0x100
1000417c:	60da      	str	r2, [r3, #12]
1000417e:	62da      	str	r2, [r3, #44]	@ 0x2c
10004180:	3a80      	subs	r2, #128	@ 0x80
10004182:	f883 1021 	strb.w	r1, [r3, #33]	@ 0x21
10004186:	f883 103b 	strb.w	r1, [r3, #59]	@ 0x3b
1000418a:	6259      	str	r1, [r3, #36]	@ 0x24
1000418c:	629a      	str	r2, [r3, #40]	@ 0x28
1000418e:	f04f 5600 	mov.w	r6, #536870912	@ 0x20000000
10004192:	f001 fe9d 	bl	10005ed0 <__reset_non_control_endpoints_veneer>
10004196:	f44f 3280 	mov.w	r2, #65536	@ 0x10000
1000419a:	4908      	ldr	r1, [pc, #32]	@ (100041bc <dcd_init+0x88>)
1000419c:	4b08      	ldr	r3, [pc, #32]	@ (100041c0 <dcd_init+0x8c>)
1000419e:	6425      	str	r5, [r4, #64]	@ 0x40
100041a0:	4628      	mov	r0, r5
100041a2:	64e6      	str	r6, [r4, #76]	@ 0x4c
100041a4:	f8c4 1090 	str.w	r1, [r4, #144]	@ 0x90
100041a8:	64da      	str	r2, [r3, #76]	@ 0x4c
100041aa:	bd70      	pop	{r4, r5, r6, pc}
100041ac:	50110000 	.word	0x50110000
100041b0:	200003dd 	.word	0x200003dd
100041b4:	20001aa0 	.word	0x20001aa0
100041b8:	50100084 	.word	0x50100084
100041bc:	0001d010 	.word	0x0001d010
100041c0:	50112000 	.word	0x50112000

100041c4 <dcd_int_enable>:
100041c4:	2101      	movs	r1, #1
100041c6:	200e      	movs	r0, #14
100041c8:	f7fc bb20 	b.w	1000080c <irq_set_enabled>

100041cc <dcd_set_address>:
100041cc:	2200      	movs	r2, #0
100041ce:	4802      	ldr	r0, [pc, #8]	@ (100041d8 <dcd_set_address+0xc>)
100041d0:	4611      	mov	r1, r2
100041d2:	f000 b8ff 	b.w	100043d4 <hw_endpoint_xfer_start>
100041d6:	bf00      	nop
100041d8:	20001ac0 	.word	0x20001ac0

100041dc <dcd_sof_enable>:
100041dc:	4b04      	ldr	r3, [pc, #16]	@ (100041f0 <dcd_sof_enable+0x14>)
100041de:	7019      	strb	r1, [r3, #0]
100041e0:	b121      	cbz	r1, 100041ec <dcd_sof_enable+0x10>
100041e2:	f44f 3200 	mov.w	r2, #131072	@ 0x20000
100041e6:	4b03      	ldr	r3, [pc, #12]	@ (100041f4 <dcd_sof_enable+0x18>)
100041e8:	f8c3 2090 	str.w	r2, [r3, #144]	@ 0x90
100041ec:	4770      	bx	lr
100041ee:	bf00      	nop
100041f0:	20001efe 	.word	0x20001efe
100041f4:	50112000 	.word	0x50112000

100041f8 <dcd_edpt0_status_complete>:
100041f8:	780b      	ldrb	r3, [r1, #0]
100041fa:	065b      	lsls	r3, r3, #25
100041fc:	d102      	bne.n	10004204 <dcd_edpt0_status_complete+0xc>
100041fe:	784b      	ldrb	r3, [r1, #1]
10004200:	2b05      	cmp	r3, #5
10004202:	d000      	beq.n	10004206 <dcd_edpt0_status_complete+0xe>
10004204:	4770      	bx	lr
10004206:	884b      	ldrh	r3, [r1, #2]
10004208:	4a01      	ldr	r2, [pc, #4]	@ (10004210 <dcd_edpt0_status_complete+0x18>)
1000420a:	b2db      	uxtb	r3, r3
1000420c:	6013      	str	r3, [r2, #0]
1000420e:	4770      	bx	lr
10004210:	50110000 	.word	0x50110000

10004214 <dcd_edpt_open>:
10004214:	78cb      	ldrb	r3, [r1, #3]
10004216:	e92d 41f0 	stmdb	sp!, {r4, r5, r6, r7, r8, lr}
1000421a:	f003 0e03 	and.w	lr, r3, #3
1000421e:	f1be 0f01 	cmp.w	lr, #1
10004222:	f3c3 0001 	ubfx	r0, r3, #0, #2
10004226:	d059      	beq.n	100042dc <dcd_edpt_open+0xc8>
10004228:	2700      	movs	r7, #0
1000422a:	f891 c002 	ldrb.w	ip, [r1, #2]
1000422e:	4c32      	ldr	r4, [pc, #200]	@ (100042f8 <dcd_edpt_open+0xe4>)
10004230:	f00c 037f 	and.w	r3, ip, #127	@ 0x7f
10004234:	005e      	lsls	r6, r3, #1
10004236:	8889      	ldrh	r1, [r1, #4]
10004238:	eb06 12dc 	add.w	r2, r6, ip, lsr #7
1000423c:	eb04 1242 	add.w	r2, r4, r2, lsl #5
10004240:	ea4f 15dc 	mov.w	r5, ip, lsr #7
10004244:	76d0      	strb	r0, [r2, #27]
10004246:	f3c1 010a 	ubfx	r1, r1, #0, #11
1000424a:	f085 0001 	eor.w	r0, r5, #1
1000424e:	7050      	strb	r0, [r2, #1]
10004250:	f882 c002 	strb.w	ip, [r2, #2]
10004254:	8311      	strh	r1, [r2, #24]
10004256:	70d7      	strb	r7, [r2, #3]
10004258:	b218      	sxth	r0, r3
1000425a:	00da      	lsls	r2, r3, #3
1000425c:	bb6d      	cbnz	r5, 100042ba <dcd_edpt_open+0xa6>
1000425e:	4827      	ldr	r0, [pc, #156]	@ (100042fc <dcd_edpt_open+0xe8>)
10004260:	3204      	adds	r2, #4
10004262:	eb04 1c83 	add.w	ip, r4, r3, lsl #6
10004266:	eb02 0800 	add.w	r8, r2, r0
1000426a:	f8cc 8008 	str.w	r8, [ip, #8]
1000426e:	5017      	str	r7, [r2, r0]
10004270:	b36b      	cbz	r3, 100042ce <dcd_edpt_open+0xba>
10004272:	4a23      	ldr	r2, [pc, #140]	@ (10004300 <dcd_edpt_open+0xec>)
10004274:	00db      	lsls	r3, r3, #3
10004276:	441a      	add	r2, r3
10004278:	f8cc 2004 	str.w	r2, [ip, #4]
1000427c:	4a21      	ldr	r2, [pc, #132]	@ (10004304 <dcd_edpt_open+0xf0>)
1000427e:	313f      	adds	r1, #63	@ 0x3f
10004280:	6813      	ldr	r3, [r2, #0]
10004282:	f021 013f 	bic.w	r1, r1, #63	@ 0x3f
10004286:	f1be 0f02 	cmp.w	lr, #2
1000428a:	bf08      	it	eq
1000428c:	0049      	lsleq	r1, r1, #1
1000428e:	481e      	ldr	r0, [pc, #120]	@ (10004308 <dcd_edpt_open+0xf4>)
10004290:	4419      	add	r1, r3
10004292:	442e      	add	r6, r5
10004294:	eb04 1446 	add.w	r4, r4, r6, lsl #5
10004298:	4281      	cmp	r1, r0
1000429a:	6011      	str	r1, [r2, #0]
1000429c:	60e3      	str	r3, [r4, #12]
1000429e:	d828      	bhi.n	100042f2 <dcd_edpt_open+0xde>
100042a0:	f083 43a0 	eor.w	r3, r3, #1342177280	@ 0x50000000
100042a4:	f483 1380 	eor.w	r3, r3, #1048576	@ 0x100000
100042a8:	6862      	ldr	r2, [r4, #4]
100042aa:	ea43 638e 	orr.w	r3, r3, lr, lsl #26
100042ae:	f043 4300 	orr.w	r3, r3, #2147483648	@ 0x80000000
100042b2:	6013      	str	r3, [r2, #0]
100042b4:	2001      	movs	r0, #1
100042b6:	e8bd 81f0 	ldmia.w	sp!, {r4, r5, r6, r7, r8, pc}
100042ba:	f8df c040 	ldr.w	ip, [pc, #64]	@ 100042fc <dcd_edpt_open+0xe8>
100042be:	eb04 1883 	add.w	r8, r4, r3, lsl #6
100042c2:	4462      	add	r2, ip
100042c4:	f8c8 2028 	str.w	r2, [r8, #40]	@ 0x28
100042c8:	f84c 7030 	str.w	r7, [ip, r0, lsl #3]
100042cc:	b94b      	cbnz	r3, 100042e2 <dcd_edpt_open+0xce>
100042ce:	2300      	movs	r3, #0
100042d0:	4a0e      	ldr	r2, [pc, #56]	@ (1000430c <dcd_edpt_open+0xf8>)
100042d2:	eb04 1445 	add.w	r4, r4, r5, lsl #5
100042d6:	60e2      	str	r2, [r4, #12]
100042d8:	6063      	str	r3, [r4, #4]
100042da:	e7eb      	b.n	100042b4 <dcd_edpt_open+0xa0>
100042dc:	2000      	movs	r0, #0
100042de:	e8bd 81f0 	ldmia.w	sp!, {r4, r5, r6, r7, r8, pc}
100042e2:	00db      	lsls	r3, r3, #3
100042e4:	f103 43a0 	add.w	r3, r3, #1342177280	@ 0x50000000
100042e8:	f503 1380 	add.w	r3, r3, #1048576	@ 0x100000
100042ec:	f8c8 3024 	str.w	r3, [r8, #36]	@ 0x24
100042f0:	e7c4      	b.n	1000427c <dcd_edpt_open+0x68>
100042f2:	f7fd fb43 	bl	1000197c <hard_assertion_failure>
100042f6:	bf00      	nop
100042f8:	20001aa0 	.word	0x20001aa0
100042fc:	50100080 	.word	0x50100080
10004300:	50100004 	.word	0x50100004
10004304:	20001ea8 	.word	0x20001ea8
10004308:	50100fff 	.word	0x50100fff
1000430c:	50100100 	.word	0x50100100

10004310 <dcd_edpt_close_all>:
10004310:	f001 bdde 	b.w	10005ed0 <__reset_non_control_endpoints_veneer>

10004314 <dcd_edpt_xfer>:
10004314:	468c      	mov	ip, r1
10004316:	b508      	push	{r3, lr}
10004318:	4611      	mov	r1, r2
1000431a:	4807      	ldr	r0, [pc, #28]	@ (10004338 <dcd_edpt_xfer+0x24>)
1000431c:	461a      	mov	r2, r3
1000431e:	f00c 037f 	and.w	r3, ip, #127	@ 0x7f
10004322:	ea4f 1cdc 	mov.w	ip, ip, lsr #7
10004326:	eb0c 0c43 	add.w	ip, ip, r3, lsl #1
1000432a:	eb00 104c 	add.w	r0, r0, ip, lsl #5
1000432e:	f000 f851 	bl	100043d4 <hw_endpoint_xfer_start>
10004332:	2001      	movs	r0, #1
10004334:	bd08      	pop	{r3, pc}
10004336:	bf00      	nop
10004338:	20001aa0 	.word	0x20001aa0

1000433c <dcd_edpt_stall>:
1000433c:	09cb      	lsrs	r3, r1, #7
1000433e:	f011 017f 	ands.w	r1, r1, #127	@ 0x7f
10004342:	d103      	bne.n	1000434c <dcd_edpt_stall+0x10>
10004344:	4a06      	ldr	r2, [pc, #24]	@ (10004360 <dcd_edpt_stall+0x24>)
10004346:	f1c3 0002 	rsb	r0, r3, #2
1000434a:	6690      	str	r0, [r2, #104]	@ 0x68
1000434c:	4805      	ldr	r0, [pc, #20]	@ (10004364 <dcd_edpt_stall+0x28>)
1000434e:	eb03 0341 	add.w	r3, r3, r1, lsl #1
10004352:	f44f 6200 	mov.w	r2, #2048	@ 0x800
10004356:	2100      	movs	r1, #0
10004358:	eb00 1043 	add.w	r0, r0, r3, lsl #5
1000435c:	f001 bdac 	b.w	10005eb8 <___hw_endpoint_buffer_control_update32_veneer>
10004360:	50112000 	.word	0x50112000
10004364:	20001aa0 	.word	0x20001aa0

10004368 <dcd_edpt_clear_stall>:
10004368:	f011 037f 	ands.w	r3, r1, #127	@ 0x7f
1000436c:	d100      	bne.n	10004370 <dcd_edpt_clear_stall+0x8>
1000436e:	4770      	bx	lr
10004370:	2200      	movs	r2, #0
10004372:	b410      	push	{r4}
10004374:	09c8      	lsrs	r0, r1, #7
10004376:	4c06      	ldr	r4, [pc, #24]	@ (10004390 <dcd_edpt_clear_stall+0x28>)
10004378:	eb00 0043 	add.w	r0, r0, r3, lsl #1
1000437c:	eb04 1340 	add.w	r3, r4, r0, lsl #5
10004380:	f46f 6100 	mvn.w	r1, #2048	@ 0x800
10004384:	4618      	mov	r0, r3
10004386:	f85d 4b04 	ldr.w	r4, [sp], #4
1000438a:	70da      	strb	r2, [r3, #3]
1000438c:	f001 bd94 	b.w	10005eb8 <___hw_endpoint_buffer_control_update32_veneer>
10004390:	20001aa0 	.word	0x20001aa0

10004394 <rp2040_usb_init>:
10004394:	f04f 5280 	mov.w	r2, #268435456	@ 0x10000000
10004398:	4809      	ldr	r0, [pc, #36]	@ (100043c0 <rp2040_usb_init+0x2c>)
1000439a:	490a      	ldr	r1, [pc, #40]	@ (100043c4 <rp2040_usb_init+0x30>)
1000439c:	b508      	push	{r3, lr}
1000439e:	4b0a      	ldr	r3, [pc, #40]	@ (100043c8 <rp2040_usb_init+0x34>)
100043a0:	6002      	str	r2, [r0, #0]
100043a2:	600a      	str	r2, [r1, #0]
100043a4:	6899      	ldr	r1, [r3, #8]
100043a6:	43c9      	mvns	r1, r1
100043a8:	f011 5180 	ands.w	r1, r1, #268435456	@ 0x10000000
100043ac:	d1fa      	bne.n	100043a4 <rp2040_usb_init+0x10>
100043ae:	f44f 5280 	mov.w	r2, #4096	@ 0x1000
100043b2:	4806      	ldr	r0, [pc, #24]	@ (100043cc <rp2040_usb_init+0x38>)
100043b4:	f001 fc7a 	bl	10005cac <memset>
100043b8:	2209      	movs	r2, #9
100043ba:	4b05      	ldr	r3, [pc, #20]	@ (100043d0 <rp2040_usb_init+0x3c>)
100043bc:	675a      	str	r2, [r3, #116]	@ 0x74
100043be:	bd08      	pop	{r3, pc}
100043c0:	40022000 	.word	0x40022000
100043c4:	40023000 	.word	0x40023000
100043c8:	40020000 	.word	0x40020000
100043cc:	50100000 	.word	0x50100000
100043d0:	50110000 	.word	0x50110000

100043d4 <hw_endpoint_xfer_start>:
100043d4:	2300      	movs	r3, #0
100043d6:	f04f 0c01 	mov.w	ip, #1
100043da:	b510      	push	{r4, lr}
100043dc:	f880 c01a 	strb.w	ip, [r0, #26]
100043e0:	8282      	strh	r2, [r0, #20]
100043e2:	82c3      	strh	r3, [r0, #22]
100043e4:	6101      	str	r1, [r0, #16]
100043e6:	4604      	mov	r4, r0
100043e8:	f001 fd7e 	bl	10005ee8 <__e15_is_bulkin_ep_veneer>
100043ec:	b120      	cbz	r0, 100043f8 <hw_endpoint_xfer_start+0x24>
100043ee:	f44f 3200 	mov.w	r2, #131072	@ 0x20000
100043f2:	4b07      	ldr	r3, [pc, #28]	@ (10004410 <hw_endpoint_xfer_start+0x3c>)
100043f4:	f8c3 2090 	str.w	r2, [r3, #144]	@ 0x90
100043f8:	4620      	mov	r0, r4
100043fa:	f001 fd51 	bl	10005ea0 <__e15_is_critical_frame_period_veneer>
100043fe:	b110      	cbz	r0, 10004406 <hw_endpoint_xfer_start+0x32>
10004400:	2301      	movs	r3, #1
10004402:	7723      	strb	r3, [r4, #28]
10004404:	bd10      	pop	{r4, pc}
10004406:	4620      	mov	r0, r4
10004408:	e8bd 4010 	ldmia.w	sp!, {r4, lr}
1000440c:	f001 bd5c 	b.w	10005ec8 <__hw_endpoint_start_next_buffer_veneer>
10004410:	50112000 	.word	0x50112000

10004414 <configuration_reset>:
10004414:	e92d 41f0 	stmdb	sp!, {r4, r5, r6, r7, r8, lr}
10004418:	f04f 0800 	mov.w	r8, #0
1000441c:	4d1c      	ldr	r5, [pc, #112]	@ (10004490 <configuration_reset+0x7c>)
1000441e:	4604      	mov	r4, r0
10004420:	4642      	mov	r2, r8
10004422:	782b      	ldrb	r3, [r5, #0]
10004424:	4f1b      	ldr	r7, [pc, #108]	@ (10004494 <configuration_reset+0x80>)
10004426:	4e1c      	ldr	r6, [pc, #112]	@ (10004498 <configuration_reset+0x84>)
10004428:	e00d      	b.n	10004446 <configuration_reset+0x32>
1000442a:	6833      	ldr	r3, [r6, #0]
1000442c:	eb13 1342 	adds.w	r3, r3, r2, lsl #5
10004430:	d025      	beq.n	1000447e <configuration_reset+0x6a>
10004432:	68db      	ldr	r3, [r3, #12]
10004434:	4620      	mov	r0, r4
10004436:	4798      	blx	r3
10004438:	f108 0801 	add.w	r8, r8, #1
1000443c:	782b      	ldrb	r3, [r5, #0]
1000443e:	fa5f f288 	uxtb.w	r2, r8
10004442:	4293      	cmp	r3, r2
10004444:	d306      	bcc.n	10004454 <configuration_reset+0x40>
10004446:	4293      	cmp	r3, r2
10004448:	eba2 0303 	sub.w	r3, r2, r3
1000444c:	d8ed      	bhi.n	1000442a <configuration_reset+0x16>
1000444e:	eb07 1343 	add.w	r3, r7, r3, lsl #5
10004452:	e7ee      	b.n	10004432 <configuration_reset+0x1e>
10004454:	4c11      	ldr	r4, [pc, #68]	@ (1000449c <configuration_reset+0x88>)
10004456:	2254      	movs	r2, #84	@ 0x54
10004458:	2100      	movs	r1, #0
1000445a:	4620      	mov	r0, r4
1000445c:	f001 fc26 	bl	10005cac <memset>
10004460:	f04f 33ff 	mov.w	r3, #4294967295	@ 0xffffffff
10004464:	1d25      	adds	r5, r4, #4
10004466:	6063      	str	r3, [r4, #4]
10004468:	e9c5 3301 	strd	r3, r3, [r5, #4]
1000446c:	60eb      	str	r3, [r5, #12]
1000446e:	f104 0014 	add.w	r0, r4, #20
10004472:	2220      	movs	r2, #32
10004474:	e8bd 41f0 	ldmia.w	sp!, {r4, r5, r6, r7, r8, lr}
10004478:	21ff      	movs	r1, #255	@ 0xff
1000447a:	f001 bc17 	b.w	10005cac <memset>
1000447e:	f04f 23e0 	mov.w	r3, #3758153728	@ 0xe000e000
10004482:	f8d3 3df0 	ldr.w	r3, [r3, #3568]	@ 0xdf0
10004486:	07db      	lsls	r3, r3, #31
10004488:	d500      	bpl.n	1000448c <configuration_reset+0x78>
1000448a:	be00      	bkpt	0x0000
1000448c:	e8bd 81f0 	ldmia.w	sp!, {r4, r5, r6, r7, r8, pc}
10004490:	20001efd 	.word	0x20001efd
10004494:	1000631c 	.word	0x1000631c
10004498:	20001808 	.word	0x20001808
1000449c:	20001910 	.word	0x20001910

100044a0 <tud_event_hook_cb>:
100044a0:	4770      	bx	lr
100044a2:	bf00      	nop

100044a4 <tud_sof_cb>:
100044a4:	4770      	bx	lr
100044a6:	bf00      	nop

100044a8 <tud_descriptor_device_qualifier_cb>:
100044a8:	2000      	movs	r0, #0
100044aa:	4770      	bx	lr

100044ac <tud_descriptor_other_speed_configuration_cb>:
100044ac:	2000      	movs	r0, #0
100044ae:	4770      	bx	lr

100044b0 <tud_mount_cb>:
100044b0:	4770      	bx	lr
100044b2:	bf00      	nop

100044b4 <tud_umount_cb>:
100044b4:	4770      	bx	lr
100044b6:	bf00      	nop

100044b8 <tud_suspend_cb>:
100044b8:	4770      	bx	lr
100044ba:	bf00      	nop

100044bc <tud_resume_cb>:
100044bc:	4770      	bx	lr
100044be:	bf00      	nop

100044c0 <tud_mounted>:
100044c0:	4b02      	ldr	r3, [pc, #8]	@ (100044cc <tud_mounted+0xc>)
100044c2:	7858      	ldrb	r0, [r3, #1]
100044c4:	3800      	subs	r0, #0
100044c6:	bf18      	it	ne
100044c8:	2001      	movne	r0, #1
100044ca:	4770      	bx	lr
100044cc:	20001910 	.word	0x20001910

100044d0 <tud_suspended>:
100044d0:	4b02      	ldr	r3, [pc, #8]	@ (100044dc <tud_suspended+0xc>)
100044d2:	7818      	ldrb	r0, [r3, #0]
100044d4:	f3c0 0080 	ubfx	r0, r0, #2, #1
100044d8:	4770      	bx	lr
100044da:	bf00      	nop
100044dc:	20001910 	.word	0x20001910

100044e0 <tud_rhport_init>:
100044e0:	e92d 47f0 	stmdb	sp!, {r4, r5, r6, r7, r8, r9, sl, lr}
100044e4:	f8df 90e8 	ldr.w	r9, [pc, #232]	@ 100045d0 <tud_rhport_init+0xf0>
100044e8:	f899 3000 	ldrb.w	r3, [r9]
100044ec:	2bff      	cmp	r3, #255	@ 0xff
100044ee:	d002      	beq.n	100044f6 <tud_rhport_init+0x16>
100044f0:	2001      	movs	r0, #1
100044f2:	e8bd 87f0 	ldmia.w	sp!, {r4, r5, r6, r7, r8, r9, sl, pc}
100044f6:	460d      	mov	r5, r1
100044f8:	2900      	cmp	r1, #0
100044fa:	d03d      	beq.n	10004578 <tud_rhport_init+0x98>
100044fc:	2100      	movs	r1, #0
100044fe:	2254      	movs	r2, #84	@ 0x54
10004500:	4606      	mov	r6, r0
10004502:	4829      	ldr	r0, [pc, #164]	@ (100045a8 <tud_rhport_init+0xc8>)
10004504:	f001 fbd2 	bl	10005cac <memset>
10004508:	2200      	movs	r2, #0
1000450a:	4c28      	ldr	r4, [pc, #160]	@ (100045ac <tud_rhport_init+0xcc>)
1000450c:	4b28      	ldr	r3, [pc, #160]	@ (100045b0 <tud_rhport_init+0xd0>)
1000450e:	4620      	mov	r0, r4
10004510:	701a      	strb	r2, [r3, #0]
10004512:	f7fc fc6f 	bl	10000df4 <mutex_init>
10004516:	4b27      	ldr	r3, [pc, #156]	@ (100045b4 <tud_rhport_init+0xd4>)
10004518:	4827      	ldr	r0, [pc, #156]	@ (100045b8 <tud_rhport_init+0xd8>)
1000451a:	601c      	str	r4, [r3, #0]
1000451c:	4c27      	ldr	r4, [pc, #156]	@ (100045bc <tud_rhport_init+0xdc>)
1000451e:	f7fc fc77 	bl	10000e10 <critical_section_init>
10004522:	4620      	mov	r0, r4
10004524:	f001 fb88 	bl	10005c38 <tu_fifo_clear>
10004528:	4a25      	ldr	r2, [pc, #148]	@ (100045c0 <tud_rhport_init+0xe0>)
1000452a:	4b26      	ldr	r3, [pc, #152]	@ (100045c4 <tud_rhport_init+0xe4>)
1000452c:	6014      	str	r4, [r2, #0]
1000452e:	4c26      	ldr	r4, [pc, #152]	@ (100045c8 <tud_rhport_init+0xe8>)
10004530:	b35b      	cbz	r3, 1000458a <tud_rhport_init+0xaa>
10004532:	4620      	mov	r0, r4
10004534:	f7ff fdea 	bl	1000410c <usbd_app_driver_get_cb>
10004538:	4b24      	ldr	r3, [pc, #144]	@ (100045cc <tud_rhport_init+0xec>)
1000453a:	7822      	ldrb	r2, [r4, #0]
1000453c:	6018      	str	r0, [r3, #0]
1000453e:	f04f 0a00 	mov.w	sl, #0
10004542:	f8df 8090 	ldr.w	r8, [pc, #144]	@ 100045d4 <tud_rhport_init+0xf4>
10004546:	4653      	mov	r3, sl
10004548:	4f20      	ldr	r7, [pc, #128]	@ (100045cc <tud_rhport_init+0xec>)
1000454a:	e00d      	b.n	10004568 <tud_rhport_init+0x88>
1000454c:	683a      	ldr	r2, [r7, #0]
1000454e:	eb12 1343 	adds.w	r3, r2, r3, lsl #5
10004552:	d011      	beq.n	10004578 <tud_rhport_init+0x98>
10004554:	685b      	ldr	r3, [r3, #4]
10004556:	b17b      	cbz	r3, 10004578 <tud_rhport_init+0x98>
10004558:	4798      	blx	r3
1000455a:	f10a 0a01 	add.w	sl, sl, #1
1000455e:	7822      	ldrb	r2, [r4, #0]
10004560:	fa5f f38a 	uxtb.w	r3, sl
10004564:	429a      	cmp	r2, r3
10004566:	d312      	bcc.n	1000458e <tud_rhport_init+0xae>
10004568:	4293      	cmp	r3, r2
1000456a:	d3ef      	bcc.n	1000454c <tud_rhport_init+0x6c>
1000456c:	1a9b      	subs	r3, r3, r2
1000456e:	eb08 1343 	add.w	r3, r8, r3, lsl #5
10004572:	685b      	ldr	r3, [r3, #4]
10004574:	2b00      	cmp	r3, #0
10004576:	d1ef      	bne.n	10004558 <tud_rhport_init+0x78>
10004578:	f04f 23e0 	mov.w	r3, #3758153728	@ 0xe000e000
1000457c:	f8d3 3df0 	ldr.w	r3, [r3, #3568]	@ 0xdf0
10004580:	07db      	lsls	r3, r3, #31
10004582:	d500      	bpl.n	10004586 <tud_rhport_init+0xa6>
10004584:	be00      	bkpt	0x0000
10004586:	2000      	movs	r0, #0
10004588:	e7b3      	b.n	100044f2 <tud_rhport_init+0x12>
1000458a:	7822      	ldrb	r2, [r4, #0]
1000458c:	e7d7      	b.n	1000453e <tud_rhport_init+0x5e>
1000458e:	4629      	mov	r1, r5
10004590:	4630      	mov	r0, r6
10004592:	f889 6000 	strb.w	r6, [r9]
10004596:	f7ff fdcd 	bl	10004134 <dcd_init>
1000459a:	2800      	cmp	r0, #0
1000459c:	d0ec      	beq.n	10004578 <tud_rhport_init+0x98>
1000459e:	4630      	mov	r0, r6
100045a0:	f7ff fe10 	bl	100041c4 <dcd_int_enable>
100045a4:	e7a4      	b.n	100044f0 <tud_rhport_init+0x10>
100045a6:	bf00      	nop
100045a8:	20001910 	.word	0x20001910
100045ac:	20001908 	.word	0x20001908
100045b0:	20001eff 	.word	0x20001eff
100045b4:	20001964 	.word	0x20001964
100045b8:	20001580 	.word	0x20001580
100045bc:	2000156c 	.word	0x2000156c
100045c0:	20001968 	.word	0x20001968
100045c4:	1000410d 	.word	0x1000410d
100045c8:	20001efd 	.word	0x20001efd
100045cc:	20001808 	.word	0x20001808
100045d0:	20001588 	.word	0x20001588
100045d4:	1000631c 	.word	0x1000631c

100045d8 <tud_task_ext>:
100045d8:	e92d 4ff0 	stmdb	sp!, {r4, r5, r6, r7, r8, r9, sl, fp, lr}
100045dc:	f8df 92b0 	ldr.w	r9, [pc, #688]	@ 10004890 <tud_task_ext+0x2b8>
100045e0:	b08b      	sub	sp, #44	@ 0x2c
100045e2:	f899 3000 	ldrb.w	r3, [r9]
100045e6:	2bff      	cmp	r3, #255	@ 0xff
100045e8:	f000 80ed 	beq.w	100047c6 <tud_task_ext+0x1ee>
100045ec:	4ca2      	ldr	r4, [pc, #648]	@ (10004878 <tud_task_ext+0x2a0>)
100045ee:	4da3      	ldr	r5, [pc, #652]	@ (1000487c <tud_task_ext+0x2a4>)
100045f0:	f8df a298 	ldr.w	sl, [pc, #664]	@ 1000488c <tud_task_ext+0x2b4>
100045f4:	f8df b29c 	ldr.w	fp, [pc, #668]	@ 10004894 <tud_task_ext+0x2bc>
100045f8:	6826      	ldr	r6, [r4, #0]
100045fa:	6973      	ldr	r3, [r6, #20]
100045fc:	f3ef 8210 	mrs	r2, PRIMASK
10004600:	b672      	cpsid	i
10004602:	e8d3 0fcf 	ldaexb	r0, [r3]
10004606:	2101      	movs	r1, #1
10004608:	2800      	cmp	r0, #0
1000460a:	d1fa      	bne.n	10004602 <tud_task_ext+0x2a>
1000460c:	e8c3 1f40 	strexb	r0, r1, [r3]
10004610:	2800      	cmp	r0, #0
10004612:	d1f6      	bne.n	10004602 <tud_task_ext+0x2a>
10004614:	f3bf 8f5f 	dmb	sy
10004618:	61b2      	str	r2, [r6, #24]
1000461a:	4630      	mov	r0, r6
1000461c:	a907      	add	r1, sp, #28
1000461e:	f001 f959 	bl	100058d4 <tu_fifo_read>
10004622:	2300      	movs	r3, #0
10004624:	6972      	ldr	r2, [r6, #20]
10004626:	e8c2 3f8f 	stlb	r3, [r2]
1000462a:	69b3      	ldr	r3, [r6, #24]
1000462c:	f383 8810 	msr	PRIMASK, r3
10004630:	2800      	cmp	r0, #0
10004632:	f000 80c8 	beq.w	100047c6 <tud_task_ext+0x1ee>
10004636:	f89d 301d 	ldrb.w	r3, [sp, #29]
1000463a:	3b01      	subs	r3, #1
1000463c:	2b07      	cmp	r3, #7
1000463e:	f200 836b 	bhi.w	10004d18 <tud_task_ext+0x740>
10004642:	e8df f003 	tbb	[pc, r3]
10004646:	afa5      	.short	0xafa5
10004648:	358c9b93 	.word	0x358c9b93
1000464c:	040a      	.short	0x040a
1000464e:	9b08      	ldr	r3, [sp, #32]
10004650:	2b00      	cmp	r3, #0
10004652:	d0d1      	beq.n	100045f8 <tud_task_ext+0x20>
10004654:	9809      	ldr	r0, [sp, #36]	@ 0x24
10004656:	4798      	blx	r3
10004658:	e7ce      	b.n	100045f8 <tud_task_ext+0x20>
1000465a:	f89d 1020 	ldrb.w	r1, [sp, #32]
1000465e:	f001 067f 	and.w	r6, r1, #127	@ 0x7f
10004662:	eb05 0046 	add.w	r0, r5, r6, lsl #1
10004666:	eb00 10d1 	add.w	r0, r0, r1, lsr #7
1000466a:	f890 3034 	ldrb.w	r3, [r0, #52]	@ 0x34
1000466e:	f023 0301 	bic.w	r3, r3, #1
10004672:	f880 3034 	strb.w	r3, [r0, #52]	@ 0x34
10004676:	f890 3034 	ldrb.w	r3, [r0, #52]	@ 0x34
1000467a:	f023 0304 	bic.w	r3, r3, #4
1000467e:	f880 3034 	strb.w	r3, [r0, #52]	@ 0x34
10004682:	2e00      	cmp	r6, #0
10004684:	f000 80a2 	beq.w	100047cc <tud_task_ext+0x1f4>
10004688:	7d02      	ldrb	r2, [r0, #20]
1000468a:	f89a 3000 	ldrb.w	r3, [sl]
1000468e:	429a      	cmp	r2, r3
10004690:	f080 8091 	bcs.w	100047b6 <tud_task_ext+0x1de>
10004694:	4b7a      	ldr	r3, [pc, #488]	@ (10004880 <tud_task_ext+0x2a8>)
10004696:	681b      	ldr	r3, [r3, #0]
10004698:	eb13 1342 	adds.w	r3, r3, r2, lsl #5
1000469c:	f000 808c 	beq.w	100047b8 <tud_task_ext+0x1e0>
100046a0:	699e      	ldr	r6, [r3, #24]
100046a2:	f89d 2021 	ldrb.w	r2, [sp, #33]	@ 0x21
100046a6:	9b09      	ldr	r3, [sp, #36]	@ 0x24
100046a8:	f89d 001c 	ldrb.w	r0, [sp, #28]
100046ac:	47b0      	blx	r6
100046ae:	e7a3      	b.n	100045f8 <tud_task_ext+0x20>
100046b0:	f89b 3000 	ldrb.w	r3, [fp]
100046b4:	2b00      	cmp	r3, #0
100046b6:	d07f      	beq.n	100047b8 <tud_task_ext+0x1e0>
100046b8:	f89b 3000 	ldrb.w	r3, [fp]
100046bc:	3b01      	subs	r3, #1
100046be:	b2db      	uxtb	r3, r3
100046c0:	f88b 3000 	strb.w	r3, [fp]
100046c4:	f89b 3000 	ldrb.w	r3, [fp]
100046c8:	f003 00ff 	and.w	r0, r3, #255	@ 0xff
100046cc:	2b00      	cmp	r3, #0
100046ce:	d193      	bne.n	100045f8 <tud_task_ext+0x20>
100046d0:	4f6a      	ldr	r7, [pc, #424]	@ (1000487c <tud_task_ext+0x2a4>)
100046d2:	f89d 801c 	ldrb.w	r8, [sp, #28]
100046d6:	783b      	ldrb	r3, [r7, #0]
100046d8:	f043 0301 	orr.w	r3, r3, #1
100046dc:	703b      	strb	r3, [r7, #0]
100046de:	f897 3034 	ldrb.w	r3, [r7, #52]	@ 0x34
100046e2:	f360 0300 	bfi	r3, r0, #0, #1
100046e6:	f887 3034 	strb.w	r3, [r7, #52]	@ 0x34
100046ea:	f897 3034 	ldrb.w	r3, [r7, #52]	@ 0x34
100046ee:	f360 0382 	bfi	r3, r0, #2, #1
100046f2:	f887 3034 	strb.w	r3, [r7, #52]	@ 0x34
100046f6:	f897 3035 	ldrb.w	r3, [r7, #53]	@ 0x35
100046fa:	f360 0300 	bfi	r3, r0, #0, #1
100046fe:	f887 3035 	strb.w	r3, [r7, #53]	@ 0x35
10004702:	f897 3035 	ldrb.w	r3, [r7, #53]	@ 0x35
10004706:	f360 0382 	bfi	r3, r0, #2, #1
1000470a:	f887 3035 	strb.w	r3, [r7, #53]	@ 0x35
1000470e:	f000 fc59 	bl	10004fc4 <usbd_control_set_complete_callback>
10004712:	f89d 3020 	ldrb.w	r3, [sp, #32]
10004716:	f003 0260 	and.w	r2, r3, #96	@ 0x60
1000471a:	2a60      	cmp	r2, #96	@ 0x60
1000471c:	d066      	beq.n	100047ec <tud_task_ext+0x214>
1000471e:	2a40      	cmp	r2, #64	@ 0x40
10004720:	d076      	beq.n	10004810 <tud_task_ext+0x238>
10004722:	f003 031f 	and.w	r3, r3, #31
10004726:	2b01      	cmp	r3, #1
10004728:	f000 80b6 	beq.w	10004898 <tud_task_ext+0x2c0>
1000472c:	2b02      	cmp	r3, #2
1000472e:	d07b      	beq.n	10004828 <tud_task_ext+0x250>
10004730:	2b00      	cmp	r3, #0
10004732:	d15b      	bne.n	100047ec <tud_task_ext+0x214>
10004734:	2a20      	cmp	r2, #32
10004736:	f000 81db 	beq.w	10004af0 <tud_task_ext+0x518>
1000473a:	2a00      	cmp	r2, #0
1000473c:	d156      	bne.n	100047ec <tud_task_ext+0x214>
1000473e:	f89d 3021 	ldrb.w	r3, [sp, #33]	@ 0x21
10004742:	2b09      	cmp	r3, #9
10004744:	d852      	bhi.n	100047ec <tud_task_ext+0x214>
10004746:	e8df f013 	tbh	[pc, r3, lsl #1]
1000474a:	01a2      	.short	0x01a2
1000474c:	00510194 	.word	0x00510194
10004750:	005101b3 	.word	0x005101b3
10004754:	015d0187 	.word	0x015d0187
10004758:	01520051 	.word	0x01520051
1000475c:	00e5      	.short	0x00e5
1000475e:	782b      	ldrb	r3, [r5, #0]
10004760:	07d9      	lsls	r1, r3, #31
10004762:	f57f af49 	bpl.w	100045f8 <tud_task_ext+0x20>
10004766:	f7ff fea9 	bl	100044bc <tud_resume_cb>
1000476a:	e745      	b.n	100045f8 <tud_task_ext+0x20>
1000476c:	78eb      	ldrb	r3, [r5, #3]
1000476e:	07da      	lsls	r2, r3, #31
10004770:	f57f af42 	bpl.w	100045f8 <tud_task_ext+0x20>
10004774:	9808      	ldr	r0, [sp, #32]
10004776:	f7ff fe95 	bl	100044a4 <tud_sof_cb>
1000477a:	e73d      	b.n	100045f8 <tud_task_ext+0x20>
1000477c:	782b      	ldrb	r3, [r5, #0]
1000477e:	07d8      	lsls	r0, r3, #31
10004780:	f57f af3a 	bpl.w	100045f8 <tud_task_ext+0x20>
10004784:	7828      	ldrb	r0, [r5, #0]
10004786:	f3c0 00c0 	ubfx	r0, r0, #3, #1
1000478a:	f7ff fe95 	bl	100044b8 <tud_suspend_cb>
1000478e:	e733      	b.n	100045f8 <tud_task_ext+0x20>
10004790:	f89d 001c 	ldrb.w	r0, [sp, #28]
10004794:	f7ff fe3e 	bl	10004414 <configuration_reset>
10004798:	f000 fc0a 	bl	10004fb0 <usbd_control_reset>
1000479c:	f89d 3020 	ldrb.w	r3, [sp, #32]
100047a0:	70ab      	strb	r3, [r5, #2]
100047a2:	e729      	b.n	100045f8 <tud_task_ext+0x20>
100047a4:	f89d 001c 	ldrb.w	r0, [sp, #28]
100047a8:	f7ff fe34 	bl	10004414 <configuration_reset>
100047ac:	f000 fc00 	bl	10004fb0 <usbd_control_reset>
100047b0:	f7ff fe80 	bl	100044b4 <tud_umount_cb>
100047b4:	e720      	b.n	100045f8 <tud_task_ext+0x20>
100047b6:	d011      	beq.n	100047dc <tud_task_ext+0x204>
100047b8:	f04f 23e0 	mov.w	r3, #3758153728	@ 0xe000e000
100047bc:	f8d3 3df0 	ldr.w	r3, [r3, #3568]	@ 0xdf0
100047c0:	07dc      	lsls	r4, r3, #31
100047c2:	d500      	bpl.n	100047c6 <tud_task_ext+0x1ee>
100047c4:	be00      	bkpt	0x0000
100047c6:	b00b      	add	sp, #44	@ 0x2c
100047c8:	e8bd 8ff0 	ldmia.w	sp!, {r4, r5, r6, r7, r8, r9, sl, fp, pc}
100047cc:	9b09      	ldr	r3, [sp, #36]	@ 0x24
100047ce:	f89d 2021 	ldrb.w	r2, [sp, #33]	@ 0x21
100047d2:	f89d 001c 	ldrb.w	r0, [sp, #28]
100047d6:	f000 fc09 	bl	10004fec <usbd_control_xfer_cb>
100047da:	e70d      	b.n	100045f8 <tud_task_ext+0x20>
100047dc:	4b29      	ldr	r3, [pc, #164]	@ (10004884 <tud_task_ext+0x2ac>)
100047de:	e75f      	b.n	100046a0 <tud_task_ext+0xc8>
100047e0:	f7ff fb20 	bl	10003e24 <tud_descriptor_configuration_cb>
100047e4:	4602      	mov	r2, r0
100047e6:	2800      	cmp	r0, #0
100047e8:	f040 8179 	bne.w	10004ade <tud_task_ext+0x506>
100047ec:	f04f 23e0 	mov.w	r3, #3758153728	@ 0xe000e000
100047f0:	f8d3 3df0 	ldr.w	r3, [r3, #3568]	@ 0xdf0
100047f4:	07de      	lsls	r6, r3, #31
100047f6:	d500      	bpl.n	100047fa <tud_task_ext+0x222>
100047f8:	be00      	bkpt	0x0000
100047fa:	f89d 001c 	ldrb.w	r0, [sp, #28]
100047fe:	2100      	movs	r1, #0
10004800:	f7ff fd9c 	bl	1000433c <dcd_edpt_stall>
10004804:	2180      	movs	r1, #128	@ 0x80
10004806:	f89d 001c 	ldrb.w	r0, [sp, #28]
1000480a:	f7ff fd97 	bl	1000433c <dcd_edpt_stall>
1000480e:	e6f3      	b.n	100045f8 <tud_task_ext+0x20>
10004810:	481d      	ldr	r0, [pc, #116]	@ (10004888 <tud_task_ext+0x2b0>)
10004812:	f000 fbd7 	bl	10004fc4 <usbd_control_set_complete_callback>
10004816:	2101      	movs	r1, #1
10004818:	4640      	mov	r0, r8
1000481a:	aa08      	add	r2, sp, #32
1000481c:	f7ff fc62 	bl	100040e4 <tud_vendor_control_xfer_cb>
10004820:	2800      	cmp	r0, #0
10004822:	f47f aee9 	bne.w	100045f8 <tud_task_ext+0x20>
10004826:	e7e8      	b.n	100047fa <tud_task_ext+0x222>
10004828:	f89d 1024 	ldrb.w	r1, [sp, #36]	@ 0x24
1000482c:	f011 0f70 	tst.w	r1, #112	@ 0x70
10004830:	d1dc      	bne.n	100047ec <tud_task_ext+0x214>
10004832:	f001 067f 	and.w	r6, r1, #127	@ 0x7f
10004836:	eb07 0046 	add.w	r0, r7, r6, lsl #1
1000483a:	4b14      	ldr	r3, [pc, #80]	@ (1000488c <tud_task_ext+0x2b4>)
1000483c:	eb00 10d1 	add.w	r0, r0, r1, lsr #7
10004840:	781b      	ldrb	r3, [r3, #0]
10004842:	7d00      	ldrb	r0, [r0, #20]
10004844:	0076      	lsls	r6, r6, #1
10004846:	9601      	str	r6, [sp, #4]
10004848:	4298      	cmp	r0, r3
1000484a:	ea4f 16d1 	mov.w	r6, r1, lsr #7
1000484e:	9600      	str	r6, [sp, #0]
10004850:	d34f      	bcc.n	100048f2 <tud_task_ext+0x31a>
10004852:	f040 815f 	bne.w	10004b14 <tud_task_ext+0x53c>
10004856:	4e0b      	ldr	r6, [pc, #44]	@ (10004884 <tud_task_ext+0x2ac>)
10004858:	2a00      	cmp	r2, #0
1000485a:	f000 815f 	beq.w	10004b1c <tud_task_ext+0x544>
1000485e:	6970      	ldr	r0, [r6, #20]
10004860:	f000 fbb0 	bl	10004fc4 <usbd_control_set_complete_callback>
10004864:	2101      	movs	r1, #1
10004866:	4640      	mov	r0, r8
10004868:	6973      	ldr	r3, [r6, #20]
1000486a:	aa08      	add	r2, sp, #32
1000486c:	4798      	blx	r3
1000486e:	2800      	cmp	r0, #0
10004870:	f47f aec2 	bne.w	100045f8 <tud_task_ext+0x20>
10004874:	e7c1      	b.n	100047fa <tud_task_ext+0x222>
10004876:	bf00      	nop
10004878:	20001968 	.word	0x20001968
1000487c:	20001910 	.word	0x20001910
10004880:	20001808 	.word	0x20001808
10004884:	1000631c 	.word	0x1000631c
10004888:	100040e5 	.word	0x100040e5
1000488c:	20001efd 	.word	0x20001efd
10004890:	20001588 	.word	0x20001588
10004894:	20001eff 	.word	0x20001eff
10004898:	f89d 3024 	ldrb.w	r3, [sp, #36]	@ 0x24
1000489c:	2b0f      	cmp	r3, #15
1000489e:	d8ac      	bhi.n	100047fa <tud_task_ext+0x222>
100048a0:	4aaa      	ldr	r2, [pc, #680]	@ (10004b4c <tud_task_ext+0x574>)
100048a2:	443b      	add	r3, r7
100048a4:	791b      	ldrb	r3, [r3, #4]
100048a6:	7812      	ldrb	r2, [r2, #0]
100048a8:	4293      	cmp	r3, r2
100048aa:	d32d      	bcc.n	10004908 <tud_task_ext+0x330>
100048ac:	d1a5      	bne.n	100047fa <tud_task_ext+0x222>
100048ae:	4ea8      	ldr	r6, [pc, #672]	@ (10004b50 <tud_task_ext+0x578>)
100048b0:	6970      	ldr	r0, [r6, #20]
100048b2:	f000 fb87 	bl	10004fc4 <usbd_control_set_complete_callback>
100048b6:	2101      	movs	r1, #1
100048b8:	4640      	mov	r0, r8
100048ba:	6973      	ldr	r3, [r6, #20]
100048bc:	aa08      	add	r2, sp, #32
100048be:	4798      	blx	r3
100048c0:	2800      	cmp	r0, #0
100048c2:	f47f ae99 	bne.w	100045f8 <tud_task_ext+0x20>
100048c6:	f89d 3020 	ldrb.w	r3, [sp, #32]
100048ca:	f013 0660 	ands.w	r6, r3, #96	@ 0x60
100048ce:	d194      	bne.n	100047fa <tud_task_ext+0x222>
100048d0:	f89d 3021 	ldrb.w	r3, [sp, #33]	@ 0x21
100048d4:	3b0a      	subs	r3, #10
100048d6:	2b01      	cmp	r3, #1
100048d8:	d88f      	bhi.n	100047fa <tud_task_ext+0x222>
100048da:	f000 fb73 	bl	10004fc4 <usbd_control_set_complete_callback>
100048de:	f89d 3021 	ldrb.w	r3, [sp, #33]	@ 0x21
100048e2:	2b0a      	cmp	r3, #10
100048e4:	f000 81f1 	beq.w	10004cca <tud_task_ext+0x6f2>
100048e8:	4640      	mov	r0, r8
100048ea:	a908      	add	r1, sp, #32
100048ec:	f000 faf0 	bl	10004ed0 <tud_control_status>
100048f0:	e682      	b.n	100045f8 <tud_task_ext+0x20>
100048f2:	4b98      	ldr	r3, [pc, #608]	@ (10004b54 <tud_task_ext+0x57c>)
100048f4:	681b      	ldr	r3, [r3, #0]
100048f6:	eb03 1640 	add.w	r6, r3, r0, lsl #5
100048fa:	2a00      	cmp	r2, #0
100048fc:	f000 810e 	beq.w	10004b1c <tud_task_ext+0x544>
10004900:	2e00      	cmp	r6, #0
10004902:	f43f af7a 	beq.w	100047fa <tud_task_ext+0x222>
10004906:	e7aa      	b.n	1000485e <tud_task_ext+0x286>
10004908:	4a92      	ldr	r2, [pc, #584]	@ (10004b54 <tud_task_ext+0x57c>)
1000490a:	6816      	ldr	r6, [r2, #0]
1000490c:	eb16 1643 	adds.w	r6, r6, r3, lsl #5
10004910:	d1ce      	bne.n	100048b0 <tud_task_ext+0x2d8>
10004912:	e772      	b.n	100047fa <tud_task_ext+0x222>
10004914:	787b      	ldrb	r3, [r7, #1]
10004916:	f89d 6022 	ldrb.w	r6, [sp, #34]	@ 0x22
1000491a:	429e      	cmp	r6, r3
1000491c:	f000 814c 	beq.w	10004bb8 <tud_task_ext+0x5e0>
10004920:	787b      	ldrb	r3, [r7, #1]
10004922:	2b00      	cmp	r3, #0
10004924:	f040 81bd 	bne.w	10004ca2 <tud_task_ext+0x6ca>
10004928:	707e      	strb	r6, [r7, #1]
1000492a:	2e00      	cmp	r6, #0
1000492c:	f000 8142 	beq.w	10004bb4 <tud_task_ext+0x5dc>
10004930:	1e70      	subs	r0, r6, #1
10004932:	b2c0      	uxtb	r0, r0
10004934:	f7ff fa76 	bl	10003e24 <tud_descriptor_configuration_cb>
10004938:	4603      	mov	r3, r0
1000493a:	2800      	cmp	r0, #0
1000493c:	f000 815e 	beq.w	10004bfc <tud_task_ext+0x624>
10004940:	7842      	ldrb	r2, [r0, #1]
10004942:	2a02      	cmp	r2, #2
10004944:	f040 815a 	bne.w	10004bfc <tud_task_ext+0x624>
10004948:	79c1      	ldrb	r1, [r0, #7]
1000494a:	f103 0609 	add.w	r6, r3, #9
1000494e:	f3c1 1240 	ubfx	r2, r1, #5, #1
10004952:	0112      	lsls	r2, r2, #4
10004954:	f3c1 1180 	ubfx	r1, r1, #6, #1
10004958:	ea42 1241 	orr.w	r2, r2, r1, lsl #5
1000495c:	4631      	mov	r1, r6
1000495e:	7838      	ldrb	r0, [r7, #0]
10004960:	f020 0030 	bic.w	r0, r0, #48	@ 0x30
10004964:	4302      	orrs	r2, r0
10004966:	703a      	strb	r2, [r7, #0]
10004968:	885a      	ldrh	r2, [r3, #2]
1000496a:	f8cd 8008 	str.w	r8, [sp, #8]
1000496e:	189a      	adds	r2, r3, r2
10004970:	9200      	str	r2, [sp, #0]
10004972:	9b00      	ldr	r3, [sp, #0]
10004974:	428b      	cmp	r3, r1
10004976:	f240 81a3 	bls.w	10004cc0 <tud_task_ext+0x6e8>
1000497a:	784b      	ldrb	r3, [r1, #1]
1000497c:	2b0b      	cmp	r3, #11
1000497e:	f000 81ae 	beq.w	10004cde <tud_task_ext+0x706>
10004982:	f04f 0c01 	mov.w	ip, #1
10004986:	2b04      	cmp	r3, #4
10004988:	f040 8138 	bne.w	10004bfc <tud_task_ext+0x624>
1000498c:	2300      	movs	r3, #0
1000498e:	9a00      	ldr	r2, [sp, #0]
10004990:	461e      	mov	r6, r3
10004992:	1a52      	subs	r2, r2, r1
10004994:	b292      	uxth	r2, r2
10004996:	9201      	str	r2, [sp, #4]
10004998:	4a6c      	ldr	r2, [pc, #432]	@ (10004b4c <tud_task_ext+0x574>)
1000499a:	f8cd c00c 	str.w	ip, [sp, #12]
1000499e:	7812      	ldrb	r2, [r2, #0]
100049a0:	e01d      	b.n	100049de <tud_task_ext+0x406>
100049a2:	4a6c      	ldr	r2, [pc, #432]	@ (10004b54 <tud_task_ext+0x57c>)
100049a4:	6812      	ldr	r2, [r2, #0]
100049a6:	eb12 1846 	adds.w	r8, r2, r6, lsl #5
100049aa:	f000 8127 	beq.w	10004bfc <tud_task_ext+0x624>
100049ae:	9a01      	ldr	r2, [sp, #4]
100049b0:	9305      	str	r3, [sp, #20]
100049b2:	9802      	ldr	r0, [sp, #8]
100049b4:	f8d8 3010 	ldr.w	r3, [r8, #16]
100049b8:	9104      	str	r1, [sp, #16]
100049ba:	4798      	blx	r3
100049bc:	9b05      	ldr	r3, [sp, #20]
100049be:	2808      	cmp	r0, #8
100049c0:	4602      	mov	r2, r0
100049c2:	9904      	ldr	r1, [sp, #16]
100049c4:	f103 0301 	add.w	r3, r3, #1
100049c8:	d903      	bls.n	100049d2 <tud_task_ext+0x3fa>
100049ca:	9801      	ldr	r0, [sp, #4]
100049cc:	4290      	cmp	r0, r2
100049ce:	f080 80f8 	bcs.w	10004bc2 <tud_task_ext+0x5ea>
100049d2:	4a5e      	ldr	r2, [pc, #376]	@ (10004b4c <tud_task_ext+0x574>)
100049d4:	b2de      	uxtb	r6, r3
100049d6:	7812      	ldrb	r2, [r2, #0]
100049d8:	42b2      	cmp	r2, r6
100049da:	f0c0 810f 	bcc.w	10004bfc <tud_task_ext+0x624>
100049de:	42b2      	cmp	r2, r6
100049e0:	eba6 0202 	sub.w	r2, r6, r2
100049e4:	d8dd      	bhi.n	100049a2 <tud_task_ext+0x3ca>
100049e6:	485a      	ldr	r0, [pc, #360]	@ (10004b50 <tud_task_ext+0x578>)
100049e8:	eb00 1842 	add.w	r8, r0, r2, lsl #5
100049ec:	e7df      	b.n	100049ae <tud_task_ext+0x3d6>
100049ee:	787b      	ldrb	r3, [r7, #1]
100049f0:	4640      	mov	r0, r8
100049f2:	f88d 301a 	strb.w	r3, [sp, #26]
100049f6:	f10d 021a 	add.w	r2, sp, #26
100049fa:	2301      	movs	r3, #1
100049fc:	a908      	add	r1, sp, #32
100049fe:	f000 fa81 	bl	10004f04 <tud_control_xfer>
10004a02:	e5f9      	b.n	100045f8 <tud_task_ext+0x20>
10004a04:	f8bd 0022 	ldrh.w	r0, [sp, #34]	@ 0x22
10004a08:	0a03      	lsrs	r3, r0, #8
10004a0a:	3b01      	subs	r3, #1
10004a0c:	0a02      	lsrs	r2, r0, #8
10004a0e:	b2c0      	uxtb	r0, r0
10004a10:	2b0e      	cmp	r3, #14
10004a12:	f63f aef2 	bhi.w	100047fa <tud_task_ext+0x222>
10004a16:	a101      	add	r1, pc, #4	@ (adr r1, 10004a1c <tud_task_ext+0x444>)
10004a18:	f851 f023 	ldr.w	pc, [r1, r3, lsl #2]
10004a1c:	10004c2d 	.word	0x10004c2d
10004a20:	10004acd 	.word	0x10004acd
10004a24:	10004c69 	.word	0x10004c69
10004a28:	100047fb 	.word	0x100047fb
10004a2c:	100047fb 	.word	0x100047fb
10004a30:	10004c4b 	.word	0x10004c4b
10004a34:	10004acd 	.word	0x10004acd
10004a38:	100047fb 	.word	0x100047fb
10004a3c:	100047fb 	.word	0x100047fb
10004a40:	100047fb 	.word	0x100047fb
10004a44:	100047fb 	.word	0x100047fb
10004a48:	100047fb 	.word	0x100047fb
10004a4c:	100047fb 	.word	0x100047fb
10004a50:	100047fb 	.word	0x100047fb
10004a54:	10004c1f 	.word	0x10004c1f
10004a58:	a808      	add	r0, sp, #32
10004a5a:	f000 fab9 	bl	10004fd0 <usbd_control_set_request>
10004a5e:	4640      	mov	r0, r8
10004a60:	f89d 1022 	ldrb.w	r1, [sp, #34]	@ 0x22
10004a64:	f7ff fbb2 	bl	100041cc <dcd_set_address>
10004a68:	783b      	ldrb	r3, [r7, #0]
10004a6a:	f043 0302 	orr.w	r3, r3, #2
10004a6e:	703b      	strb	r3, [r7, #0]
10004a70:	e5c2      	b.n	100045f8 <tud_task_ext+0x20>
10004a72:	f8bd 3022 	ldrh.w	r3, [sp, #34]	@ 0x22
10004a76:	2b01      	cmp	r3, #1
10004a78:	f47f aebf 	bne.w	100047fa <tud_task_ext+0x222>
10004a7c:	783b      	ldrb	r3, [r7, #0]
10004a7e:	4640      	mov	r0, r8
10004a80:	f023 0308 	bic.w	r3, r3, #8
10004a84:	a908      	add	r1, sp, #32
10004a86:	703b      	strb	r3, [r7, #0]
10004a88:	f000 fa22 	bl	10004ed0 <tud_control_status>
10004a8c:	e5b4      	b.n	100045f8 <tud_task_ext+0x20>
10004a8e:	4640      	mov	r0, r8
10004a90:	783b      	ldrb	r3, [r7, #0]
10004a92:	089a      	lsrs	r2, r3, #2
10004a94:	f002 0202 	and.w	r2, r2, #2
10004a98:	f3c3 1340 	ubfx	r3, r3, #5, #1
10004a9c:	4313      	orrs	r3, r2
10004a9e:	f8ad 301a 	strh.w	r3, [sp, #26]
10004aa2:	f10d 021a 	add.w	r2, sp, #26
10004aa6:	2302      	movs	r3, #2
10004aa8:	a908      	add	r1, sp, #32
10004aaa:	f000 fa2b 	bl	10004f04 <tud_control_xfer>
10004aae:	e5a3      	b.n	100045f8 <tud_task_ext+0x20>
10004ab0:	f8bd 3022 	ldrh.w	r3, [sp, #34]	@ 0x22
10004ab4:	2b01      	cmp	r3, #1
10004ab6:	f47f aea0 	bne.w	100047fa <tud_task_ext+0x222>
10004aba:	783b      	ldrb	r3, [r7, #0]
10004abc:	4640      	mov	r0, r8
10004abe:	f043 0308 	orr.w	r3, r3, #8
10004ac2:	a908      	add	r1, sp, #32
10004ac4:	703b      	strb	r3, [r7, #0]
10004ac6:	f000 fa03 	bl	10004ed0 <tud_control_status>
10004aca:	e595      	b.n	100045f8 <tud_task_ext+0x20>
10004acc:	2a02      	cmp	r2, #2
10004ace:	f43f ae87 	beq.w	100047e0 <tud_task_ext+0x208>
10004ad2:	f7ff fceb 	bl	100044ac <tud_descriptor_other_speed_configuration_cb>
10004ad6:	4602      	mov	r2, r0
10004ad8:	2800      	cmp	r0, #0
10004ada:	f43f ae8e 	beq.w	100047fa <tud_task_ext+0x222>
10004ade:	4640      	mov	r0, r8
10004ae0:	8853      	ldrh	r3, [r2, #2]
10004ae2:	a908      	add	r1, sp, #32
10004ae4:	f000 fa0e 	bl	10004f04 <tud_control_xfer>
10004ae8:	2800      	cmp	r0, #0
10004aea:	f47f ad85 	bne.w	100045f8 <tud_task_ext+0x20>
10004aee:	e684      	b.n	100047fa <tud_task_ext+0x222>
10004af0:	f89d 3024 	ldrb.w	r3, [sp, #36]	@ 0x24
10004af4:	2b0f      	cmp	r3, #15
10004af6:	f63f ae80 	bhi.w	100047fa <tud_task_ext+0x222>
10004afa:	4a14      	ldr	r2, [pc, #80]	@ (10004b4c <tud_task_ext+0x574>)
10004afc:	443b      	add	r3, r7
10004afe:	791b      	ldrb	r3, [r3, #4]
10004b00:	7812      	ldrb	r2, [r2, #0]
10004b02:	4293      	cmp	r3, r2
10004b04:	d21d      	bcs.n	10004b42 <tud_task_ext+0x56a>
10004b06:	4a13      	ldr	r2, [pc, #76]	@ (10004b54 <tud_task_ext+0x57c>)
10004b08:	6816      	ldr	r6, [r2, #0]
10004b0a:	eb16 1643 	adds.w	r6, r6, r3, lsl #5
10004b0e:	f47f aea6 	bne.w	1000485e <tud_task_ext+0x286>
10004b12:	e672      	b.n	100047fa <tud_task_ext+0x222>
10004b14:	2a00      	cmp	r2, #0
10004b16:	f47f ae70 	bne.w	100047fa <tud_task_ext+0x222>
10004b1a:	2600      	movs	r6, #0
10004b1c:	f89d 2021 	ldrb.w	r2, [sp, #33]	@ 0x21
10004b20:	f002 03fd 	and.w	r3, r2, #253	@ 0xfd
10004b24:	2b01      	cmp	r3, #1
10004b26:	d017      	beq.n	10004b58 <tud_task_ext+0x580>
10004b28:	2a00      	cmp	r2, #0
10004b2a:	f47f ae5f 	bne.w	100047ec <tud_task_ext+0x214>
10004b2e:	9b01      	ldr	r3, [sp, #4]
10004b30:	9a00      	ldr	r2, [sp, #0]
10004b32:	443b      	add	r3, r7
10004b34:	4413      	add	r3, r2
10004b36:	f893 3034 	ldrb.w	r3, [r3, #52]	@ 0x34
10004b3a:	4640      	mov	r0, r8
10004b3c:	f3c3 0340 	ubfx	r3, r3, #1, #1
10004b40:	e7ad      	b.n	10004a9e <tud_task_ext+0x4c6>
10004b42:	f47f ae5a 	bne.w	100047fa <tud_task_ext+0x222>
10004b46:	4e02      	ldr	r6, [pc, #8]	@ (10004b50 <tud_task_ext+0x578>)
10004b48:	e689      	b.n	1000485e <tud_task_ext+0x286>
10004b4a:	bf00      	nop
10004b4c:	20001efd 	.word	0x20001efd
10004b50:	1000631c 	.word	0x1000631c
10004b54:	20001808 	.word	0x20001808
10004b58:	f8bd 3022 	ldrh.w	r3, [sp, #34]	@ 0x22
10004b5c:	b9b3      	cbnz	r3, 10004b8c <tud_task_ext+0x5b4>
10004b5e:	2a01      	cmp	r2, #1
10004b60:	f899 0000 	ldrb.w	r0, [r9]
10004b64:	f000 8088 	beq.w	10004c78 <tud_task_ext+0x6a0>
10004b68:	f7ff fbe8 	bl	1000433c <dcd_edpt_stall>
10004b6c:	9b01      	ldr	r3, [sp, #4]
10004b6e:	9a00      	ldr	r2, [sp, #0]
10004b70:	443b      	add	r3, r7
10004b72:	4413      	add	r3, r2
10004b74:	f893 2034 	ldrb.w	r2, [r3, #52]	@ 0x34
10004b78:	f042 0202 	orr.w	r2, r2, #2
10004b7c:	f883 2034 	strb.w	r2, [r3, #52]	@ 0x34
10004b80:	f893 2034 	ldrb.w	r2, [r3, #52]	@ 0x34
10004b84:	f042 0201 	orr.w	r2, r2, #1
10004b88:	f883 2034 	strb.w	r2, [r3, #52]	@ 0x34
10004b8c:	2e00      	cmp	r6, #0
10004b8e:	f43f ad33 	beq.w	100045f8 <tud_task_ext+0x20>
10004b92:	6970      	ldr	r0, [r6, #20]
10004b94:	f000 fa16 	bl	10004fc4 <usbd_control_set_complete_callback>
10004b98:	6973      	ldr	r3, [r6, #20]
10004b9a:	2101      	movs	r1, #1
10004b9c:	aa08      	add	r2, sp, #32
10004b9e:	4640      	mov	r0, r8
10004ba0:	4798      	blx	r3
10004ba2:	2000      	movs	r0, #0
10004ba4:	f000 fa0e 	bl	10004fc4 <usbd_control_set_complete_callback>
10004ba8:	f897 3035 	ldrb.w	r3, [r7, #53]	@ 0x35
10004bac:	07df      	lsls	r7, r3, #31
10004bae:	f53f ad23 	bmi.w	100045f8 <tud_task_ext+0x20>
10004bb2:	e699      	b.n	100048e8 <tud_task_ext+0x310>
10004bb4:	f7ff fc7e 	bl	100044b4 <tud_umount_cb>
10004bb8:	4640      	mov	r0, r8
10004bba:	a908      	add	r1, sp, #32
10004bbc:	f000 f988 	bl	10004ed0 <tud_control_status>
10004bc0:	e51a      	b.n	100045f8 <tud_task_ext+0x20>
10004bc2:	f8dd c00c 	ldr.w	ip, [sp, #12]
10004bc6:	f1bc 0f01 	cmp.w	ip, #1
10004bca:	f000 809d 	beq.w	10004d08 <tud_task_ext+0x730>
10004bce:	f1bc 0f00 	cmp.w	ip, #0
10004bd2:	f000 808a 	beq.w	10004cea <tud_task_ext+0x712>
10004bd6:	2300      	movs	r3, #0
10004bd8:	f891 8002 	ldrb.w	r8, [r1, #2]
10004bdc:	e004      	b.n	10004be8 <tud_task_ext+0x610>
10004bde:	7106      	strb	r6, [r0, #4]
10004be0:	b2d8      	uxtb	r0, r3
10004be2:	4584      	cmp	ip, r0
10004be4:	f240 8081 	bls.w	10004cea <tud_task_ext+0x712>
10004be8:	eb08 0003 	add.w	r0, r8, r3
10004bec:	fa57 f080 	uxtab	r0, r7, r0
10004bf0:	f890 e004 	ldrb.w	lr, [r0, #4]
10004bf4:	3301      	adds	r3, #1
10004bf6:	f1be 0fff 	cmp.w	lr, #255	@ 0xff
10004bfa:	d0f0      	beq.n	10004bde <tud_task_ext+0x606>
10004bfc:	f04f 23e0 	mov.w	r3, #3758153728	@ 0xe000e000
10004c00:	f8d3 3df0 	ldr.w	r3, [r3, #3568]	@ 0xdf0
10004c04:	07da      	lsls	r2, r3, #31
10004c06:	d500      	bpl.n	10004c0a <tud_task_ext+0x632>
10004c08:	be00      	bkpt	0x0000
10004c0a:	f04f 23e0 	mov.w	r3, #3758153728	@ 0xe000e000
10004c0e:	f8d3 3df0 	ldr.w	r3, [r3, #3568]	@ 0xdf0
10004c12:	07db      	lsls	r3, r3, #31
10004c14:	d500      	bpl.n	10004c18 <tud_task_ext+0x640>
10004c16:	be00      	bkpt	0x0000
10004c18:	2300      	movs	r3, #0
10004c1a:	707b      	strb	r3, [r7, #1]
10004c1c:	e5ed      	b.n	100047fa <tud_task_ext+0x222>
10004c1e:	f7ff fa5d 	bl	100040dc <tud_descriptor_bos_cb>
10004c22:	4602      	mov	r2, r0
10004c24:	2800      	cmp	r0, #0
10004c26:	f47f af5a 	bne.w	10004ade <tud_task_ext+0x506>
10004c2a:	e5e6      	b.n	100047fa <tud_task_ext+0x222>
10004c2c:	f7ff f8f6 	bl	10003e1c <tud_descriptor_device_cb>
10004c30:	4602      	mov	r2, r0
10004c32:	2800      	cmp	r0, #0
10004c34:	f43f adda 	beq.w	100047ec <tud_task_ext+0x214>
10004c38:	4640      	mov	r0, r8
10004c3a:	2312      	movs	r3, #18
10004c3c:	a908      	add	r1, sp, #32
10004c3e:	f000 f961 	bl	10004f04 <tud_control_xfer>
10004c42:	2800      	cmp	r0, #0
10004c44:	f47f acd8 	bne.w	100045f8 <tud_task_ext+0x20>
10004c48:	e5d7      	b.n	100047fa <tud_task_ext+0x222>
10004c4a:	f7ff fc2d 	bl	100044a8 <tud_descriptor_device_qualifier_cb>
10004c4e:	4602      	mov	r2, r0
10004c50:	2800      	cmp	r0, #0
10004c52:	f43f add2 	beq.w	100047fa <tud_task_ext+0x222>
10004c56:	4640      	mov	r0, r8
10004c58:	7813      	ldrb	r3, [r2, #0]
10004c5a:	a908      	add	r1, sp, #32
10004c5c:	f000 f952 	bl	10004f04 <tud_control_xfer>
10004c60:	2800      	cmp	r0, #0
10004c62:	f47f acc9 	bne.w	100045f8 <tud_task_ext+0x20>
10004c66:	e5c8      	b.n	100047fa <tud_task_ext+0x222>
10004c68:	f8bd 1024 	ldrh.w	r1, [sp, #36]	@ 0x24
10004c6c:	f7ff f8de 	bl	10003e2c <tud_descriptor_string_cb>
10004c70:	4602      	mov	r2, r0
10004c72:	2800      	cmp	r0, #0
10004c74:	d1ef      	bne.n	10004c56 <tud_task_ext+0x67e>
10004c76:	e5c0      	b.n	100047fa <tud_task_ext+0x222>
10004c78:	9302      	str	r3, [sp, #8]
10004c7a:	f7ff fb75 	bl	10004368 <dcd_edpt_clear_stall>
10004c7e:	9a01      	ldr	r2, [sp, #4]
10004c80:	9b00      	ldr	r3, [sp, #0]
10004c82:	443a      	add	r2, r7
10004c84:	441a      	add	r2, r3
10004c86:	f892 1034 	ldrb.w	r1, [r2, #52]	@ 0x34
10004c8a:	9b02      	ldr	r3, [sp, #8]
10004c8c:	f363 0141 	bfi	r1, r3, #1, #1
10004c90:	f882 1034 	strb.w	r1, [r2, #52]	@ 0x34
10004c94:	f892 1034 	ldrb.w	r1, [r2, #52]	@ 0x34
10004c98:	f363 0100 	bfi	r1, r3, #0, #1
10004c9c:	f882 1034 	strb.w	r1, [r2, #52]	@ 0x34
10004ca0:	e774      	b.n	10004b8c <tud_task_ext+0x5b4>
10004ca2:	2100      	movs	r1, #0
10004ca4:	4640      	mov	r0, r8
10004ca6:	f7ff fa99 	bl	100041dc <dcd_sof_enable>
10004caa:	4640      	mov	r0, r8
10004cac:	f7ff fb30 	bl	10004310 <dcd_edpt_close_all>
10004cb0:	78bb      	ldrb	r3, [r7, #2]
10004cb2:	4640      	mov	r0, r8
10004cb4:	9300      	str	r3, [sp, #0]
10004cb6:	f7ff fbad 	bl	10004414 <configuration_reset>
10004cba:	9b00      	ldr	r3, [sp, #0]
10004cbc:	70bb      	strb	r3, [r7, #2]
10004cbe:	e633      	b.n	10004928 <tud_task_ext+0x350>
10004cc0:	f8dd 8008 	ldr.w	r8, [sp, #8]
10004cc4:	f7ff fbf4 	bl	100044b0 <tud_mount_cb>
10004cc8:	e776      	b.n	10004bb8 <tud_task_ext+0x5e0>
10004cca:	4640      	mov	r0, r8
10004ccc:	2301      	movs	r3, #1
10004cce:	a908      	add	r1, sp, #32
10004cd0:	f10d 021a 	add.w	r2, sp, #26
10004cd4:	f88d 601a 	strb.w	r6, [sp, #26]
10004cd8:	f000 f914 	bl	10004f04 <tud_control_xfer>
10004cdc:	e48c      	b.n	100045f8 <tud_task_ext+0x20>
10004cde:	780b      	ldrb	r3, [r1, #0]
10004ce0:	f891 c003 	ldrb.w	ip, [r1, #3]
10004ce4:	4419      	add	r1, r3
10004ce6:	784b      	ldrb	r3, [r1, #1]
10004ce8:	e64d      	b.n	10004986 <tud_task_ext+0x3ae>
10004cea:	4633      	mov	r3, r6
10004cec:	480f      	ldr	r0, [pc, #60]	@ (10004d2c <tud_task_ext+0x754>)
10004cee:	9203      	str	r2, [sp, #12]
10004cf0:	9101      	str	r1, [sp, #4]
10004cf2:	f000 fd67 	bl	100057c4 <tu_edpt_bind_driver>
10004cf6:	4b0e      	ldr	r3, [pc, #56]	@ (10004d30 <tud_task_ext+0x758>)
10004cf8:	9901      	ldr	r1, [sp, #4]
10004cfa:	781b      	ldrb	r3, [r3, #0]
10004cfc:	9a03      	ldr	r2, [sp, #12]
10004cfe:	42b3      	cmp	r3, r6
10004d00:	4411      	add	r1, r2
10004d02:	f4bf ae36 	bcs.w	10004972 <tud_task_ext+0x39a>
10004d06:	e779      	b.n	10004bfc <tud_task_ext+0x624>
10004d08:	f8d8 0010 	ldr.w	r0, [r8, #16]
10004d0c:	4b09      	ldr	r3, [pc, #36]	@ (10004d34 <tud_task_ext+0x75c>)
10004d0e:	4298      	cmp	r0, r3
10004d10:	bf08      	it	eq
10004d12:	f04f 0c02 	moveq.w	ip, #2
10004d16:	e75e      	b.n	10004bd6 <tud_task_ext+0x5fe>
10004d18:	f04f 23e0 	mov.w	r3, #3758153728	@ 0xe000e000
10004d1c:	f8d3 3df0 	ldr.w	r3, [r3, #3568]	@ 0xdf0
10004d20:	07db      	lsls	r3, r3, #31
10004d22:	f57f ac69 	bpl.w	100045f8 <tud_task_ext+0x20>
10004d26:	be00      	bkpt	0x0000
10004d28:	e466      	b.n	100045f8 <tud_task_ext+0x20>
10004d2a:	bf00      	nop
10004d2c:	20001924 	.word	0x20001924
10004d30:	20001efd 	.word	0x20001efd
10004d34:	100053fd 	.word	0x100053fd

10004d38 <usbd_open_edpt_pair>:
10004d38:	e92d 4ff8 	stmdb	sp!, {r3, r4, r5, r6, r7, r8, r9, sl, fp, lr}
10004d3c:	f8dd 8028 	ldr.w	r8, [sp, #40]	@ 0x28
10004d40:	2a00      	cmp	r2, #0
10004d42:	d03f      	beq.n	10004dc4 <usbd_open_edpt_pair+0x8c>
10004d44:	460c      	mov	r4, r1
10004d46:	461e      	mov	r6, r3
10004d48:	4615      	mov	r5, r2
10004d4a:	f04f 0b00 	mov.w	fp, #0
10004d4e:	4f1f      	ldr	r7, [pc, #124]	@ (10004dcc <usbd_open_edpt_pair+0x94>)
10004d50:	f8df 907c 	ldr.w	r9, [pc, #124]	@ 10004dd0 <usbd_open_edpt_pair+0x98>
10004d54:	e017      	b.n	10004d86 <usbd_open_edpt_pair+0x4e>
10004d56:	4620      	mov	r0, r4
10004d58:	f899 1002 	ldrb.w	r1, [r9, #2]
10004d5c:	f000 fd00 	bl	10005760 <tu_edpt_validate>
10004d60:	b1f8      	cbz	r0, 10004da2 <usbd_open_edpt_pair+0x6a>
10004d62:	4621      	mov	r1, r4
10004d64:	4650      	mov	r0, sl
10004d66:	f7ff fa55 	bl	10004214 <dcd_edpt_open>
10004d6a:	b308      	cbz	r0, 10004db0 <usbd_open_edpt_pair+0x78>
10004d6c:	78a3      	ldrb	r3, [r4, #2]
10004d6e:	f10b 0b01 	add.w	fp, fp, #1
10004d72:	09da      	lsrs	r2, r3, #7
10004d74:	bf16      	itet	ne
10004d76:	9a0b      	ldrne	r2, [sp, #44]	@ 0x2c
10004d78:	f888 3000 	strbeq.w	r3, [r8]
10004d7c:	7013      	strbne	r3, [r2, #0]
10004d7e:	7823      	ldrb	r3, [r4, #0]
10004d80:	45ab      	cmp	fp, r5
10004d82:	441c      	add	r4, r3
10004d84:	d01e      	beq.n	10004dc4 <usbd_open_edpt_pair+0x8c>
10004d86:	7863      	ldrb	r3, [r4, #1]
10004d88:	2b05      	cmp	r3, #5
10004d8a:	d111      	bne.n	10004db0 <usbd_open_edpt_pair+0x78>
10004d8c:	78e1      	ldrb	r1, [r4, #3]
10004d8e:	f001 0103 	and.w	r1, r1, #3
10004d92:	42b1      	cmp	r1, r6
10004d94:	d10c      	bne.n	10004db0 <usbd_open_edpt_pair+0x78>
10004d96:	78a3      	ldrb	r3, [r4, #2]
10004d98:	f897 a000 	ldrb.w	sl, [r7]
10004d9c:	f013 0f70 	tst.w	r3, #112	@ 0x70
10004da0:	d0d9      	beq.n	10004d56 <usbd_open_edpt_pair+0x1e>
10004da2:	f04f 23e0 	mov.w	r3, #3758153728	@ 0xe000e000
10004da6:	f8d3 3df0 	ldr.w	r3, [r3, #3568]	@ 0xdf0
10004daa:	07da      	lsls	r2, r3, #31
10004dac:	d500      	bpl.n	10004db0 <usbd_open_edpt_pair+0x78>
10004dae:	be00      	bkpt	0x0000
10004db0:	f04f 23e0 	mov.w	r3, #3758153728	@ 0xe000e000
10004db4:	f8d3 3df0 	ldr.w	r3, [r3, #3568]	@ 0xdf0
10004db8:	07db      	lsls	r3, r3, #31
10004dba:	d500      	bpl.n	10004dbe <usbd_open_edpt_pair+0x86>
10004dbc:	be00      	bkpt	0x0000
10004dbe:	2000      	movs	r0, #0
10004dc0:	e8bd 8ff8 	ldmia.w	sp!, {r3, r4, r5, r6, r7, r8, r9, sl, fp, pc}
10004dc4:	2001      	movs	r0, #1
10004dc6:	e8bd 8ff8 	ldmia.w	sp!, {r3, r4, r5, r6, r7, r8, r9, sl, fp, pc}
10004dca:	bf00      	nop
10004dcc:	20001588 	.word	0x20001588
10004dd0:	20001910 	.word	0x20001910

10004dd4 <usbd_edpt_open>:
10004dd4:	b538      	push	{r3, r4, r5, lr}
10004dd6:	4b0e      	ldr	r3, [pc, #56]	@ (10004e10 <usbd_edpt_open+0x3c>)
10004dd8:	781d      	ldrb	r5, [r3, #0]
10004dda:	788b      	ldrb	r3, [r1, #2]
10004ddc:	f013 0f70 	tst.w	r3, #112	@ 0x70
10004de0:	d008      	beq.n	10004df4 <usbd_edpt_open+0x20>
10004de2:	f04f 23e0 	mov.w	r3, #3758153728	@ 0xe000e000
10004de6:	f8d3 3df0 	ldr.w	r3, [r3, #3568]	@ 0xdf0
10004dea:	07db      	lsls	r3, r3, #31
10004dec:	d500      	bpl.n	10004df0 <usbd_edpt_open+0x1c>
10004dee:	be00      	bkpt	0x0000
10004df0:	2000      	movs	r0, #0
10004df2:	bd38      	pop	{r3, r4, r5, pc}
10004df4:	4b07      	ldr	r3, [pc, #28]	@ (10004e14 <usbd_edpt_open+0x40>)
10004df6:	460c      	mov	r4, r1
10004df8:	4608      	mov	r0, r1
10004dfa:	7899      	ldrb	r1, [r3, #2]
10004dfc:	f000 fcb0 	bl	10005760 <tu_edpt_validate>
10004e00:	2800      	cmp	r0, #0
10004e02:	d0ee      	beq.n	10004de2 <usbd_edpt_open+0xe>
10004e04:	4621      	mov	r1, r4
10004e06:	4628      	mov	r0, r5
10004e08:	e8bd 4038 	ldmia.w	sp!, {r3, r4, r5, lr}
10004e0c:	f7ff ba02 	b.w	10004214 <dcd_edpt_open>
10004e10:	20001588 	.word	0x20001588
10004e14:	20001910 	.word	0x20001910

10004e18 <usbd_edpt_claim>:
10004e18:	460b      	mov	r3, r1
10004e1a:	4a06      	ldr	r2, [pc, #24]	@ (10004e34 <usbd_edpt_claim+0x1c>)
10004e1c:	4806      	ldr	r0, [pc, #24]	@ (10004e38 <usbd_edpt_claim+0x20>)
10004e1e:	6811      	ldr	r1, [r2, #0]
10004e20:	09da      	lsrs	r2, r3, #7
10004e22:	3234      	adds	r2, #52	@ 0x34
10004e24:	f003 037f 	and.w	r3, r3, #127	@ 0x7f
10004e28:	eb02 0343 	add.w	r3, r2, r3, lsl #1
10004e2c:	4418      	add	r0, r3
10004e2e:	f000 bc51 	b.w	100056d4 <tu_edpt_claim>
10004e32:	bf00      	nop
10004e34:	20001964 	.word	0x20001964
10004e38:	20001910 	.word	0x20001910

10004e3c <usbd_edpt_release>:
10004e3c:	460b      	mov	r3, r1
10004e3e:	4a06      	ldr	r2, [pc, #24]	@ (10004e58 <usbd_edpt_release+0x1c>)
10004e40:	4806      	ldr	r0, [pc, #24]	@ (10004e5c <usbd_edpt_release+0x20>)
10004e42:	6811      	ldr	r1, [r2, #0]
10004e44:	09da      	lsrs	r2, r3, #7
10004e46:	3234      	adds	r2, #52	@ 0x34
10004e48:	f003 037f 	and.w	r3, r3, #127	@ 0x7f
10004e4c:	eb02 0343 	add.w	r3, r2, r3, lsl #1
10004e50:	4418      	add	r0, r3
10004e52:	f000 bc69 	b.w	10005728 <tu_edpt_release>
10004e56:	bf00      	nop
10004e58:	20001964 	.word	0x20001964
10004e5c:	20001910 	.word	0x20001910

10004e60 <usbd_edpt_xfer>:
10004e60:	b510      	push	{r4, lr}
10004e62:	4c19      	ldr	r4, [pc, #100]	@ (10004ec8 <usbd_edpt_xfer+0x68>)
10004e64:	f001 0e7f 	and.w	lr, r1, #127	@ 0x7f
10004e68:	eb04 044e 	add.w	r4, r4, lr, lsl #1
10004e6c:	eb04 14d1 	add.w	r4, r4, r1, lsr #7
10004e70:	f894 c034 	ldrb.w	ip, [r4, #52]	@ 0x34
10004e74:	4815      	ldr	r0, [pc, #84]	@ (10004ecc <usbd_edpt_xfer+0x6c>)
10004e76:	f01c 0f01 	tst.w	ip, #1
10004e7a:	f104 0430 	add.w	r4, r4, #48	@ 0x30
10004e7e:	7800      	ldrb	r0, [r0, #0]
10004e80:	d008      	beq.n	10004e94 <usbd_edpt_xfer+0x34>
10004e82:	f04f 23e0 	mov.w	r3, #3758153728	@ 0xe000e000
10004e86:	f8d3 3df0 	ldr.w	r3, [r3, #3568]	@ 0xdf0
10004e8a:	07da      	lsls	r2, r3, #31
10004e8c:	d500      	bpl.n	10004e90 <usbd_edpt_xfer+0x30>
10004e8e:	be00      	bkpt	0x0000
10004e90:	2000      	movs	r0, #0
10004e92:	bd10      	pop	{r4, pc}
10004e94:	f894 c004 	ldrb.w	ip, [r4, #4]
10004e98:	f04c 0c01 	orr.w	ip, ip, #1
10004e9c:	f884 c004 	strb.w	ip, [r4, #4]
10004ea0:	f7ff fa38 	bl	10004314 <dcd_edpt_xfer>
10004ea4:	2800      	cmp	r0, #0
10004ea6:	d1f4      	bne.n	10004e92 <usbd_edpt_xfer+0x32>
10004ea8:	f04f 21e0 	mov.w	r1, #3758153728	@ 0xe000e000
10004eac:	7922      	ldrb	r2, [r4, #4]
10004eae:	f360 0200 	bfi	r2, r0, #0, #1
10004eb2:	7122      	strb	r2, [r4, #4]
10004eb4:	7922      	ldrb	r2, [r4, #4]
10004eb6:	f360 0282 	bfi	r2, r0, #2, #1
10004eba:	7122      	strb	r2, [r4, #4]
10004ebc:	f8d1 3df0 	ldr.w	r3, [r1, #3568]	@ 0xdf0
10004ec0:	07db      	lsls	r3, r3, #31
10004ec2:	d5e5      	bpl.n	10004e90 <usbd_edpt_xfer+0x30>
10004ec4:	e7e3      	b.n	10004e8e <usbd_edpt_xfer+0x2e>
10004ec6:	bf00      	nop
10004ec8:	20001910 	.word	0x20001910
10004ecc:	20001588 	.word	0x20001588

10004ed0 <tud_control_status>:
10004ed0:	b530      	push	{r4, r5, lr}
10004ed2:	4c0b      	ldr	r4, [pc, #44]	@ (10004f00 <tud_control_status+0x30>)
10004ed4:	468c      	mov	ip, r1
10004ed6:	46a6      	mov	lr, r4
10004ed8:	4605      	mov	r5, r0
10004eda:	6808      	ldr	r0, [r1, #0]
10004edc:	6849      	ldr	r1, [r1, #4]
10004ede:	2300      	movs	r3, #0
10004ee0:	e8ae 0003 	stmia.w	lr!, {r0, r1}
10004ee4:	f89c 1000 	ldrb.w	r1, [ip]
10004ee8:	4628      	mov	r0, r5
10004eea:	43c9      	mvns	r1, r1
10004eec:	e9c4 3302 	strd	r3, r3, [r4, #8]
10004ef0:	e8bd 4030 	ldmia.w	sp!, {r4, r5, lr}
10004ef4:	461a      	mov	r2, r3
10004ef6:	f001 0180 	and.w	r1, r1, #128	@ 0x80
10004efa:	f7ff bfb1 	b.w	10004e60 <usbd_edpt_xfer>
10004efe:	bf00      	nop
10004f00:	200018d0 	.word	0x200018d0

10004f04 <tud_control_xfer>:
10004f04:	e92d 41f0 	stmdb	sp!, {r4, r5, r6, r7, r8, lr}
10004f08:	4f27      	ldr	r7, [pc, #156]	@ (10004fa8 <tud_control_xfer+0xa4>)
10004f0a:	f04f 0800 	mov.w	r8, #0
10004f0e:	46be      	mov	lr, r7
10004f10:	468c      	mov	ip, r1
10004f12:	4606      	mov	r6, r0
10004f14:	6808      	ldr	r0, [r1, #0]
10004f16:	6849      	ldr	r1, [r1, #4]
10004f18:	60ba      	str	r2, [r7, #8]
10004f1a:	e8ae 0003 	stmia.w	lr!, {r0, r1}
10004f1e:	f8a7 800e 	strh.w	r8, [r7, #14]
10004f22:	4615      	mov	r5, r2
10004f24:	f8bc 2006 	ldrh.w	r2, [ip, #6]
10004f28:	4293      	cmp	r3, r2
10004f2a:	bf28      	it	cs
10004f2c:	4613      	movcs	r3, r2
10004f2e:	81bb      	strh	r3, [r7, #12]
10004f30:	b19a      	cbz	r2, 10004f5a <tud_control_xfer+0x56>
10004f32:	461c      	mov	r4, r3
10004f34:	b32b      	cbz	r3, 10004f82 <tud_control_xfer+0x7e>
10004f36:	b1dd      	cbz	r5, 10004f70 <tud_control_xfer+0x6c>
10004f38:	f997 3000 	ldrsb.w	r3, [r7]
10004f3c:	2c40      	cmp	r4, #64	@ 0x40
10004f3e:	bf28      	it	cs
10004f40:	2440      	movcs	r4, #64	@ 0x40
10004f42:	2b00      	cmp	r3, #0
10004f44:	db28      	blt.n	10004f98 <tud_control_xfer+0x94>
10004f46:	4641      	mov	r1, r8
10004f48:	4623      	mov	r3, r4
10004f4a:	4630      	mov	r0, r6
10004f4c:	4a17      	ldr	r2, [pc, #92]	@ (10004fac <tud_control_xfer+0xa8>)
10004f4e:	f7ff ff87 	bl	10004e60 <usbd_edpt_xfer>
10004f52:	b168      	cbz	r0, 10004f70 <tud_control_xfer+0x6c>
10004f54:	2001      	movs	r0, #1
10004f56:	e8bd 81f0 	ldmia.w	sp!, {r4, r5, r6, r7, r8, pc}
10004f5a:	f89c 1000 	ldrb.w	r1, [ip]
10004f5e:	4613      	mov	r3, r2
10004f60:	43c9      	mvns	r1, r1
10004f62:	4630      	mov	r0, r6
10004f64:	f001 0180 	and.w	r1, r1, #128	@ 0x80
10004f68:	f7ff ff7a 	bl	10004e60 <usbd_edpt_xfer>
10004f6c:	2800      	cmp	r0, #0
10004f6e:	d1f1      	bne.n	10004f54 <tud_control_xfer+0x50>
10004f70:	f04f 23e0 	mov.w	r3, #3758153728	@ 0xe000e000
10004f74:	f8d3 3df0 	ldr.w	r3, [r3, #3568]	@ 0xdf0
10004f78:	07db      	lsls	r3, r3, #31
10004f7a:	d500      	bpl.n	10004f7e <tud_control_xfer+0x7a>
10004f7c:	be00      	bkpt	0x0000
10004f7e:	2000      	movs	r0, #0
10004f80:	e7e9      	b.n	10004f56 <tud_control_xfer+0x52>
10004f82:	461a      	mov	r2, r3
10004f84:	7839      	ldrb	r1, [r7, #0]
10004f86:	f001 0180 	and.w	r1, r1, #128	@ 0x80
10004f8a:	4623      	mov	r3, r4
10004f8c:	4630      	mov	r0, r6
10004f8e:	f7ff ff67 	bl	10004e60 <usbd_edpt_xfer>
10004f92:	2800      	cmp	r0, #0
10004f94:	d1de      	bne.n	10004f54 <tud_control_xfer+0x50>
10004f96:	e7eb      	b.n	10004f70 <tud_control_xfer+0x6c>
10004f98:	4622      	mov	r2, r4
10004f9a:	4629      	mov	r1, r5
10004f9c:	4803      	ldr	r0, [pc, #12]	@ (10004fac <tud_control_xfer+0xa8>)
10004f9e:	f000 fed7 	bl	10005d50 <memcpy>
10004fa2:	2180      	movs	r1, #128	@ 0x80
10004fa4:	4a01      	ldr	r2, [pc, #4]	@ (10004fac <tud_control_xfer+0xa8>)
10004fa6:	e7f0      	b.n	10004f8a <tud_control_xfer+0x86>
10004fa8:	200018d0 	.word	0x200018d0
10004fac:	20001890 	.word	0x20001890

10004fb0 <usbd_control_reset>:
10004fb0:	2200      	movs	r2, #0
10004fb2:	4b03      	ldr	r3, [pc, #12]	@ (10004fc0 <usbd_control_reset+0x10>)
10004fb4:	e9c3 2200 	strd	r2, r2, [r3]
10004fb8:	e9c3 2202 	strd	r2, r2, [r3, #8]
10004fbc:	611a      	str	r2, [r3, #16]
10004fbe:	4770      	bx	lr
10004fc0:	200018d0 	.word	0x200018d0

10004fc4 <usbd_control_set_complete_callback>:
10004fc4:	4b01      	ldr	r3, [pc, #4]	@ (10004fcc <usbd_control_set_complete_callback+0x8>)
10004fc6:	6118      	str	r0, [r3, #16]
10004fc8:	4770      	bx	lr
10004fca:	bf00      	nop
10004fcc:	200018d0 	.word	0x200018d0

10004fd0 <usbd_control_set_request>:
10004fd0:	b430      	push	{r4, r5}
10004fd2:	4602      	mov	r2, r0
10004fd4:	4c04      	ldr	r4, [pc, #16]	@ (10004fe8 <usbd_control_set_request+0x18>)
10004fd6:	2500      	movs	r5, #0
10004fd8:	4623      	mov	r3, r4
10004fda:	6800      	ldr	r0, [r0, #0]
10004fdc:	6851      	ldr	r1, [r2, #4]
10004fde:	e9c4 5502 	strd	r5, r5, [r4, #8]
10004fe2:	bc30      	pop	{r4, r5}
10004fe4:	c303      	stmia	r3!, {r0, r1}
10004fe6:	4770      	bx	lr
10004fe8:	200018d0 	.word	0x200018d0

10004fec <usbd_control_xfer_cb>:
10004fec:	b570      	push	{r4, r5, r6, lr}
10004fee:	4c3c      	ldr	r4, [pc, #240]	@ (100050e0 <usbd_control_xfer_cb+0xf4>)
10004ff0:	09c9      	lsrs	r1, r1, #7
10004ff2:	7822      	ldrb	r2, [r4, #0]
10004ff4:	4606      	mov	r6, r0
10004ff6:	ebb1 1fd2 	cmp.w	r1, r2, lsr #7
10004ffa:	461d      	mov	r5, r3
10004ffc:	b082      	sub	sp, #8
10004ffe:	d017      	beq.n	10005030 <usbd_control_xfer_cb+0x44>
10005000:	b153      	cbz	r3, 10005018 <usbd_control_xfer_cb+0x2c>
10005002:	f04f 23e0 	mov.w	r3, #3758153728	@ 0xe000e000
10005006:	f8d3 3df0 	ldr.w	r3, [r3, #3568]	@ 0xdf0
1000500a:	07db      	lsls	r3, r3, #31
1000500c:	d402      	bmi.n	10005014 <usbd_control_xfer_cb+0x28>
1000500e:	2000      	movs	r0, #0
10005010:	b002      	add	sp, #8
10005012:	bd70      	pop	{r4, r5, r6, pc}
10005014:	be00      	bkpt	0x0000
10005016:	e7fa      	b.n	1000500e <usbd_control_xfer_cb+0x22>
10005018:	4621      	mov	r1, r4
1000501a:	f7ff f8ed 	bl	100041f8 <dcd_edpt0_status_complete>
1000501e:	6923      	ldr	r3, [r4, #16]
10005020:	b11b      	cbz	r3, 1000502a <usbd_control_xfer_cb+0x3e>
10005022:	4622      	mov	r2, r4
10005024:	2103      	movs	r1, #3
10005026:	4630      	mov	r0, r6
10005028:	4798      	blx	r3
1000502a:	2001      	movs	r0, #1
1000502c:	b002      	add	sp, #8
1000502e:	bd70      	pop	{r4, r5, r6, pc}
10005030:	f994 3000 	ldrsb.w	r3, [r4]
10005034:	68a0      	ldr	r0, [r4, #8]
10005036:	2b00      	cmp	r3, #0
10005038:	db05      	blt.n	10005046 <usbd_control_xfer_cb+0x5a>
1000503a:	2800      	cmp	r0, #0
1000503c:	d0e7      	beq.n	1000500e <usbd_control_xfer_cb+0x22>
1000503e:	462a      	mov	r2, r5
10005040:	4928      	ldr	r1, [pc, #160]	@ (100050e4 <usbd_control_xfer_cb+0xf8>)
10005042:	f000 fe85 	bl	10005d50 <memcpy>
10005046:	89e0      	ldrh	r0, [r4, #14]
10005048:	68a1      	ldr	r1, [r4, #8]
1000504a:	88e3      	ldrh	r3, [r4, #6]
1000504c:	4428      	add	r0, r5
1000504e:	b280      	uxth	r0, r0
10005050:	4429      	add	r1, r5
10005052:	4283      	cmp	r3, r0
10005054:	81e0      	strh	r0, [r4, #14]
10005056:	60a1      	str	r1, [r4, #8]
10005058:	d016      	beq.n	10005088 <usbd_control_xfer_cb+0x9c>
1000505a:	2d3f      	cmp	r5, #63	@ 0x3f
1000505c:	d914      	bls.n	10005088 <usbd_control_xfer_cb+0x9c>
1000505e:	89a2      	ldrh	r2, [r4, #12]
10005060:	f994 4000 	ldrsb.w	r4, [r4]
10005064:	1a13      	subs	r3, r2, r0
10005066:	b29b      	uxth	r3, r3
10005068:	2b40      	cmp	r3, #64	@ 0x40
1000506a:	bf28      	it	cs
1000506c:	2340      	movcs	r3, #64	@ 0x40
1000506e:	2c00      	cmp	r4, #0
10005070:	db26      	blt.n	100050c0 <usbd_control_xfer_cb+0xd4>
10005072:	4290      	cmp	r0, r2
10005074:	f04f 0100 	mov.w	r1, #0
10005078:	d030      	beq.n	100050dc <usbd_control_xfer_cb+0xf0>
1000507a:	4a1a      	ldr	r2, [pc, #104]	@ (100050e4 <usbd_control_xfer_cb+0xf8>)
1000507c:	4630      	mov	r0, r6
1000507e:	f7ff feef 	bl	10004e60 <usbd_edpt_xfer>
10005082:	2800      	cmp	r0, #0
10005084:	d1d1      	bne.n	1000502a <usbd_control_xfer_cb+0x3e>
10005086:	e7bc      	b.n	10005002 <usbd_control_xfer_cb+0x16>
10005088:	6923      	ldr	r3, [r4, #16]
1000508a:	b123      	cbz	r3, 10005096 <usbd_control_xfer_cb+0xaa>
1000508c:	2102      	movs	r1, #2
1000508e:	4630      	mov	r0, r6
10005090:	4a13      	ldr	r2, [pc, #76]	@ (100050e0 <usbd_control_xfer_cb+0xf4>)
10005092:	4798      	blx	r3
10005094:	b158      	cbz	r0, 100050ae <usbd_control_xfer_cb+0xc2>
10005096:	7821      	ldrb	r1, [r4, #0]
10005098:	2300      	movs	r3, #0
1000509a:	43c9      	mvns	r1, r1
1000509c:	4630      	mov	r0, r6
1000509e:	461a      	mov	r2, r3
100050a0:	f001 0180 	and.w	r1, r1, #128	@ 0x80
100050a4:	f7ff fedc 	bl	10004e60 <usbd_edpt_xfer>
100050a8:	2800      	cmp	r0, #0
100050aa:	d1be      	bne.n	1000502a <usbd_control_xfer_cb+0x3e>
100050ac:	e7a9      	b.n	10005002 <usbd_control_xfer_cb+0x16>
100050ae:	4601      	mov	r1, r0
100050b0:	4630      	mov	r0, r6
100050b2:	f7ff f943 	bl	1000433c <dcd_edpt_stall>
100050b6:	2180      	movs	r1, #128	@ 0x80
100050b8:	4630      	mov	r0, r6
100050ba:	f7ff f93f 	bl	1000433c <dcd_edpt_stall>
100050be:	e7b4      	b.n	1000502a <usbd_control_xfer_cb+0x3e>
100050c0:	4290      	cmp	r0, r2
100050c2:	d008      	beq.n	100050d6 <usbd_control_xfer_cb+0xea>
100050c4:	461a      	mov	r2, r3
100050c6:	4807      	ldr	r0, [pc, #28]	@ (100050e4 <usbd_control_xfer_cb+0xf8>)
100050c8:	9301      	str	r3, [sp, #4]
100050ca:	f000 fe41 	bl	10005d50 <memcpy>
100050ce:	2180      	movs	r1, #128	@ 0x80
100050d0:	4a04      	ldr	r2, [pc, #16]	@ (100050e4 <usbd_control_xfer_cb+0xf8>)
100050d2:	9b01      	ldr	r3, [sp, #4]
100050d4:	e7d2      	b.n	1000507c <usbd_control_xfer_cb+0x90>
100050d6:	2180      	movs	r1, #128	@ 0x80
100050d8:	2200      	movs	r2, #0
100050da:	e7cf      	b.n	1000507c <usbd_control_xfer_cb+0x90>
100050dc:	460a      	mov	r2, r1
100050de:	e7cd      	b.n	1000507c <usbd_control_xfer_cb+0x90>
100050e0:	200018d0 	.word	0x200018d0
100050e4:	20001890 	.word	0x20001890

100050e8 <_prep_out_transaction.isra.0>:
100050e8:	e92d 41f0 	stmdb	sp!, {r4, r5, r6, r7, r8, lr}
100050ec:	4604      	mov	r4, r0
100050ee:	f7ff f9e7 	bl	100044c0 <tud_mounted>
100050f2:	b908      	cbnz	r0, 100050f8 <_prep_out_transaction.isra.0+0x10>
100050f4:	e8bd 81f0 	ldmia.w	sp!, {r4, r5, r6, r7, r8, pc}
100050f8:	f7ff f9ea 	bl	100044d0 <tud_suspended>
100050fc:	4607      	mov	r7, r0
100050fe:	2800      	cmp	r0, #0
10005100:	d1f8      	bne.n	100050f4 <_prep_out_transaction.isra.0+0xc>
10005102:	22c8      	movs	r2, #200	@ 0xc8
10005104:	4b13      	ldr	r3, [pc, #76]	@ (10005154 <_prep_out_transaction.isra.0+0x6c>)
10005106:	fb02 3604 	mla	r6, r2, r4, r3
1000510a:	78f1      	ldrb	r1, [r6, #3]
1000510c:	2900      	cmp	r1, #0
1000510e:	d0f1      	beq.n	100050f4 <_prep_out_transaction.isra.0+0xc>
10005110:	f106 0510 	add.w	r5, r6, #16
10005114:	4628      	mov	r0, r5
10005116:	f000 fbcb 	bl	100058b0 <tu_fifo_remaining>
1000511a:	283f      	cmp	r0, #63	@ 0x3f
1000511c:	d9ea      	bls.n	100050f4 <_prep_out_transaction.isra.0+0xc>
1000511e:	4638      	mov	r0, r7
10005120:	78f1      	ldrb	r1, [r6, #3]
10005122:	f7ff fe79 	bl	10004e18 <usbd_edpt_claim>
10005126:	2800      	cmp	r0, #0
10005128:	d0e4      	beq.n	100050f4 <_prep_out_transaction.isra.0+0xc>
1000512a:	4628      	mov	r0, r5
1000512c:	f000 fbc0 	bl	100058b0 <tu_fifo_remaining>
10005130:	283f      	cmp	r0, #63	@ 0x3f
10005132:	d909      	bls.n	10005148 <_prep_out_transaction.isra.0+0x60>
10005134:	4a08      	ldr	r2, [pc, #32]	@ (10005158 <_prep_out_transaction.isra.0+0x70>)
10005136:	4638      	mov	r0, r7
10005138:	78f1      	ldrb	r1, [r6, #3]
1000513a:	eb02 12c4 	add.w	r2, r2, r4, lsl #7
1000513e:	2340      	movs	r3, #64	@ 0x40
10005140:	e8bd 41f0 	ldmia.w	sp!, {r4, r5, r6, r7, r8, lr}
10005144:	f7ff be8c 	b.w	10004e60 <usbd_edpt_xfer>
10005148:	4638      	mov	r0, r7
1000514a:	78f1      	ldrb	r1, [r6, #3]
1000514c:	e8bd 41f0 	ldmia.w	sp!, {r4, r5, r6, r7, r8, lr}
10005150:	f7ff be74 	b.w	10004e3c <usbd_edpt_release>
10005154:	200015a0 	.word	0x200015a0
10005158:	2000180c 	.word	0x2000180c

1000515c <tud_cdc_n_connected>:
1000515c:	b510      	push	{r4, lr}
1000515e:	4604      	mov	r4, r0
10005160:	f7ff f9ae 	bl	100044c0 <tud_mounted>
10005164:	b908      	cbnz	r0, 1000516a <tud_cdc_n_connected+0xe>
10005166:	2000      	movs	r0, #0
10005168:	bd10      	pop	{r4, pc}
1000516a:	f7ff f9b1 	bl	100044d0 <tud_suspended>
1000516e:	2800      	cmp	r0, #0
10005170:	d1f9      	bne.n	10005166 <tud_cdc_n_connected+0xa>
10005172:	22c8      	movs	r2, #200	@ 0xc8
10005174:	4b03      	ldr	r3, [pc, #12]	@ (10005184 <tud_cdc_n_connected+0x28>)
10005176:	fb02 3304 	mla	r3, r2, r4, r3
1000517a:	7918      	ldrb	r0, [r3, #4]
1000517c:	f000 0001 	and.w	r0, r0, #1
10005180:	bd10      	pop	{r4, pc}
10005182:	bf00      	nop
10005184:	200015a0 	.word	0x200015a0

10005188 <tud_cdc_n_available>:
10005188:	21c8      	movs	r1, #200	@ 0xc8
1000518a:	b508      	push	{r3, lr}
1000518c:	2310      	movs	r3, #16
1000518e:	fb01 3000 	mla	r0, r1, r0, r3
10005192:	4a02      	ldr	r2, [pc, #8]	@ (1000519c <tud_cdc_n_available+0x14>)
10005194:	4410      	add	r0, r2
10005196:	f000 fb71 	bl	1000587c <tu_fifo_count>
1000519a:	bd08      	pop	{r3, pc}
1000519c:	200015a0 	.word	0x200015a0

100051a0 <tud_cdc_n_read>:
100051a0:	e92d 43f8 	stmdb	sp!, {r3, r4, r5, r6, r7, r8, r9, lr}
100051a4:	f64f 73ff 	movw	r3, #65535	@ 0xffff
100051a8:	f04f 08c8 	mov.w	r8, #200	@ 0xc8
100051ac:	2410      	movs	r4, #16
100051ae:	429a      	cmp	r2, r3
100051b0:	bf28      	it	cs
100051b2:	461a      	movcs	r2, r3
100051b4:	fb18 4400 	smlabb	r4, r8, r0, r4
100051b8:	4f1a      	ldr	r7, [pc, #104]	@ (10005224 <tud_cdc_n_read+0x84>)
100051ba:	4606      	mov	r6, r0
100051bc:	443c      	add	r4, r7
100051be:	4620      	mov	r0, r4
100051c0:	b292      	uxth	r2, r2
100051c2:	f000 fbd1 	bl	10005968 <tu_fifo_read_n>
100051c6:	4605      	mov	r5, r0
100051c8:	f7ff f97a 	bl	100044c0 <tud_mounted>
100051cc:	b910      	cbnz	r0, 100051d4 <tud_cdc_n_read+0x34>
100051ce:	4628      	mov	r0, r5
100051d0:	e8bd 83f8 	ldmia.w	sp!, {r3, r4, r5, r6, r7, r8, r9, pc}
100051d4:	f7ff f97c 	bl	100044d0 <tud_suspended>
100051d8:	4681      	mov	r9, r0
100051da:	2800      	cmp	r0, #0
100051dc:	d1f7      	bne.n	100051ce <tud_cdc_n_read+0x2e>
100051de:	fb08 7706 	mla	r7, r8, r6, r7
100051e2:	78fb      	ldrb	r3, [r7, #3]
100051e4:	2b00      	cmp	r3, #0
100051e6:	d0f2      	beq.n	100051ce <tud_cdc_n_read+0x2e>
100051e8:	4620      	mov	r0, r4
100051ea:	f000 fb61 	bl	100058b0 <tu_fifo_remaining>
100051ee:	283f      	cmp	r0, #63	@ 0x3f
100051f0:	d9ed      	bls.n	100051ce <tud_cdc_n_read+0x2e>
100051f2:	4648      	mov	r0, r9
100051f4:	78f9      	ldrb	r1, [r7, #3]
100051f6:	f7ff fe0f 	bl	10004e18 <usbd_edpt_claim>
100051fa:	2800      	cmp	r0, #0
100051fc:	d0e7      	beq.n	100051ce <tud_cdc_n_read+0x2e>
100051fe:	4620      	mov	r0, r4
10005200:	f000 fb56 	bl	100058b0 <tu_fifo_remaining>
10005204:	283f      	cmp	r0, #63	@ 0x3f
10005206:	d908      	bls.n	1000521a <tud_cdc_n_read+0x7a>
10005208:	4a07      	ldr	r2, [pc, #28]	@ (10005228 <tud_cdc_n_read+0x88>)
1000520a:	4648      	mov	r0, r9
1000520c:	2340      	movs	r3, #64	@ 0x40
1000520e:	78f9      	ldrb	r1, [r7, #3]
10005210:	eb02 12c6 	add.w	r2, r2, r6, lsl #7
10005214:	f7ff fe24 	bl	10004e60 <usbd_edpt_xfer>
10005218:	e7d9      	b.n	100051ce <tud_cdc_n_read+0x2e>
1000521a:	4648      	mov	r0, r9
1000521c:	78f9      	ldrb	r1, [r7, #3]
1000521e:	f7ff fe0d 	bl	10004e3c <usbd_edpt_release>
10005222:	e7d4      	b.n	100051ce <tud_cdc_n_read+0x2e>
10005224:	200015a0 	.word	0x200015a0
10005228:	2000180c 	.word	0x2000180c

1000522c <tud_cdc_n_write_flush>:
1000522c:	e92d 41f0 	stmdb	sp!, {r4, r5, r6, r7, r8, lr}
10005230:	4605      	mov	r5, r0
10005232:	f7ff f945 	bl	100044c0 <tud_mounted>
10005236:	b910      	cbnz	r0, 1000523e <tud_cdc_n_write_flush+0x12>
10005238:	2000      	movs	r0, #0
1000523a:	e8bd 81f0 	ldmia.w	sp!, {r4, r5, r6, r7, r8, pc}
1000523e:	f7ff f947 	bl	100044d0 <tud_suspended>
10005242:	4606      	mov	r6, r0
10005244:	2800      	cmp	r0, #0
10005246:	d1f7      	bne.n	10005238 <tud_cdc_n_write_flush+0xc>
10005248:	f04f 08c8 	mov.w	r8, #200	@ 0xc8
1000524c:	2424      	movs	r4, #36	@ 0x24
1000524e:	fb18 4405 	smlabb	r4, r8, r5, r4
10005252:	4f17      	ldr	r7, [pc, #92]	@ (100052b0 <tud_cdc_n_write_flush+0x84>)
10005254:	443c      	add	r4, r7
10005256:	4620      	mov	r0, r4
10005258:	f000 fb10 	bl	1000587c <tu_fifo_count>
1000525c:	2800      	cmp	r0, #0
1000525e:	d0eb      	beq.n	10005238 <tud_cdc_n_write_flush+0xc>
10005260:	fb08 7705 	mla	r7, r8, r5, r7
10005264:	4630      	mov	r0, r6
10005266:	78b9      	ldrb	r1, [r7, #2]
10005268:	f7ff fdd6 	bl	10004e18 <usbd_edpt_claim>
1000526c:	2800      	cmp	r0, #0
1000526e:	d0e3      	beq.n	10005238 <tud_cdc_n_write_flush+0xc>
10005270:	2240      	movs	r2, #64	@ 0x40
10005272:	4b10      	ldr	r3, [pc, #64]	@ (100052b4 <tud_cdc_n_write_flush+0x88>)
10005274:	4620      	mov	r0, r4
10005276:	eb02 14c5 	add.w	r4, r2, r5, lsl #7
1000527a:	441c      	add	r4, r3
1000527c:	4621      	mov	r1, r4
1000527e:	f000 fb73 	bl	10005968 <tu_fifo_read_n>
10005282:	4605      	mov	r5, r0
10005284:	b180      	cbz	r0, 100052a8 <tud_cdc_n_write_flush+0x7c>
10005286:	4603      	mov	r3, r0
10005288:	4622      	mov	r2, r4
1000528a:	4630      	mov	r0, r6
1000528c:	78b9      	ldrb	r1, [r7, #2]
1000528e:	f7ff fde7 	bl	10004e60 <usbd_edpt_xfer>
10005292:	b938      	cbnz	r0, 100052a4 <tud_cdc_n_write_flush+0x78>
10005294:	f04f 23e0 	mov.w	r3, #3758153728	@ 0xe000e000
10005298:	f8d3 3df0 	ldr.w	r3, [r3, #3568]	@ 0xdf0
1000529c:	07db      	lsls	r3, r3, #31
1000529e:	d5cb      	bpl.n	10005238 <tud_cdc_n_write_flush+0xc>
100052a0:	be00      	bkpt	0x0000
100052a2:	e7c9      	b.n	10005238 <tud_cdc_n_write_flush+0xc>
100052a4:	4628      	mov	r0, r5
100052a6:	e7c8      	b.n	1000523a <tud_cdc_n_write_flush+0xe>
100052a8:	78b9      	ldrb	r1, [r7, #2]
100052aa:	f7ff fdc7 	bl	10004e3c <usbd_edpt_release>
100052ae:	e7c3      	b.n	10005238 <tud_cdc_n_write_flush+0xc>
100052b0:	200015a0 	.word	0x200015a0
100052b4:	2000180c 	.word	0x2000180c

100052b8 <tud_cdc_n_write>:
100052b8:	b538      	push	{r3, r4, r5, lr}
100052ba:	f64f 73ff 	movw	r3, #65535	@ 0xffff
100052be:	f04f 0c24 	mov.w	ip, #36	@ 0x24
100052c2:	24c8      	movs	r4, #200	@ 0xc8
100052c4:	429a      	cmp	r2, r3
100052c6:	bf28      	it	cs
100052c8:	461a      	movcs	r2, r3
100052ca:	fb14 c400 	smlabb	r4, r4, r0, ip
100052ce:	4b0a      	ldr	r3, [pc, #40]	@ (100052f8 <tud_cdc_n_write+0x40>)
100052d0:	b292      	uxth	r2, r2
100052d2:	441c      	add	r4, r3
100052d4:	4605      	mov	r5, r0
100052d6:	4620      	mov	r0, r4
100052d8:	f000 fc02 	bl	10005ae0 <tu_fifo_write_n>
100052dc:	4603      	mov	r3, r0
100052de:	4620      	mov	r0, r4
100052e0:	461c      	mov	r4, r3
100052e2:	f000 facb 	bl	1000587c <tu_fifo_count>
100052e6:	283f      	cmp	r0, #63	@ 0x3f
100052e8:	d801      	bhi.n	100052ee <tud_cdc_n_write+0x36>
100052ea:	4620      	mov	r0, r4
100052ec:	bd38      	pop	{r3, r4, r5, pc}
100052ee:	4628      	mov	r0, r5
100052f0:	f7ff ff9c 	bl	1000522c <tud_cdc_n_write_flush>
100052f4:	4620      	mov	r0, r4
100052f6:	bd38      	pop	{r3, r4, r5, pc}
100052f8:	200015a0 	.word	0x200015a0

100052fc <tud_cdc_n_write_available>:
100052fc:	21c8      	movs	r1, #200	@ 0xc8
100052fe:	b508      	push	{r3, lr}
10005300:	2324      	movs	r3, #36	@ 0x24
10005302:	fb01 3000 	mla	r0, r1, r0, r3
10005306:	4a02      	ldr	r2, [pc, #8]	@ (10005310 <tud_cdc_n_write_available+0x14>)
10005308:	4410      	add	r0, r2
1000530a:	f000 fad1 	bl	100058b0 <tu_fifo_remaining>
1000530e:	bd08      	pop	{r3, pc}
10005310:	200015a0 	.word	0x200015a0

10005314 <cdcd_init>:
10005314:	b5f0      	push	{r4, r5, r6, r7, lr}
10005316:	4c19      	ldr	r4, [pc, #100]	@ (1000537c <cdcd_init+0x68>)
10005318:	b083      	sub	sp, #12
1000531a:	22c8      	movs	r2, #200	@ 0xc8
1000531c:	2100      	movs	r1, #0
1000531e:	4620      	mov	r0, r4
10005320:	f000 fcc4 	bl	10005cac <memset>
10005324:	2500      	movs	r5, #0
10005326:	23ff      	movs	r3, #255	@ 0xff
10005328:	f44f 31e1 	mov.w	r1, #115200	@ 0x1c200
1000532c:	2208      	movs	r2, #8
1000532e:	4814      	ldr	r0, [pc, #80]	@ (10005380 <cdcd_init+0x6c>)
10005330:	f104 07b8 	add.w	r7, r4, #184	@ 0xb8
10005334:	7005      	strb	r5, [r0, #0]
10005336:	9500      	str	r5, [sp, #0]
10005338:	f104 0010 	add.w	r0, r4, #16
1000533c:	7163      	strb	r3, [r4, #5]
1000533e:	60a1      	str	r1, [r4, #8]
10005340:	73a2      	strb	r2, [r4, #14]
10005342:	f104 0138 	add.w	r1, r4, #56	@ 0x38
10005346:	2301      	movs	r3, #1
10005348:	2240      	movs	r2, #64	@ 0x40
1000534a:	f000 fa67 	bl	1000581c <tu_fifo_config>
1000534e:	2301      	movs	r3, #1
10005350:	2240      	movs	r2, #64	@ 0x40
10005352:	f104 0178 	add.w	r1, r4, #120	@ 0x78
10005356:	9300      	str	r3, [sp, #0]
10005358:	f104 0024 	add.w	r0, r4, #36	@ 0x24
1000535c:	f000 fa5e 	bl	1000581c <tu_fifo_config>
10005360:	f104 06c0 	add.w	r6, r4, #192	@ 0xc0
10005364:	4638      	mov	r0, r7
10005366:	f7fb fd45 	bl	10000df4 <mutex_init>
1000536a:	4630      	mov	r0, r6
1000536c:	f7fb fd42 	bl	10000df4 <mutex_init>
10005370:	e9c4 5707 	strd	r5, r7, [r4, #28]
10005374:	e9c4 650c 	strd	r6, r5, [r4, #48]	@ 0x30
10005378:	b003      	add	sp, #12
1000537a:	bdf0      	pop	{r4, r5, r6, r7, pc}
1000537c:	200015a0 	.word	0x200015a0
10005380:	2000188c 	.word	0x2000188c

10005384 <cdcd_deinit>:
10005384:	4b09      	ldr	r3, [pc, #36]	@ (100053ac <cdcd_deinit+0x28>)
10005386:	6b19      	ldr	r1, [r3, #48]	@ 0x30
10005388:	b149      	cbz	r1, 1000539e <cdcd_deinit+0x1a>
1000538a:	6a1a      	ldr	r2, [r3, #32]
1000538c:	b112      	cbz	r2, 10005394 <cdcd_deinit+0x10>
1000538e:	2200      	movs	r2, #0
10005390:	e9c3 2207 	strd	r2, r2, [r3, #28]
10005394:	2200      	movs	r2, #0
10005396:	e9c3 220c 	strd	r2, r2, [r3, #48]	@ 0x30
1000539a:	2001      	movs	r0, #1
1000539c:	4770      	bx	lr
1000539e:	6a1a      	ldr	r2, [r3, #32]
100053a0:	2a00      	cmp	r2, #0
100053a2:	d0fa      	beq.n	1000539a <cdcd_deinit+0x16>
100053a4:	2001      	movs	r0, #1
100053a6:	e9c3 1107 	strd	r1, r1, [r3, #28]
100053aa:	4770      	bx	lr
100053ac:	200015a0 	.word	0x200015a0

100053b0 <cdcd_reset>:
100053b0:	2200      	movs	r2, #0
100053b2:	b510      	push	{r4, lr}
100053b4:	4c0e      	ldr	r4, [pc, #56]	@ (100053f0 <cdcd_reset+0x40>)
100053b6:	480f      	ldr	r0, [pc, #60]	@ (100053f4 <cdcd_reset+0x44>)
100053b8:	7823      	ldrb	r3, [r4, #0]
100053ba:	6002      	str	r2, [r0, #0]
100053bc:	7102      	strb	r2, [r0, #4]
100053be:	07da      	lsls	r2, r3, #31
100053c0:	d507      	bpl.n	100053d2 <cdcd_reset+0x22>
100053c2:	079b      	lsls	r3, r3, #30
100053c4:	d50b      	bpl.n	100053de <cdcd_reset+0x2e>
100053c6:	e8bd 4010 	ldmia.w	sp!, {r4, lr}
100053ca:	2101      	movs	r1, #1
100053cc:	480a      	ldr	r0, [pc, #40]	@ (100053f8 <cdcd_reset+0x48>)
100053ce:	f000 bc4f 	b.w	10005c70 <tu_fifo_set_overwritable>
100053d2:	3010      	adds	r0, #16
100053d4:	f000 fc30 	bl	10005c38 <tu_fifo_clear>
100053d8:	7823      	ldrb	r3, [r4, #0]
100053da:	079b      	lsls	r3, r3, #30
100053dc:	d4f3      	bmi.n	100053c6 <cdcd_reset+0x16>
100053de:	4806      	ldr	r0, [pc, #24]	@ (100053f8 <cdcd_reset+0x48>)
100053e0:	f000 fc2a 	bl	10005c38 <tu_fifo_clear>
100053e4:	e8bd 4010 	ldmia.w	sp!, {r4, lr}
100053e8:	2101      	movs	r1, #1
100053ea:	4803      	ldr	r0, [pc, #12]	@ (100053f8 <cdcd_reset+0x48>)
100053ec:	f000 bc40 	b.w	10005c70 <tu_fifo_set_overwritable>
100053f0:	2000188c 	.word	0x2000188c
100053f4:	200015a0 	.word	0x200015a0
100053f8:	200015c4 	.word	0x200015c4

100053fc <cdcd_open>:
100053fc:	b5f0      	push	{r4, r5, r6, r7, lr}
100053fe:	794b      	ldrb	r3, [r1, #5]
10005400:	b083      	sub	sp, #12
10005402:	2b02      	cmp	r3, #2
10005404:	d003      	beq.n	1000540e <cdcd_open+0x12>
10005406:	2500      	movs	r5, #0
10005408:	4628      	mov	r0, r5
1000540a:	b003      	add	sp, #12
1000540c:	bdf0      	pop	{r4, r5, r6, r7, pc}
1000540e:	798b      	ldrb	r3, [r1, #6]
10005410:	2b02      	cmp	r3, #2
10005412:	d1f8      	bne.n	10005406 <cdcd_open+0xa>
10005414:	4f26      	ldr	r7, [pc, #152]	@ (100054b0 <cdcd_open+0xb4>)
10005416:	78bb      	ldrb	r3, [r7, #2]
10005418:	b13b      	cbz	r3, 1000542a <cdcd_open+0x2e>
1000541a:	f04f 23e0 	mov.w	r3, #3758153728	@ 0xe000e000
1000541e:	f8d3 3df0 	ldr.w	r3, [r3, #3568]	@ 0xdf0
10005422:	07db      	lsls	r3, r3, #31
10005424:	d5ef      	bpl.n	10005406 <cdcd_open+0xa>
10005426:	be00      	bkpt	0x0000
10005428:	e7ed      	b.n	10005406 <cdcd_open+0xa>
1000542a:	788b      	ldrb	r3, [r1, #2]
1000542c:	4606      	mov	r6, r0
1000542e:	703b      	strb	r3, [r7, #0]
10005430:	780b      	ldrb	r3, [r1, #0]
10005432:	2509      	movs	r5, #9
10005434:	18cc      	adds	r4, r1, r3
10005436:	7861      	ldrb	r1, [r4, #1]
10005438:	2924      	cmp	r1, #36	@ 0x24
1000543a:	d10b      	bne.n	10005454 <cdcd_open+0x58>
1000543c:	2a08      	cmp	r2, #8
1000543e:	d802      	bhi.n	10005446 <cdcd_open+0x4a>
10005440:	e00f      	b.n	10005462 <cdcd_open+0x66>
10005442:	42aa      	cmp	r2, r5
10005444:	d30d      	bcc.n	10005462 <cdcd_open+0x66>
10005446:	7823      	ldrb	r3, [r4, #0]
10005448:	441c      	add	r4, r3
1000544a:	7861      	ldrb	r1, [r4, #1]
1000544c:	442b      	add	r3, r5
1000544e:	2924      	cmp	r1, #36	@ 0x24
10005450:	b29d      	uxth	r5, r3
10005452:	d0f6      	beq.n	10005442 <cdcd_open+0x46>
10005454:	2905      	cmp	r1, #5
10005456:	d00a      	beq.n	1000546e <cdcd_open+0x72>
10005458:	2904      	cmp	r1, #4
1000545a:	d102      	bne.n	10005462 <cdcd_open+0x66>
1000545c:	7963      	ldrb	r3, [r4, #5]
1000545e:	2b0a      	cmp	r3, #10
10005460:	d013      	beq.n	1000548a <cdcd_open+0x8e>
10005462:	2000      	movs	r0, #0
10005464:	f7ff fe40 	bl	100050e8 <_prep_out_transaction.isra.0>
10005468:	4628      	mov	r0, r5
1000546a:	b003      	add	sp, #12
1000546c:	bdf0      	pop	{r4, r5, r6, r7, pc}
1000546e:	4621      	mov	r1, r4
10005470:	4630      	mov	r0, r6
10005472:	f7ff fcaf 	bl	10004dd4 <usbd_edpt_open>
10005476:	2800      	cmp	r0, #0
10005478:	d0cf      	beq.n	1000541a <cdcd_open+0x1e>
1000547a:	78a3      	ldrb	r3, [r4, #2]
1000547c:	707b      	strb	r3, [r7, #1]
1000547e:	7823      	ldrb	r3, [r4, #0]
10005480:	441c      	add	r4, r3
10005482:	442b      	add	r3, r5
10005484:	7861      	ldrb	r1, [r4, #1]
10005486:	b29d      	uxth	r5, r3
10005488:	e7e6      	b.n	10005458 <cdcd_open+0x5c>
1000548a:	4b0a      	ldr	r3, [pc, #40]	@ (100054b4 <cdcd_open+0xb8>)
1000548c:	7827      	ldrb	r7, [r4, #0]
1000548e:	9301      	str	r3, [sp, #4]
10005490:	3301      	adds	r3, #1
10005492:	9300      	str	r3, [sp, #0]
10005494:	2302      	movs	r3, #2
10005496:	4630      	mov	r0, r6
10005498:	461a      	mov	r2, r3
1000549a:	19e1      	adds	r1, r4, r7
1000549c:	f7ff fc4c 	bl	10004d38 <usbd_open_edpt_pair>
100054a0:	2800      	cmp	r0, #0
100054a2:	d0ba      	beq.n	1000541a <cdcd_open+0x1e>
100054a4:	350e      	adds	r5, #14
100054a6:	fa17 f585 	uxtah	r5, r7, r5
100054aa:	b2ad      	uxth	r5, r5
100054ac:	e7d9      	b.n	10005462 <cdcd_open+0x66>
100054ae:	bf00      	nop
100054b0:	200015a0 	.word	0x200015a0
100054b4:	200015a2 	.word	0x200015a2

100054b8 <cdcd_control_xfer_cb>:
100054b8:	7813      	ldrb	r3, [r2, #0]
100054ba:	f003 0360 	and.w	r3, r3, #96	@ 0x60
100054be:	2b20      	cmp	r3, #32
100054c0:	d108      	bne.n	100054d4 <cdcd_control_xfer_cb+0x1c>
100054c2:	b570      	push	{r4, r5, r6, lr}
100054c4:	4c26      	ldr	r4, [pc, #152]	@ (10005560 <cdcd_control_xfer_cb+0xa8>)
100054c6:	8893      	ldrh	r3, [r2, #4]
100054c8:	f894 c000 	ldrb.w	ip, [r4]
100054cc:	459c      	cmp	ip, r3
100054ce:	d003      	beq.n	100054d8 <cdcd_control_xfer_cb+0x20>
100054d0:	2000      	movs	r0, #0
100054d2:	bd70      	pop	{r4, r5, r6, pc}
100054d4:	2000      	movs	r0, #0
100054d6:	4770      	bx	lr
100054d8:	7853      	ldrb	r3, [r2, #1]
100054da:	3b20      	subs	r3, #32
100054dc:	2b03      	cmp	r3, #3
100054de:	d8f7      	bhi.n	100054d0 <cdcd_control_xfer_cb+0x18>
100054e0:	e8df f003 	tbb	[pc, r3]
100054e4:	020d2327 	.word	0x020d2327
100054e8:	2901      	cmp	r1, #1
100054ea:	d02e      	beq.n	1000554a <cdcd_control_xfer_cb+0x92>
100054ec:	2903      	cmp	r1, #3
100054ee:	d11e      	bne.n	1000552e <cdcd_control_xfer_cb+0x76>
100054f0:	4b1c      	ldr	r3, [pc, #112]	@ (10005564 <cdcd_control_xfer_cb+0xac>)
100054f2:	b1e3      	cbz	r3, 1000552e <cdcd_control_xfer_cb+0x76>
100054f4:	2000      	movs	r0, #0
100054f6:	8851      	ldrh	r1, [r2, #2]
100054f8:	f3af 8000 	nop.w
100054fc:	e017      	b.n	1000552e <cdcd_control_xfer_cb+0x76>
100054fe:	2901      	cmp	r1, #1
10005500:	d023      	beq.n	1000554a <cdcd_control_xfer_cb+0x92>
10005502:	2903      	cmp	r1, #3
10005504:	d113      	bne.n	1000552e <cdcd_control_xfer_cb+0x76>
10005506:	8855      	ldrh	r5, [r2, #2]
10005508:	4817      	ldr	r0, [pc, #92]	@ (10005568 <cdcd_control_xfer_cb+0xb0>)
1000550a:	f005 0601 	and.w	r6, r5, #1
1000550e:	f086 0101 	eor.w	r1, r6, #1
10005512:	7125      	strb	r5, [r4, #4]
10005514:	f000 fbac 	bl	10005c70 <tu_fifo_set_overwritable>
10005518:	4b14      	ldr	r3, [pc, #80]	@ (1000556c <cdcd_control_xfer_cb+0xb4>)
1000551a:	b143      	cbz	r3, 1000552e <cdcd_control_xfer_cb+0x76>
1000551c:	4631      	mov	r1, r6
1000551e:	2000      	movs	r0, #0
10005520:	f3c5 0240 	ubfx	r2, r5, #1, #1
10005524:	f3af 8000 	nop.w
10005528:	e001      	b.n	1000552e <cdcd_control_xfer_cb+0x76>
1000552a:	2901      	cmp	r1, #1
1000552c:	d011      	beq.n	10005552 <cdcd_control_xfer_cb+0x9a>
1000552e:	2001      	movs	r0, #1
10005530:	bd70      	pop	{r4, r5, r6, pc}
10005532:	2901      	cmp	r1, #1
10005534:	d00d      	beq.n	10005552 <cdcd_control_xfer_cb+0x9a>
10005536:	2903      	cmp	r1, #3
10005538:	d1f9      	bne.n	1000552e <cdcd_control_xfer_cb+0x76>
1000553a:	4b0d      	ldr	r3, [pc, #52]	@ (10005570 <cdcd_control_xfer_cb+0xb8>)
1000553c:	2b00      	cmp	r3, #0
1000553e:	d0f6      	beq.n	1000552e <cdcd_control_xfer_cb+0x76>
10005540:	2000      	movs	r0, #0
10005542:	490c      	ldr	r1, [pc, #48]	@ (10005574 <cdcd_control_xfer_cb+0xbc>)
10005544:	f7fe fdea 	bl	1000411c <tud_cdc_line_coding_cb>
10005548:	e7f1      	b.n	1000552e <cdcd_control_xfer_cb+0x76>
1000554a:	4611      	mov	r1, r2
1000554c:	f7ff fcc0 	bl	10004ed0 <tud_control_status>
10005550:	e7ed      	b.n	1000552e <cdcd_control_xfer_cb+0x76>
10005552:	4611      	mov	r1, r2
10005554:	2307      	movs	r3, #7
10005556:	4a07      	ldr	r2, [pc, #28]	@ (10005574 <cdcd_control_xfer_cb+0xbc>)
10005558:	f7ff fcd4 	bl	10004f04 <tud_control_xfer>
1000555c:	e7e7      	b.n	1000552e <cdcd_control_xfer_cb+0x76>
1000555e:	bf00      	nop
10005560:	200015a0 	.word	0x200015a0
10005564:	00000000 	.word	0x00000000
10005568:	200015c4 	.word	0x200015c4
1000556c:	00000000 	.word	0x00000000
10005570:	1000411d 	.word	0x1000411d
10005574:	200015a8 	.word	0x200015a8

10005578 <cdcd_xfer_cb>:
10005578:	e92d 47f0 	stmdb	sp!, {r4, r5, r6, r7, r8, r9, sl, lr}
1000557c:	4f36      	ldr	r7, [pc, #216]	@ (10005658 <cdcd_xfer_cb+0xe0>)
1000557e:	460c      	mov	r4, r1
10005580:	78fa      	ldrb	r2, [r7, #3]
10005582:	4606      	mov	r6, r0
10005584:	428a      	cmp	r2, r1
10005586:	461d      	mov	r5, r3
10005588:	f897 c002 	ldrb.w	ip, [r7, #2]
1000558c:	d03c      	beq.n	10005608 <cdcd_xfer_cb+0x90>
1000558e:	458c      	cmp	ip, r1
10005590:	d013      	beq.n	100055ba <cdcd_xfer_cb+0x42>
10005592:	f04f 23e0 	mov.w	r3, #3758153728	@ 0xe000e000
10005596:	f8d3 3df0 	ldr.w	r3, [r3, #3568]	@ 0xdf0
1000559a:	07db      	lsls	r3, r3, #31
1000559c:	d500      	bpl.n	100055a0 <cdcd_xfer_cb+0x28>
1000559e:	be00      	bkpt	0x0000
100055a0:	2000      	movs	r0, #0
100055a2:	e8bd 87f0 	ldmia.w	sp!, {r4, r5, r6, r7, r8, r9, sl, pc}
100055a6:	4b2d      	ldr	r3, [pc, #180]	@ (1000565c <cdcd_xfer_cb+0xe4>)
100055a8:	b123      	cbz	r3, 100055b4 <cdcd_xfer_cb+0x3c>
100055aa:	482d      	ldr	r0, [pc, #180]	@ (10005660 <cdcd_xfer_cb+0xe8>)
100055ac:	f000 f976 	bl	1000589c <tu_fifo_empty>
100055b0:	2800      	cmp	r0, #0
100055b2:	d04e      	beq.n	10005652 <cdcd_xfer_cb+0xda>
100055b4:	2000      	movs	r0, #0
100055b6:	f7ff fd97 	bl	100050e8 <_prep_out_transaction.isra.0>
100055ba:	78bb      	ldrb	r3, [r7, #2]
100055bc:	42a3      	cmp	r3, r4
100055be:	d002      	beq.n	100055c6 <cdcd_xfer_cb+0x4e>
100055c0:	2001      	movs	r0, #1
100055c2:	e8bd 87f0 	ldmia.w	sp!, {r4, r5, r6, r7, r8, r9, sl, pc}
100055c6:	4b27      	ldr	r3, [pc, #156]	@ (10005664 <cdcd_xfer_cb+0xec>)
100055c8:	b113      	cbz	r3, 100055d0 <cdcd_xfer_cb+0x58>
100055ca:	2000      	movs	r0, #0
100055cc:	f3af 8000 	nop.w
100055d0:	2000      	movs	r0, #0
100055d2:	f7ff fe2b 	bl	1000522c <tud_cdc_n_write_flush>
100055d6:	2800      	cmp	r0, #0
100055d8:	d1f2      	bne.n	100055c0 <cdcd_xfer_cb+0x48>
100055da:	4823      	ldr	r0, [pc, #140]	@ (10005668 <cdcd_xfer_cb+0xf0>)
100055dc:	f000 f94e 	bl	1000587c <tu_fifo_count>
100055e0:	2800      	cmp	r0, #0
100055e2:	d1ed      	bne.n	100055c0 <cdcd_xfer_cb+0x48>
100055e4:	2d00      	cmp	r5, #0
100055e6:	d0eb      	beq.n	100055c0 <cdcd_xfer_cb+0x48>
100055e8:	f015 053f 	ands.w	r5, r5, #63	@ 0x3f
100055ec:	d1e8      	bne.n	100055c0 <cdcd_xfer_cb+0x48>
100055ee:	4630      	mov	r0, r6
100055f0:	78b9      	ldrb	r1, [r7, #2]
100055f2:	f7ff fc11 	bl	10004e18 <usbd_edpt_claim>
100055f6:	2800      	cmp	r0, #0
100055f8:	d0e2      	beq.n	100055c0 <cdcd_xfer_cb+0x48>
100055fa:	462b      	mov	r3, r5
100055fc:	462a      	mov	r2, r5
100055fe:	4630      	mov	r0, r6
10005600:	78b9      	ldrb	r1, [r7, #2]
10005602:	f7ff fc2d 	bl	10004e60 <usbd_edpt_xfer>
10005606:	e7db      	b.n	100055c0 <cdcd_xfer_cb+0x48>
10005608:	f8df 8064 	ldr.w	r8, [pc, #100]	@ 10005670 <cdcd_xfer_cb+0xf8>
1000560c:	b29a      	uxth	r2, r3
1000560e:	4641      	mov	r1, r8
10005610:	f107 0010 	add.w	r0, r7, #16
10005614:	f000 fa64 	bl	10005ae0 <tu_fifo_write_n>
10005618:	4b14      	ldr	r3, [pc, #80]	@ (1000566c <cdcd_xfer_cb+0xf4>)
1000561a:	2b00      	cmp	r3, #0
1000561c:	d0c3      	beq.n	100055a6 <cdcd_xfer_cb+0x2e>
1000561e:	797b      	ldrb	r3, [r7, #5]
10005620:	2bff      	cmp	r3, #255	@ 0xff
10005622:	d0c0      	beq.n	100055a6 <cdcd_xfer_cb+0x2e>
10005624:	2d00      	cmp	r5, #0
10005626:	d0be      	beq.n	100055a6 <cdcd_xfer_cb+0x2e>
10005628:	f107 0910 	add.w	r9, r7, #16
1000562c:	eb08 0a05 	add.w	sl, r8, r5
10005630:	e002      	b.n	10005638 <cdcd_xfer_cb+0xc0>
10005632:	45c2      	cmp	sl, r8
10005634:	d0b7      	beq.n	100055a6 <cdcd_xfer_cb+0x2e>
10005636:	797b      	ldrb	r3, [r7, #5]
10005638:	f818 2b01 	ldrb.w	r2, [r8], #1
1000563c:	429a      	cmp	r2, r3
1000563e:	d1f8      	bne.n	10005632 <cdcd_xfer_cb+0xba>
10005640:	4648      	mov	r0, r9
10005642:	f000 f92b 	bl	1000589c <tu_fifo_empty>
10005646:	2800      	cmp	r0, #0
10005648:	d1f3      	bne.n	10005632 <cdcd_xfer_cb+0xba>
1000564a:	7979      	ldrb	r1, [r7, #5]
1000564c:	f3af 8000 	nop.w
10005650:	e7ef      	b.n	10005632 <cdcd_xfer_cb+0xba>
10005652:	f3af 8000 	nop.w
10005656:	e7ad      	b.n	100055b4 <cdcd_xfer_cb+0x3c>
10005658:	200015a0 	.word	0x200015a0
1000565c:	00000000 	.word	0x00000000
10005660:	200015b0 	.word	0x200015b0
10005664:	00000000 	.word	0x00000000
10005668:	200015c4 	.word	0x200015c4
1000566c:	00000000 	.word	0x00000000
10005670:	2000180c 	.word	0x2000180c

10005674 <tusb_rhport_init>:
10005674:	b510      	push	{r4, lr}
10005676:	b082      	sub	sp, #8
10005678:	b1b9      	cbz	r1, 100056aa <tusb_rhport_init+0x36>
1000567a:	2801      	cmp	r0, #1
1000567c:	d80c      	bhi.n	10005698 <tusb_rhport_init+0x24>
1000567e:	780b      	ldrb	r3, [r1, #0]
10005680:	b153      	cbz	r3, 10005698 <tusb_rhport_init+0x24>
10005682:	4c13      	ldr	r4, [pc, #76]	@ (100056d0 <tusb_rhport_init+0x5c>)
10005684:	2b01      	cmp	r3, #1
10005686:	5423      	strb	r3, [r4, r0]
10005688:	d002      	beq.n	10005690 <tusb_rhport_init+0x1c>
1000568a:	2001      	movs	r0, #1
1000568c:	b002      	add	sp, #8
1000568e:	bd10      	pop	{r4, pc}
10005690:	f7fe ff26 	bl	100044e0 <tud_rhport_init>
10005694:	2800      	cmp	r0, #0
10005696:	d1f8      	bne.n	1000568a <tusb_rhport_init+0x16>
10005698:	f04f 23e0 	mov.w	r3, #3758153728	@ 0xe000e000
1000569c:	f8d3 3df0 	ldr.w	r3, [r3, #3568]	@ 0xdf0
100056a0:	07db      	lsls	r3, r3, #31
100056a2:	d500      	bpl.n	100056a6 <tusb_rhport_init+0x32>
100056a4:	be00      	bkpt	0x0000
100056a6:	2000      	movs	r0, #0
100056a8:	e7f0      	b.n	1000568c <tusb_rhport_init+0x18>
100056aa:	2401      	movs	r4, #1
100056ac:	4608      	mov	r0, r1
100056ae:	a901      	add	r1, sp, #4
100056b0:	f8ad 4004 	strh.w	r4, [sp, #4]
100056b4:	f7fe ff14 	bl	100044e0 <tud_rhport_init>
100056b8:	b938      	cbnz	r0, 100056ca <tusb_rhport_init+0x56>
100056ba:	f04f 23e0 	mov.w	r3, #3758153728	@ 0xe000e000
100056be:	f8d3 3df0 	ldr.w	r3, [r3, #3568]	@ 0xdf0
100056c2:	07da      	lsls	r2, r3, #31
100056c4:	d5e2      	bpl.n	1000568c <tusb_rhport_init+0x18>
100056c6:	be00      	bkpt	0x0000
100056c8:	e7e0      	b.n	1000568c <tusb_rhport_init+0x18>
100056ca:	4b01      	ldr	r3, [pc, #4]	@ (100056d0 <tusb_rhport_init+0x5c>)
100056cc:	701c      	strb	r4, [r3, #0]
100056ce:	e7dd      	b.n	1000568c <tusb_rhport_init+0x18>
100056d0:	20001904 	.word	0x20001904

100056d4 <tu_edpt_claim>:
100056d4:	b5f8      	push	{r3, r4, r5, r6, r7, lr}
100056d6:	7803      	ldrb	r3, [r0, #0]
100056d8:	f013 0401 	ands.w	r4, r3, #1
100056dc:	d11a      	bne.n	10005714 <tu_edpt_claim+0x40>
100056de:	7803      	ldrb	r3, [r0, #0]
100056e0:	4605      	mov	r5, r0
100056e2:	075a      	lsls	r2, r3, #29
100056e4:	f3c3 0780 	ubfx	r7, r3, #2, #1
100056e8:	d501      	bpl.n	100056ee <tu_edpt_claim+0x1a>
100056ea:	4620      	mov	r0, r4
100056ec:	bdf8      	pop	{r3, r4, r5, r6, r7, pc}
100056ee:	460e      	mov	r6, r1
100056f0:	f04f 31ff 	mov.w	r1, #4294967295	@ 0xffffffff
100056f4:	4630      	mov	r0, r6
100056f6:	f000 fbef 	bl	10005ed8 <__mutex_enter_timeout_ms_veneer>
100056fa:	782b      	ldrb	r3, [r5, #0]
100056fc:	f013 0401 	ands.w	r4, r3, #1
10005700:	d10b      	bne.n	1000571a <tu_edpt_claim+0x46>
10005702:	782b      	ldrb	r3, [r5, #0]
10005704:	075b      	lsls	r3, r3, #29
10005706:	d409      	bmi.n	1000571c <tu_edpt_claim+0x48>
10005708:	782b      	ldrb	r3, [r5, #0]
1000570a:	2401      	movs	r4, #1
1000570c:	f043 0304 	orr.w	r3, r3, #4
10005710:	702b      	strb	r3, [r5, #0]
10005712:	e003      	b.n	1000571c <tu_edpt_claim+0x48>
10005714:	2400      	movs	r4, #0
10005716:	4620      	mov	r0, r4
10005718:	bdf8      	pop	{r3, r4, r5, r6, r7, pc}
1000571a:	463c      	mov	r4, r7
1000571c:	4630      	mov	r0, r6
1000571e:	f000 fbdf 	bl	10005ee0 <__mutex_exit_veneer>
10005722:	4620      	mov	r0, r4
10005724:	bdf8      	pop	{r3, r4, r5, r6, r7, pc}
10005726:	bf00      	nop

10005728 <tu_edpt_release>:
10005728:	b570      	push	{r4, r5, r6, lr}
1000572a:	460c      	mov	r4, r1
1000572c:	4605      	mov	r5, r0
1000572e:	f04f 31ff 	mov.w	r1, #4294967295	@ 0xffffffff
10005732:	4620      	mov	r0, r4
10005734:	f000 fbd0 	bl	10005ed8 <__mutex_enter_timeout_ms_veneer>
10005738:	782b      	ldrb	r3, [r5, #0]
1000573a:	f3c3 0680 	ubfx	r6, r3, #2, #1
1000573e:	075b      	lsls	r3, r3, #29
10005740:	d508      	bpl.n	10005754 <tu_edpt_release+0x2c>
10005742:	782b      	ldrb	r3, [r5, #0]
10005744:	f013 0301 	ands.w	r3, r3, #1
10005748:	bf11      	iteee	ne
1000574a:	2600      	movne	r6, #0
1000574c:	782a      	ldrbeq	r2, [r5, #0]
1000574e:	f363 0282 	bfieq	r2, r3, #2, #1
10005752:	702a      	strbeq	r2, [r5, #0]
10005754:	4620      	mov	r0, r4
10005756:	f000 fbc3 	bl	10005ee0 <__mutex_exit_veneer>
1000575a:	4630      	mov	r0, r6
1000575c:	bd70      	pop	{r4, r5, r6, pc}
1000575e:	bf00      	nop

10005760 <tu_edpt_validate>:
10005760:	78c3      	ldrb	r3, [r0, #3]
10005762:	8882      	ldrh	r2, [r0, #4]
10005764:	f003 0003 	and.w	r0, r3, #3
10005768:	2802      	cmp	r0, #2
1000576a:	f3c2 020a 	ubfx	r2, r2, #0, #11
1000576e:	d01f      	beq.n	100057b0 <tu_edpt_validate+0x50>
10005770:	2803      	cmp	r0, #3
10005772:	d003      	beq.n	1000577c <tu_edpt_validate+0x1c>
10005774:	2801      	cmp	r0, #1
10005776:	d00a      	beq.n	1000578e <tu_edpt_validate+0x2e>
10005778:	2000      	movs	r0, #0
1000577a:	4770      	bx	lr
1000577c:	2902      	cmp	r1, #2
1000577e:	bf14      	ite	ne
10005780:	2340      	movne	r3, #64	@ 0x40
10005782:	f44f 6380 	moveq.w	r3, #1024	@ 0x400
10005786:	4293      	cmp	r3, r2
10005788:	d309      	bcc.n	1000579e <tu_edpt_validate+0x3e>
1000578a:	2001      	movs	r0, #1
1000578c:	4770      	bx	lr
1000578e:	2902      	cmp	r1, #2
10005790:	f240 33ff 	movw	r3, #1023	@ 0x3ff
10005794:	bf08      	it	eq
10005796:	f44f 6380 	moveq.w	r3, #1024	@ 0x400
1000579a:	4293      	cmp	r3, r2
1000579c:	d2f6      	bcs.n	1000578c <tu_edpt_validate+0x2c>
1000579e:	f04f 23e0 	mov.w	r3, #3758153728	@ 0xe000e000
100057a2:	f8d3 3df0 	ldr.w	r3, [r3, #3568]	@ 0xdf0
100057a6:	07db      	lsls	r3, r3, #31
100057a8:	d5e6      	bpl.n	10005778 <tu_edpt_validate+0x18>
100057aa:	be00      	bkpt	0x0000
100057ac:	2000      	movs	r0, #0
100057ae:	4770      	bx	lr
100057b0:	2902      	cmp	r1, #2
100057b2:	d002      	beq.n	100057ba <tu_edpt_validate+0x5a>
100057b4:	2a40      	cmp	r2, #64	@ 0x40
100057b6:	d9e8      	bls.n	1000578a <tu_edpt_validate+0x2a>
100057b8:	e7f1      	b.n	1000579e <tu_edpt_validate+0x3e>
100057ba:	f5b2 7f00 	cmp.w	r2, #512	@ 0x200
100057be:	d0e4      	beq.n	1000578a <tu_edpt_validate+0x2a>
100057c0:	e7ed      	b.n	1000579e <tu_edpt_validate+0x3e>
100057c2:	bf00      	nop

100057c4 <tu_edpt_bind_driver>:
100057c4:	440a      	add	r2, r1
100057c6:	4291      	cmp	r1, r2
100057c8:	d226      	bcs.n	10005818 <tu_edpt_bind_driver+0x54>
100057ca:	f891 c001 	ldrb.w	ip, [r1, #1]
100057ce:	f1bc 0f05 	cmp.w	ip, #5
100057d2:	d005      	beq.n	100057e0 <tu_edpt_bind_driver+0x1c>
100057d4:	f891 c000 	ldrb.w	ip, [r1]
100057d8:	4461      	add	r1, ip
100057da:	428a      	cmp	r2, r1
100057dc:	d8f5      	bhi.n	100057ca <tu_edpt_bind_driver+0x6>
100057de:	4770      	bx	lr
100057e0:	b500      	push	{lr}
100057e2:	f891 c002 	ldrb.w	ip, [r1, #2]
100057e6:	f00c 0e7f 	and.w	lr, ip, #127	@ 0x7f
100057ea:	eb00 0e4e 	add.w	lr, r0, lr, lsl #1
100057ee:	ea4f 1cdc 	mov.w	ip, ip, lsr #7
100057f2:	f80e 300c 	strb.w	r3, [lr, ip]
100057f6:	f891 c000 	ldrb.w	ip, [r1]
100057fa:	4461      	add	r1, ip
100057fc:	428a      	cmp	r2, r1
100057fe:	d909      	bls.n	10005814 <tu_edpt_bind_driver+0x50>
10005800:	f891 c001 	ldrb.w	ip, [r1, #1]
10005804:	f1bc 0f05 	cmp.w	ip, #5
10005808:	d0eb      	beq.n	100057e2 <tu_edpt_bind_driver+0x1e>
1000580a:	f891 c000 	ldrb.w	ip, [r1]
1000580e:	4461      	add	r1, ip
10005810:	428a      	cmp	r2, r1
10005812:	d8f5      	bhi.n	10005800 <tu_edpt_bind_driver+0x3c>
10005814:	f85d fb04 	ldr.w	pc, [sp], #4
10005818:	4770      	bx	lr
1000581a:	bf00      	nop

1000581c <tu_fifo_config>:
1000581c:	e92d 41f0 	stmdb	sp!, {r4, r5, r6, r7, r8, lr}
10005820:	f5b2 4f00 	cmp.w	r2, #32768	@ 0x8000
10005824:	f89d 8018 	ldrb.w	r8, [sp, #24]
10005828:	d824      	bhi.n	10005874 <tu_fifo_config+0x58>
1000582a:	4604      	mov	r4, r0
1000582c:	68c0      	ldr	r0, [r0, #12]
1000582e:	4617      	mov	r7, r2
10005830:	460e      	mov	r6, r1
10005832:	461d      	mov	r5, r3
10005834:	b118      	cbz	r0, 1000583e <tu_fifo_config+0x22>
10005836:	f04f 31ff 	mov.w	r1, #4294967295	@ 0xffffffff
1000583a:	f000 fb4d 	bl	10005ed8 <__mutex_enter_timeout_ms_veneer>
1000583e:	6920      	ldr	r0, [r4, #16]
10005840:	b118      	cbz	r0, 1000584a <tu_fifo_config+0x2e>
10005842:	f04f 31ff 	mov.w	r1, #4294967295	@ 0xffffffff
10005846:	f000 fb47 	bl	10005ed8 <__mutex_enter_timeout_ms_veneer>
1000584a:	2200      	movs	r2, #0
1000584c:	f3c5 030e 	ubfx	r3, r5, #0, #15
10005850:	68e0      	ldr	r0, [r4, #12]
10005852:	ea43 33c8 	orr.w	r3, r3, r8, lsl #15
10005856:	8162      	strh	r2, [r4, #10]
10005858:	6026      	str	r6, [r4, #0]
1000585a:	80a7      	strh	r7, [r4, #4]
1000585c:	80e3      	strh	r3, [r4, #6]
1000585e:	8122      	strh	r2, [r4, #8]
10005860:	b108      	cbz	r0, 10005866 <tu_fifo_config+0x4a>
10005862:	f000 fb3d 	bl	10005ee0 <__mutex_exit_veneer>
10005866:	6920      	ldr	r0, [r4, #16]
10005868:	b108      	cbz	r0, 1000586e <tu_fifo_config+0x52>
1000586a:	f000 fb39 	bl	10005ee0 <__mutex_exit_veneer>
1000586e:	2001      	movs	r0, #1
10005870:	e8bd 81f0 	ldmia.w	sp!, {r4, r5, r6, r7, r8, pc}
10005874:	2000      	movs	r0, #0
10005876:	e8bd 81f0 	ldmia.w	sp!, {r4, r5, r6, r7, r8, pc}
1000587a:	bf00      	nop

1000587c <tu_fifo_count>:
1000587c:	8903      	ldrh	r3, [r0, #8]
1000587e:	8942      	ldrh	r2, [r0, #10]
10005880:	b29b      	uxth	r3, r3
10005882:	b292      	uxth	r2, r2
10005884:	8880      	ldrh	r0, [r0, #4]
10005886:	4293      	cmp	r3, r2
10005888:	bf36      	itet	cc
1000588a:	ebc2 0240 	rsbcc	r2, r2, r0, lsl #1
1000588e:	1a9b      	subcs	r3, r3, r2
10005890:	189b      	addcc	r3, r3, r2
10005892:	b29b      	uxth	r3, r3
10005894:	4298      	cmp	r0, r3
10005896:	bf28      	it	cs
10005898:	4618      	movcs	r0, r3
1000589a:	4770      	bx	lr

1000589c <tu_fifo_empty>:
1000589c:	8902      	ldrh	r2, [r0, #8]
1000589e:	8943      	ldrh	r3, [r0, #10]
100058a0:	b290      	uxth	r0, r2
100058a2:	b29b      	uxth	r3, r3
100058a4:	1ac0      	subs	r0, r0, r3
100058a6:	fab0 f080 	clz	r0, r0
100058aa:	0940      	lsrs	r0, r0, #5
100058ac:	4770      	bx	lr
100058ae:	bf00      	nop

100058b0 <tu_fifo_remaining>:
100058b0:	8903      	ldrh	r3, [r0, #8]
100058b2:	8942      	ldrh	r2, [r0, #10]
100058b4:	b29b      	uxth	r3, r3
100058b6:	8880      	ldrh	r0, [r0, #4]
100058b8:	b292      	uxth	r2, r2
100058ba:	4293      	cmp	r3, r2
100058bc:	bf36      	itet	cc
100058be:	ebc2 0240 	rsbcc	r2, r2, r0, lsl #1
100058c2:	1a9b      	subcs	r3, r3, r2
100058c4:	189b      	addcc	r3, r3, r2
100058c6:	b29b      	uxth	r3, r3
100058c8:	4298      	cmp	r0, r3
100058ca:	bf86      	itte	hi
100058cc:	1ac0      	subhi	r0, r0, r3
100058ce:	b280      	uxthhi	r0, r0
100058d0:	2000      	movls	r0, #0
100058d2:	4770      	bx	lr

100058d4 <tu_fifo_read>:
100058d4:	b538      	push	{r3, r4, r5, lr}
100058d6:	4604      	mov	r4, r0
100058d8:	6900      	ldr	r0, [r0, #16]
100058da:	460d      	mov	r5, r1
100058dc:	b118      	cbz	r0, 100058e6 <tu_fifo_read+0x12>
100058de:	f04f 31ff 	mov.w	r1, #4294967295	@ 0xffffffff
100058e2:	f000 faf9 	bl	10005ed8 <__mutex_enter_timeout_ms_veneer>
100058e6:	8921      	ldrh	r1, [r4, #8]
100058e8:	8963      	ldrh	r3, [r4, #10]
100058ea:	b289      	uxth	r1, r1
100058ec:	b29b      	uxth	r3, r3
100058ee:	88a2      	ldrh	r2, [r4, #4]
100058f0:	4299      	cmp	r1, r3
100058f2:	bf36      	itet	cc
100058f4:	ebc3 0042 	rsbcc	r0, r3, r2, lsl #1
100058f8:	1ac8      	subcs	r0, r1, r3
100058fa:	1840      	addcc	r0, r0, r1
100058fc:	b280      	uxth	r0, r0
100058fe:	b350      	cbz	r0, 10005956 <tu_fifo_read+0x82>
10005900:	4282      	cmp	r2, r0
10005902:	d209      	bcs.n	10005918 <tu_fifo_read+0x44>
10005904:	4291      	cmp	r1, r2
10005906:	bf2c      	ite	cs
10005908:	1a89      	subcs	r1, r1, r2
1000590a:	1889      	addcc	r1, r1, r2
1000590c:	b28b      	uxth	r3, r1
1000590e:	429a      	cmp	r2, r3
10005910:	8163      	strh	r3, [r4, #10]
10005912:	d803      	bhi.n	1000591c <tu_fifo_read+0x48>
10005914:	1a9b      	subs	r3, r3, r2
10005916:	b29b      	uxth	r3, r3
10005918:	429a      	cmp	r2, r3
1000591a:	d9fb      	bls.n	10005914 <tu_fifo_read+0x40>
1000591c:	88e2      	ldrh	r2, [r4, #6]
1000591e:	6821      	ldr	r1, [r4, #0]
10005920:	f3c2 020e 	ubfx	r2, r2, #0, #15
10005924:	fb02 1103 	mla	r1, r2, r3, r1
10005928:	4628      	mov	r0, r5
1000592a:	f000 fa11 	bl	10005d50 <memcpy>
1000592e:	8961      	ldrh	r1, [r4, #10]
10005930:	2501      	movs	r5, #1
10005932:	b289      	uxth	r1, r1
10005934:	1c4b      	adds	r3, r1, #1
10005936:	b29b      	uxth	r3, r3
10005938:	4299      	cmp	r1, r3
1000593a:	88a2      	ldrh	r2, [r4, #4]
1000593c:	d90e      	bls.n	1000595c <tu_fifo_read+0x88>
1000593e:	2300      	movs	r3, #0
10005940:	fa02 f105 	lsl.w	r1, r2, r5
10005944:	1a5b      	subs	r3, r3, r1
10005946:	b29b      	uxth	r3, r3
10005948:	6920      	ldr	r0, [r4, #16]
1000594a:	8163      	strh	r3, [r4, #10]
1000594c:	b108      	cbz	r0, 10005952 <tu_fifo_read+0x7e>
1000594e:	f000 fac7 	bl	10005ee0 <__mutex_exit_veneer>
10005952:	4628      	mov	r0, r5
10005954:	bd38      	pop	{r3, r4, r5, pc}
10005956:	4605      	mov	r5, r0
10005958:	8963      	ldrh	r3, [r4, #10]
1000595a:	b29b      	uxth	r3, r3
1000595c:	ebb3 0f42 	cmp.w	r3, r2, lsl #1
10005960:	ea4f 0142 	mov.w	r1, r2, lsl #1
10005964:	dbf0      	blt.n	10005948 <tu_fifo_read+0x74>
10005966:	e7ed      	b.n	10005944 <tu_fifo_read+0x70>

10005968 <tu_fifo_read_n>:
10005968:	e92d 47f0 	stmdb	sp!, {r4, r5, r6, r7, r8, r9, sl, lr}
1000596c:	4606      	mov	r6, r0
1000596e:	6900      	ldr	r0, [r0, #16]
10005970:	4688      	mov	r8, r1
10005972:	4691      	mov	r9, r2
10005974:	b118      	cbz	r0, 1000597e <tu_fifo_read_n+0x16>
10005976:	f04f 31ff 	mov.w	r1, #4294967295	@ 0xffffffff
1000597a:	f000 faad 	bl	10005ed8 <__mutex_enter_timeout_ms_veneer>
1000597e:	8933      	ldrh	r3, [r6, #8]
10005980:	8974      	ldrh	r4, [r6, #10]
10005982:	b29b      	uxth	r3, r3
10005984:	b2a4      	uxth	r4, r4
10005986:	88b5      	ldrh	r5, [r6, #4]
10005988:	42a3      	cmp	r3, r4
1000598a:	bf36      	itet	cc
1000598c:	ebc4 0745 	rsbcc	r7, r4, r5, lsl #1
10005990:	1b1f      	subcs	r7, r3, r4
10005992:	18ff      	addcc	r7, r7, r3
10005994:	b2bf      	uxth	r7, r7
10005996:	2f00      	cmp	r7, #0
10005998:	d04a      	beq.n	10005a30 <tu_fifo_read_n+0xc8>
1000599a:	42bd      	cmp	r5, r7
1000599c:	d340      	bcc.n	10005a20 <tu_fifo_read_n+0xb8>
1000599e:	45b9      	cmp	r9, r7
100059a0:	bf28      	it	cs
100059a2:	46b9      	movcs	r9, r7
100059a4:	42a5      	cmp	r5, r4
100059a6:	fa1f f789 	uxth.w	r7, r9
100059aa:	d803      	bhi.n	100059b4 <tu_fifo_read_n+0x4c>
100059ac:	1b64      	subs	r4, r4, r5
100059ae:	b2a4      	uxth	r4, r4
100059b0:	42a5      	cmp	r5, r4
100059b2:	d9fb      	bls.n	100059ac <tu_fifo_read_n+0x44>
100059b4:	f8b6 a006 	ldrh.w	sl, [r6, #6]
100059b8:	1b2b      	subs	r3, r5, r4
100059ba:	6831      	ldr	r1, [r6, #0]
100059bc:	b29b      	uxth	r3, r3
100059be:	f3ca 020e 	ubfx	r2, sl, #0, #15
100059c2:	429f      	cmp	r7, r3
100059c4:	4692      	mov	sl, r2
100059c6:	fb02 1104 	mla	r1, r2, r4, r1
100059ca:	d923      	bls.n	10005a14 <tu_fifo_read_n+0xac>
100059cc:	fb13 f302 	smulbb	r3, r3, r2
100059d0:	fa1f f983 	uxth.w	r9, r3
100059d4:	464a      	mov	r2, r9
100059d6:	4640      	mov	r0, r8
100059d8:	1b7d      	subs	r5, r7, r5
100059da:	f000 f9b9 	bl	10005d50 <memcpy>
100059de:	1962      	adds	r2, r4, r5
100059e0:	fb12 f20a 	smulbb	r2, r2, sl
100059e4:	6831      	ldr	r1, [r6, #0]
100059e6:	eb08 0009 	add.w	r0, r8, r9
100059ea:	b292      	uxth	r2, r2
100059ec:	f000 f9b0 	bl	10005d50 <memcpy>
100059f0:	8972      	ldrh	r2, [r6, #10]
100059f2:	88b5      	ldrh	r5, [r6, #4]
100059f4:	b292      	uxth	r2, r2
100059f6:	19d3      	adds	r3, r2, r7
100059f8:	b29b      	uxth	r3, r3
100059fa:	429a      	cmp	r2, r3
100059fc:	d91a      	bls.n	10005a34 <tu_fifo_read_n+0xcc>
100059fe:	006a      	lsls	r2, r5, #1
10005a00:	1a9b      	subs	r3, r3, r2
10005a02:	b29b      	uxth	r3, r3
10005a04:	6930      	ldr	r0, [r6, #16]
10005a06:	8173      	strh	r3, [r6, #10]
10005a08:	b108      	cbz	r0, 10005a0e <tu_fifo_read_n+0xa6>
10005a0a:	f000 fa69 	bl	10005ee0 <__mutex_exit_veneer>
10005a0e:	4638      	mov	r0, r7
10005a10:	e8bd 87f0 	ldmia.w	sp!, {r4, r5, r6, r7, r8, r9, sl, pc}
10005a14:	4640      	mov	r0, r8
10005a16:	fb07 f202 	mul.w	r2, r7, r2
10005a1a:	f000 f999 	bl	10005d50 <memcpy>
10005a1e:	e7e7      	b.n	100059f0 <tu_fifo_read_n+0x88>
10005a20:	42ab      	cmp	r3, r5
10005a22:	bf2c      	ite	cs
10005a24:	1b5b      	subcs	r3, r3, r5
10005a26:	195b      	addcc	r3, r3, r5
10005a28:	b29c      	uxth	r4, r3
10005a2a:	462f      	mov	r7, r5
10005a2c:	8174      	strh	r4, [r6, #10]
10005a2e:	e7b6      	b.n	1000599e <tu_fifo_read_n+0x36>
10005a30:	8973      	ldrh	r3, [r6, #10]
10005a32:	b29b      	uxth	r3, r3
10005a34:	ebb3 0f45 	cmp.w	r3, r5, lsl #1
10005a38:	ea4f 0245 	mov.w	r2, r5, lsl #1
10005a3c:	dbe2      	blt.n	10005a04 <tu_fifo_read_n+0x9c>
10005a3e:	e7df      	b.n	10005a00 <tu_fifo_read_n+0x98>

10005a40 <tu_fifo_write>:
10005a40:	b5f8      	push	{r3, r4, r5, r6, r7, lr}
10005a42:	4604      	mov	r4, r0
10005a44:	68c0      	ldr	r0, [r0, #12]
10005a46:	460e      	mov	r6, r1
10005a48:	b118      	cbz	r0, 10005a52 <tu_fifo_write+0x12>
10005a4a:	f04f 31ff 	mov.w	r1, #4294967295	@ 0xffffffff
10005a4e:	f000 fa43 	bl	10005ed8 <__mutex_enter_timeout_ms_veneer>
10005a52:	8925      	ldrh	r5, [r4, #8]
10005a54:	8923      	ldrh	r3, [r4, #8]
10005a56:	8961      	ldrh	r1, [r4, #10]
10005a58:	b29b      	uxth	r3, r3
10005a5a:	b289      	uxth	r1, r1
10005a5c:	88a2      	ldrh	r2, [r4, #4]
10005a5e:	428b      	cmp	r3, r1
10005a60:	bf36      	itet	cc
10005a62:	ebc1 0142 	rsbcc	r1, r1, r2, lsl #1
10005a66:	1a5b      	subcs	r3, r3, r1
10005a68:	185b      	addcc	r3, r3, r1
10005a6a:	b29b      	uxth	r3, r3
10005a6c:	429a      	cmp	r2, r3
10005a6e:	b2ad      	uxth	r5, r5
10005a70:	d808      	bhi.n	10005a84 <tu_fifo_write+0x44>
10005a72:	79e7      	ldrb	r7, [r4, #7]
10005a74:	09ff      	lsrs	r7, r7, #7
10005a76:	d105      	bne.n	10005a84 <tu_fifo_write+0x44>
10005a78:	68e0      	ldr	r0, [r4, #12]
10005a7a:	b108      	cbz	r0, 10005a80 <tu_fifo_write+0x40>
10005a7c:	f000 fa30 	bl	10005ee0 <__mutex_exit_veneer>
10005a80:	4638      	mov	r0, r7
10005a82:	bdf8      	pop	{r3, r4, r5, r6, r7, pc}
10005a84:	4295      	cmp	r5, r2
10005a86:	d319      	bcc.n	10005abc <tu_fifo_write+0x7c>
10005a88:	462b      	mov	r3, r5
10005a8a:	1a9b      	subs	r3, r3, r2
10005a8c:	b29b      	uxth	r3, r3
10005a8e:	4293      	cmp	r3, r2
10005a90:	d2fb      	bcs.n	10005a8a <tu_fifo_write+0x4a>
10005a92:	88e2      	ldrh	r2, [r4, #6]
10005a94:	6820      	ldr	r0, [r4, #0]
10005a96:	f3c2 020e 	ubfx	r2, r2, #0, #15
10005a9a:	fb02 0003 	mla	r0, r2, r3, r0
10005a9e:	4631      	mov	r1, r6
10005aa0:	f000 f956 	bl	10005d50 <memcpy>
10005aa4:	1c6b      	adds	r3, r5, #1
10005aa6:	b29b      	uxth	r3, r3
10005aa8:	429d      	cmp	r5, r3
10005aaa:	88a2      	ldrh	r2, [r4, #4]
10005aac:	d912      	bls.n	10005ad4 <tu_fifo_write+0x94>
10005aae:	2300      	movs	r3, #0
10005ab0:	0051      	lsls	r1, r2, #1
10005ab2:	1a5b      	subs	r3, r3, r1
10005ab4:	b29b      	uxth	r3, r3
10005ab6:	2701      	movs	r7, #1
10005ab8:	8123      	strh	r3, [r4, #8]
10005aba:	e7dd      	b.n	10005a78 <tu_fifo_write+0x38>
10005abc:	88e2      	ldrh	r2, [r4, #6]
10005abe:	6820      	ldr	r0, [r4, #0]
10005ac0:	f3c2 020e 	ubfx	r2, r2, #0, #15
10005ac4:	fb05 0002 	mla	r0, r5, r2, r0
10005ac8:	4631      	mov	r1, r6
10005aca:	f000 f941 	bl	10005d50 <memcpy>
10005ace:	3501      	adds	r5, #1
10005ad0:	88a2      	ldrh	r2, [r4, #4]
10005ad2:	b2ab      	uxth	r3, r5
10005ad4:	ebb3 0f42 	cmp.w	r3, r2, lsl #1
10005ad8:	ea4f 0142 	mov.w	r1, r2, lsl #1
10005adc:	dbeb      	blt.n	10005ab6 <tu_fifo_write+0x76>
10005ade:	e7e8      	b.n	10005ab2 <tu_fifo_write+0x72>

10005ae0 <tu_fifo_write_n>:
10005ae0:	e92d 4ff0 	stmdb	sp!, {r4, r5, r6, r7, r8, r9, sl, fp, lr}
10005ae4:	4616      	mov	r6, r2
10005ae6:	b083      	sub	sp, #12
10005ae8:	2a00      	cmp	r2, #0
10005aea:	d04c      	beq.n	10005b86 <tu_fifo_write_n+0xa6>
10005aec:	4605      	mov	r5, r0
10005aee:	68c0      	ldr	r0, [r0, #12]
10005af0:	4688      	mov	r8, r1
10005af2:	b118      	cbz	r0, 10005afc <tu_fifo_write_n+0x1c>
10005af4:	f04f 31ff 	mov.w	r1, #4294967295	@ 0xffffffff
10005af8:	f000 f9ee 	bl	10005ed8 <__mutex_enter_timeout_ms_veneer>
10005afc:	79ea      	ldrb	r2, [r5, #7]
10005afe:	892f      	ldrh	r7, [r5, #8]
10005b00:	8969      	ldrh	r1, [r5, #10]
10005b02:	09d2      	lsrs	r2, r2, #7
10005b04:	88ab      	ldrh	r3, [r5, #4]
10005b06:	b2bf      	uxth	r7, r7
10005b08:	b289      	uxth	r1, r1
10005b0a:	d140      	bne.n	10005b8e <tu_fifo_write_n+0xae>
10005b0c:	428f      	cmp	r7, r1
10005b0e:	bf36      	itet	cc
10005b10:	ebc1 0143 	rsbcc	r1, r1, r3, lsl #1
10005b14:	1a79      	subcs	r1, r7, r1
10005b16:	19c9      	addcc	r1, r1, r7
10005b18:	b289      	uxth	r1, r1
10005b1a:	4299      	cmp	r1, r3
10005b1c:	d241      	bcs.n	10005ba2 <tu_fifo_write_n+0xc2>
10005b1e:	1a59      	subs	r1, r3, r1
10005b20:	b289      	uxth	r1, r1
10005b22:	428e      	cmp	r6, r1
10005b24:	bf28      	it	cs
10005b26:	460e      	movcs	r6, r1
10005b28:	f8b5 a006 	ldrh.w	sl, [r5, #6]
10005b2c:	eb07 0906 	add.w	r9, r7, r6
10005b30:	eba6 0b03 	sub.w	fp, r6, r3
10005b34:	f3ca 0a0e 	ubfx	sl, sl, #0, #15
10005b38:	fa1f f989 	uxth.w	r9, r9
10005b3c:	fa1f fb8b 	uxth.w	fp, fp
10005b40:	429f      	cmp	r7, r3
10005b42:	463c      	mov	r4, r7
10005b44:	d303      	bcc.n	10005b4e <tu_fifo_write_n+0x6e>
10005b46:	1ae4      	subs	r4, r4, r3
10005b48:	b2a4      	uxth	r4, r4
10005b4a:	429c      	cmp	r4, r3
10005b4c:	d2fb      	bcs.n	10005b46 <tu_fifo_write_n+0x66>
10005b4e:	1b1b      	subs	r3, r3, r4
10005b50:	6828      	ldr	r0, [r5, #0]
10005b52:	b29b      	uxth	r3, r3
10005b54:	42b3      	cmp	r3, r6
10005b56:	fb0a 0004 	mla	r0, sl, r4, r0
10005b5a:	d34b      	bcc.n	10005bf4 <tu_fifo_write_n+0x114>
10005b5c:	4641      	mov	r1, r8
10005b5e:	fb0a f206 	mul.w	r2, sl, r6
10005b62:	f000 f8f5 	bl	10005d50 <memcpy>
10005b66:	88aa      	ldrh	r2, [r5, #4]
10005b68:	454f      	cmp	r7, r9
10005b6a:	ea4f 0342 	mov.w	r3, r2, lsl #1
10005b6e:	d802      	bhi.n	10005b76 <tu_fifo_write_n+0x96>
10005b70:	ebb9 0f42 	cmp.w	r9, r2, lsl #1
10005b74:	db03      	blt.n	10005b7e <tu_fifo_write_n+0x9e>
10005b76:	eba9 0303 	sub.w	r3, r9, r3
10005b7a:	fa1f f983 	uxth.w	r9, r3
10005b7e:	68e8      	ldr	r0, [r5, #12]
10005b80:	f8a5 9008 	strh.w	r9, [r5, #8]
10005b84:	b988      	cbnz	r0, 10005baa <tu_fifo_write_n+0xca>
10005b86:	4630      	mov	r0, r6
10005b88:	b003      	add	sp, #12
10005b8a:	e8bd 8ff0 	ldmia.w	sp!, {r4, r5, r6, r7, r8, r9, sl, fp, pc}
10005b8e:	f8b5 a006 	ldrh.w	sl, [r5, #6]
10005b92:	429e      	cmp	r6, r3
10005b94:	f3ca 0a0e 	ubfx	sl, sl, #0, #15
10005b98:	d30d      	bcc.n	10005bb6 <tu_fifo_write_n+0xd6>
10005b9a:	2b00      	cmp	r3, #0
10005b9c:	d13f      	bne.n	10005c1e <tu_fifo_write_n+0x13e>
10005b9e:	461e      	mov	r6, r3
10005ba0:	e000      	b.n	10005ba4 <tu_fifo_write_n+0xc4>
10005ba2:	2600      	movs	r6, #0
10005ba4:	68e8      	ldr	r0, [r5, #12]
10005ba6:	2800      	cmp	r0, #0
10005ba8:	d0ed      	beq.n	10005b86 <tu_fifo_write_n+0xa6>
10005baa:	f000 f999 	bl	10005ee0 <__mutex_exit_veneer>
10005bae:	4630      	mov	r0, r6
10005bb0:	b003      	add	sp, #12
10005bb2:	e8bd 8ff0 	ldmia.w	sp!, {r4, r5, r6, r7, r8, r9, sl, fp, pc}
10005bb6:	428f      	cmp	r7, r1
10005bb8:	bf36      	itet	cc
10005bba:	ebc1 0243 	rsbcc	r2, r1, r3, lsl #1
10005bbe:	1a7a      	subcs	r2, r7, r1
10005bc0:	19d2      	addcc	r2, r2, r7
10005bc2:	b292      	uxth	r2, r2
10005bc4:	0058      	lsls	r0, r3, #1
10005bc6:	4432      	add	r2, r6
10005bc8:	eba6 0b03 	sub.w	fp, r6, r3
10005bcc:	4282      	cmp	r2, r0
10005bce:	fa1f fb8b 	uxth.w	fp, fp
10005bd2:	db0a      	blt.n	10005bea <tu_fifo_write_n+0x10a>
10005bd4:	eb01 0903 	add.w	r9, r1, r3
10005bd8:	fa1f f989 	uxth.w	r9, r9
10005bdc:	eba9 0706 	sub.w	r7, r9, r6
10005be0:	b2bf      	uxth	r7, r7
10005be2:	42b9      	cmp	r1, r7
10005be4:	d918      	bls.n	10005c18 <tu_fifo_write_n+0x138>
10005be6:	1a38      	subs	r0, r7, r0
10005be8:	b287      	uxth	r7, r0
10005bea:	eb06 0907 	add.w	r9, r6, r7
10005bee:	fa1f f989 	uxth.w	r9, r9
10005bf2:	e7a5      	b.n	10005b40 <tu_fifo_write_n+0x60>
10005bf4:	fb13 f30a 	smulbb	r3, r3, sl
10005bf8:	445c      	add	r4, fp
10005bfa:	fb14 f40a 	smulbb	r4, r4, sl
10005bfe:	b29a      	uxth	r2, r3
10005c00:	4641      	mov	r1, r8
10005c02:	9201      	str	r2, [sp, #4]
10005c04:	f000 f8a4 	bl	10005d50 <memcpy>
10005c08:	9a01      	ldr	r2, [sp, #4]
10005c0a:	6828      	ldr	r0, [r5, #0]
10005c0c:	eb08 0102 	add.w	r1, r8, r2
10005c10:	b2a2      	uxth	r2, r4
10005c12:	f000 f89d 	bl	10005d50 <memcpy>
10005c16:	e7a6      	b.n	10005b66 <tu_fifo_write_n+0x86>
10005c18:	42b8      	cmp	r0, r7
10005c1a:	dc91      	bgt.n	10005b40 <tu_fifo_write_n+0x60>
10005c1c:	e7e3      	b.n	10005be6 <tu_fifo_write_n+0x106>
10005c1e:	1af6      	subs	r6, r6, r3
10005c20:	eb01 0903 	add.w	r9, r1, r3
10005c24:	fb0a 8806 	mla	r8, sl, r6, r8
10005c28:	460f      	mov	r7, r1
10005c2a:	461e      	mov	r6, r3
10005c2c:	f04f 0b00 	mov.w	fp, #0
10005c30:	fa1f f989 	uxth.w	r9, r9
10005c34:	e784      	b.n	10005b40 <tu_fifo_write_n+0x60>
10005c36:	bf00      	nop

10005c38 <tu_fifo_clear>:
10005c38:	b510      	push	{r4, lr}
10005c3a:	4604      	mov	r4, r0
10005c3c:	68c0      	ldr	r0, [r0, #12]
10005c3e:	b118      	cbz	r0, 10005c48 <tu_fifo_clear+0x10>
10005c40:	f04f 31ff 	mov.w	r1, #4294967295	@ 0xffffffff
10005c44:	f000 f948 	bl	10005ed8 <__mutex_enter_timeout_ms_veneer>
10005c48:	6920      	ldr	r0, [r4, #16]
10005c4a:	b118      	cbz	r0, 10005c54 <tu_fifo_clear+0x1c>
10005c4c:	f04f 31ff 	mov.w	r1, #4294967295	@ 0xffffffff
10005c50:	f000 f942 	bl	10005ed8 <__mutex_enter_timeout_ms_veneer>
10005c54:	2300      	movs	r3, #0
10005c56:	68e0      	ldr	r0, [r4, #12]
10005c58:	8163      	strh	r3, [r4, #10]
10005c5a:	8123      	strh	r3, [r4, #8]
10005c5c:	b108      	cbz	r0, 10005c62 <tu_fifo_clear+0x2a>
10005c5e:	f000 f93f 	bl	10005ee0 <__mutex_exit_veneer>
10005c62:	6920      	ldr	r0, [r4, #16]
10005c64:	b108      	cbz	r0, 10005c6a <tu_fifo_clear+0x32>
10005c66:	f000 f93b 	bl	10005ee0 <__mutex_exit_veneer>
10005c6a:	2001      	movs	r0, #1
10005c6c:	bd10      	pop	{r4, pc}
10005c6e:	bf00      	nop

10005c70 <tu_fifo_set_overwritable>:
10005c70:	b538      	push	{r3, r4, r5, lr}
10005c72:	4604      	mov	r4, r0
10005c74:	68c0      	ldr	r0, [r0, #12]
10005c76:	460d      	mov	r5, r1
10005c78:	b118      	cbz	r0, 10005c82 <tu_fifo_set_overwritable+0x12>
10005c7a:	f04f 31ff 	mov.w	r1, #4294967295	@ 0xffffffff
10005c7e:	f000 f92b 	bl	10005ed8 <__mutex_enter_timeout_ms_veneer>
10005c82:	6920      	ldr	r0, [r4, #16]
10005c84:	b118      	cbz	r0, 10005c8e <tu_fifo_set_overwritable+0x1e>
10005c86:	f04f 31ff 	mov.w	r1, #4294967295	@ 0xffffffff
10005c8a:	f000 f925 	bl	10005ed8 <__mutex_enter_timeout_ms_veneer>
10005c8e:	79e3      	ldrb	r3, [r4, #7]
10005c90:	68e0      	ldr	r0, [r4, #12]
10005c92:	f365 13c7 	bfi	r3, r5, #7, #1
10005c96:	71e3      	strb	r3, [r4, #7]
10005c98:	b108      	cbz	r0, 10005c9e <tu_fifo_set_overwritable+0x2e>
10005c9a:	f000 f921 	bl	10005ee0 <__mutex_exit_veneer>
10005c9e:	6920      	ldr	r0, [r4, #16]
10005ca0:	b108      	cbz	r0, 10005ca6 <tu_fifo_set_overwritable+0x36>
10005ca2:	f000 f91d 	bl	10005ee0 <__mutex_exit_veneer>
10005ca6:	2001      	movs	r0, #1
10005ca8:	bd38      	pop	{r3, r4, r5, pc}
10005caa:	bf00      	nop

10005cac <memset>:
10005cac:	b570      	push	{r4, r5, r6, lr}
10005cae:	0786      	lsls	r6, r0, #30
10005cb0:	d047      	beq.n	10005d42 <memset+0x96>
10005cb2:	1e54      	subs	r4, r2, #1
10005cb4:	2a00      	cmp	r2, #0
10005cb6:	d03e      	beq.n	10005d36 <memset+0x8a>
10005cb8:	b2ca      	uxtb	r2, r1
10005cba:	4603      	mov	r3, r0
10005cbc:	e001      	b.n	10005cc2 <memset+0x16>
10005cbe:	3c01      	subs	r4, #1
10005cc0:	d339      	bcc.n	10005d36 <memset+0x8a>
10005cc2:	f803 2b01 	strb.w	r2, [r3], #1
10005cc6:	079d      	lsls	r5, r3, #30
10005cc8:	d1f9      	bne.n	10005cbe <memset+0x12>
10005cca:	2c03      	cmp	r4, #3
10005ccc:	d92c      	bls.n	10005d28 <memset+0x7c>
10005cce:	b2cd      	uxtb	r5, r1
10005cd0:	2c0f      	cmp	r4, #15
10005cd2:	eb05 2505 	add.w	r5, r5, r5, lsl #8
10005cd6:	eb05 4505 	add.w	r5, r5, r5, lsl #16
10005cda:	d935      	bls.n	10005d48 <memset+0x9c>
10005cdc:	f1a4 0c10 	sub.w	ip, r4, #16
10005ce0:	f103 0e10 	add.w	lr, r3, #16
10005ce4:	461a      	mov	r2, r3
10005ce6:	f02c 060f 	bic.w	r6, ip, #15
10005cea:	ea4f 1c1c 	mov.w	ip, ip, lsr #4
10005cee:	44b6      	add	lr, r6
10005cf0:	e9c2 5500 	strd	r5, r5, [r2]
10005cf4:	e9c2 5502 	strd	r5, r5, [r2, #8]
10005cf8:	3210      	adds	r2, #16
10005cfa:	4572      	cmp	r2, lr
10005cfc:	d1f8      	bne.n	10005cf0 <memset+0x44>
10005cfe:	f10c 0201 	add.w	r2, ip, #1
10005d02:	f014 0f0c 	tst.w	r4, #12
10005d06:	f004 0c0f 	and.w	ip, r4, #15
10005d0a:	eb03 1202 	add.w	r2, r3, r2, lsl #4
10005d0e:	d013      	beq.n	10005d38 <memset+0x8c>
10005d10:	f1ac 0304 	sub.w	r3, ip, #4
10005d14:	f023 0303 	bic.w	r3, r3, #3
10005d18:	3304      	adds	r3, #4
10005d1a:	4413      	add	r3, r2
10005d1c:	f842 5b04 	str.w	r5, [r2], #4
10005d20:	4293      	cmp	r3, r2
10005d22:	d1fb      	bne.n	10005d1c <memset+0x70>
10005d24:	f00c 0403 	and.w	r4, ip, #3
10005d28:	b12c      	cbz	r4, 10005d36 <memset+0x8a>
10005d2a:	b2c9      	uxtb	r1, r1
10005d2c:	441c      	add	r4, r3
10005d2e:	f803 1b01 	strb.w	r1, [r3], #1
10005d32:	42a3      	cmp	r3, r4
10005d34:	d1fb      	bne.n	10005d2e <memset+0x82>
10005d36:	bd70      	pop	{r4, r5, r6, pc}
10005d38:	4664      	mov	r4, ip
10005d3a:	4613      	mov	r3, r2
10005d3c:	2c00      	cmp	r4, #0
10005d3e:	d1f4      	bne.n	10005d2a <memset+0x7e>
10005d40:	e7f9      	b.n	10005d36 <memset+0x8a>
10005d42:	4603      	mov	r3, r0
10005d44:	4614      	mov	r4, r2
10005d46:	e7c0      	b.n	10005cca <memset+0x1e>
10005d48:	461a      	mov	r2, r3
10005d4a:	46a4      	mov	ip, r4
10005d4c:	e7e0      	b.n	10005d10 <memset+0x64>
10005d4e:	bf00      	nop

10005d50 <memcpy>:
10005d50:	4684      	mov	ip, r0
10005d52:	ea41 0300 	orr.w	r3, r1, r0
10005d56:	f013 0303 	ands.w	r3, r3, #3
10005d5a:	d149      	bne.n	10005df0 <memcpy+0xa0>
10005d5c:	3a40      	subs	r2, #64	@ 0x40
10005d5e:	d323      	bcc.n	10005da8 <memcpy+0x58>
10005d60:	680b      	ldr	r3, [r1, #0]
10005d62:	6003      	str	r3, [r0, #0]
10005d64:	684b      	ldr	r3, [r1, #4]
10005d66:	6043      	str	r3, [r0, #4]
10005d68:	688b      	ldr	r3, [r1, #8]
10005d6a:	6083      	str	r3, [r0, #8]
10005d6c:	68cb      	ldr	r3, [r1, #12]
10005d6e:	60c3      	str	r3, [r0, #12]
10005d70:	690b      	ldr	r3, [r1, #16]
10005d72:	6103      	str	r3, [r0, #16]
10005d74:	694b      	ldr	r3, [r1, #20]
10005d76:	6143      	str	r3, [r0, #20]
10005d78:	698b      	ldr	r3, [r1, #24]
10005d7a:	6183      	str	r3, [r0, #24]
10005d7c:	69cb      	ldr	r3, [r1, #28]
10005d7e:	61c3      	str	r3, [r0, #28]
10005d80:	6a0b      	ldr	r3, [r1, #32]
10005d82:	6203      	str	r3, [r0, #32]
10005d84:	6a4b      	ldr	r3, [r1, #36]	@ 0x24
10005d86:	6243      	str	r3, [r0, #36]	@ 0x24
10005d88:	6a8b      	ldr	r3, [r1, #40]	@ 0x28
10005d8a:	6283      	str	r3, [r0, #40]	@ 0x28
10005d8c:	6acb      	ldr	r3, [r1, #44]	@ 0x2c
10005d8e:	62c3      	str	r3, [r0, #44]	@ 0x2c
10005d90:	6b0b      	ldr	r3, [r1, #48]	@ 0x30
10005d92:	6303      	str	r3, [r0, #48]	@ 0x30
10005d94:	6b4b      	ldr	r3, [r1, #52]	@ 0x34
10005d96:	6343      	str	r3, [r0, #52]	@ 0x34
10005d98:	6b8b      	ldr	r3, [r1, #56]	@ 0x38
10005d9a:	6383      	str	r3, [r0, #56]	@ 0x38
10005d9c:	6bcb      	ldr	r3, [r1, #60]	@ 0x3c
10005d9e:	63c3      	str	r3, [r0, #60]	@ 0x3c
10005da0:	3040      	adds	r0, #64	@ 0x40
10005da2:	3140      	adds	r1, #64	@ 0x40
10005da4:	3a40      	subs	r2, #64	@ 0x40
10005da6:	d2db      	bcs.n	10005d60 <memcpy+0x10>
10005da8:	3230      	adds	r2, #48	@ 0x30
10005daa:	d30b      	bcc.n	10005dc4 <memcpy+0x74>
10005dac:	680b      	ldr	r3, [r1, #0]
10005dae:	6003      	str	r3, [r0, #0]
10005db0:	684b      	ldr	r3, [r1, #4]
10005db2:	6043      	str	r3, [r0, #4]
10005db4:	688b      	ldr	r3, [r1, #8]
10005db6:	6083      	str	r3, [r0, #8]
10005db8:	68cb      	ldr	r3, [r1, #12]
10005dba:	60c3      	str	r3, [r0, #12]
10005dbc:	3010      	adds	r0, #16
10005dbe:	3110      	adds	r1, #16
10005dc0:	3a10      	subs	r2, #16
10005dc2:	d2f3      	bcs.n	10005dac <memcpy+0x5c>
10005dc4:	320c      	adds	r2, #12
10005dc6:	d305      	bcc.n	10005dd4 <memcpy+0x84>
10005dc8:	f851 3b04 	ldr.w	r3, [r1], #4
10005dcc:	f840 3b04 	str.w	r3, [r0], #4
10005dd0:	3a04      	subs	r2, #4
10005dd2:	d2f9      	bcs.n	10005dc8 <memcpy+0x78>
10005dd4:	3204      	adds	r2, #4
10005dd6:	d008      	beq.n	10005dea <memcpy+0x9a>
10005dd8:	07d2      	lsls	r2, r2, #31
10005dda:	bf1c      	itt	ne
10005ddc:	f811 3b01 	ldrbne.w	r3, [r1], #1
10005de0:	f800 3b01 	strbne.w	r3, [r0], #1
10005de4:	d301      	bcc.n	10005dea <memcpy+0x9a>
10005de6:	880b      	ldrh	r3, [r1, #0]
10005de8:	8003      	strh	r3, [r0, #0]
10005dea:	4660      	mov	r0, ip
10005dec:	4770      	bx	lr
10005dee:	bf00      	nop
10005df0:	2a08      	cmp	r2, #8
10005df2:	d313      	bcc.n	10005e1c <memcpy+0xcc>
10005df4:	078b      	lsls	r3, r1, #30
10005df6:	d0b1      	beq.n	10005d5c <memcpy+0xc>
10005df8:	f010 0303 	ands.w	r3, r0, #3
10005dfc:	d0ae      	beq.n	10005d5c <memcpy+0xc>
10005dfe:	f1c3 0304 	rsb	r3, r3, #4
10005e02:	1ad2      	subs	r2, r2, r3
10005e04:	07db      	lsls	r3, r3, #31
10005e06:	bf1c      	itt	ne
10005e08:	f811 3b01 	ldrbne.w	r3, [r1], #1
10005e0c:	f800 3b01 	strbne.w	r3, [r0], #1
10005e10:	d3a4      	bcc.n	10005d5c <memcpy+0xc>
10005e12:	f831 3b02 	ldrh.w	r3, [r1], #2
10005e16:	f820 3b02 	strh.w	r3, [r0], #2
10005e1a:	e79f      	b.n	10005d5c <memcpy+0xc>
10005e1c:	3a04      	subs	r2, #4
10005e1e:	d3d9      	bcc.n	10005dd4 <memcpy+0x84>
10005e20:	3a01      	subs	r2, #1
10005e22:	f811 3b01 	ldrb.w	r3, [r1], #1
10005e26:	f800 3b01 	strb.w	r3, [r0], #1
10005e2a:	d2f9      	bcs.n	10005e20 <memcpy+0xd0>
10005e2c:	780b      	ldrb	r3, [r1, #0]
10005e2e:	7003      	strb	r3, [r0, #0]
10005e30:	784b      	ldrb	r3, [r1, #1]
10005e32:	7043      	strb	r3, [r0, #1]
10005e34:	788b      	ldrb	r3, [r1, #2]
10005e36:	7083      	strb	r3, [r0, #2]
10005e38:	4660      	mov	r0, ip
10005e3a:	4770      	bx	lr

10005e3c <strlen>:
10005e3c:	f020 0103 	bic.w	r1, r0, #3
10005e40:	f010 0003 	ands.w	r0, r0, #3
10005e44:	f1c0 0000 	rsb	r0, r0, #0
10005e48:	f851 3b04 	ldr.w	r3, [r1], #4
10005e4c:	f100 0c04 	add.w	ip, r0, #4
10005e50:	ea4f 0ccc 	mov.w	ip, ip, lsl #3
10005e54:	f06f 0200 	mvn.w	r2, #0
10005e58:	bf1c      	itt	ne
10005e5a:	fa22 f20c 	lsrne.w	r2, r2, ip
10005e5e:	4313      	orrne	r3, r2
10005e60:	f04f 0c01 	mov.w	ip, #1
10005e64:	ea4c 2c0c 	orr.w	ip, ip, ip, lsl #8
10005e68:	ea4c 4c0c 	orr.w	ip, ip, ip, lsl #16
10005e6c:	eba3 020c 	sub.w	r2, r3, ip
10005e70:	ea22 0203 	bic.w	r2, r2, r3
10005e74:	ea12 12cc 	ands.w	r2, r2, ip, lsl #7
10005e78:	bf04      	itt	eq
10005e7a:	f851 3b04 	ldreq.w	r3, [r1], #4
10005e7e:	3004      	addeq	r0, #4
10005e80:	d0f4      	beq.n	10005e6c <strlen+0x30>
10005e82:	f1c2 0100 	rsb	r1, r2, #0
10005e86:	ea02 0201 	and.w	r2, r2, r1
10005e8a:	fab2 f282 	clz	r2, r2
10005e8e:	f1c2 021f 	rsb	r2, r2, #31
10005e92:	eb00 00d2 	add.w	r0, r0, r2, lsr #3
10005e96:	4770      	bx	lr

10005e98 <____aeabi_f2d_veneer>:
10005e98:	f85f f000 	ldr.w	pc, [pc]	@ 10005e9c <____aeabi_f2d_veneer+0x4>
10005e9c:	200010c1 	.word	0x200010c1

10005ea0 <__e15_is_critical_frame_period_veneer>:
10005ea0:	f85f f000 	ldr.w	pc, [pc]	@ 10005ea4 <__e15_is_critical_frame_period_veneer+0x4>
10005ea4:	20000ac9 	.word	0x20000ac9

10005ea8 <____aeabi_uldivmod_veneer>:
10005ea8:	f85f f000 	ldr.w	pc, [pc]	@ 10005eac <____aeabi_uldivmod_veneer+0x4>
10005eac:	20001171 	.word	0x20001171

10005eb0 <__mutex_try_enter_block_until_veneer>:
10005eb0:	f85f f000 	ldr.w	pc, [pc]	@ 10005eb4 <__mutex_try_enter_block_until_veneer+0x4>
10005eb4:	200001f9 	.word	0x200001f9

10005eb8 <___hw_endpoint_buffer_control_update32_veneer>:
10005eb8:	f85f f000 	ldr.w	pc, [pc]	@ 10005ebc <___hw_endpoint_buffer_control_update32_veneer+0x4>
10005ebc:	20000afd 	.word	0x20000afd

10005ec0 <__mutex_try_enter_veneer>:
10005ec0:	f85f f000 	ldr.w	pc, [pc]	@ 10005ec4 <__mutex_try_enter_veneer+0x4>
10005ec4:	20000111 	.word	0x20000111

10005ec8 <__hw_endpoint_start_next_buffer_veneer>:
10005ec8:	f85f f000 	ldr.w	pc, [pc]	@ 10005ecc <__hw_endpoint_start_next_buffer_veneer+0x4>
10005ecc:	20000b41 	.word	0x20000b41

10005ed0 <__reset_non_control_endpoints_veneer>:
10005ed0:	f85f f000 	ldr.w	pc, [pc]	@ 10005ed4 <__reset_non_control_endpoints_veneer+0x4>
10005ed4:	200002e5 	.word	0x200002e5

10005ed8 <__mutex_enter_timeout_ms_veneer>:
10005ed8:	f85f f000 	ldr.w	pc, [pc]	@ 10005edc <__mutex_enter_timeout_ms_veneer+0x4>
10005edc:	20000265 	.word	0x20000265

10005ee0 <__mutex_exit_veneer>:
10005ee0:	f85f f000 	ldr.w	pc, [pc]	@ 10005ee4 <__mutex_exit_veneer+0x4>
10005ee4:	2000029d 	.word	0x2000029d

10005ee8 <__e15_is_bulkin_ep_veneer>:
10005ee8:	f85f f000 	ldr.w	pc, [pc]	@ 10005eec <__e15_is_bulkin_ep_veneer+0x4>
10005eec:	20000aa1 	.word	0x20000aa1

10005ef0 <__pre_init_runtime_init_bootrom_reset>:
10005ef0:	10001a35                                5...

10005ef4 <__pre_init_runtime_init_early_resets>:
10005ef4:	100019a9                                ....

10005ef8 <__pre_init_runtime_init_usb_power_down>:
10005ef8:	100019dd                                ....

10005efc <__pre_init_runtime_init_clocks>:
10005efc:	10001ac5                                ....

10005f00 <__pre_init_runtime_init_post_clock_resets>:
10005f00:	10001a15                                ....

10005f04 <__pre_init_runtime_init_boot_locks_reset>:
10005f04:	1000192d                                -...

10005f08 <__pre_init_runtime_init_spin_locks_reset>:
10005f08:	10001a5d                                ]...

10005f0c <__pre_init_runtime_init_bootrom_locking_enable>:
10005f0c:	10001919                                ....

10005f10 <__pre_init_runtime_init_mutex>:
10005f10:	10000da9                                ....

10005f14 <__pre_init_runtime_init_install_ram_vector_table>:
10005f14:	10001a61                                a...

10005f18 <__pre_init_runtime_init_default_alarm_pool>:
10005f18:	1000118d                                ....

10005f1c <__pre_init_first_per_core_initializer>:
10005f1c:	10001979                                y...

10005f20 <__pre_init_runtime_init_per_core_bootrom_reset>:
10005f20:	10001a49                                I...

10005f24 <__pre_init_runtime_init_per_core_enable_coprocessors>:
10005f24:	100019f9                                ....

10005f28 <__pre_init_spinlock_set_extexclall>:
10005f28:	100007a5                                ....

10005f2c <__pre_init_runtime_init_per_core_irq_priorities>:
10005f2c:	100007cd                                ....

10005f30 <__init_array_start>:
10005f30:	10003e9d 	.word	0x10003e9d

Disassembly of section .data:

20000110 <mutex_try_enter>:
20000110:	4603      	mov	r3, r0
20000112:	b500      	push	{lr}
20000114:	6802      	ldr	r2, [r0, #0]
20000116:	f3ef 8c10 	mrs	ip, PRIMASK
2000011a:	b672      	cpsid	i
2000011c:	e8d2 efcf 	ldaexb	lr, [r2]
20000120:	2001      	movs	r0, #1
20000122:	f1be 0f00 	cmp.w	lr, #0
20000126:	d1f9      	bne.n	2000011c <mutex_try_enter+0xc>
20000128:	e8c2 0f4e 	strexb	lr, r0, [r2]
2000012c:	f1be 0f00 	cmp.w	lr, #0
20000130:	d1f4      	bne.n	2000011c <mutex_try_enter+0xc>
20000132:	f3bf 8f5f 	dmb	sy
20000136:	f993 2004 	ldrsb.w	r2, [r3, #4]
2000013a:	2a00      	cmp	r2, #0
2000013c:	db0a      	blt.n	20000154 <mutex_try_enter+0x44>
2000013e:	b101      	cbz	r1, 20000142 <mutex_try_enter+0x32>
20000140:	600a      	str	r2, [r1, #0]
20000142:	2000      	movs	r0, #0
20000144:	2200      	movs	r2, #0
20000146:	681b      	ldr	r3, [r3, #0]
20000148:	e8c3 2f8f 	stlb	r2, [r3]
2000014c:	f38c 8810 	msr	PRIMASK, ip
20000150:	f85d fb04 	ldr.w	pc, [sp], #4
20000154:	f04f 4250 	mov.w	r2, #3489660928	@ 0xd0000000
20000158:	6812      	ldr	r2, [r2, #0]
2000015a:	2001      	movs	r0, #1
2000015c:	711a      	strb	r2, [r3, #4]
2000015e:	e7f1      	b.n	20000144 <mutex_try_enter+0x34>

20000160 <mutex_enter_block_until>:
20000160:	f04f 4150 	mov.w	r1, #3489660928	@ 0xd0000000
20000164:	e92d 47f0 	stmdb	sp!, {r4, r5, r6, r7, r8, r9, sl, lr}
20000168:	f04f 0800 	mov.w	r8, #0
2000016c:	4604      	mov	r4, r0
2000016e:	4691      	mov	r9, r2
20000170:	469a      	mov	sl, r3
20000172:	4d1f      	ldr	r5, [pc, #124]	@ (200001f0 <mutex_enter_block_until+0x90>)
20000174:	4e1f      	ldr	r6, [pc, #124]	@ (200001f4 <mutex_enter_block_until+0x94>)
20000176:	680f      	ldr	r7, [r1, #0]
20000178:	6820      	ldr	r0, [r4, #0]
2000017a:	f3ef 8310 	mrs	r3, PRIMASK
2000017e:	b672      	cpsid	i
20000180:	e8d0 1fcf 	ldaexb	r1, [r0]
20000184:	2201      	movs	r2, #1
20000186:	2900      	cmp	r1, #0
20000188:	d1fa      	bne.n	20000180 <mutex_enter_block_until+0x20>
2000018a:	e8c0 2f41 	strexb	r1, r2, [r0]
2000018e:	2900      	cmp	r1, #0
20000190:	d1f6      	bne.n	20000180 <mutex_enter_block_until+0x20>
20000192:	f3bf 8f5f 	dmb	sy
20000196:	f994 2004 	ldrsb.w	r2, [r4, #4]
2000019a:	2a00      	cmp	r2, #0
2000019c:	db1e      	blt.n	200001dc <mutex_enter_block_until+0x7c>
2000019e:	f895 c000 	ldrb.w	ip, [r5]
200001a2:	6822      	ldr	r2, [r4, #0]
200001a4:	fa5f fc8c 	uxtb.w	ip, ip
200001a8:	e8c2 8f8f 	stlb	r8, [r2]
200001ac:	bf20      	wfe
200001ae:	f383 8810 	msr	PRIMASK, r3
200001b2:	782b      	ldrb	r3, [r5, #0]
200001b4:	4563      	cmp	r3, ip
200001b6:	d00a      	beq.n	200001ce <mutex_enter_block_until+0x6e>
200001b8:	6a73      	ldr	r3, [r6, #36]	@ 0x24
200001ba:	459a      	cmp	sl, r3
200001bc:	d8dc      	bhi.n	20000178 <mutex_enter_block_until+0x18>
200001be:	6ab2      	ldr	r2, [r6, #40]	@ 0x28
200001c0:	454a      	cmp	r2, r9
200001c2:	d201      	bcs.n	200001c8 <mutex_enter_block_until+0x68>
200001c4:	459a      	cmp	sl, r3
200001c6:	d0d7      	beq.n	20000178 <mutex_enter_block_until+0x18>
200001c8:	2000      	movs	r0, #0
200001ca:	e8bd 87f0 	ldmia.w	sp!, {r4, r5, r6, r7, r8, r9, sl, pc}
200001ce:	4648      	mov	r0, r9
200001d0:	4651      	mov	r1, sl
200001d2:	f001 f971 	bl	200014b8 <__best_effort_wfe_or_timeout_veneer>
200001d6:	2800      	cmp	r0, #0
200001d8:	d0ce      	beq.n	20000178 <mutex_enter_block_until+0x18>
200001da:	e7f5      	b.n	200001c8 <mutex_enter_block_until+0x68>
200001dc:	2200      	movs	r2, #0
200001de:	6821      	ldr	r1, [r4, #0]
200001e0:	7127      	strb	r7, [r4, #4]
200001e2:	e8c1 2f8f 	stlb	r2, [r1]
200001e6:	f383 8810 	msr	PRIMASK, r3
200001ea:	2001      	movs	r0, #1
200001ec:	e8bd 87f0 	ldmia.w	sp!, {r4, r5, r6, r7, r8, r9, sl, pc}
200001f0:	20001f02 	.word	0x20001f02
200001f4:	400b0000 	.word	0x400b0000

200001f8 <mutex_try_enter_block_until>:
200001f8:	b530      	push	{r4, r5, lr}
200001fa:	4601      	mov	r1, r0
200001fc:	6804      	ldr	r4, [r0, #0]
200001fe:	f3ef 8c10 	mrs	ip, PRIMASK
20000202:	b672      	cpsid	i
20000204:	e8d4 efcf 	ldaexb	lr, [r4]
20000208:	2501      	movs	r5, #1
2000020a:	f1be 0f00 	cmp.w	lr, #0
2000020e:	d1f9      	bne.n	20000204 <mutex_try_enter_block_until+0xc>
20000210:	e8c4 5f4e 	strexb	lr, r5, [r4]
20000214:	f1be 0f00 	cmp.w	lr, #0
20000218:	d1f4      	bne.n	20000204 <mutex_try_enter_block_until+0xc>
2000021a:	f3bf 8f5f 	dmb	sy
2000021e:	f990 4004 	ldrsb.w	r4, [r0, #4]
20000222:	2c00      	cmp	r4, #0
20000224:	db11      	blt.n	2000024a <mutex_try_enter_block_until+0x52>
20000226:	2100      	movs	r1, #0
20000228:	6805      	ldr	r5, [r0, #0]
2000022a:	e8c5 1f8f 	stlb	r1, [r5]
2000022e:	f38c 8810 	msr	PRIMASK, ip
20000232:	f04f 4c50 	mov.w	ip, #3489660928	@ 0xd0000000
20000236:	f99c c000 	ldrsb.w	ip, [ip]
2000023a:	45a4      	cmp	ip, r4
2000023c:	d101      	bne.n	20000242 <mutex_try_enter_block_until+0x4a>
2000023e:	4608      	mov	r0, r1
20000240:	bd30      	pop	{r4, r5, pc}
20000242:	e8bd 4030 	ldmia.w	sp!, {r4, r5, lr}
20000246:	f7ff bf8b 	b.w	20000160 <mutex_enter_block_until>
2000024a:	f04f 4050 	mov.w	r0, #3489660928	@ 0xd0000000
2000024e:	6800      	ldr	r0, [r0, #0]
20000250:	2300      	movs	r3, #0
20000252:	680a      	ldr	r2, [r1, #0]
20000254:	7108      	strb	r0, [r1, #4]
20000256:	e8c2 3f8f 	stlb	r3, [r2]
2000025a:	f38c 8810 	msr	PRIMASK, ip
2000025e:	2001      	movs	r0, #1
20000260:	bd30      	pop	{r4, r5, pc}
20000262:	bf00      	nop

20000264 <mutex_enter_timeout_ms>:
20000264:	b570      	push	{r4, r5, r6, lr}
20000266:	4605      	mov	r5, r0
20000268:	460c      	mov	r4, r1
2000026a:	f001 f931 	bl	200014d0 <__time_us_64_veneer>
2000026e:	4602      	mov	r2, r0
20000270:	460b      	mov	r3, r1
20000272:	f44f 707a 	mov.w	r0, #1000	@ 0x3e8
20000276:	f04f 3eff 	mov.w	lr, #4294967295	@ 0xffffffff
2000027a:	f06f 4c00 	mvn.w	ip, #2147483648	@ 0x80000000
2000027e:	fbe4 2300 	umlal	r2, r3, r4, r0
20000282:	4596      	cmp	lr, r2
20000284:	eb7c 0103 	sbcs.w	r1, ip, r3
20000288:	bf38      	it	cc
2000028a:	4672      	movcc	r2, lr
2000028c:	4628      	mov	r0, r5
2000028e:	e8bd 4070 	ldmia.w	sp!, {r4, r5, r6, lr}
20000292:	bf38      	it	cc
20000294:	4663      	movcc	r3, ip
20000296:	f7ff bf63 	b.w	20000160 <mutex_enter_block_until>
2000029a:	bf00      	nop

2000029c <mutex_exit>:
2000029c:	6803      	ldr	r3, [r0, #0]
2000029e:	f3ef 8110 	mrs	r1, PRIMASK
200002a2:	b672      	cpsid	i
200002a4:	e8d3 cfcf 	ldaexb	ip, [r3]
200002a8:	2201      	movs	r2, #1
200002aa:	f1bc 0f00 	cmp.w	ip, #0
200002ae:	d1f9      	bne.n	200002a4 <mutex_exit+0x8>
200002b0:	e8c3 2f4c 	strexb	ip, r2, [r3]
200002b4:	f1bc 0f00 	cmp.w	ip, #0
200002b8:	d1f4      	bne.n	200002a4 <mutex_exit+0x8>
200002ba:	f3bf 8f5f 	dmb	sy
200002be:	f04f 0cff 	mov.w	ip, #255	@ 0xff
200002c2:	4a07      	ldr	r2, [pc, #28]	@ (200002e0 <mutex_exit+0x44>)
200002c4:	f880 c004 	strb.w	ip, [r0, #4]
200002c8:	7813      	ldrb	r3, [r2, #0]
200002ca:	3301      	adds	r3, #1
200002cc:	b2db      	uxtb	r3, r3
200002ce:	7013      	strb	r3, [r2, #0]
200002d0:	2300      	movs	r3, #0
200002d2:	6802      	ldr	r2, [r0, #0]
200002d4:	e8c2 3f8f 	stlb	r3, [r2]
200002d8:	f381 8810 	msr	PRIMASK, r1
200002dc:	bf40      	sev
200002de:	4770      	bx	lr
200002e0:	20001f02 	.word	0x20001f02

200002e4 <reset_non_control_endpoints>:
200002e4:	2100      	movs	r1, #0
200002e6:	b508      	push	{r3, lr}
200002e8:	4b13      	ldr	r3, [pc, #76]	@ (20000338 <reset_non_control_endpoints+0x54>)
200002ea:	f44f 7270 	mov.w	r2, #960	@ 0x3c0
200002ee:	6099      	str	r1, [r3, #8]
200002f0:	4812      	ldr	r0, [pc, #72]	@ (2000033c <reset_non_control_endpoints+0x58>)
200002f2:	60d9      	str	r1, [r3, #12]
200002f4:	6119      	str	r1, [r3, #16]
200002f6:	6159      	str	r1, [r3, #20]
200002f8:	6199      	str	r1, [r3, #24]
200002fa:	61d9      	str	r1, [r3, #28]
200002fc:	6219      	str	r1, [r3, #32]
200002fe:	6259      	str	r1, [r3, #36]	@ 0x24
20000300:	6299      	str	r1, [r3, #40]	@ 0x28
20000302:	62d9      	str	r1, [r3, #44]	@ 0x2c
20000304:	6319      	str	r1, [r3, #48]	@ 0x30
20000306:	6359      	str	r1, [r3, #52]	@ 0x34
20000308:	6399      	str	r1, [r3, #56]	@ 0x38
2000030a:	63d9      	str	r1, [r3, #60]	@ 0x3c
2000030c:	6419      	str	r1, [r3, #64]	@ 0x40
2000030e:	6459      	str	r1, [r3, #68]	@ 0x44
20000310:	6499      	str	r1, [r3, #72]	@ 0x48
20000312:	64d9      	str	r1, [r3, #76]	@ 0x4c
20000314:	6519      	str	r1, [r3, #80]	@ 0x50
20000316:	6559      	str	r1, [r3, #84]	@ 0x54
20000318:	6599      	str	r1, [r3, #88]	@ 0x58
2000031a:	65d9      	str	r1, [r3, #92]	@ 0x5c
2000031c:	6619      	str	r1, [r3, #96]	@ 0x60
2000031e:	6659      	str	r1, [r3, #100]	@ 0x64
20000320:	6699      	str	r1, [r3, #104]	@ 0x68
20000322:	66d9      	str	r1, [r3, #108]	@ 0x6c
20000324:	6719      	str	r1, [r3, #112]	@ 0x70
20000326:	6759      	str	r1, [r3, #116]	@ 0x74
20000328:	6799      	str	r1, [r3, #120]	@ 0x78
2000032a:	67d9      	str	r1, [r3, #124]	@ 0x7c
2000032c:	f001 f8bc 	bl	200014a8 <__memset_veneer>
20000330:	4b03      	ldr	r3, [pc, #12]	@ (20000340 <reset_non_control_endpoints+0x5c>)
20000332:	4a04      	ldr	r2, [pc, #16]	@ (20000344 <reset_non_control_endpoints+0x60>)
20000334:	601a      	str	r2, [r3, #0]
20000336:	bd08      	pop	{r3, pc}
20000338:	50100000 	.word	0x50100000
2000033c:	20001ae0 	.word	0x20001ae0
20000340:	20001ea8 	.word	0x20001ea8
20000344:	50100180 	.word	0x50100180

20000348 <hw_handle_buff_status>:
20000348:	e92d 4ff0 	stmdb	sp!, {r4, r5, r6, r7, r8, r9, sl, fp, lr}
2000034c:	4b20      	ldr	r3, [pc, #128]	@ (200003d0 <hw_handle_buff_status+0x88>)
2000034e:	b085      	sub	sp, #20
20000350:	6d9e      	ldr	r6, [r3, #88]	@ 0x58
20000352:	b30e      	cbz	r6, 20000398 <hw_handle_buff_status+0x50>
20000354:	2400      	movs	r4, #0
20000356:	2501      	movs	r5, #1
20000358:	4f1e      	ldr	r7, [pc, #120]	@ (200003d4 <hw_handle_buff_status+0x8c>)
2000035a:	e001      	b.n	20000360 <hw_handle_buff_status+0x18>
2000035c:	2c20      	cmp	r4, #32
2000035e:	d01b      	beq.n	20000398 <hw_handle_buff_status+0x50>
20000360:	ea06 0305 	and.w	r3, r6, r5
20000364:	1c62      	adds	r2, r4, #1
20000366:	4621      	mov	r1, r4
20000368:	46aa      	mov	sl, r5
2000036a:	b2d4      	uxtb	r4, r2
2000036c:	006d      	lsls	r5, r5, #1
2000036e:	2b00      	cmp	r3, #0
20000370:	d0f4      	beq.n	2000035c <hw_handle_buff_status+0x14>
20000372:	2302      	movs	r3, #2
20000374:	f004 0801 	and.w	r8, r4, #1
20000378:	ea4f 0951 	mov.w	r9, r1, lsr #1
2000037c:	fb13 8b09 	smlabb	fp, r3, r9, r8
20000380:	4b15      	ldr	r3, [pc, #84]	@ (200003d8 <hw_handle_buff_status+0x90>)
20000382:	eb07 1b4b 	add.w	fp, r7, fp, lsl #5
20000386:	4658      	mov	r0, fp
20000388:	f8c3 a058 	str.w	sl, [r3, #88]	@ 0x58
2000038c:	f000 fc0a 	bl	20000ba4 <hw_endpoint_xfer_continue>
20000390:	b928      	cbnz	r0, 2000039e <hw_handle_buff_status+0x56>
20000392:	ea36 060a 	bics.w	r6, r6, sl
20000396:	d1e1      	bne.n	2000035c <hw_handle_buff_status+0x14>
20000398:	b005      	add	sp, #20
2000039a:	e8bd 8ff0 	ldmia.w	sp!, {r4, r5, r6, r7, r8, r9, sl, fp, pc}
2000039e:	f44f 62e0 	mov.w	r2, #1792	@ 0x700
200003a2:	f8ad 2004 	strh.w	r2, [sp, #4]
200003a6:	2200      	movs	r2, #0
200003a8:	eb08 0349 	add.w	r3, r8, r9, lsl #1
200003ac:	eb07 1343 	add.w	r3, r7, r3, lsl #5
200003b0:	f88d 2009 	strb.w	r2, [sp, #9]
200003b4:	789a      	ldrb	r2, [r3, #2]
200003b6:	8adb      	ldrh	r3, [r3, #22]
200003b8:	a801      	add	r0, sp, #4
200003ba:	2101      	movs	r1, #1
200003bc:	f88d 2008 	strb.w	r2, [sp, #8]
200003c0:	9303      	str	r3, [sp, #12]
200003c2:	f000 fc0d 	bl	20000be0 <dcd_event_handler>
200003c6:	4658      	mov	r0, fp
200003c8:	f000 fb92 	bl	20000af0 <hw_endpoint_reset_transfer>
200003cc:	e7e1      	b.n	20000392 <hw_handle_buff_status+0x4a>
200003ce:	bf00      	nop
200003d0:	50110000 	.word	0x50110000
200003d4:	20001aa0 	.word	0x20001aa0
200003d8:	50113000 	.word	0x50113000

200003dc <dcd_rp2040_irq>:
200003dc:	b5f0      	push	{r4, r5, r6, r7, lr}
200003de:	4bb2      	ldr	r3, [pc, #712]	@ (200006a8 <dcd_rp2040_irq+0x2cc>)
200003e0:	b085      	sub	sp, #20
200003e2:	f8d3 5098 	ldr.w	r5, [r3, #152]	@ 0x98
200003e6:	f415 3600 	ands.w	r6, r5, #131072	@ 0x20000
200003ea:	d074      	beq.n	200004d6 <dcd_rp2040_irq+0xfa>
200003ec:	4baf      	ldr	r3, [pc, #700]	@ (200006ac <dcd_rp2040_irq+0x2d0>)
200003ee:	4cb0      	ldr	r4, [pc, #704]	@ (200006b0 <dcd_rp2040_irq+0x2d4>)
200003f0:	6a99      	ldr	r1, [r3, #40]	@ 0x28
200003f2:	f894 303b 	ldrb.w	r3, [r4, #59]	@ 0x3b
200003f6:	4aaf      	ldr	r2, [pc, #700]	@ (200006b4 <dcd_rp2040_irq+0x2d8>)
200003f8:	2b02      	cmp	r3, #2
200003fa:	6011      	str	r1, [r2, #0]
200003fc:	f000 80f9 	beq.w	200005f2 <dcd_rp2040_irq+0x216>
20000400:	2600      	movs	r6, #0
20000402:	f894 307b 	ldrb.w	r3, [r4, #123]	@ 0x7b
20000406:	2b02      	cmp	r3, #2
20000408:	f000 81d4 	beq.w	200007b4 <dcd_rp2040_irq+0x3d8>
2000040c:	f894 30bb 	ldrb.w	r3, [r4, #187]	@ 0xbb
20000410:	2b02      	cmp	r3, #2
20000412:	f000 81c5 	beq.w	200007a0 <dcd_rp2040_irq+0x3c4>
20000416:	f894 30fb 	ldrb.w	r3, [r4, #251]	@ 0xfb
2000041a:	2b02      	cmp	r3, #2
2000041c:	f000 81b6 	beq.w	2000078c <dcd_rp2040_irq+0x3b0>
20000420:	f894 313b 	ldrb.w	r3, [r4, #315]	@ 0x13b
20000424:	2b02      	cmp	r3, #2
20000426:	f000 81a6 	beq.w	20000776 <dcd_rp2040_irq+0x39a>
2000042a:	f894 317b 	ldrb.w	r3, [r4, #379]	@ 0x17b
2000042e:	2b02      	cmp	r3, #2
20000430:	f000 8196 	beq.w	20000760 <dcd_rp2040_irq+0x384>
20000434:	f894 31bb 	ldrb.w	r3, [r4, #443]	@ 0x1bb
20000438:	2b02      	cmp	r3, #2
2000043a:	f000 8186 	beq.w	2000074a <dcd_rp2040_irq+0x36e>
2000043e:	f894 31fb 	ldrb.w	r3, [r4, #507]	@ 0x1fb
20000442:	2b02      	cmp	r3, #2
20000444:	f000 8176 	beq.w	20000734 <dcd_rp2040_irq+0x358>
20000448:	f894 323b 	ldrb.w	r3, [r4, #571]	@ 0x23b
2000044c:	2b02      	cmp	r3, #2
2000044e:	f000 8165 	beq.w	2000071c <dcd_rp2040_irq+0x340>
20000452:	f894 327b 	ldrb.w	r3, [r4, #635]	@ 0x27b
20000456:	2b02      	cmp	r3, #2
20000458:	f000 8154 	beq.w	20000704 <dcd_rp2040_irq+0x328>
2000045c:	f894 32bb 	ldrb.w	r3, [r4, #699]	@ 0x2bb
20000460:	2b02      	cmp	r3, #2
20000462:	f000 8143 	beq.w	200006ec <dcd_rp2040_irq+0x310>
20000466:	f894 32fb 	ldrb.w	r3, [r4, #763]	@ 0x2fb
2000046a:	2b02      	cmp	r3, #2
2000046c:	f000 8132 	beq.w	200006d4 <dcd_rp2040_irq+0x2f8>
20000470:	f894 333b 	ldrb.w	r3, [r4, #827]	@ 0x33b
20000474:	2b02      	cmp	r3, #2
20000476:	f000 810a 	beq.w	2000068e <dcd_rp2040_irq+0x2b2>
2000047a:	f894 337b 	ldrb.w	r3, [r4, #891]	@ 0x37b
2000047e:	2b02      	cmp	r3, #2
20000480:	f000 80c9 	beq.w	20000616 <dcd_rp2040_irq+0x23a>
20000484:	f894 33bb 	ldrb.w	r3, [r4, #955]	@ 0x3bb
20000488:	2b02      	cmp	r3, #2
2000048a:	f000 80ec 	beq.w	20000666 <dcd_rp2040_irq+0x28a>
2000048e:	f894 33fb 	ldrb.w	r3, [r4, #1019]	@ 0x3fb
20000492:	2b02      	cmp	r3, #2
20000494:	f000 80d6 	beq.w	20000644 <dcd_rp2040_irq+0x268>
20000498:	b93e      	cbnz	r6, 200004aa <dcd_rp2040_irq+0xce>
2000049a:	4b87      	ldr	r3, [pc, #540]	@ (200006b8 <dcd_rp2040_irq+0x2dc>)
2000049c:	781b      	ldrb	r3, [r3, #0]
2000049e:	b923      	cbnz	r3, 200004aa <dcd_rp2040_irq+0xce>
200004a0:	f44f 3200 	mov.w	r2, #131072	@ 0x20000
200004a4:	4b85      	ldr	r3, [pc, #532]	@ (200006bc <dcd_rp2040_irq+0x2e0>)
200004a6:	f8c3 2090 	str.w	r2, [r3, #144]	@ 0x90
200004aa:	f44f 7240 	mov.w	r2, #768	@ 0x300
200004ae:	4b7e      	ldr	r3, [pc, #504]	@ (200006a8 <dcd_rp2040_irq+0x2cc>)
200004b0:	2101      	movs	r1, #1
200004b2:	6c9b      	ldr	r3, [r3, #72]	@ 0x48
200004b4:	a801      	add	r0, sp, #4
200004b6:	f3c3 030a 	ubfx	r3, r3, #0, #11
200004ba:	f8ad 2004 	strh.w	r2, [sp, #4]
200004be:	9302      	str	r3, [sp, #8]
200004c0:	f000 fb8e 	bl	20000be0 <dcd_event_handler>
200004c4:	06ea      	lsls	r2, r5, #27
200004c6:	f44f 3600 	mov.w	r6, #131072	@ 0x20000
200004ca:	4c7d      	ldr	r4, [pc, #500]	@ (200006c0 <dcd_rp2040_irq+0x2e4>)
200004cc:	d507      	bpl.n	200004de <dcd_rp2040_irq+0x102>
200004ce:	f7ff ff3b 	bl	20000348 <hw_handle_buff_status>
200004d2:	4626      	mov	r6, r4
200004d4:	e003      	b.n	200004de <dcd_rp2040_irq+0x102>
200004d6:	06ea      	lsls	r2, r5, #27
200004d8:	f04f 0410 	mov.w	r4, #16
200004dc:	d4f7      	bmi.n	200004ce <dcd_rp2040_irq+0xf2>
200004de:	03eb      	lsls	r3, r5, #15
200004e0:	d532      	bpl.n	20000548 <dcd_rp2040_irq+0x16c>
200004e2:	4c73      	ldr	r4, [pc, #460]	@ (200006b0 <dcd_rp2040_irq+0x2d4>)
200004e4:	f446 3680 	orr.w	r6, r6, #65536	@ 0x10000
200004e8:	7ea3      	ldrb	r3, [r4, #26]
200004ea:	b19b      	cbz	r3, 20000514 <dcd_rp2040_irq+0x138>
200004ec:	2102      	movs	r1, #2
200004ee:	4b75      	ldr	r3, [pc, #468]	@ (200006c4 <dcd_rp2040_irq+0x2e8>)
200004f0:	4a6d      	ldr	r2, [pc, #436]	@ (200006a8 <dcd_rp2040_irq+0x2cc>)
200004f2:	6619      	str	r1, [r3, #96]	@ 0x60
200004f4:	6e53      	ldr	r3, [r2, #100]	@ 0x64
200004f6:	079f      	lsls	r7, r3, #30
200004f8:	d5fc      	bpl.n	200004f4 <dcd_rp2040_irq+0x118>
200004fa:	f44f 5240 	mov.w	r2, #12288	@ 0x3000
200004fe:	2100      	movs	r1, #0
20000500:	486b      	ldr	r0, [pc, #428]	@ (200006b0 <dcd_rp2040_irq+0x2d4>)
20000502:	f000 fafb 	bl	20000afc <_hw_endpoint_buffer_control_update32>
20000506:	486a      	ldr	r0, [pc, #424]	@ (200006b0 <dcd_rp2040_irq+0x2d4>)
20000508:	f000 faf2 	bl	20000af0 <hw_endpoint_reset_transfer>
2000050c:	2202      	movs	r2, #2
2000050e:	4b6b      	ldr	r3, [pc, #428]	@ (200006bc <dcd_rp2040_irq+0x2e0>)
20000510:	665a      	str	r2, [r3, #100]	@ 0x64
20000512:	661a      	str	r2, [r3, #96]	@ 0x60
20000514:	2301      	movs	r3, #1
20000516:	f894 203a 	ldrb.w	r2, [r4, #58]	@ 0x3a
2000051a:	70e3      	strb	r3, [r4, #3]
2000051c:	b9fa      	cbnz	r2, 2000055e <dcd_rp2040_irq+0x182>
2000051e:	2301      	movs	r3, #1
20000520:	f44f 61c0 	mov.w	r1, #1536	@ 0x600
20000524:	4a68      	ldr	r2, [pc, #416]	@ (200006c8 <dcd_rp2040_irq+0x2ec>)
20000526:	f884 3023 	strb.w	r3, [r4, #35]	@ 0x23
2000052a:	f8ad 1004 	strh.w	r1, [sp, #4]
2000052e:	e892 0003 	ldmia.w	r2, {r0, r1}
20000532:	aa04      	add	r2, sp, #16
20000534:	e902 0003 	stmdb	r2, {r0, r1}
20000538:	4619      	mov	r1, r3
2000053a:	a801      	add	r0, sp, #4
2000053c:	f000 fb50 	bl	20000be0 <dcd_event_handler>
20000540:	f44f 3200 	mov.w	r2, #131072	@ 0x20000
20000544:	4b5d      	ldr	r3, [pc, #372]	@ (200006bc <dcd_rp2040_irq+0x2e0>)
20000546:	651a      	str	r2, [r3, #80]	@ 0x50
20000548:	04e9      	lsls	r1, r5, #19
2000054a:	d41d      	bmi.n	20000588 <dcd_rp2040_irq+0x1ac>
2000054c:	046a      	lsls	r2, r5, #17
2000054e:	d432      	bmi.n	200005b6 <dcd_rp2040_irq+0x1da>
20000550:	042b      	lsls	r3, r5, #16
20000552:	d43f      	bmi.n	200005d4 <dcd_rp2040_irq+0x1f8>
20000554:	42ae      	cmp	r6, r5
20000556:	f040 81a5 	bne.w	200008a4 <dcd_rp2040_irq+0x4c8>
2000055a:	b005      	add	sp, #20
2000055c:	bdf0      	pop	{r4, r5, r6, r7, pc}
2000055e:	4a59      	ldr	r2, [pc, #356]	@ (200006c4 <dcd_rp2040_irq+0x2e8>)
20000560:	6613      	str	r3, [r2, #96]	@ 0x60
20000562:	f5a2 5200 	sub.w	r2, r2, #8192	@ 0x2000
20000566:	6e53      	ldr	r3, [r2, #100]	@ 0x64
20000568:	07d8      	lsls	r0, r3, #31
2000056a:	d5fc      	bpl.n	20000566 <dcd_rp2040_irq+0x18a>
2000056c:	f44f 5240 	mov.w	r2, #12288	@ 0x3000
20000570:	2100      	movs	r1, #0
20000572:	4856      	ldr	r0, [pc, #344]	@ (200006cc <dcd_rp2040_irq+0x2f0>)
20000574:	f000 fac2 	bl	20000afc <_hw_endpoint_buffer_control_update32>
20000578:	4854      	ldr	r0, [pc, #336]	@ (200006cc <dcd_rp2040_irq+0x2f0>)
2000057a:	f000 fab9 	bl	20000af0 <hw_endpoint_reset_transfer>
2000057e:	2201      	movs	r2, #1
20000580:	4b4e      	ldr	r3, [pc, #312]	@ (200006bc <dcd_rp2040_irq+0x2e0>)
20000582:	665a      	str	r2, [r3, #100]	@ 0x64
20000584:	661a      	str	r2, [r3, #96]	@ 0x60
20000586:	e7ca      	b.n	2000051e <dcd_rp2040_irq+0x142>
20000588:	2400      	movs	r4, #0
2000058a:	4b47      	ldr	r3, [pc, #284]	@ (200006a8 <dcd_rp2040_irq+0x2cc>)
2000058c:	f446 5680 	orr.w	r6, r6, #4096	@ 0x1000
20000590:	601c      	str	r4, [r3, #0]
20000592:	f7ff fea7 	bl	200002e4 <reset_non_control_endpoints>
20000596:	f44f 7380 	mov.w	r3, #256	@ 0x100
2000059a:	2101      	movs	r1, #1
2000059c:	a801      	add	r0, sp, #4
2000059e:	f8ad 3004 	strh.w	r3, [sp, #4]
200005a2:	f88d 4008 	strb.w	r4, [sp, #8]
200005a6:	f000 fb1b 	bl	20000be0 <dcd_event_handler>
200005aa:	f44f 2200 	mov.w	r2, #524288	@ 0x80000
200005ae:	4b43      	ldr	r3, [pc, #268]	@ (200006bc <dcd_rp2040_irq+0x2e0>)
200005b0:	651a      	str	r2, [r3, #80]	@ 0x50
200005b2:	046a      	lsls	r2, r5, #17
200005b4:	d5cc      	bpl.n	20000550 <dcd_rp2040_irq+0x174>
200005b6:	f44f 6380 	mov.w	r3, #1024	@ 0x400
200005ba:	2101      	movs	r1, #1
200005bc:	a801      	add	r0, sp, #4
200005be:	f8ad 3004 	strh.w	r3, [sp, #4]
200005c2:	f000 fb0d 	bl	20000be0 <dcd_event_handler>
200005c6:	2210      	movs	r2, #16
200005c8:	4b3c      	ldr	r3, [pc, #240]	@ (200006bc <dcd_rp2040_irq+0x2e0>)
200005ca:	f446 4680 	orr.w	r6, r6, #16384	@ 0x4000
200005ce:	651a      	str	r2, [r3, #80]	@ 0x50
200005d0:	042b      	lsls	r3, r5, #16
200005d2:	d5bf      	bpl.n	20000554 <dcd_rp2040_irq+0x178>
200005d4:	f44f 63a0 	mov.w	r3, #1280	@ 0x500
200005d8:	2101      	movs	r1, #1
200005da:	a801      	add	r0, sp, #4
200005dc:	f8ad 3004 	strh.w	r3, [sp, #4]
200005e0:	f000 fafe 	bl	20000be0 <dcd_event_handler>
200005e4:	f44f 6200 	mov.w	r2, #2048	@ 0x800
200005e8:	4b34      	ldr	r3, [pc, #208]	@ (200006bc <dcd_rp2040_irq+0x2e0>)
200005ea:	f446 4600 	orr.w	r6, r6, #32768	@ 0x8000
200005ee:	651a      	str	r2, [r3, #80]	@ 0x50
200005f0:	e7b0      	b.n	20000554 <dcd_rp2040_irq+0x178>
200005f2:	f894 603a 	ldrb.w	r6, [r4, #58]	@ 0x3a
200005f6:	2e00      	cmp	r6, #0
200005f8:	f43f af03 	beq.w	20000402 <dcd_rp2040_irq+0x26>
200005fc:	f894 303c 	ldrb.w	r3, [r4, #60]	@ 0x3c
20000600:	2b00      	cmp	r3, #0
20000602:	f43f aefe 	beq.w	20000402 <dcd_rp2040_irq+0x26>
20000606:	2300      	movs	r3, #0
20000608:	f104 0020 	add.w	r0, r4, #32
2000060c:	f884 303c 	strb.w	r3, [r4, #60]	@ 0x3c
20000610:	f000 fa96 	bl	20000b40 <hw_endpoint_start_next_buffer>
20000614:	e6f5      	b.n	20000402 <dcd_rp2040_irq+0x26>
20000616:	f894 737a 	ldrb.w	r7, [r4, #890]	@ 0x37a
2000061a:	2f00      	cmp	r7, #0
2000061c:	f43f af32 	beq.w	20000484 <dcd_rp2040_irq+0xa8>
20000620:	f894 337c 	ldrb.w	r3, [r4, #892]	@ 0x37c
20000624:	2b00      	cmp	r3, #0
20000626:	f040 8136 	bne.w	20000896 <dcd_rp2040_irq+0x4ba>
2000062a:	f894 33bb 	ldrb.w	r3, [r4, #955]	@ 0x3bb
2000062e:	2b02      	cmp	r3, #2
20000630:	d123      	bne.n	2000067a <dcd_rp2040_irq+0x29e>
20000632:	f894 33ba 	ldrb.w	r3, [r4, #954]	@ 0x3ba
20000636:	b9db      	cbnz	r3, 20000670 <dcd_rp2040_irq+0x294>
20000638:	f894 33fb 	ldrb.w	r3, [r4, #1019]	@ 0x3fb
2000063c:	2b02      	cmp	r3, #2
2000063e:	f47f af34 	bne.w	200004aa <dcd_rp2040_irq+0xce>
20000642:	463e      	mov	r6, r7
20000644:	f894 33fa 	ldrb.w	r3, [r4, #1018]	@ 0x3fa
20000648:	2b00      	cmp	r3, #0
2000064a:	f43f af25 	beq.w	20000498 <dcd_rp2040_irq+0xbc>
2000064e:	f894 33fc 	ldrb.w	r3, [r4, #1020]	@ 0x3fc
20000652:	2b00      	cmp	r3, #0
20000654:	f43f af29 	beq.w	200004aa <dcd_rp2040_irq+0xce>
20000658:	2300      	movs	r3, #0
2000065a:	481d      	ldr	r0, [pc, #116]	@ (200006d0 <dcd_rp2040_irq+0x2f4>)
2000065c:	f884 33fc 	strb.w	r3, [r4, #1020]	@ 0x3fc
20000660:	f000 fa6e 	bl	20000b40 <hw_endpoint_start_next_buffer>
20000664:	e721      	b.n	200004aa <dcd_rp2040_irq+0xce>
20000666:	f894 33ba 	ldrb.w	r3, [r4, #954]	@ 0x3ba
2000066a:	2b00      	cmp	r3, #0
2000066c:	f43f af0f 	beq.w	2000048e <dcd_rp2040_irq+0xb2>
20000670:	f894 33bc 	ldrb.w	r3, [r4, #956]	@ 0x3bc
20000674:	2b00      	cmp	r3, #0
20000676:	f040 80a7 	bne.w	200007c8 <dcd_rp2040_irq+0x3ec>
2000067a:	f894 33fb 	ldrb.w	r3, [r4, #1019]	@ 0x3fb
2000067e:	2b02      	cmp	r3, #2
20000680:	f47f af13 	bne.w	200004aa <dcd_rp2040_irq+0xce>
20000684:	f894 33fa 	ldrb.w	r3, [r4, #1018]	@ 0x3fa
20000688:	2b00      	cmp	r3, #0
2000068a:	d1e0      	bne.n	2000064e <dcd_rp2040_irq+0x272>
2000068c:	e70d      	b.n	200004aa <dcd_rp2040_irq+0xce>
2000068e:	f894 733a 	ldrb.w	r7, [r4, #826]	@ 0x33a
20000692:	2f00      	cmp	r7, #0
20000694:	f43f aef1 	beq.w	2000047a <dcd_rp2040_irq+0x9e>
20000698:	f894 333c 	ldrb.w	r3, [r4, #828]	@ 0x33c
2000069c:	2b00      	cmp	r3, #0
2000069e:	f040 80f2 	bne.w	20000886 <dcd_rp2040_irq+0x4aa>
200006a2:	463e      	mov	r6, r7
200006a4:	e6e9      	b.n	2000047a <dcd_rp2040_irq+0x9e>
200006a6:	bf00      	nop
200006a8:	50110000 	.word	0x50110000
200006ac:	400b0000 	.word	0x400b0000
200006b0:	20001aa0 	.word	0x20001aa0
200006b4:	20001a98 	.word	0x20001a98
200006b8:	20001efe 	.word	0x20001efe
200006bc:	50113000 	.word	0x50113000
200006c0:	00020010 	.word	0x00020010
200006c4:	50112000 	.word	0x50112000
200006c8:	50100000 	.word	0x50100000
200006cc:	20001ac0 	.word	0x20001ac0
200006d0:	20001e80 	.word	0x20001e80
200006d4:	f894 72fa 	ldrb.w	r7, [r4, #762]	@ 0x2fa
200006d8:	2f00      	cmp	r7, #0
200006da:	f43f aec9 	beq.w	20000470 <dcd_rp2040_irq+0x94>
200006de:	f894 32fc 	ldrb.w	r3, [r4, #764]	@ 0x2fc
200006e2:	2b00      	cmp	r3, #0
200006e4:	f040 80c7 	bne.w	20000876 <dcd_rp2040_irq+0x49a>
200006e8:	463e      	mov	r6, r7
200006ea:	e6c1      	b.n	20000470 <dcd_rp2040_irq+0x94>
200006ec:	f894 72ba 	ldrb.w	r7, [r4, #698]	@ 0x2ba
200006f0:	2f00      	cmp	r7, #0
200006f2:	f43f aeb8 	beq.w	20000466 <dcd_rp2040_irq+0x8a>
200006f6:	f894 32bc 	ldrb.w	r3, [r4, #700]	@ 0x2bc
200006fa:	2b00      	cmp	r3, #0
200006fc:	f040 80b3 	bne.w	20000866 <dcd_rp2040_irq+0x48a>
20000700:	463e      	mov	r6, r7
20000702:	e6b0      	b.n	20000466 <dcd_rp2040_irq+0x8a>
20000704:	f894 727a 	ldrb.w	r7, [r4, #634]	@ 0x27a
20000708:	2f00      	cmp	r7, #0
2000070a:	f43f aea7 	beq.w	2000045c <dcd_rp2040_irq+0x80>
2000070e:	f894 327c 	ldrb.w	r3, [r4, #636]	@ 0x27c
20000712:	2b00      	cmp	r3, #0
20000714:	f040 809f 	bne.w	20000856 <dcd_rp2040_irq+0x47a>
20000718:	463e      	mov	r6, r7
2000071a:	e69f      	b.n	2000045c <dcd_rp2040_irq+0x80>
2000071c:	f894 723a 	ldrb.w	r7, [r4, #570]	@ 0x23a
20000720:	2f00      	cmp	r7, #0
20000722:	f43f ae96 	beq.w	20000452 <dcd_rp2040_irq+0x76>
20000726:	f894 323c 	ldrb.w	r3, [r4, #572]	@ 0x23c
2000072a:	2b00      	cmp	r3, #0
2000072c:	f040 808b 	bne.w	20000846 <dcd_rp2040_irq+0x46a>
20000730:	463e      	mov	r6, r7
20000732:	e68e      	b.n	20000452 <dcd_rp2040_irq+0x76>
20000734:	f894 71fa 	ldrb.w	r7, [r4, #506]	@ 0x1fa
20000738:	2f00      	cmp	r7, #0
2000073a:	f43f ae85 	beq.w	20000448 <dcd_rp2040_irq+0x6c>
2000073e:	f894 31fc 	ldrb.w	r3, [r4, #508]	@ 0x1fc
20000742:	2b00      	cmp	r3, #0
20000744:	d177      	bne.n	20000836 <dcd_rp2040_irq+0x45a>
20000746:	463e      	mov	r6, r7
20000748:	e67e      	b.n	20000448 <dcd_rp2040_irq+0x6c>
2000074a:	f894 71ba 	ldrb.w	r7, [r4, #442]	@ 0x1ba
2000074e:	2f00      	cmp	r7, #0
20000750:	f43f ae75 	beq.w	2000043e <dcd_rp2040_irq+0x62>
20000754:	f894 31bc 	ldrb.w	r3, [r4, #444]	@ 0x1bc
20000758:	2b00      	cmp	r3, #0
2000075a:	d164      	bne.n	20000826 <dcd_rp2040_irq+0x44a>
2000075c:	463e      	mov	r6, r7
2000075e:	e66e      	b.n	2000043e <dcd_rp2040_irq+0x62>
20000760:	f894 717a 	ldrb.w	r7, [r4, #378]	@ 0x17a
20000764:	2f00      	cmp	r7, #0
20000766:	f43f ae65 	beq.w	20000434 <dcd_rp2040_irq+0x58>
2000076a:	f894 317c 	ldrb.w	r3, [r4, #380]	@ 0x17c
2000076e:	2b00      	cmp	r3, #0
20000770:	d151      	bne.n	20000816 <dcd_rp2040_irq+0x43a>
20000772:	463e      	mov	r6, r7
20000774:	e65e      	b.n	20000434 <dcd_rp2040_irq+0x58>
20000776:	f894 713a 	ldrb.w	r7, [r4, #314]	@ 0x13a
2000077a:	2f00      	cmp	r7, #0
2000077c:	f43f ae55 	beq.w	2000042a <dcd_rp2040_irq+0x4e>
20000780:	f894 313c 	ldrb.w	r3, [r4, #316]	@ 0x13c
20000784:	2b00      	cmp	r3, #0
20000786:	d13e      	bne.n	20000806 <dcd_rp2040_irq+0x42a>
20000788:	463e      	mov	r6, r7
2000078a:	e64e      	b.n	2000042a <dcd_rp2040_irq+0x4e>
2000078c:	f894 70fa 	ldrb.w	r7, [r4, #250]	@ 0xfa
20000790:	2f00      	cmp	r7, #0
20000792:	f43f ae45 	beq.w	20000420 <dcd_rp2040_irq+0x44>
20000796:	f894 30fc 	ldrb.w	r3, [r4, #252]	@ 0xfc
2000079a:	bb63      	cbnz	r3, 200007f6 <dcd_rp2040_irq+0x41a>
2000079c:	463e      	mov	r6, r7
2000079e:	e63f      	b.n	20000420 <dcd_rp2040_irq+0x44>
200007a0:	f894 70ba 	ldrb.w	r7, [r4, #186]	@ 0xba
200007a4:	2f00      	cmp	r7, #0
200007a6:	f43f ae36 	beq.w	20000416 <dcd_rp2040_irq+0x3a>
200007aa:	f894 30bc 	ldrb.w	r3, [r4, #188]	@ 0xbc
200007ae:	b9d3      	cbnz	r3, 200007e6 <dcd_rp2040_irq+0x40a>
200007b0:	463e      	mov	r6, r7
200007b2:	e630      	b.n	20000416 <dcd_rp2040_irq+0x3a>
200007b4:	f894 707a 	ldrb.w	r7, [r4, #122]	@ 0x7a
200007b8:	2f00      	cmp	r7, #0
200007ba:	f43f ae27 	beq.w	2000040c <dcd_rp2040_irq+0x30>
200007be:	f894 307c 	ldrb.w	r3, [r4, #124]	@ 0x7c
200007c2:	b943      	cbnz	r3, 200007d6 <dcd_rp2040_irq+0x3fa>
200007c4:	463e      	mov	r6, r7
200007c6:	e621      	b.n	2000040c <dcd_rp2040_irq+0x30>
200007c8:	2300      	movs	r3, #0
200007ca:	4839      	ldr	r0, [pc, #228]	@ (200008b0 <dcd_rp2040_irq+0x4d4>)
200007cc:	f884 33bc 	strb.w	r3, [r4, #956]	@ 0x3bc
200007d0:	f000 f9b6 	bl	20000b40 <hw_endpoint_start_next_buffer>
200007d4:	e751      	b.n	2000067a <dcd_rp2040_irq+0x29e>
200007d6:	2300      	movs	r3, #0
200007d8:	4836      	ldr	r0, [pc, #216]	@ (200008b4 <dcd_rp2040_irq+0x4d8>)
200007da:	f884 307c 	strb.w	r3, [r4, #124]	@ 0x7c
200007de:	463e      	mov	r6, r7
200007e0:	f000 f9ae 	bl	20000b40 <hw_endpoint_start_next_buffer>
200007e4:	e612      	b.n	2000040c <dcd_rp2040_irq+0x30>
200007e6:	2300      	movs	r3, #0
200007e8:	4833      	ldr	r0, [pc, #204]	@ (200008b8 <dcd_rp2040_irq+0x4dc>)
200007ea:	f884 30bc 	strb.w	r3, [r4, #188]	@ 0xbc
200007ee:	463e      	mov	r6, r7
200007f0:	f000 f9a6 	bl	20000b40 <hw_endpoint_start_next_buffer>
200007f4:	e60f      	b.n	20000416 <dcd_rp2040_irq+0x3a>
200007f6:	2300      	movs	r3, #0
200007f8:	4830      	ldr	r0, [pc, #192]	@ (200008bc <dcd_rp2040_irq+0x4e0>)
200007fa:	f884 30fc 	strb.w	r3, [r4, #252]	@ 0xfc
200007fe:	463e      	mov	r6, r7
20000800:	f000 f99e 	bl	20000b40 <hw_endpoint_start_next_buffer>
20000804:	e60c      	b.n	20000420 <dcd_rp2040_irq+0x44>
20000806:	2300      	movs	r3, #0
20000808:	482d      	ldr	r0, [pc, #180]	@ (200008c0 <dcd_rp2040_irq+0x4e4>)
2000080a:	f884 313c 	strb.w	r3, [r4, #316]	@ 0x13c
2000080e:	463e      	mov	r6, r7
20000810:	f000 f996 	bl	20000b40 <hw_endpoint_start_next_buffer>
20000814:	e609      	b.n	2000042a <dcd_rp2040_irq+0x4e>
20000816:	2300      	movs	r3, #0
20000818:	482a      	ldr	r0, [pc, #168]	@ (200008c4 <dcd_rp2040_irq+0x4e8>)
2000081a:	f884 317c 	strb.w	r3, [r4, #380]	@ 0x17c
2000081e:	463e      	mov	r6, r7
20000820:	f000 f98e 	bl	20000b40 <hw_endpoint_start_next_buffer>
20000824:	e606      	b.n	20000434 <dcd_rp2040_irq+0x58>
20000826:	2300      	movs	r3, #0
20000828:	4827      	ldr	r0, [pc, #156]	@ (200008c8 <dcd_rp2040_irq+0x4ec>)
2000082a:	f884 31bc 	strb.w	r3, [r4, #444]	@ 0x1bc
2000082e:	463e      	mov	r6, r7
20000830:	f000 f986 	bl	20000b40 <hw_endpoint_start_next_buffer>
20000834:	e603      	b.n	2000043e <dcd_rp2040_irq+0x62>
20000836:	2300      	movs	r3, #0
20000838:	4824      	ldr	r0, [pc, #144]	@ (200008cc <dcd_rp2040_irq+0x4f0>)
2000083a:	f884 31fc 	strb.w	r3, [r4, #508]	@ 0x1fc
2000083e:	463e      	mov	r6, r7
20000840:	f000 f97e 	bl	20000b40 <hw_endpoint_start_next_buffer>
20000844:	e600      	b.n	20000448 <dcd_rp2040_irq+0x6c>
20000846:	2300      	movs	r3, #0
20000848:	4821      	ldr	r0, [pc, #132]	@ (200008d0 <dcd_rp2040_irq+0x4f4>)
2000084a:	f884 323c 	strb.w	r3, [r4, #572]	@ 0x23c
2000084e:	463e      	mov	r6, r7
20000850:	f000 f976 	bl	20000b40 <hw_endpoint_start_next_buffer>
20000854:	e5fd      	b.n	20000452 <dcd_rp2040_irq+0x76>
20000856:	2300      	movs	r3, #0
20000858:	481e      	ldr	r0, [pc, #120]	@ (200008d4 <dcd_rp2040_irq+0x4f8>)
2000085a:	f884 327c 	strb.w	r3, [r4, #636]	@ 0x27c
2000085e:	463e      	mov	r6, r7
20000860:	f000 f96e 	bl	20000b40 <hw_endpoint_start_next_buffer>
20000864:	e5fa      	b.n	2000045c <dcd_rp2040_irq+0x80>
20000866:	2300      	movs	r3, #0
20000868:	481b      	ldr	r0, [pc, #108]	@ (200008d8 <dcd_rp2040_irq+0x4fc>)
2000086a:	f884 32bc 	strb.w	r3, [r4, #700]	@ 0x2bc
2000086e:	463e      	mov	r6, r7
20000870:	f000 f966 	bl	20000b40 <hw_endpoint_start_next_buffer>
20000874:	e5f7      	b.n	20000466 <dcd_rp2040_irq+0x8a>
20000876:	2300      	movs	r3, #0
20000878:	4818      	ldr	r0, [pc, #96]	@ (200008dc <dcd_rp2040_irq+0x500>)
2000087a:	f884 32fc 	strb.w	r3, [r4, #764]	@ 0x2fc
2000087e:	463e      	mov	r6, r7
20000880:	f000 f95e 	bl	20000b40 <hw_endpoint_start_next_buffer>
20000884:	e5f4      	b.n	20000470 <dcd_rp2040_irq+0x94>
20000886:	2300      	movs	r3, #0
20000888:	4815      	ldr	r0, [pc, #84]	@ (200008e0 <dcd_rp2040_irq+0x504>)
2000088a:	f884 333c 	strb.w	r3, [r4, #828]	@ 0x33c
2000088e:	463e      	mov	r6, r7
20000890:	f000 f956 	bl	20000b40 <hw_endpoint_start_next_buffer>
20000894:	e5f1      	b.n	2000047a <dcd_rp2040_irq+0x9e>
20000896:	2300      	movs	r3, #0
20000898:	4812      	ldr	r0, [pc, #72]	@ (200008e4 <dcd_rp2040_irq+0x508>)
2000089a:	f884 337c 	strb.w	r3, [r4, #892]	@ 0x37c
2000089e:	f000 f94f 	bl	20000b40 <hw_endpoint_start_next_buffer>
200008a2:	e6c2      	b.n	2000062a <dcd_rp2040_irq+0x24e>
200008a4:	4810      	ldr	r0, [pc, #64]	@ (200008e8 <dcd_rp2040_irq+0x50c>)
200008a6:	ea86 0105 	eor.w	r1, r6, r5
200008aa:	f000 fe09 	bl	200014c0 <__panic_veneer>
200008ae:	bf00      	nop
200008b0:	20001e40 	.word	0x20001e40
200008b4:	20001b00 	.word	0x20001b00
200008b8:	20001b40 	.word	0x20001b40
200008bc:	20001b80 	.word	0x20001b80
200008c0:	20001bc0 	.word	0x20001bc0
200008c4:	20001c00 	.word	0x20001c00
200008c8:	20001c40 	.word	0x20001c40
200008cc:	20001c80 	.word	0x20001c80
200008d0:	20001cc0 	.word	0x20001cc0
200008d4:	20001d00 	.word	0x20001d00
200008d8:	20001d40 	.word	0x20001d40
200008dc:	20001d80 	.word	0x20001d80
200008e0:	20001dc0 	.word	0x20001dc0
200008e4:	20001e00 	.word	0x20001e00
200008e8:	10006090 	.word	0x10006090

200008ec <prepare_ep_buffer>:
200008ec:	e92d 43f0 	stmdb	sp!, {r4, r5, r6, r7, r8, r9, lr}
200008f0:	8a82      	ldrh	r2, [r0, #20]
200008f2:	8b04      	ldrh	r4, [r0, #24]
200008f4:	4603      	mov	r3, r0
200008f6:	4294      	cmp	r4, r2
200008f8:	78c0      	ldrb	r0, [r0, #3]
200008fa:	bf28      	it	cs
200008fc:	4614      	movcs	r4, r2
200008fe:	1e05      	subs	r5, r0, #0
20000900:	bf18      	it	ne
20000902:	2501      	movne	r5, #1
20000904:	f080 0001 	eor.w	r0, r0, #1
20000908:	1b12      	subs	r2, r2, r4
2000090a:	785e      	ldrb	r6, [r3, #1]
2000090c:	70d8      	strb	r0, [r3, #3]
2000090e:	b292      	uxth	r2, r2
20000910:	f444 6080 	orr.w	r0, r4, #1024	@ 0x400
20000914:	829a      	strh	r2, [r3, #20]
20000916:	ea40 3045 	orr.w	r0, r0, r5, lsl #13
2000091a:	bb06      	cbnz	r6, 2000095e <prepare_ep_buffer+0x72>
2000091c:	68dd      	ldr	r5, [r3, #12]
2000091e:	f104 38ff 	add.w	r8, r4, #4294967295	@ 0xffffffff
20000922:	eb05 1c81 	add.w	ip, r5, r1, lsl #6
20000926:	691d      	ldr	r5, [r3, #16]
20000928:	b1ac      	cbz	r4, 20000956 <prepare_ep_buffer+0x6a>
2000092a:	f1b8 0f05 	cmp.w	r8, #5
2000092e:	f105 0201 	add.w	r2, r5, #1
20000932:	d903      	bls.n	2000093c <prepare_ep_buffer+0x50>
20000934:	ebac 0702 	sub.w	r7, ip, r2
20000938:	2f02      	cmp	r7, #2
2000093a:	d817      	bhi.n	2000096c <prepare_ep_buffer+0x80>
2000093c:	f10c 3cff 	add.w	ip, ip, #4294967295	@ 0xffffffff
20000940:	4425      	add	r5, r4
20000942:	e000      	b.n	20000946 <prepare_ep_buffer+0x5a>
20000944:	3201      	adds	r2, #1
20000946:	f812 6c01 	ldrb.w	r6, [r2, #-1]
2000094a:	42aa      	cmp	r2, r5
2000094c:	f80c 6f01 	strb.w	r6, [ip, #1]!
20000950:	d1f8      	bne.n	20000944 <prepare_ep_buffer+0x58>
20000952:	691d      	ldr	r5, [r3, #16]
20000954:	8a9a      	ldrh	r2, [r3, #20]
20000956:	4425      	add	r5, r4
20000958:	611d      	str	r5, [r3, #16]
2000095a:	f440 4000 	orr.w	r0, r0, #32768	@ 0x8000
2000095e:	b90a      	cbnz	r2, 20000964 <prepare_ep_buffer+0x78>
20000960:	f440 4080 	orr.w	r0, r0, #16384	@ 0x4000
20000964:	b101      	cbz	r1, 20000968 <prepare_ep_buffer+0x7c>
20000966:	0400      	lsls	r0, r0, #16
20000968:	e8bd 83f0 	ldmia.w	sp!, {r4, r5, r6, r7, r8, r9, pc}
2000096c:	462f      	mov	r7, r5
2000096e:	46e6      	mov	lr, ip
20000970:	4632      	mov	r2, r6
20000972:	1f26      	subs	r6, r4, #4
20000974:	08b6      	lsrs	r6, r6, #2
20000976:	3601      	adds	r6, #1
20000978:	f857 9b04 	ldr.w	r9, [r7], #4
2000097c:	3201      	adds	r2, #1
2000097e:	4296      	cmp	r6, r2
20000980:	f84e 9b04 	str.w	r9, [lr], #4
20000984:	d8f8      	bhi.n	20000978 <prepare_ep_buffer+0x8c>
20000986:	ebb4 0f86 	cmp.w	r4, r6, lsl #2
2000098a:	eba8 0286 	sub.w	r2, r8, r6, lsl #2
2000098e:	eb05 0e86 	add.w	lr, r5, r6, lsl #2
20000992:	eb0c 0786 	add.w	r7, ip, r6, lsl #2
20000996:	d0dc      	beq.n	20000952 <prepare_ep_buffer+0x66>
20000998:	f815 5026 	ldrb.w	r5, [r5, r6, lsl #2]
2000099c:	f80c 5026 	strb.w	r5, [ip, r6, lsl #2]
200009a0:	2a00      	cmp	r2, #0
200009a2:	d0d6      	beq.n	20000952 <prepare_ep_buffer+0x66>
200009a4:	f89e 5001 	ldrb.w	r5, [lr, #1]
200009a8:	2a01      	cmp	r2, #1
200009aa:	707d      	strb	r5, [r7, #1]
200009ac:	d0d1      	beq.n	20000952 <prepare_ep_buffer+0x66>
200009ae:	f89e 2002 	ldrb.w	r2, [lr, #2]
200009b2:	70ba      	strb	r2, [r7, #2]
200009b4:	691d      	ldr	r5, [r3, #16]
200009b6:	8a9a      	ldrh	r2, [r3, #20]
200009b8:	e7cd      	b.n	20000956 <prepare_ep_buffer+0x6a>
200009ba:	bf00      	nop

200009bc <sync_ep_buffer>:
200009bc:	6883      	ldr	r3, [r0, #8]
200009be:	4602      	mov	r2, r0
200009c0:	6818      	ldr	r0, [r3, #0]
200009c2:	b101      	cbz	r1, 200009c6 <sync_ep_buffer+0xa>
200009c4:	0c00      	lsrs	r0, r0, #16
200009c6:	7853      	ldrb	r3, [r2, #1]
200009c8:	f3c0 0009 	ubfx	r0, r0, #0, #10
200009cc:	b313      	cbz	r3, 20000a14 <sync_ep_buffer+0x58>
200009ce:	b5f0      	push	{r4, r5, r6, r7, lr}
200009d0:	e9d2 5403 	ldrd	r5, r4, [r2, #12]
200009d4:	018f      	lsls	r7, r1, #6
200009d6:	eb05 1381 	add.w	r3, r5, r1, lsl #6
200009da:	1e46      	subs	r6, r0, #1
200009dc:	b178      	cbz	r0, 200009fe <sync_ep_buffer+0x42>
200009de:	2e05      	cmp	r6, #5
200009e0:	d904      	bls.n	200009ec <sync_ep_buffer+0x30>
200009e2:	3701      	adds	r7, #1
200009e4:	443d      	add	r5, r7
200009e6:	1b65      	subs	r5, r4, r5
200009e8:	2d02      	cmp	r5, #2
200009ea:	d81c      	bhi.n	20000a26 <sync_ep_buffer+0x6a>
200009ec:	1e61      	subs	r1, r4, #1
200009ee:	181d      	adds	r5, r3, r0
200009f0:	f813 4b01 	ldrb.w	r4, [r3], #1
200009f4:	429d      	cmp	r5, r3
200009f6:	f801 4f01 	strb.w	r4, [r1, #1]!
200009fa:	d1f9      	bne.n	200009f0 <sync_ep_buffer+0x34>
200009fc:	6914      	ldr	r4, [r2, #16]
200009fe:	8ad3      	ldrh	r3, [r2, #22]
20000a00:	4404      	add	r4, r0
20000a02:	4403      	add	r3, r0
20000a04:	82d3      	strh	r3, [r2, #22]
20000a06:	8b13      	ldrh	r3, [r2, #24]
20000a08:	6114      	str	r4, [r2, #16]
20000a0a:	4283      	cmp	r3, r0
20000a0c:	bf84      	itt	hi
20000a0e:	2300      	movhi	r3, #0
20000a10:	8293      	strhhi	r3, [r2, #20]
20000a12:	bdf0      	pop	{r4, r5, r6, r7, pc}
20000a14:	8ad3      	ldrh	r3, [r2, #22]
20000a16:	4403      	add	r3, r0
20000a18:	82d3      	strh	r3, [r2, #22]
20000a1a:	8b13      	ldrh	r3, [r2, #24]
20000a1c:	4283      	cmp	r3, r0
20000a1e:	bf84      	itt	hi
20000a20:	2300      	movhi	r3, #0
20000a22:	8293      	strhhi	r3, [r2, #20]
20000a24:	4770      	bx	lr
20000a26:	469e      	mov	lr, r3
20000a28:	4625      	mov	r5, r4
20000a2a:	2100      	movs	r1, #0
20000a2c:	f1a0 0c04 	sub.w	ip, r0, #4
20000a30:	ea4f 0c9c 	mov.w	ip, ip, lsr #2
20000a34:	f10c 0c01 	add.w	ip, ip, #1
20000a38:	f85e 7b04 	ldr.w	r7, [lr], #4
20000a3c:	3101      	adds	r1, #1
20000a3e:	4561      	cmp	r1, ip
20000a40:	f845 7b04 	str.w	r7, [r5], #4
20000a44:	d3f8      	bcc.n	20000a38 <sync_ep_buffer+0x7c>
20000a46:	ebb0 0f8c 	cmp.w	r0, ip, lsl #2
20000a4a:	eba6 068c 	sub.w	r6, r6, ip, lsl #2
20000a4e:	eb03 058c 	add.w	r5, r3, ip, lsl #2
20000a52:	eb04 018c 	add.w	r1, r4, ip, lsl #2
20000a56:	d0d1      	beq.n	200009fc <sync_ep_buffer+0x40>
20000a58:	f813 302c 	ldrb.w	r3, [r3, ip, lsl #2]
20000a5c:	f804 302c 	strb.w	r3, [r4, ip, lsl #2]
20000a60:	2e00      	cmp	r6, #0
20000a62:	d0cb      	beq.n	200009fc <sync_ep_buffer+0x40>
20000a64:	786b      	ldrb	r3, [r5, #1]
20000a66:	2e01      	cmp	r6, #1
20000a68:	704b      	strb	r3, [r1, #1]
20000a6a:	d0c7      	beq.n	200009fc <sync_ep_buffer+0x40>
20000a6c:	78ab      	ldrb	r3, [r5, #2]
20000a6e:	708b      	strb	r3, [r1, #2]
20000a70:	6914      	ldr	r4, [r2, #16]
20000a72:	e7c4      	b.n	200009fe <sync_ep_buffer+0x42>

20000a74 <_hw_endpoint_xfer_sync>:
20000a74:	b510      	push	{r4, lr}
20000a76:	4604      	mov	r4, r0
20000a78:	6883      	ldr	r3, [r0, #8]
20000a7a:	2100      	movs	r1, #0
20000a7c:	681b      	ldr	r3, [r3, #0]
20000a7e:	f7ff ff9d 	bl	200009bc <sync_ep_buffer>
20000a82:	6863      	ldr	r3, [r4, #4]
20000a84:	681b      	ldr	r3, [r3, #0]
20000a86:	005b      	lsls	r3, r3, #1
20000a88:	d502      	bpl.n	20000a90 <_hw_endpoint_xfer_sync+0x1c>
20000a8a:	8b23      	ldrh	r3, [r4, #24]
20000a8c:	4283      	cmp	r3, r0
20000a8e:	d000      	beq.n	20000a92 <_hw_endpoint_xfer_sync+0x1e>
20000a90:	bd10      	pop	{r4, pc}
20000a92:	4620      	mov	r0, r4
20000a94:	e8bd 4010 	ldmia.w	sp!, {r4, lr}
20000a98:	2101      	movs	r1, #1
20000a9a:	f7ff bf8f 	b.w	200009bc <sync_ep_buffer>
20000a9e:	bf00      	nop

20000aa0 <e15_is_bulkin_ep>:
20000aa0:	4b08      	ldr	r3, [pc, #32]	@ (20000ac4 <e15_is_bulkin_ep+0x24>)
20000aa2:	6c1b      	ldr	r3, [r3, #64]	@ 0x40
20000aa4:	f013 0302 	ands.w	r3, r3, #2
20000aa8:	d102      	bne.n	20000ab0 <e15_is_bulkin_ep+0x10>
20000aaa:	7882      	ldrb	r2, [r0, #2]
20000aac:	09d2      	lsrs	r2, r2, #7
20000aae:	d101      	bne.n	20000ab4 <e15_is_bulkin_ep+0x14>
20000ab0:	2000      	movs	r0, #0
20000ab2:	4770      	bx	lr
20000ab4:	7ec0      	ldrb	r0, [r0, #27]
20000ab6:	f1a0 0002 	sub.w	r0, r0, #2
20000aba:	fab0 f080 	clz	r0, r0
20000abe:	0940      	lsrs	r0, r0, #5
20000ac0:	4770      	bx	lr
20000ac2:	bf00      	nop
20000ac4:	50110000 	.word	0x50110000

20000ac8 <e15_is_critical_frame_period>:
20000ac8:	b508      	push	{r3, lr}
20000aca:	f7ff ffe9 	bl	20000aa0 <e15_is_bulkin_ep>
20000ace:	b150      	cbz	r0, 20000ae6 <e15_is_critical_frame_period+0x1e>
20000ad0:	4a05      	ldr	r2, [pc, #20]	@ (20000ae8 <e15_is_critical_frame_period+0x20>)
20000ad2:	4b06      	ldr	r3, [pc, #24]	@ (20000aec <e15_is_critical_frame_period+0x24>)
20000ad4:	6a90      	ldr	r0, [r2, #40]	@ 0x28
20000ad6:	681b      	ldr	r3, [r3, #0]
20000ad8:	f5a0 7048 	sub.w	r0, r0, #800	@ 0x320
20000adc:	1ac0      	subs	r0, r0, r3
20000ade:	28c6      	cmp	r0, #198	@ 0xc6
20000ae0:	bf8c      	ite	hi
20000ae2:	2000      	movhi	r0, #0
20000ae4:	2001      	movls	r0, #1
20000ae6:	bd08      	pop	{r3, pc}
20000ae8:	400b0000 	.word	0x400b0000
20000aec:	20001a98 	.word	0x20001a98

20000af0 <hw_endpoint_reset_transfer>:
20000af0:	2300      	movs	r3, #0
20000af2:	e9c0 3304 	strd	r3, r3, [r0, #16]
20000af6:	7683      	strb	r3, [r0, #26]
20000af8:	4770      	bx	lr
20000afa:	bf00      	nop

20000afc <_hw_endpoint_buffer_control_update32>:
20000afc:	b510      	push	{r4, lr}
20000afe:	6883      	ldr	r3, [r0, #8]
20000b00:	b109      	cbz	r1, 20000b06 <_hw_endpoint_buffer_control_update32+0xa>
20000b02:	681c      	ldr	r4, [r3, #0]
20000b04:	4021      	ands	r1, r4
20000b06:	b182      	cbz	r2, 20000b2a <_hw_endpoint_buffer_control_update32+0x2e>
20000b08:	4311      	orrs	r1, r2
20000b0a:	0552      	lsls	r2, r2, #21
20000b0c:	d50d      	bpl.n	20000b2a <_hw_endpoint_buffer_control_update32+0x2e>
20000b0e:	681a      	ldr	r2, [r3, #0]
20000b10:	0554      	lsls	r4, r2, #21
20000b12:	d40c      	bmi.n	20000b2e <_hw_endpoint_buffer_control_update32+0x32>
20000b14:	4a08      	ldr	r2, [pc, #32]	@ (20000b38 <_hw_endpoint_buffer_control_update32+0x3c>)
20000b16:	f421 6480 	bic.w	r4, r1, #1024	@ 0x400
20000b1a:	601c      	str	r4, [r3, #0]
20000b1c:	6c12      	ldr	r2, [r2, #64]	@ 0x40
20000b1e:	0792      	lsls	r2, r2, #30
20000b20:	d403      	bmi.n	20000b2a <_hw_endpoint_buffer_control_update32+0x2e>
20000b22:	230c      	movs	r3, #12
20000b24:	3b03      	subs	r3, #3
20000b26:	d2fd      	bcs.n	20000b24 <_hw_endpoint_buffer_control_update32+0x28>
20000b28:	6883      	ldr	r3, [r0, #8]
20000b2a:	6019      	str	r1, [r3, #0]
20000b2c:	bd10      	pop	{r4, pc}
20000b2e:	7881      	ldrb	r1, [r0, #2]
20000b30:	4802      	ldr	r0, [pc, #8]	@ (20000b3c <_hw_endpoint_buffer_control_update32+0x40>)
20000b32:	f000 fcc5 	bl	200014c0 <__panic_veneer>
20000b36:	bf00      	nop
20000b38:	50110000 	.word	0x50110000
20000b3c:	100060a4 	.word	0x100060a4

20000b40 <hw_endpoint_start_next_buffer>:
20000b40:	b530      	push	{r4, r5, lr}
20000b42:	6843      	ldr	r3, [r0, #4]
20000b44:	2100      	movs	r1, #0
20000b46:	b083      	sub	sp, #12
20000b48:	4604      	mov	r4, r0
20000b4a:	681d      	ldr	r5, [r3, #0]
20000b4c:	f7ff fece 	bl	200008ec <prepare_ep_buffer>
20000b50:	4b13      	ldr	r3, [pc, #76]	@ (20000ba0 <hw_endpoint_start_next_buffer+0x60>)
20000b52:	f440 5280 	orr.w	r2, r0, #4096	@ 0x1000
20000b56:	6c1b      	ldr	r3, [r3, #64]	@ 0x40
20000b58:	f013 0f02 	tst.w	r3, #2
20000b5c:	78a3      	ldrb	r3, [r4, #2]
20000b5e:	d00e      	beq.n	20000b7e <hw_endpoint_start_next_buffer+0x3e>
20000b60:	065b      	lsls	r3, r3, #25
20000b62:	d00e      	beq.n	20000b82 <hw_endpoint_start_next_buffer+0x42>
20000b64:	f025 45a0 	bic.w	r5, r5, #1342177280	@ 0x50000000
20000b68:	f045 5500 	orr.w	r5, r5, #536870912	@ 0x20000000
20000b6c:	2100      	movs	r1, #0
20000b6e:	4620      	mov	r0, r4
20000b70:	6863      	ldr	r3, [r4, #4]
20000b72:	601d      	str	r5, [r3, #0]
20000b74:	b003      	add	sp, #12
20000b76:	e8bd 4030 	ldmia.w	sp!, {r4, r5, lr}
20000b7a:	f7ff bfbf 	b.w	20000afc <_hw_endpoint_buffer_control_update32>
20000b7e:	09db      	lsrs	r3, r3, #7
20000b80:	d0f0      	beq.n	20000b64 <hw_endpoint_start_next_buffer+0x24>
20000b82:	8aa3      	ldrh	r3, [r4, #20]
20000b84:	2b00      	cmp	r3, #0
20000b86:	d0ed      	beq.n	20000b64 <hw_endpoint_start_next_buffer+0x24>
20000b88:	2101      	movs	r1, #1
20000b8a:	4620      	mov	r0, r4
20000b8c:	9201      	str	r2, [sp, #4]
20000b8e:	f7ff fead 	bl	200008ec <prepare_ep_buffer>
20000b92:	9a01      	ldr	r2, [sp, #4]
20000b94:	f025 5500 	bic.w	r5, r5, #536870912	@ 0x20000000
20000b98:	4302      	orrs	r2, r0
20000b9a:	f045 45a0 	orr.w	r5, r5, #1342177280	@ 0x50000000
20000b9e:	e7e5      	b.n	20000b6c <hw_endpoint_start_next_buffer+0x2c>
20000ba0:	50110000 	.word	0x50110000

20000ba4 <hw_endpoint_xfer_continue>:
20000ba4:	b538      	push	{r3, r4, r5, lr}
20000ba6:	7e85      	ldrb	r5, [r0, #26]
20000ba8:	4604      	mov	r4, r0
20000baa:	b195      	cbz	r5, 20000bd2 <hw_endpoint_xfer_continue+0x2e>
20000bac:	f7ff ff62 	bl	20000a74 <_hw_endpoint_xfer_sync>
20000bb0:	8aa3      	ldrh	r3, [r4, #20]
20000bb2:	b90b      	cbnz	r3, 20000bb8 <hw_endpoint_xfer_continue+0x14>
20000bb4:	4628      	mov	r0, r5
20000bb6:	bd38      	pop	{r3, r4, r5, pc}
20000bb8:	4620      	mov	r0, r4
20000bba:	f7ff ff85 	bl	20000ac8 <e15_is_critical_frame_period>
20000bbe:	b120      	cbz	r0, 20000bca <hw_endpoint_xfer_continue+0x26>
20000bc0:	2301      	movs	r3, #1
20000bc2:	7723      	strb	r3, [r4, #28]
20000bc4:	2500      	movs	r5, #0
20000bc6:	4628      	mov	r0, r5
20000bc8:	bd38      	pop	{r3, r4, r5, pc}
20000bca:	4620      	mov	r0, r4
20000bcc:	f7ff ffb8 	bl	20000b40 <hw_endpoint_start_next_buffer>
20000bd0:	e7f8      	b.n	20000bc4 <hw_endpoint_xfer_continue+0x20>
20000bd2:	7881      	ldrb	r1, [r0, #2]
20000bd4:	4801      	ldr	r0, [pc, #4]	@ (20000bdc <hw_endpoint_xfer_continue+0x38>)
20000bd6:	f000 fc73 	bl	200014c0 <__panic_veneer>
20000bda:	bf00      	nop
20000bdc:	100060c4 	.word	0x100060c4

20000be0 <dcd_event_handler>:
20000be0:	e92d 43f0 	stmdb	sp!, {r4, r5, r6, r7, r8, r9, lr}
20000be4:	7843      	ldrb	r3, [r0, #1]
20000be6:	4604      	mov	r4, r0
20000be8:	3b02      	subs	r3, #2
20000bea:	460d      	mov	r5, r1
20000bec:	b085      	sub	sp, #20
20000bee:	2b04      	cmp	r3, #4
20000bf0:	d813      	bhi.n	20000c1a <dcd_event_handler+0x3a>
20000bf2:	e8df f003 	tbb	[pc, r3]
20000bf6:	4803      	.short	0x4803
20000bf8:	7067      	.short	0x7067
20000bfa:	42          	.byte	0x42
20000bfb:	00          	.byte	0x00
20000bfc:	2100      	movs	r1, #0
20000bfe:	4b78      	ldr	r3, [pc, #480]	@ (20000de0 <dcd_event_handler+0x200>)
20000c00:	781a      	ldrb	r2, [r3, #0]
20000c02:	f022 0201 	bic.w	r2, r2, #1
20000c06:	701a      	strb	r2, [r3, #0]
20000c08:	781a      	ldrb	r2, [r3, #0]
20000c0a:	f022 0202 	bic.w	r2, r2, #2
20000c0e:	701a      	strb	r2, [r3, #0]
20000c10:	7059      	strb	r1, [r3, #1]
20000c12:	781a      	ldrb	r2, [r3, #0]
20000c14:	f361 0282 	bfi	r2, r1, #2, #1
20000c18:	701a      	strb	r2, [r3, #0]
20000c1a:	4b72      	ldr	r3, [pc, #456]	@ (20000de4 <dcd_event_handler+0x204>)
20000c1c:	681e      	ldr	r6, [r3, #0]
20000c1e:	6973      	ldr	r3, [r6, #20]
20000c20:	f3ef 8210 	mrs	r2, PRIMASK
20000c24:	b672      	cpsid	i
20000c26:	e8d3 0fcf 	ldaexb	r0, [r3]
20000c2a:	2101      	movs	r1, #1
20000c2c:	2800      	cmp	r0, #0
20000c2e:	d1fa      	bne.n	20000c26 <dcd_event_handler+0x46>
20000c30:	e8c3 1f40 	strexb	r0, r1, [r3]
20000c34:	2800      	cmp	r0, #0
20000c36:	d1f6      	bne.n	20000c26 <dcd_event_handler+0x46>
20000c38:	f3bf 8f5f 	dmb	sy
20000c3c:	61b2      	str	r2, [r6, #24]
20000c3e:	4621      	mov	r1, r4
20000c40:	4630      	mov	r0, r6
20000c42:	f000 fc35 	bl	200014b0 <__tu_fifo_write_veneer>
20000c46:	2300      	movs	r3, #0
20000c48:	6972      	ldr	r2, [r6, #20]
20000c4a:	e8c2 3f8f 	stlb	r3, [r2]
20000c4e:	69b3      	ldr	r3, [r6, #24]
20000c50:	f383 8810 	msr	PRIMASK, r3
20000c54:	b948      	cbnz	r0, 20000c6a <dcd_event_handler+0x8a>
20000c56:	f04f 23e0 	mov.w	r3, #3758153728	@ 0xe000e000
20000c5a:	f8d3 3df0 	ldr.w	r3, [r3, #3568]	@ 0xdf0
20000c5e:	07db      	lsls	r3, r3, #31
20000c60:	d508      	bpl.n	20000c74 <dcd_event_handler+0x94>
20000c62:	be00      	bkpt	0x0000
20000c64:	b005      	add	sp, #20
20000c66:	e8bd 83f0 	ldmia.w	sp!, {r4, r5, r6, r7, r8, r9, pc}
20000c6a:	462a      	mov	r2, r5
20000c6c:	7861      	ldrb	r1, [r4, #1]
20000c6e:	7820      	ldrb	r0, [r4, #0]
20000c70:	f000 fc2a 	bl	200014c8 <__tud_event_hook_cb_veneer>
20000c74:	b005      	add	sp, #20
20000c76:	e8bd 83f0 	ldmia.w	sp!, {r4, r5, r6, r7, r8, r9, pc}
20000c7a:	4a5b      	ldr	r2, [pc, #364]	@ (20000de8 <dcd_event_handler+0x208>)
20000c7c:	7813      	ldrb	r3, [r2, #0]
20000c7e:	3301      	adds	r3, #1
20000c80:	b2db      	uxtb	r3, r3
20000c82:	7013      	strb	r3, [r2, #0]
20000c84:	e7c9      	b.n	20000c1a <dcd_event_handler+0x3a>
20000c86:	f04f 0900 	mov.w	r9, #0
20000c8a:	4e58      	ldr	r6, [pc, #352]	@ (20000dec <dcd_event_handler+0x20c>)
20000c8c:	464b      	mov	r3, r9
20000c8e:	7831      	ldrb	r1, [r6, #0]
20000c90:	f8df 8160 	ldr.w	r8, [pc, #352]	@ 20000df4 <dcd_event_handler+0x214>
20000c94:	4f56      	ldr	r7, [pc, #344]	@ (20000df0 <dcd_event_handler+0x210>)
20000c96:	e00f      	b.n	20000cb8 <dcd_event_handler+0xd8>
20000c98:	683a      	ldr	r2, [r7, #0]
20000c9a:	eb12 1343 	adds.w	r3, r2, r3, lsl #5
20000c9e:	d005      	beq.n	20000cac <dcd_event_handler+0xcc>
20000ca0:	69db      	ldr	r3, [r3, #28]
20000ca2:	b11b      	cbz	r3, 20000cac <dcd_event_handler+0xcc>
20000ca4:	6861      	ldr	r1, [r4, #4]
20000ca6:	7820      	ldrb	r0, [r4, #0]
20000ca8:	4798      	blx	r3
20000caa:	7831      	ldrb	r1, [r6, #0]
20000cac:	f109 0901 	add.w	r9, r9, #1
20000cb0:	fa5f f389 	uxtb.w	r3, r9
20000cb4:	428b      	cmp	r3, r1
20000cb6:	d817      	bhi.n	20000ce8 <dcd_event_handler+0x108>
20000cb8:	4299      	cmp	r1, r3
20000cba:	d8ed      	bhi.n	20000c98 <dcd_event_handler+0xb8>
20000cbc:	1a5b      	subs	r3, r3, r1
20000cbe:	eb08 1343 	add.w	r3, r8, r3, lsl #5
20000cc2:	e7ed      	b.n	20000ca0 <dcd_event_handler+0xc0>
20000cc4:	4b46      	ldr	r3, [pc, #280]	@ (20000de0 <dcd_event_handler+0x200>)
20000cc6:	781a      	ldrb	r2, [r3, #0]
20000cc8:	07d7      	lsls	r7, r2, #31
20000cca:	d5d3      	bpl.n	20000c74 <dcd_event_handler+0x94>
20000ccc:	781a      	ldrb	r2, [r3, #0]
20000cce:	f042 0204 	orr.w	r2, r2, #4
20000cd2:	701a      	strb	r2, [r3, #0]
20000cd4:	e7a1      	b.n	20000c1a <dcd_event_handler+0x3a>
20000cd6:	4b42      	ldr	r3, [pc, #264]	@ (20000de0 <dcd_event_handler+0x200>)
20000cd8:	781a      	ldrb	r2, [r3, #0]
20000cda:	07d6      	lsls	r6, r2, #31
20000cdc:	d5ca      	bpl.n	20000c74 <dcd_event_handler+0x94>
20000cde:	781a      	ldrb	r2, [r3, #0]
20000ce0:	f022 0204 	bic.w	r2, r2, #4
20000ce4:	701a      	strb	r2, [r3, #0]
20000ce6:	e798      	b.n	20000c1a <dcd_event_handler+0x3a>
20000ce8:	4e3d      	ldr	r6, [pc, #244]	@ (20000de0 <dcd_event_handler+0x200>)
20000cea:	7833      	ldrb	r3, [r6, #0]
20000cec:	0758      	lsls	r0, r3, #29
20000cee:	d437      	bmi.n	20000d60 <dcd_event_handler+0x180>
20000cf0:	78f3      	ldrb	r3, [r6, #3]
20000cf2:	07da      	lsls	r2, r3, #31
20000cf4:	d5be      	bpl.n	20000c74 <dcd_event_handler+0x94>
20000cf6:	2303      	movs	r3, #3
20000cf8:	2700      	movs	r7, #0
20000cfa:	4a3a      	ldr	r2, [pc, #232]	@ (20000de4 <dcd_event_handler+0x204>)
20000cfc:	7821      	ldrb	r1, [r4, #0]
20000cfe:	6816      	ldr	r6, [r2, #0]
20000d00:	6862      	ldr	r2, [r4, #4]
20000d02:	f88d 1004 	strb.w	r1, [sp, #4]
20000d06:	f88d 3005 	strb.w	r3, [sp, #5]
20000d0a:	6973      	ldr	r3, [r6, #20]
20000d0c:	f8cd 7006 	str.w	r7, [sp, #6]
20000d10:	f8cd 700a 	str.w	r7, [sp, #10]
20000d14:	f8ad 700e 	strh.w	r7, [sp, #14]
20000d18:	9202      	str	r2, [sp, #8]
20000d1a:	f3ef 8210 	mrs	r2, PRIMASK
20000d1e:	b672      	cpsid	i
20000d20:	e8d3 0fcf 	ldaexb	r0, [r3]
20000d24:	2101      	movs	r1, #1
20000d26:	2800      	cmp	r0, #0
20000d28:	d1fa      	bne.n	20000d20 <dcd_event_handler+0x140>
20000d2a:	e8c3 1f40 	strexb	r0, r1, [r3]
20000d2e:	2800      	cmp	r0, #0
20000d30:	d1f6      	bne.n	20000d20 <dcd_event_handler+0x140>
20000d32:	f3bf 8f5f 	dmb	sy
20000d36:	4630      	mov	r0, r6
20000d38:	61b2      	str	r2, [r6, #24]
20000d3a:	a901      	add	r1, sp, #4
20000d3c:	f000 fbb8 	bl	200014b0 <__tu_fifo_write_veneer>
20000d40:	6973      	ldr	r3, [r6, #20]
20000d42:	e8c3 7f8f 	stlb	r7, [r3]
20000d46:	69b3      	ldr	r3, [r6, #24]
20000d48:	f383 8810 	msr	PRIMASK, r3
20000d4c:	2800      	cmp	r0, #0
20000d4e:	d082      	beq.n	20000c56 <dcd_event_handler+0x76>
20000d50:	462a      	mov	r2, r5
20000d52:	f89d 1005 	ldrb.w	r1, [sp, #5]
20000d56:	f89d 0004 	ldrb.w	r0, [sp, #4]
20000d5a:	f000 fbb5 	bl	200014c8 <__tud_event_hook_cb_veneer>
20000d5e:	e789      	b.n	20000c74 <dcd_event_handler+0x94>
20000d60:	7833      	ldrb	r3, [r6, #0]
20000d62:	f04f 0800 	mov.w	r8, #0
20000d66:	f023 0304 	bic.w	r3, r3, #4
20000d6a:	7033      	strb	r3, [r6, #0]
20000d6c:	2305      	movs	r3, #5
20000d6e:	4a1d      	ldr	r2, [pc, #116]	@ (20000de4 <dcd_event_handler+0x204>)
20000d70:	f88d 3005 	strb.w	r3, [sp, #5]
20000d74:	6817      	ldr	r7, [r2, #0]
20000d76:	7822      	ldrb	r2, [r4, #0]
20000d78:	f8ad 800e 	strh.w	r8, [sp, #14]
20000d7c:	f88d 2004 	strb.w	r2, [sp, #4]
20000d80:	697b      	ldr	r3, [r7, #20]
20000d82:	f8cd 8006 	str.w	r8, [sp, #6]
20000d86:	f8cd 800a 	str.w	r8, [sp, #10]
20000d8a:	f3ef 8210 	mrs	r2, PRIMASK
20000d8e:	b672      	cpsid	i
20000d90:	e8d3 0fcf 	ldaexb	r0, [r3]
20000d94:	2101      	movs	r1, #1
20000d96:	2800      	cmp	r0, #0
20000d98:	d1fa      	bne.n	20000d90 <dcd_event_handler+0x1b0>
20000d9a:	e8c3 1f40 	strexb	r0, r1, [r3]
20000d9e:	2800      	cmp	r0, #0
20000da0:	d1f6      	bne.n	20000d90 <dcd_event_handler+0x1b0>
20000da2:	f3bf 8f5f 	dmb	sy
20000da6:	4638      	mov	r0, r7
20000da8:	61ba      	str	r2, [r7, #24]
20000daa:	a901      	add	r1, sp, #4
20000dac:	f000 fb80 	bl	200014b0 <__tu_fifo_write_veneer>
20000db0:	697b      	ldr	r3, [r7, #20]
20000db2:	e8c3 8f8f 	stlb	r8, [r3]
20000db6:	69bb      	ldr	r3, [r7, #24]
20000db8:	f383 8810 	msr	PRIMASK, r3
20000dbc:	b938      	cbnz	r0, 20000dce <dcd_event_handler+0x1ee>
20000dbe:	f04f 23e0 	mov.w	r3, #3758153728	@ 0xe000e000
20000dc2:	f8d3 3df0 	ldr.w	r3, [r3, #3568]	@ 0xdf0
20000dc6:	07d9      	lsls	r1, r3, #31
20000dc8:	d592      	bpl.n	20000cf0 <dcd_event_handler+0x110>
20000dca:	be00      	bkpt	0x0000
20000dcc:	e790      	b.n	20000cf0 <dcd_event_handler+0x110>
20000dce:	462a      	mov	r2, r5
20000dd0:	f89d 1005 	ldrb.w	r1, [sp, #5]
20000dd4:	f89d 0004 	ldrb.w	r0, [sp, #4]
20000dd8:	f000 fb76 	bl	200014c8 <__tud_event_hook_cb_veneer>
20000ddc:	e788      	b.n	20000cf0 <dcd_event_handler+0x110>
20000dde:	bf00      	nop
20000de0:	20001910 	.word	0x20001910
20000de4:	20001968 	.word	0x20001968
20000de8:	20001eff 	.word	0x20001eff
20000dec:	20001efd 	.word	0x20001efd
20000df0:	20001808 	.word	0x20001808
20000df4:	1000631c 	.word	0x1000631c

20000df8 <__aeabi_drsub>:
20000df8:	f081 4100 	eor.w	r1, r1, #2147483648	@ 0x80000000
20000dfc:	e002      	b.n	20000e04 <__adddf3>
20000dfe:	bf00      	nop

20000e00 <__aeabi_dsub>:
20000e00:	f083 4300 	eor.w	r3, r3, #2147483648	@ 0x80000000

20000e04 <__adddf3>:
20000e04:	b530      	push	{r4, r5, lr}
20000e06:	ea4f 0441 	mov.w	r4, r1, lsl #1
20000e0a:	ea4f 0543 	mov.w	r5, r3, lsl #1
20000e0e:	ea94 0f05 	teq	r4, r5
20000e12:	bf08      	it	eq
20000e14:	ea90 0f02 	teqeq	r0, r2
20000e18:	bf1f      	itttt	ne
20000e1a:	ea54 0c00 	orrsne.w	ip, r4, r0
20000e1e:	ea55 0c02 	orrsne.w	ip, r5, r2
20000e22:	ea7f 5c64 	mvnsne.w	ip, r4, asr #21
20000e26:	ea7f 5c65 	mvnsne.w	ip, r5, asr #21
20000e2a:	f000 80e2 	beq.w	20000ff2 <__adddf3+0x1ee>
20000e2e:	ea4f 5454 	mov.w	r4, r4, lsr #21
20000e32:	ebd4 5555 	rsbs	r5, r4, r5, lsr #21
20000e36:	bfb8      	it	lt
20000e38:	426d      	neglt	r5, r5
20000e3a:	dd0c      	ble.n	20000e56 <__adddf3+0x52>
20000e3c:	442c      	add	r4, r5
20000e3e:	ea80 0202 	eor.w	r2, r0, r2
20000e42:	ea81 0303 	eor.w	r3, r1, r3
20000e46:	ea82 0000 	eor.w	r0, r2, r0
20000e4a:	ea83 0101 	eor.w	r1, r3, r1
20000e4e:	ea80 0202 	eor.w	r2, r0, r2
20000e52:	ea81 0303 	eor.w	r3, r1, r3
20000e56:	2d36      	cmp	r5, #54	@ 0x36
20000e58:	bf88      	it	hi
20000e5a:	bd30      	pophi	{r4, r5, pc}
20000e5c:	f011 4f00 	tst.w	r1, #2147483648	@ 0x80000000
20000e60:	ea4f 3101 	mov.w	r1, r1, lsl #12
20000e64:	f44f 1c80 	mov.w	ip, #1048576	@ 0x100000
20000e68:	ea4c 3111 	orr.w	r1, ip, r1, lsr #12
20000e6c:	d002      	beq.n	20000e74 <__adddf3+0x70>
20000e6e:	4240      	negs	r0, r0
20000e70:	eb61 0141 	sbc.w	r1, r1, r1, lsl #1
20000e74:	f013 4f00 	tst.w	r3, #2147483648	@ 0x80000000
20000e78:	ea4f 3303 	mov.w	r3, r3, lsl #12
20000e7c:	ea4c 3313 	orr.w	r3, ip, r3, lsr #12
20000e80:	d002      	beq.n	20000e88 <__adddf3+0x84>
20000e82:	4252      	negs	r2, r2
20000e84:	eb63 0343 	sbc.w	r3, r3, r3, lsl #1
20000e88:	ea94 0f05 	teq	r4, r5
20000e8c:	f000 80a7 	beq.w	20000fde <__adddf3+0x1da>
20000e90:	f1a4 0401 	sub.w	r4, r4, #1
20000e94:	f1d5 0e20 	rsbs	lr, r5, #32
20000e98:	db0d      	blt.n	20000eb6 <__adddf3+0xb2>
20000e9a:	fa02 fc0e 	lsl.w	ip, r2, lr
20000e9e:	fa22 f205 	lsr.w	r2, r2, r5
20000ea2:	1880      	adds	r0, r0, r2
20000ea4:	f141 0100 	adc.w	r1, r1, #0
20000ea8:	fa03 f20e 	lsl.w	r2, r3, lr
20000eac:	1880      	adds	r0, r0, r2
20000eae:	fa43 f305 	asr.w	r3, r3, r5
20000eb2:	4159      	adcs	r1, r3
20000eb4:	e00e      	b.n	20000ed4 <__adddf3+0xd0>
20000eb6:	f1a5 0520 	sub.w	r5, r5, #32
20000eba:	f10e 0e20 	add.w	lr, lr, #32
20000ebe:	2a01      	cmp	r2, #1
20000ec0:	fa03 fc0e 	lsl.w	ip, r3, lr
20000ec4:	bf28      	it	cs
20000ec6:	f04c 0c02 	orrcs.w	ip, ip, #2
20000eca:	fa43 f305 	asr.w	r3, r3, r5
20000ece:	18c0      	adds	r0, r0, r3
20000ed0:	eb51 71e3 	adcs.w	r1, r1, r3, asr #31
20000ed4:	f001 4500 	and.w	r5, r1, #2147483648	@ 0x80000000
20000ed8:	d507      	bpl.n	20000eea <__adddf3+0xe6>
20000eda:	f04f 0e00 	mov.w	lr, #0
20000ede:	f1dc 0c00 	rsbs	ip, ip, #0
20000ee2:	eb7e 0000 	sbcs.w	r0, lr, r0
20000ee6:	eb6e 0101 	sbc.w	r1, lr, r1
20000eea:	f5b1 1f80 	cmp.w	r1, #1048576	@ 0x100000
20000eee:	d31b      	bcc.n	20000f28 <__adddf3+0x124>
20000ef0:	f5b1 1f00 	cmp.w	r1, #2097152	@ 0x200000
20000ef4:	d30c      	bcc.n	20000f10 <__adddf3+0x10c>
20000ef6:	0849      	lsrs	r1, r1, #1
20000ef8:	ea5f 0030 	movs.w	r0, r0, rrx
20000efc:	ea4f 0c3c 	mov.w	ip, ip, rrx
20000f00:	f104 0401 	add.w	r4, r4, #1
20000f04:	ea4f 5244 	mov.w	r2, r4, lsl #21
20000f08:	f512 0f80 	cmn.w	r2, #4194304	@ 0x400000
20000f0c:	f080 809a 	bcs.w	20001044 <__adddf3+0x240>
20000f10:	f1bc 4f00 	cmp.w	ip, #2147483648	@ 0x80000000
20000f14:	bf08      	it	eq
20000f16:	ea5f 0c50 	movseq.w	ip, r0, lsr #1
20000f1a:	f150 0000 	adcs.w	r0, r0, #0
20000f1e:	eb41 5104 	adc.w	r1, r1, r4, lsl #20
20000f22:	ea41 0105 	orr.w	r1, r1, r5
20000f26:	bd30      	pop	{r4, r5, pc}
20000f28:	ea5f 0c4c 	movs.w	ip, ip, lsl #1
20000f2c:	4140      	adcs	r0, r0
20000f2e:	eb41 0101 	adc.w	r1, r1, r1
20000f32:	3c01      	subs	r4, #1
20000f34:	bf28      	it	cs
20000f36:	f5b1 1f80 	cmpcs.w	r1, #1048576	@ 0x100000
20000f3a:	d2e9      	bcs.n	20000f10 <__adddf3+0x10c>
20000f3c:	f091 0f00 	teq	r1, #0
20000f40:	bf04      	itt	eq
20000f42:	4601      	moveq	r1, r0
20000f44:	2000      	moveq	r0, #0
20000f46:	fab1 f381 	clz	r3, r1
20000f4a:	bf08      	it	eq
20000f4c:	3320      	addeq	r3, #32
20000f4e:	f1a3 030b 	sub.w	r3, r3, #11
20000f52:	f1b3 0220 	subs.w	r2, r3, #32
20000f56:	da0c      	bge.n	20000f72 <__adddf3+0x16e>
20000f58:	320c      	adds	r2, #12
20000f5a:	dd08      	ble.n	20000f6e <__adddf3+0x16a>
20000f5c:	f102 0c14 	add.w	ip, r2, #20
20000f60:	f1c2 020c 	rsb	r2, r2, #12
20000f64:	fa01 f00c 	lsl.w	r0, r1, ip
20000f68:	fa21 f102 	lsr.w	r1, r1, r2
20000f6c:	e00c      	b.n	20000f88 <__adddf3+0x184>
20000f6e:	f102 0214 	add.w	r2, r2, #20
20000f72:	bfd8      	it	le
20000f74:	f1c2 0c20 	rsble	ip, r2, #32
20000f78:	fa01 f102 	lsl.w	r1, r1, r2
20000f7c:	fa20 fc0c 	lsr.w	ip, r0, ip
20000f80:	bfdc      	itt	le
20000f82:	ea41 010c 	orrle.w	r1, r1, ip
20000f86:	4090      	lslle	r0, r2
20000f88:	1ae4      	subs	r4, r4, r3
20000f8a:	bfa2      	ittt	ge
20000f8c:	eb01 5104 	addge.w	r1, r1, r4, lsl #20
20000f90:	4329      	orrge	r1, r5
20000f92:	bd30      	popge	{r4, r5, pc}
20000f94:	ea6f 0404 	mvn.w	r4, r4
20000f98:	3c1f      	subs	r4, #31
20000f9a:	da1c      	bge.n	20000fd6 <__adddf3+0x1d2>
20000f9c:	340c      	adds	r4, #12
20000f9e:	dc0e      	bgt.n	20000fbe <__adddf3+0x1ba>
20000fa0:	f104 0414 	add.w	r4, r4, #20
20000fa4:	f1c4 0220 	rsb	r2, r4, #32
20000fa8:	fa20 f004 	lsr.w	r0, r0, r4
20000fac:	fa01 f302 	lsl.w	r3, r1, r2
20000fb0:	ea40 0003 	orr.w	r0, r0, r3
20000fb4:	fa21 f304 	lsr.w	r3, r1, r4
20000fb8:	ea45 0103 	orr.w	r1, r5, r3
20000fbc:	bd30      	pop	{r4, r5, pc}
20000fbe:	f1c4 040c 	rsb	r4, r4, #12
20000fc2:	f1c4 0220 	rsb	r2, r4, #32
20000fc6:	fa20 f002 	lsr.w	r0, r0, r2
20000fca:	fa01 f304 	lsl.w	r3, r1, r4
20000fce:	ea40 0003 	orr.w	r0, r0, r3
20000fd2:	4629      	mov	r1, r5
20000fd4:	bd30      	pop	{r4, r5, pc}
20000fd6:	fa21 f004 	lsr.w	r0, r1, r4
20000fda:	4629      	mov	r1, r5
20000fdc:	bd30      	pop	{r4, r5, pc}
20000fde:	f094 0f00 	teq	r4, #0
20000fe2:	f483 1380 	eor.w	r3, r3, #1048576	@ 0x100000
20000fe6:	bf06      	itte	eq
20000fe8:	f481 1180 	eoreq.w	r1, r1, #1048576	@ 0x100000
20000fec:	3401      	addeq	r4, #1
20000fee:	3d01      	subne	r5, #1
20000ff0:	e74e      	b.n	20000e90 <__adddf3+0x8c>
20000ff2:	ea7f 5c64 	mvns.w	ip, r4, asr #21
20000ff6:	bf18      	it	ne
20000ff8:	ea7f 5c65 	mvnsne.w	ip, r5, asr #21
20000ffc:	d029      	beq.n	20001052 <__adddf3+0x24e>
20000ffe:	ea94 0f05 	teq	r4, r5
20001002:	bf08      	it	eq
20001004:	ea90 0f02 	teqeq	r0, r2
20001008:	d005      	beq.n	20001016 <__adddf3+0x212>
2000100a:	ea54 0c00 	orrs.w	ip, r4, r0
2000100e:	bf04      	itt	eq
20001010:	4619      	moveq	r1, r3
20001012:	4610      	moveq	r0, r2
20001014:	bd30      	pop	{r4, r5, pc}
20001016:	ea91 0f03 	teq	r1, r3
2000101a:	bf1e      	ittt	ne
2000101c:	2100      	movne	r1, #0
2000101e:	2000      	movne	r0, #0
20001020:	bd30      	popne	{r4, r5, pc}
20001022:	ea5f 5c54 	movs.w	ip, r4, lsr #21
20001026:	d105      	bne.n	20001034 <__adddf3+0x230>
20001028:	0040      	lsls	r0, r0, #1
2000102a:	4149      	adcs	r1, r1
2000102c:	bf28      	it	cs
2000102e:	f041 4100 	orrcs.w	r1, r1, #2147483648	@ 0x80000000
20001032:	bd30      	pop	{r4, r5, pc}
20001034:	f514 0480 	adds.w	r4, r4, #4194304	@ 0x400000
20001038:	bf3c      	itt	cc
2000103a:	f501 1180 	addcc.w	r1, r1, #1048576	@ 0x100000
2000103e:	bd30      	popcc	{r4, r5, pc}
20001040:	f001 4500 	and.w	r5, r1, #2147483648	@ 0x80000000
20001044:	f045 41fe 	orr.w	r1, r5, #2130706432	@ 0x7f000000
20001048:	f441 0170 	orr.w	r1, r1, #15728640	@ 0xf00000
2000104c:	f04f 0000 	mov.w	r0, #0
20001050:	bd30      	pop	{r4, r5, pc}
20001052:	ea7f 5c64 	mvns.w	ip, r4, asr #21
20001056:	bf1a      	itte	ne
20001058:	4619      	movne	r1, r3
2000105a:	4610      	movne	r0, r2
2000105c:	ea7f 5c65 	mvnseq.w	ip, r5, asr #21
20001060:	bf1c      	itt	ne
20001062:	460b      	movne	r3, r1
20001064:	4602      	movne	r2, r0
20001066:	ea50 3401 	orrs.w	r4, r0, r1, lsl #12
2000106a:	bf06      	itte	eq
2000106c:	ea52 3503 	orrseq.w	r5, r2, r3, lsl #12
20001070:	ea91 0f03 	teqeq	r1, r3
20001074:	f441 2100 	orrne.w	r1, r1, #524288	@ 0x80000
20001078:	bd30      	pop	{r4, r5, pc}
2000107a:	bf00      	nop

2000107c <__aeabi_ui2d>:
2000107c:	f090 0f00 	teq	r0, #0
20001080:	bf04      	itt	eq
20001082:	2100      	moveq	r1, #0
20001084:	4770      	bxeq	lr
20001086:	b530      	push	{r4, r5, lr}
20001088:	f44f 6480 	mov.w	r4, #1024	@ 0x400
2000108c:	f104 0432 	add.w	r4, r4, #50	@ 0x32
20001090:	f04f 0500 	mov.w	r5, #0
20001094:	f04f 0100 	mov.w	r1, #0
20001098:	e750      	b.n	20000f3c <__adddf3+0x138>
2000109a:	bf00      	nop

2000109c <__aeabi_i2d>:
2000109c:	f090 0f00 	teq	r0, #0
200010a0:	bf04      	itt	eq
200010a2:	2100      	moveq	r1, #0
200010a4:	4770      	bxeq	lr
200010a6:	b530      	push	{r4, r5, lr}
200010a8:	f44f 6480 	mov.w	r4, #1024	@ 0x400
200010ac:	f104 0432 	add.w	r4, r4, #50	@ 0x32
200010b0:	f010 4500 	ands.w	r5, r0, #2147483648	@ 0x80000000
200010b4:	bf48      	it	mi
200010b6:	4240      	negmi	r0, r0
200010b8:	f04f 0100 	mov.w	r1, #0
200010bc:	e73e      	b.n	20000f3c <__adddf3+0x138>
200010be:	bf00      	nop

200010c0 <__aeabi_f2d>:
200010c0:	0042      	lsls	r2, r0, #1
200010c2:	ea4f 01e2 	mov.w	r1, r2, asr #3
200010c6:	ea4f 0131 	mov.w	r1, r1, rrx
200010ca:	ea4f 7002 	mov.w	r0, r2, lsl #28
200010ce:	bf1f      	itttt	ne
200010d0:	f012 437f 	andsne.w	r3, r2, #4278190080	@ 0xff000000
200010d4:	f093 4f7f 	teqne	r3, #4278190080	@ 0xff000000
200010d8:	f081 5160 	eorne.w	r1, r1, #939524096	@ 0x38000000
200010dc:	4770      	bxne	lr
200010de:	f032 427f 	bics.w	r2, r2, #4278190080	@ 0xff000000
200010e2:	bf08      	it	eq
200010e4:	4770      	bxeq	lr
200010e6:	f093 4f7f 	teq	r3, #4278190080	@ 0xff000000
200010ea:	bf04      	itt	eq
200010ec:	f441 2100 	orreq.w	r1, r1, #524288	@ 0x80000
200010f0:	4770      	bxeq	lr
200010f2:	b530      	push	{r4, r5, lr}
200010f4:	f44f 7460 	mov.w	r4, #896	@ 0x380
200010f8:	f001 4500 	and.w	r5, r1, #2147483648	@ 0x80000000
200010fc:	f021 4100 	bic.w	r1, r1, #2147483648	@ 0x80000000
20001100:	e71c      	b.n	20000f3c <__adddf3+0x138>
20001102:	bf00      	nop

20001104 <__aeabi_ul2d>:
20001104:	ea50 0201 	orrs.w	r2, r0, r1
20001108:	bf08      	it	eq
2000110a:	4770      	bxeq	lr
2000110c:	b530      	push	{r4, r5, lr}
2000110e:	f04f 0500 	mov.w	r5, #0
20001112:	e00a      	b.n	2000112a <__aeabi_l2d+0x16>

20001114 <__aeabi_l2d>:
20001114:	ea50 0201 	orrs.w	r2, r0, r1
20001118:	bf08      	it	eq
2000111a:	4770      	bxeq	lr
2000111c:	b530      	push	{r4, r5, lr}
2000111e:	f011 4500 	ands.w	r5, r1, #2147483648	@ 0x80000000
20001122:	d502      	bpl.n	2000112a <__aeabi_l2d+0x16>
20001124:	4240      	negs	r0, r0
20001126:	eb61 0141 	sbc.w	r1, r1, r1, lsl #1
2000112a:	f44f 6480 	mov.w	r4, #1024	@ 0x400
2000112e:	f104 0432 	add.w	r4, r4, #50	@ 0x32
20001132:	ea5f 5c91 	movs.w	ip, r1, lsr #22
20001136:	f43f aed8 	beq.w	20000eea <__adddf3+0xe6>
2000113a:	f04f 0203 	mov.w	r2, #3
2000113e:	ea5f 0cdc 	movs.w	ip, ip, lsr #3
20001142:	bf18      	it	ne
20001144:	3203      	addne	r2, #3
20001146:	ea5f 0cdc 	movs.w	ip, ip, lsr #3
2000114a:	bf18      	it	ne
2000114c:	3203      	addne	r2, #3
2000114e:	eb02 02dc 	add.w	r2, r2, ip, lsr #3
20001152:	f1c2 0320 	rsb	r3, r2, #32
20001156:	fa00 fc03 	lsl.w	ip, r0, r3
2000115a:	fa20 f002 	lsr.w	r0, r0, r2
2000115e:	fa01 fe03 	lsl.w	lr, r1, r3
20001162:	ea40 000e 	orr.w	r0, r0, lr
20001166:	fa21 f102 	lsr.w	r1, r1, r2
2000116a:	4414      	add	r4, r2
2000116c:	e6bd      	b.n	20000eea <__adddf3+0xe6>
2000116e:	bf00      	nop

20001170 <__aeabi_uldivmod>:
20001170:	b953      	cbnz	r3, 20001188 <__aeabi_uldivmod+0x18>
20001172:	b94a      	cbnz	r2, 20001188 <__aeabi_uldivmod+0x18>
20001174:	2900      	cmp	r1, #0
20001176:	bf08      	it	eq
20001178:	2800      	cmpeq	r0, #0
2000117a:	bf1c      	itt	ne
2000117c:	f04f 31ff 	movne.w	r1, #4294967295	@ 0xffffffff
20001180:	f04f 30ff 	movne.w	r0, #4294967295	@ 0xffffffff
20001184:	f000 b98c 	b.w	200014a0 <__aeabi_idiv0>
20001188:	f1ad 0c08 	sub.w	ip, sp, #8
2000118c:	e96d ce04 	strd	ip, lr, [sp, #-16]!
20001190:	f000 f806 	bl	200011a0 <__udivmoddi4>
20001194:	f8dd e004 	ldr.w	lr, [sp, #4]
20001198:	e9dd 2302 	ldrd	r2, r3, [sp, #8]
2000119c:	b004      	add	sp, #16
2000119e:	4770      	bx	lr

200011a0 <__udivmoddi4>:
200011a0:	e92d 4ff0 	stmdb	sp!, {r4, r5, r6, r7, r8, r9, sl, fp, lr}
200011a4:	9d09      	ldr	r5, [sp, #36]	@ 0x24
200011a6:	460e      	mov	r6, r1
200011a8:	4604      	mov	r4, r0
200011aa:	460f      	mov	r7, r1
200011ac:	2b00      	cmp	r3, #0
200011ae:	d147      	bne.n	20001240 <__udivmoddi4+0xa0>
200011b0:	428a      	cmp	r2, r1
200011b2:	4694      	mov	ip, r2
200011b4:	fab2 f382 	clz	r3, r2
200011b8:	d95a      	bls.n	20001270 <__udivmoddi4+0xd0>
200011ba:	b143      	cbz	r3, 200011ce <__udivmoddi4+0x2e>
200011bc:	fa02 fc03 	lsl.w	ip, r2, r3
200011c0:	f1c3 0220 	rsb	r2, r3, #32
200011c4:	409f      	lsls	r7, r3
200011c6:	409c      	lsls	r4, r3
200011c8:	fa20 f202 	lsr.w	r2, r0, r2
200011cc:	4317      	orrs	r7, r2
200011ce:	ea4f 461c 	mov.w	r6, ip, lsr #16
200011d2:	fa1f fe8c 	uxth.w	lr, ip
200011d6:	0c22      	lsrs	r2, r4, #16
200011d8:	fbb7 f1f6 	udiv	r1, r7, r6
200011dc:	fb06 7711 	mls	r7, r6, r1, r7
200011e0:	fb01 f00e 	mul.w	r0, r1, lr
200011e4:	ea42 4207 	orr.w	r2, r2, r7, lsl #16
200011e8:	4290      	cmp	r0, r2
200011ea:	d908      	bls.n	200011fe <__udivmoddi4+0x5e>
200011ec:	eb1c 0202 	adds.w	r2, ip, r2
200011f0:	f101 37ff 	add.w	r7, r1, #4294967295	@ 0xffffffff
200011f4:	d202      	bcs.n	200011fc <__udivmoddi4+0x5c>
200011f6:	4290      	cmp	r0, r2
200011f8:	f200 813c 	bhi.w	20001474 <__udivmoddi4+0x2d4>
200011fc:	4639      	mov	r1, r7
200011fe:	1a12      	subs	r2, r2, r0
20001200:	b2a4      	uxth	r4, r4
20001202:	fbb2 f0f6 	udiv	r0, r2, r6
20001206:	fb06 2210 	mls	r2, r6, r0, r2
2000120a:	fb00 fe0e 	mul.w	lr, r0, lr
2000120e:	ea44 4402 	orr.w	r4, r4, r2, lsl #16
20001212:	45a6      	cmp	lr, r4
20001214:	d908      	bls.n	20001228 <__udivmoddi4+0x88>
20001216:	eb1c 0404 	adds.w	r4, ip, r4
2000121a:	f100 32ff 	add.w	r2, r0, #4294967295	@ 0xffffffff
2000121e:	d202      	bcs.n	20001226 <__udivmoddi4+0x86>
20001220:	45a6      	cmp	lr, r4
20001222:	f200 812a 	bhi.w	2000147a <__udivmoddi4+0x2da>
20001226:	4610      	mov	r0, r2
20001228:	ea40 4001 	orr.w	r0, r0, r1, lsl #16
2000122c:	eba4 040e 	sub.w	r4, r4, lr
20001230:	2100      	movs	r1, #0
20001232:	b11d      	cbz	r5, 2000123c <__udivmoddi4+0x9c>
20001234:	40dc      	lsrs	r4, r3
20001236:	2300      	movs	r3, #0
20001238:	e9c5 4300 	strd	r4, r3, [r5]
2000123c:	e8bd 8ff0 	ldmia.w	sp!, {r4, r5, r6, r7, r8, r9, sl, fp, pc}
20001240:	428b      	cmp	r3, r1
20001242:	d905      	bls.n	20001250 <__udivmoddi4+0xb0>
20001244:	b10d      	cbz	r5, 2000124a <__udivmoddi4+0xaa>
20001246:	e9c5 0100 	strd	r0, r1, [r5]
2000124a:	2100      	movs	r1, #0
2000124c:	4608      	mov	r0, r1
2000124e:	e7f5      	b.n	2000123c <__udivmoddi4+0x9c>
20001250:	fab3 f183 	clz	r1, r3
20001254:	2900      	cmp	r1, #0
20001256:	d14f      	bne.n	200012f8 <__udivmoddi4+0x158>
20001258:	42b3      	cmp	r3, r6
2000125a:	f0c0 8102 	bcc.w	20001462 <__udivmoddi4+0x2c2>
2000125e:	4282      	cmp	r2, r0
20001260:	f240 80ff 	bls.w	20001462 <__udivmoddi4+0x2c2>
20001264:	4608      	mov	r0, r1
20001266:	2d00      	cmp	r5, #0
20001268:	d0e8      	beq.n	2000123c <__udivmoddi4+0x9c>
2000126a:	e9c5 4700 	strd	r4, r7, [r5]
2000126e:	e7e5      	b.n	2000123c <__udivmoddi4+0x9c>
20001270:	2b00      	cmp	r3, #0
20001272:	f040 80af 	bne.w	200013d4 <__udivmoddi4+0x234>
20001276:	1a8a      	subs	r2, r1, r2
20001278:	ea4f 4e1c 	mov.w	lr, ip, lsr #16
2000127c:	fa1f f78c 	uxth.w	r7, ip
20001280:	2101      	movs	r1, #1
20001282:	fbb2 f6fe 	udiv	r6, r2, lr
20001286:	fb0e 2016 	mls	r0, lr, r6, r2
2000128a:	0c22      	lsrs	r2, r4, #16
2000128c:	ea42 4200 	orr.w	r2, r2, r0, lsl #16
20001290:	fb07 f006 	mul.w	r0, r7, r6
20001294:	4290      	cmp	r0, r2
20001296:	d90f      	bls.n	200012b8 <__udivmoddi4+0x118>
20001298:	eb1c 0202 	adds.w	r2, ip, r2
2000129c:	f106 38ff 	add.w	r8, r6, #4294967295	@ 0xffffffff
200012a0:	bf2c      	ite	cs
200012a2:	f04f 0901 	movcs.w	r9, #1
200012a6:	f04f 0900 	movcc.w	r9, #0
200012aa:	4290      	cmp	r0, r2
200012ac:	d903      	bls.n	200012b6 <__udivmoddi4+0x116>
200012ae:	f1b9 0f00 	cmp.w	r9, #0
200012b2:	f000 80dc 	beq.w	2000146e <__udivmoddi4+0x2ce>
200012b6:	4646      	mov	r6, r8
200012b8:	1a12      	subs	r2, r2, r0
200012ba:	b2a4      	uxth	r4, r4
200012bc:	fbb2 f0fe 	udiv	r0, r2, lr
200012c0:	fb0e 2210 	mls	r2, lr, r0, r2
200012c4:	fb00 f707 	mul.w	r7, r0, r7
200012c8:	ea44 4402 	orr.w	r4, r4, r2, lsl #16
200012cc:	42a7      	cmp	r7, r4
200012ce:	d90f      	bls.n	200012f0 <__udivmoddi4+0x150>
200012d0:	eb1c 0404 	adds.w	r4, ip, r4
200012d4:	f100 32ff 	add.w	r2, r0, #4294967295	@ 0xffffffff
200012d8:	bf2c      	ite	cs
200012da:	f04f 0e01 	movcs.w	lr, #1
200012de:	f04f 0e00 	movcc.w	lr, #0
200012e2:	42a7      	cmp	r7, r4
200012e4:	d903      	bls.n	200012ee <__udivmoddi4+0x14e>
200012e6:	f1be 0f00 	cmp.w	lr, #0
200012ea:	f000 80c9 	beq.w	20001480 <__udivmoddi4+0x2e0>
200012ee:	4610      	mov	r0, r2
200012f0:	1be4      	subs	r4, r4, r7
200012f2:	ea40 4006 	orr.w	r0, r0, r6, lsl #16
200012f6:	e79c      	b.n	20001232 <__udivmoddi4+0x92>
200012f8:	f1c1 0420 	rsb	r4, r1, #32
200012fc:	408b      	lsls	r3, r1
200012fe:	fa06 fc01 	lsl.w	ip, r6, r1
20001302:	fa00 fe01 	lsl.w	lr, r0, r1
20001306:	fa22 f704 	lsr.w	r7, r2, r4
2000130a:	40e6      	lsrs	r6, r4
2000130c:	408a      	lsls	r2, r1
2000130e:	431f      	orrs	r7, r3
20001310:	fa20 f304 	lsr.w	r3, r0, r4
20001314:	ea4f 4817 	mov.w	r8, r7, lsr #16
20001318:	ea43 030c 	orr.w	r3, r3, ip
2000131c:	fa1f fc87 	uxth.w	ip, r7
20001320:	ea4f 4913 	mov.w	r9, r3, lsr #16
20001324:	fbb6 f0f8 	udiv	r0, r6, r8
20001328:	fb08 6610 	mls	r6, r8, r0, r6
2000132c:	ea49 4606 	orr.w	r6, r9, r6, lsl #16
20001330:	fb00 f90c 	mul.w	r9, r0, ip
20001334:	45b1      	cmp	r9, r6
20001336:	d90e      	bls.n	20001356 <__udivmoddi4+0x1b6>
20001338:	19be      	adds	r6, r7, r6
2000133a:	f100 3aff 	add.w	sl, r0, #4294967295	@ 0xffffffff
2000133e:	bf2c      	ite	cs
20001340:	f04f 0b01 	movcs.w	fp, #1
20001344:	f04f 0b00 	movcc.w	fp, #0
20001348:	45b1      	cmp	r9, r6
2000134a:	d903      	bls.n	20001354 <__udivmoddi4+0x1b4>
2000134c:	f1bb 0f00 	cmp.w	fp, #0
20001350:	f000 80a2 	beq.w	20001498 <__udivmoddi4+0x2f8>
20001354:	4650      	mov	r0, sl
20001356:	eba6 0609 	sub.w	r6, r6, r9
2000135a:	fa1f f983 	uxth.w	r9, r3
2000135e:	fbb6 f3f8 	udiv	r3, r6, r8
20001362:	fb08 6613 	mls	r6, r8, r3, r6
20001366:	fb03 fc0c 	mul.w	ip, r3, ip
2000136a:	ea49 4606 	orr.w	r6, r9, r6, lsl #16
2000136e:	45b4      	cmp	ip, r6
20001370:	d90e      	bls.n	20001390 <__udivmoddi4+0x1f0>
20001372:	19be      	adds	r6, r7, r6
20001374:	f103 38ff 	add.w	r8, r3, #4294967295	@ 0xffffffff
20001378:	bf2c      	ite	cs
2000137a:	f04f 0901 	movcs.w	r9, #1
2000137e:	f04f 0900 	movcc.w	r9, #0
20001382:	45b4      	cmp	ip, r6
20001384:	d903      	bls.n	2000138e <__udivmoddi4+0x1ee>
20001386:	f1b9 0f00 	cmp.w	r9, #0
2000138a:	f000 8082 	beq.w	20001492 <__udivmoddi4+0x2f2>
2000138e:	4643      	mov	r3, r8
20001390:	ea43 4000 	orr.w	r0, r3, r0, lsl #16
20001394:	eba6 060c 	sub.w	r6, r6, ip
20001398:	fba0 8c02 	umull	r8, ip, r0, r2
2000139c:	4566      	cmp	r6, ip
2000139e:	4643      	mov	r3, r8
200013a0:	46e1      	mov	r9, ip
200013a2:	d302      	bcc.n	200013aa <__udivmoddi4+0x20a>
200013a4:	d107      	bne.n	200013b6 <__udivmoddi4+0x216>
200013a6:	45c6      	cmp	lr, r8
200013a8:	d205      	bcs.n	200013b6 <__udivmoddi4+0x216>
200013aa:	ebb8 0302 	subs.w	r3, r8, r2
200013ae:	eb6c 0c07 	sbc.w	ip, ip, r7
200013b2:	3801      	subs	r0, #1
200013b4:	46e1      	mov	r9, ip
200013b6:	b15d      	cbz	r5, 200013d0 <__udivmoddi4+0x230>
200013b8:	ebbe 0203 	subs.w	r2, lr, r3
200013bc:	eb66 0609 	sbc.w	r6, r6, r9
200013c0:	fa06 f404 	lsl.w	r4, r6, r4
200013c4:	fa22 f301 	lsr.w	r3, r2, r1
200013c8:	40ce      	lsrs	r6, r1
200013ca:	431c      	orrs	r4, r3
200013cc:	e9c5 4600 	strd	r4, r6, [r5]
200013d0:	2100      	movs	r1, #0
200013d2:	e733      	b.n	2000123c <__udivmoddi4+0x9c>
200013d4:	fa02 fc03 	lsl.w	ip, r2, r3
200013d8:	f1c3 0220 	rsb	r2, r3, #32
200013dc:	4099      	lsls	r1, r3
200013de:	409c      	lsls	r4, r3
200013e0:	40d6      	lsrs	r6, r2
200013e2:	ea4f 4e1c 	mov.w	lr, ip, lsr #16
200013e6:	fa20 f202 	lsr.w	r2, r0, r2
200013ea:	fa1f f78c 	uxth.w	r7, ip
200013ee:	fbb6 f0fe 	udiv	r0, r6, lr
200013f2:	430a      	orrs	r2, r1
200013f4:	fb0e 6610 	mls	r6, lr, r0, r6
200013f8:	0c11      	lsrs	r1, r2, #16
200013fa:	ea41 4106 	orr.w	r1, r1, r6, lsl #16
200013fe:	fb00 f607 	mul.w	r6, r0, r7
20001402:	428e      	cmp	r6, r1
20001404:	d90e      	bls.n	20001424 <__udivmoddi4+0x284>
20001406:	eb1c 0101 	adds.w	r1, ip, r1
2000140a:	f100 38ff 	add.w	r8, r0, #4294967295	@ 0xffffffff
2000140e:	bf2c      	ite	cs
20001410:	f04f 0901 	movcs.w	r9, #1
20001414:	f04f 0900 	movcc.w	r9, #0
20001418:	428e      	cmp	r6, r1
2000141a:	d902      	bls.n	20001422 <__udivmoddi4+0x282>
2000141c:	f1b9 0f00 	cmp.w	r9, #0
20001420:	d034      	beq.n	2000148c <__udivmoddi4+0x2ec>
20001422:	4640      	mov	r0, r8
20001424:	1b89      	subs	r1, r1, r6
20001426:	b292      	uxth	r2, r2
20001428:	fbb1 f6fe 	udiv	r6, r1, lr
2000142c:	fb0e 1116 	mls	r1, lr, r6, r1
20001430:	ea42 4201 	orr.w	r2, r2, r1, lsl #16
20001434:	fb06 f107 	mul.w	r1, r6, r7
20001438:	4291      	cmp	r1, r2
2000143a:	d90e      	bls.n	2000145a <__udivmoddi4+0x2ba>
2000143c:	eb1c 0202 	adds.w	r2, ip, r2
20001440:	f106 38ff 	add.w	r8, r6, #4294967295	@ 0xffffffff
20001444:	bf2c      	ite	cs
20001446:	f04f 0901 	movcs.w	r9, #1
2000144a:	f04f 0900 	movcc.w	r9, #0
2000144e:	4291      	cmp	r1, r2
20001450:	d902      	bls.n	20001458 <__udivmoddi4+0x2b8>
20001452:	f1b9 0f00 	cmp.w	r9, #0
20001456:	d016      	beq.n	20001486 <__udivmoddi4+0x2e6>
20001458:	4646      	mov	r6, r8
2000145a:	1a52      	subs	r2, r2, r1
2000145c:	ea46 4100 	orr.w	r1, r6, r0, lsl #16
20001460:	e70f      	b.n	20001282 <__udivmoddi4+0xe2>
20001462:	1a84      	subs	r4, r0, r2
20001464:	eb66 0203 	sbc.w	r2, r6, r3
20001468:	2001      	movs	r0, #1
2000146a:	4617      	mov	r7, r2
2000146c:	e6fb      	b.n	20001266 <__udivmoddi4+0xc6>
2000146e:	3e02      	subs	r6, #2
20001470:	4462      	add	r2, ip
20001472:	e721      	b.n	200012b8 <__udivmoddi4+0x118>
20001474:	3902      	subs	r1, #2
20001476:	4462      	add	r2, ip
20001478:	e6c1      	b.n	200011fe <__udivmoddi4+0x5e>
2000147a:	4464      	add	r4, ip
2000147c:	3802      	subs	r0, #2
2000147e:	e6d3      	b.n	20001228 <__udivmoddi4+0x88>
20001480:	4464      	add	r4, ip
20001482:	3802      	subs	r0, #2
20001484:	e734      	b.n	200012f0 <__udivmoddi4+0x150>
20001486:	3e02      	subs	r6, #2
20001488:	4462      	add	r2, ip
2000148a:	e7e6      	b.n	2000145a <__udivmoddi4+0x2ba>
2000148c:	3802      	subs	r0, #2
2000148e:	4461      	add	r1, ip
20001490:	e7c8      	b.n	20001424 <__udivmoddi4+0x284>
20001492:	3b02      	subs	r3, #2
20001494:	443e      	add	r6, r7
20001496:	e77b      	b.n	20001390 <__udivmoddi4+0x1f0>
20001498:	3802      	subs	r0, #2
2000149a:	443e      	add	r6, r7
2000149c:	e75b      	b.n	20001356 <__udivmoddi4+0x1b6>
2000149e:	bf00      	nop

200014a0 <__aeabi_idiv0>:
200014a0:	4770      	bx	lr
200014a2:	bf00      	nop
200014a4:	0000      	movs	r0, r0
	...

200014a8 <__memset_veneer>:
200014a8:	f85f f000 	ldr.w	pc, [pc]	@ 200014ac <__memset_veneer+0x4>
200014ac:	10005cad 	.word	0x10005cad

200014b0 <__tu_fifo_write_veneer>:
200014b0:	f85f f000 	ldr.w	pc, [pc]	@ 200014b4 <__tu_fifo_write_veneer+0x4>
200014b4:	10005a41 	.word	0x10005a41

200014b8 <__best_effort_wfe_or_timeout_veneer>:
200014b8:	f85f f000 	ldr.w	pc, [pc]	@ 200014bc <__best_effort_wfe_or_timeout_veneer+0x4>
200014bc:	1000154d 	.word	0x1000154d

200014c0 <__panic_veneer>:
200014c0:	f85f f000 	ldr.w	pc, [pc]	@ 200014c4 <__panic_veneer+0x4>
200014c4:	10000649 	.word	0x10000649

200014c8 <__tud_event_hook_cb_veneer>:
200014c8:	f85f f000 	ldr.w	pc, [pc]	@ 200014cc <__tud_event_hook_cb_veneer+0x4>
200014cc:	100044a1 	.word	0x100044a1

200014d0 <__time_us_64_veneer>:
200014d0:	f85f f000 	ldr.w	pc, [pc]	@ 200014d4 <__time_us_64_veneer+0x4>
200014d4:	1000164d 	.word	0x1000164d

200014d8 <striped_spin_lock_num>:
200014d8:	00000010                                ....

200014dc <irq_handler_chain_slots>:
200014dc:	00000000 	.word	0x00000000
200014e0:	00010000 	.word	0x00010000
	...
200014ec:	00020000 	.word	0x00020000
	...
200014f8:	00030000 	.word	0x00030000
	...
20001504:	00040000 	.word	0x00040000
	...
20001510:	00050000 	.word	0x00050000
	...
2000151c:	00ff0000 	.word	0x00ff0000
20001520:	00000000 	.word	0x00000000

20001524 <irq_handler_chain_first_slot>:
20001524:	b501      	push	{r0, lr}
20001526:	6848      	ldr	r0, [r1, #4]
20001528:	3101      	adds	r1, #1
2000152a:	468e      	mov	lr, r1
2000152c:	4700      	bx	r0

2000152e <irq_handler_chain_remove_tail>:
2000152e:	4670      	mov	r0, lr
20001530:	3809      	subs	r0, #9
20001532:	4901      	ldr	r1, [pc, #4]	@ (20001538 <irq_handler_chain_remove_tail+0xa>)
20001534:	4788      	blx	r1
20001536:	bd01      	pop	{r0, pc}
20001538:	10000ca1 	.word	0x10000ca1

2000153c <default_alarm_pool>:
	...
20001550:	20001670                                p.. 

20001554 <stdio_usb>:
20001554:	10003b69 10003b15 10003a8d 100039fd     i;...;...:...9..
20001564:	00000000 00000100                       ........

2000156c <_usbd_qdef>:
2000156c:	2000196c 000c0010 00000000 00000000     l.. ............
	...

20001588 <_usbd_rhport>:
20001588:	000000ff                                ....

2000158c <print_mutex>:
	...
