
/Users/anarojas/Desktop/Sistemas Embebidos 2026/SE1_P6_EQ3_DOS/build/SE1_P6_EQ3_DOS.elf:     file format elf32-littlearm

Sections:
Idx Name          Size      VMA       LMA       File off  Algn
  0 .text         00004014  10000000  10000000  00001000  2**3
                  CONTENTS, ALLOC, LOAD, READONLY, CODE
  1 .rodata       00000358  10004014  10004014  00005014  2**2
                  CONTENTS, ALLOC, LOAD, READONLY, DATA
  2 .ARM.exidx    00000008  1000436c  1000436c  0000536c  2**2
                  CONTENTS, ALLOC, LOAD, READONLY, DATA
  3 .binary_info  00000024  10004374  10004374  00005374  2**2
                  CONTENTS, ALLOC, LOAD, READONLY, DATA
  4 .psram_load   00000000  11000000  11000000  00007180  2**0
                  CONTENTS
  5 .psram_noload 00000000  11000000  11000000  00007180  2**0
                  CONTENTS
  6 .xip_ram      00000000  13ffc000  13ffc000  00007180  2**0
                  CONTENTS
  7 .ram_vector_table 00000110  20000000  20000000  00008000  2**2
                  ALLOC
  8 .uninitialized_data 00000000  20000110  20000110  00007180  2**0
                  CONTENTS
  9 .data         00000dd4  20000110  10004398  00006110  2**3
                  CONTENTS, ALLOC, LOAD, READONLY, CODE
 10 .tdata        00000000  20000ee4  20000ee4  00007180  2**0
                  CONTENTS, ALLOC, LOAD, DATA, THREAD_LOCAL
 11 .tbss         00000000  20000ee4  20000ee4  00000000  2**0
                  ALLOC, THREAD_LOCAL
 12 .tbss_space   00000000  20000ee4  20000ee4  00007180  2**0
                  CONTENTS
 13 .bss          00000944  20000ee8  1000516c  00007ee8  2**3
                  ALLOC
 14 .tls0         00000000  2000182c  2000182c  00007180  2**0
                  CONTENTS
 15 .tls1         00000000  2000182c  2000182c  00007180  2**0
                  CONTENTS
 16 .persistent_data 00000000  2000182c  2000182c  00007180  2**0
                  CONTENTS
 17 .dummy_pre_heap 00000000  2000182c  2000182c  00007180  2**0
                  CONTENTS
 18 .heap         00000800  2000182c  2000182c  00008000  2**2
                  ALLOC, READONLY
 19 .scratch_x    00000000  20080000  20080000  00007180  2**0
                  CONTENTS
 20 .scratch_y    00000000  20081000  20081000  00007180  2**0
                  CONTENTS
 21 .stack_dummy  00000800  20081000  20081000  00008000  2**5
                  ALLOC, READONLY
 22 .flash_end    00000014  1000516c  1000516c  0000716c  2**2
                  CONTENTS, ALLOC, LOAD, READONLY, DATA
 23 .debug_info   00033def  00000000  00000000  00007180  2**0
                  CONTENTS, READONLY, DEBUGGING, OCTETS
 24 .debug_abbrev 00008c34  00000000  00000000  0003af6f  2**0
                  CONTENTS, READONLY, DEBUGGING, OCTETS
 25 .debug_loclists 00018d8e  00000000  00000000  00043ba3  2**0
                  CONTENTS, READONLY, DEBUGGING, OCTETS
 26 .debug_aranges 000011a8  00000000  00000000  0005c938  2**3
                  CONTENTS, READONLY, DEBUGGING, OCTETS
 27 .debug_rnglists 00004668  00000000  00000000  0005dae0  2**0
                  CONTENTS, READONLY, DEBUGGING, OCTETS
 28 .debug_line   0002150f  00000000  00000000  00062148  2**0
                  CONTENTS, READONLY, DEBUGGING, OCTETS
 29 .debug_str    0000973e  00000000  00000000  00083657  2**0
                  CONTENTS, READONLY, DEBUGGING, OCTETS
 30 .comment      00000044  00000000  00000000  0008cd95  2**0
                  CONTENTS, READONLY
 31 .ARM.attributes 00000036  00000000  00000000  0008cdd9  2**0
                  CONTENTS, READONLY
 32 .debug_frame  000030b8  00000000  00000000  0008ce10  2**2
                  CONTENTS, READONLY, DEBUGGING, OCTETS
 33 .debug_line_str 0000017b  00000000  00000000  0008fec8  2**0
                  CONTENTS, READONLY, DEBUGGING, OCTETS

/Users/anarojas/Desktop/Sistemas Embebidos 2026/SE1_P6_EQ3_DOS/build/SE1_P6_EQ3_DOS.elf:     file format elf32-littlearm


Disassembly of section .text:

10000000 <__VECTOR_TABLE>:
10000000:	20082000 	.word	0x20082000
10000004:	1000015b 	.word	0x1000015b
10000008:	1000011b 	.word	0x1000011b
1000000c:	1000011d 	.word	0x1000011d
10000010:	10000111 	.word	0x10000111
10000014:	10000111 	.word	0x10000111
10000018:	10000111 	.word	0x10000111
1000001c:	10000111 	.word	0x10000111
10000020:	10000119 	.word	0x10000119
10000024:	10000119 	.word	0x10000119
10000028:	10000119 	.word	0x10000119
1000002c:	1000011f 	.word	0x1000011f
10000030:	10000111 	.word	0x10000111
10000034:	10000119 	.word	0x10000119
10000038:	10000121 	.word	0x10000121
1000003c:	10000123 	.word	0x10000123
10000040:	10000111 	.word	0x10000111
10000044:	10000111 	.word	0x10000111
10000048:	10000111 	.word	0x10000111
1000004c:	10000111 	.word	0x10000111
10000050:	10000111 	.word	0x10000111
10000054:	10000111 	.word	0x10000111
10000058:	10000111 	.word	0x10000111
1000005c:	10000111 	.word	0x10000111
10000060:	10000111 	.word	0x10000111
10000064:	10000111 	.word	0x10000111
10000068:	10000111 	.word	0x10000111
1000006c:	10000111 	.word	0x10000111
10000070:	10000111 	.word	0x10000111
10000074:	10000111 	.word	0x10000111
10000078:	10000111 	.word	0x10000111
1000007c:	10000111 	.word	0x10000111
10000080:	10000111 	.word	0x10000111
10000084:	10000111 	.word	0x10000111
10000088:	10000111 	.word	0x10000111
1000008c:	10000111 	.word	0x10000111
10000090:	10000111 	.word	0x10000111
10000094:	10000111 	.word	0x10000111
10000098:	10000111 	.word	0x10000111
1000009c:	10000111 	.word	0x10000111
100000a0:	10000111 	.word	0x10000111
100000a4:	10000111 	.word	0x10000111
100000a8:	10000111 	.word	0x10000111
100000ac:	10000111 	.word	0x10000111
100000b0:	10000111 	.word	0x10000111
100000b4:	10000111 	.word	0x10000111
100000b8:	10000111 	.word	0x10000111
100000bc:	10000111 	.word	0x10000111
100000c0:	10000111 	.word	0x10000111
100000c4:	10000111 	.word	0x10000111
100000c8:	10000111 	.word	0x10000111
100000cc:	10000111 	.word	0x10000111
100000d0:	10000111 	.word	0x10000111
100000d4:	10000111 	.word	0x10000111
100000d8:	10000111 	.word	0x10000111
100000dc:	10000111 	.word	0x10000111
100000e0:	10000111 	.word	0x10000111
100000e4:	10000111 	.word	0x10000111
100000e8:	10000111 	.word	0x10000111
100000ec:	10000111 	.word	0x10000111
100000f0:	10000111 	.word	0x10000111
100000f4:	10000111 	.word	0x10000111
100000f8:	10000111 	.word	0x10000111
100000fc:	10000111 	.word	0x10000111
10000100:	10000111 	.word	0x10000111
10000104:	10000111 	.word	0x10000111
10000108:	10000111 	.word	0x10000111
1000010c:	10000111 	.word	0x10000111

10000110 <__unhandled_user_irq>:
10000110:	f3ef 8005 	mrs	r0, IPSR
10000114:	3810      	subs	r0, #16

10000116 <unhandled_user_irq_num_in_r0>:
10000116:	be00      	bkpt	0x0000

10000118 <isr_invalid>:
10000118:	be00      	bkpt	0x0000

1000011a <isr_nmi>:
1000011a:	be00      	bkpt	0x0000

1000011c <isr_hardfault>:
1000011c:	be00      	bkpt	0x0000

1000011e <isr_svcall>:
1000011e:	be00      	bkpt	0x0000

10000120 <isr_pendsv>:
10000120:	be00      	bkpt	0x0000

10000122 <isr_systick>:
10000122:	be00      	bkpt	0x0000

10000124 <__default_isrs_end>:
10000124:	7188ebf2 	.word	0x7188ebf2
10000128:	10004374 	.word	0x10004374
1000012c:	10004398 	.word	0x10004398
10000130:	1000019c 	.word	0x1000019c
10000134:	e71aa390 	.word	0xe71aa390

10000138 <__binary_info_header_end>:
10000138:	ffffded3 	.word	0xffffded3
1000013c:	10210142 	.word	0x10210142
10000140:	000001ff 	.word	0x000001ff
10000144:	00005034 	.word	0x00005034
10000148:	ab123579 	.word	0xab123579

1000014c <_entry_point>:
1000014c:	2000      	movs	r0, #0

1000014e <_enter_vtable_in_r0>:
1000014e:	491e      	ldr	r1, [pc, #120]	@ (100001c8 <data_cpy_table+0x2c>)
10000150:	6008      	str	r0, [r1, #0]
10000152:	c806      	ldmia	r0!, {r1, r2}
10000154:	f381 8808 	msr	MSP, r1
10000158:	4710      	bx	r2

1000015a <_reset_handler>:
1000015a:	f04f 4050 	mov.w	r0, #3489660928	@ 0xd0000000
1000015e:	6800      	ldr	r0, [r0, #0]
10000160:	b108      	cbz	r0, 10000166 <hold_non_core0_in_bootrom+0x4>

10000162 <hold_non_core0_in_bootrom>:
10000162:	2000      	movs	r0, #0
10000164:	e7f3      	b.n	1000014e <_enter_vtable_in_r0>
10000166:	a40d      	add	r4, pc, #52	@ (adr r4, 1000019c <data_cpy_table>)
10000168:	cc0e      	ldmia	r4!, {r1, r2, r3}
1000016a:	2900      	cmp	r1, #0
1000016c:	d002      	beq.n	10000174 <hold_non_core0_in_bootrom+0x12>
1000016e:	f000 f812 	bl	10000196 <data_cpy>
10000172:	e7f9      	b.n	10000168 <hold_non_core0_in_bootrom+0x6>
10000174:	4915      	ldr	r1, [pc, #84]	@ (100001cc <data_cpy_table+0x30>)
10000176:	4a16      	ldr	r2, [pc, #88]	@ (100001d0 <data_cpy_table+0x34>)
10000178:	2000      	movs	r0, #0
1000017a:	e000      	b.n	1000017e <bss_fill_test>

1000017c <bss_fill_loop>:
1000017c:	c101      	stmia	r1!, {r0}

1000017e <bss_fill_test>:
1000017e:	4291      	cmp	r1, r2
10000180:	d1fc      	bne.n	1000017c <bss_fill_loop>

10000182 <platform_entry>:
10000182:	4914      	ldr	r1, [pc, #80]	@ (100001d4 <data_cpy_table+0x38>)
10000184:	4788      	blx	r1
10000186:	4914      	ldr	r1, [pc, #80]	@ (100001d8 <data_cpy_table+0x3c>)
10000188:	4788      	blx	r1
1000018a:	4914      	ldr	r1, [pc, #80]	@ (100001dc <data_cpy_table+0x40>)
1000018c:	4788      	blx	r1
1000018e:	be00      	bkpt	0x0000
10000190:	e7fd      	b.n	1000018e <platform_entry+0xc>

10000192 <data_cpy_loop>:
10000192:	c901      	ldmia	r1!, {r0}
10000194:	c201      	stmia	r2!, {r0}

10000196 <data_cpy>:
10000196:	429a      	cmp	r2, r3
10000198:	d3fb      	bcc.n	10000192 <data_cpy_loop>

1000019a <data_cpy_done>:
1000019a:	4770      	bx	lr

1000019c <data_cpy_table>:
1000019c:	10004398 	.word	0x10004398
100001a0:	20000110 	.word	0x20000110
100001a4:	20000ee4 	.word	0x20000ee4
100001a8:	1000516c 	.word	0x1000516c
100001ac:	20080000 	.word	0x20080000
100001b0:	20080000 	.word	0x20080000
100001b4:	1000516c 	.word	0x1000516c
100001b8:	20081000 	.word	0x20081000
100001bc:	20081000 	.word	0x20081000
100001c0:	00000000 	.word	0x00000000
100001c4:	4770      	bx	lr
100001c6:	0000      	.short	0x0000
100001c8:	e000ed08 	.word	0xe000ed08
100001cc:	20000ee4 	.word	0x20000ee4
100001d0:	2000182c 	.word	0x2000182c
100001d4:	100017a5 	.word	0x100017a5
100001d8:	100001e1 	.word	0x100001e1
100001dc:	1000179d 	.word	0x1000179d

100001e0 <main>:
100001e0:	b510      	push	{r4, lr}
100001e2:	f001 fbdb 	bl	1000199c <stdio_init_all>
100001e6:	2102      	movs	r1, #2
100001e8:	2000      	movs	r0, #0
100001ea:	f000 f833 	bl	10000254 <gpio_set_function>
100001ee:	2102      	movs	r1, #2
100001f0:	2001      	movs	r0, #1
100001f2:	f000 f82f 	bl	10000254 <gpio_set_function>
100001f6:	f44f 31e1 	mov.w	r1, #115200	@ 0x1c200
100001fa:	4815      	ldr	r0, [pc, #84]	@ (10000250 <main+0x70>)
100001fc:	f000 ff3a 	bl	10001074 <uart_init>
10000200:	2300      	movs	r3, #0
10000202:	2201      	movs	r2, #1
10000204:	2108      	movs	r1, #8
10000206:	4812      	ldr	r0, [pc, #72]	@ (10000250 <main+0x70>)
10000208:	f000 ffb6 	bl	10001178 <uart_set_format>
1000020c:	2101      	movs	r1, #1
1000020e:	4810      	ldr	r0, [pc, #64]	@ (10000250 <main+0x70>)
10000210:	f000 ffea 	bl	100011e8 <uart_set_fifo_enabled>
10000214:	4c0e      	ldr	r4, [pc, #56]	@ (10000250 <main+0x70>)
10000216:	2000      	movs	r0, #0
10000218:	f001 fbc2 	bl	100019a0 <stdio_getchar_timeout_us>
1000021c:	1c82      	adds	r2, r0, #2
1000021e:	d110      	bne.n	10000242 <main+0x62>
10000220:	69a3      	ldr	r3, [r4, #24]
10000222:	06d9      	lsls	r1, r3, #27
10000224:	d4f7      	bmi.n	10000216 <main+0x36>
10000226:	69a3      	ldr	r3, [r4, #24]
10000228:	06da      	lsls	r2, r3, #27
1000022a:	d4fc      	bmi.n	10000226 <main+0x46>
1000022c:	6820      	ldr	r0, [r4, #0]
1000022e:	b2c0      	uxtb	r0, r0
10000230:	f001 fbfc 	bl	10001a2c <__wrap_putchar>
10000234:	69a3      	ldr	r3, [r4, #24]
10000236:	06db      	lsls	r3, r3, #27
10000238:	d4ed      	bmi.n	10000216 <main+0x36>
1000023a:	69a3      	ldr	r3, [r4, #24]
1000023c:	06da      	lsls	r2, r3, #27
1000023e:	d4f2      	bmi.n	10000226 <main+0x46>
10000240:	e7f4      	b.n	1000022c <main+0x4c>
10000242:	69a3      	ldr	r3, [r4, #24]
10000244:	069b      	lsls	r3, r3, #26
10000246:	d4fc      	bmi.n	10000242 <main+0x62>
10000248:	b2c0      	uxtb	r0, r0
1000024a:	6020      	str	r0, [r4, #0]
1000024c:	e7e8      	b.n	10000220 <main+0x40>
1000024e:	bf00      	nop
10000250:	40070000 	.word	0x40070000

10000254 <gpio_set_function>:
10000254:	b410      	push	{r4}
10000256:	f44f 7480 	mov.w	r4, #256	@ 0x100
1000025a:	4b0c      	ldr	r3, [pc, #48]	@ (1000028c <gpio_set_function+0x38>)
1000025c:	f853 2020 	ldr.w	r2, [r3, r0, lsl #2]
10000260:	eb03 0380 	add.w	r3, r3, r0, lsl #2
10000264:	00c0      	lsls	r0, r0, #3
10000266:	f082 0240 	eor.w	r2, r2, #64	@ 0x40
1000026a:	f100 4080 	add.w	r0, r0, #1073741824	@ 0x40000000
1000026e:	f503 5c80 	add.w	ip, r3, #4096	@ 0x1000
10000272:	f002 02c0 	and.w	r2, r2, #192	@ 0xc0
10000276:	f500 3020 	add.w	r0, r0, #163840	@ 0x28000
1000027a:	f503 5340 	add.w	r3, r3, #12288	@ 0x3000
1000027e:	f8cc 2000 	str.w	r2, [ip]
10000282:	6041      	str	r1, [r0, #4]
10000284:	601c      	str	r4, [r3, #0]
10000286:	f85d 4b04 	ldr.w	r4, [sp], #4
1000028a:	4770      	bx	lr
1000028c:	40038004 	.word	0x40038004

10000290 <panic>:
10000290:	b40f      	push	{r0, r1, r2, r3}
10000292:	b500      	push	{lr}
10000294:	b083      	sub	sp, #12
10000296:	9c04      	ldr	r4, [sp, #16]
10000298:	4807      	ldr	r0, [pc, #28]	@ (100002b8 <panic+0x28>)
1000029a:	f001 fc09 	bl	10001ab0 <__wrap_puts>
1000029e:	b13c      	cbz	r4, 100002b0 <panic+0x20>
100002a0:	a905      	add	r1, sp, #20
100002a2:	4620      	mov	r0, r4
100002a4:	9101      	str	r1, [sp, #4]
100002a6:	f001 fa5d 	bl	10001764 <weak_raw_vprintf>
100002aa:	4804      	ldr	r0, [pc, #16]	@ (100002bc <panic+0x2c>)
100002ac:	f001 fc00 	bl	10001ab0 <__wrap_puts>
100002b0:	2001      	movs	r0, #1
100002b2:	f001 fa6f 	bl	10001794 <_exit>
100002b6:	bf00      	nop
100002b8:	10004014 	.word	0x10004014
100002bc:	100040f4 	.word	0x100040f4

100002c0 <hw_claim_or_assert>:
100002c0:	b570      	push	{r4, r5, r6, lr}
100002c2:	4686      	mov	lr, r0
100002c4:	f3ef 8510 	mrs	r5, PRIMASK
100002c8:	b672      	cpsid	i
100002ca:	4c12      	ldr	r4, [pc, #72]	@ (10000314 <hw_claim_or_assert+0x54>)
100002cc:	e8d4 6fcf 	ldaexb	r6, [r4]
100002d0:	2001      	movs	r0, #1
100002d2:	2e00      	cmp	r6, #0
100002d4:	d1fa      	bne.n	100002cc <hw_claim_or_assert+0xc>
100002d6:	e8c4 0f46 	strexb	r6, r0, [r4]
100002da:	2e00      	cmp	r6, #0
100002dc:	d1f6      	bne.n	100002cc <hw_claim_or_assert+0xc>
100002de:	f3bf 8f5f 	dmb	sy
100002e2:	f04f 0c01 	mov.w	ip, #1
100002e6:	08c8      	lsrs	r0, r1, #3
100002e8:	f001 0307 	and.w	r3, r1, #7
100002ec:	fa0c f303 	lsl.w	r3, ip, r3
100002f0:	f81e c000 	ldrb.w	ip, [lr, r0]
100002f4:	ea1c 0603 	ands.w	r6, ip, r3
100002f8:	d108      	bne.n	1000030c <hw_claim_or_assert+0x4c>
100002fa:	ea4c 0c03 	orr.w	ip, ip, r3
100002fe:	f80e c000 	strb.w	ip, [lr, r0]
10000302:	e8c4 6f8f 	stlb	r6, [r4]
10000306:	f385 8810 	msr	PRIMASK, r5
1000030a:	bd70      	pop	{r4, r5, r6, pc}
1000030c:	4610      	mov	r0, r2
1000030e:	f7ff ffbf 	bl	10000290 <panic>
10000312:	bf00      	nop
10000314:	2000121f 	.word	0x2000121f

10000318 <hw_claim_unused_from_range>:
10000318:	b5f8      	push	{r3, r4, r5, r6, r7, lr}
1000031a:	f3ef 8510 	mrs	r5, PRIMASK
1000031e:	b672      	cpsid	i
10000320:	4c23      	ldr	r4, [pc, #140]	@ (100003b0 <hw_claim_unused_from_range+0x98>)
10000322:	e8d4 7fcf 	ldaexb	r7, [r4]
10000326:	2601      	movs	r6, #1
10000328:	2f00      	cmp	r7, #0
1000032a:	d1fa      	bne.n	10000322 <hw_claim_unused_from_range+0xa>
1000032c:	e8c4 6f47 	strexb	r7, r6, [r4]
10000330:	2f00      	cmp	r7, #0
10000332:	d1f6      	bne.n	10000322 <hw_claim_unused_from_range+0xa>
10000334:	f3bf 8f5f 	dmb	sy
10000338:	429a      	cmp	r2, r3
1000033a:	d827      	bhi.n	1000038c <hw_claim_unused_from_range+0x74>
1000033c:	2601      	movs	r6, #1
1000033e:	08d7      	lsrs	r7, r2, #3
10000340:	f810 e007 	ldrb.w	lr, [r0, r7]
10000344:	f002 0c07 	and.w	ip, r2, #7
10000348:	fa06 fc0c 	lsl.w	ip, r6, ip
1000034c:	ea1e 0f0c 	tst.w	lr, ip
10000350:	eb00 07d2 	add.w	r7, r0, r2, lsr #3
10000354:	d10d      	bne.n	10000372 <hw_claim_unused_from_range+0x5a>
10000356:	e025      	b.n	100003a4 <hw_claim_unused_from_range+0x8c>
10000358:	ea4f 0ed2 	mov.w	lr, r2, lsr #3
1000035c:	f810 e00e 	ldrb.w	lr, [r0, lr]
10000360:	f002 0c07 	and.w	ip, r2, #7
10000364:	fa06 fc0c 	lsl.w	ip, r6, ip
10000368:	ea1e 0f0c 	tst.w	lr, ip
1000036c:	eb00 07d2 	add.w	r7, r0, r2, lsr #3
10000370:	d018      	beq.n	100003a4 <hw_claim_unused_from_range+0x8c>
10000372:	3201      	adds	r2, #1
10000374:	4293      	cmp	r3, r2
10000376:	d2ef      	bcs.n	10000358 <hw_claim_unused_from_range+0x40>
10000378:	f04f 30ff 	mov.w	r0, #4294967295	@ 0xffffffff
1000037c:	2300      	movs	r3, #0
1000037e:	e8c4 3f8f 	stlb	r3, [r4]
10000382:	f385 8810 	msr	PRIMASK, r5
10000386:	4298      	cmp	r0, r3
10000388:	db07      	blt.n	1000039a <hw_claim_unused_from_range+0x82>
1000038a:	bdf8      	pop	{r3, r4, r5, r6, r7, pc}
1000038c:	2300      	movs	r3, #0
1000038e:	e8c4 3f8f 	stlb	r3, [r4]
10000392:	f385 8810 	msr	PRIMASK, r5
10000396:	f04f 30ff 	mov.w	r0, #4294967295	@ 0xffffffff
1000039a:	2900      	cmp	r1, #0
1000039c:	d0f5      	beq.n	1000038a <hw_claim_unused_from_range+0x72>
1000039e:	9806      	ldr	r0, [sp, #24]
100003a0:	f7ff ff76 	bl	10000290 <panic>
100003a4:	ea4e 0e0c 	orr.w	lr, lr, ip
100003a8:	4610      	mov	r0, r2
100003aa:	f887 e000 	strb.w	lr, [r7]
100003ae:	e7e5      	b.n	1000037c <hw_claim_unused_from_range+0x64>
100003b0:	2000121f 	.word	0x2000121f

100003b4 <next_striped_spin_lock_num>:
100003b4:	4a04      	ldr	r2, [pc, #16]	@ (100003c8 <next_striped_spin_lock_num+0x14>)
100003b6:	7810      	ldrb	r0, [r2, #0]
100003b8:	1c43      	adds	r3, r0, #1
100003ba:	b2db      	uxtb	r3, r3
100003bc:	2b18      	cmp	r3, #24
100003be:	bf28      	it	cs
100003c0:	2310      	movcs	r3, #16
100003c2:	7013      	strb	r3, [r2, #0]
100003c4:	4770      	bx	lr
100003c6:	bf00      	nop
100003c8:	20000e28 	.word	0x20000e28

100003cc <spin_lock_claim_unused>:
100003cc:	b510      	push	{r4, lr}
100003ce:	4c05      	ldr	r4, [pc, #20]	@ (100003e4 <spin_lock_claim_unused+0x18>)
100003d0:	b082      	sub	sp, #8
100003d2:	4601      	mov	r1, r0
100003d4:	231f      	movs	r3, #31
100003d6:	2218      	movs	r2, #24
100003d8:	9400      	str	r4, [sp, #0]
100003da:	4803      	ldr	r0, [pc, #12]	@ (100003e8 <spin_lock_claim_unused+0x1c>)
100003dc:	f7ff ff9c 	bl	10000318 <hw_claim_unused_from_range>
100003e0:	b002      	add	sp, #8
100003e2:	bd10      	pop	{r4, pc}
100003e4:	10004024 	.word	0x10004024
100003e8:	20001364 	.word	0x20001364

100003ec <spinlock_set_extexclall>:
100003ec:	f04f 22e0 	mov.w	r2, #3758153728	@ 0xe000e000
100003f0:	6893      	ldr	r3, [r2, #8]
100003f2:	f043 5300 	orr.w	r3, r3, #536870912	@ 0x20000000
100003f6:	6093      	str	r3, [r2, #8]
100003f8:	4770      	bx	lr
100003fa:	bf00      	nop

100003fc <spin_locks_reset>:
100003fc:	2100      	movs	r1, #0
100003fe:	4b04      	ldr	r3, [pc, #16]	@ (10000410 <spin_locks_reset+0x14>)
10000400:	f103 0220 	add.w	r2, r3, #32
10000404:	e8c3 1f8f 	stlb	r1, [r3]
10000408:	3301      	adds	r3, #1
1000040a:	4293      	cmp	r3, r2
1000040c:	d1fa      	bne.n	10000404 <spin_locks_reset+0x8>
1000040e:	4770      	bx	lr
10000410:	20001214 	.word	0x20001214

10000414 <runtime_init_per_core_irq_priorities>:
10000414:	f04f 23e0 	mov.w	r3, #3758153728	@ 0xe000e000
10000418:	f04f 3280 	mov.w	r2, #2155905152	@ 0x80808080
1000041c:	f8c3 2400 	str.w	r2, [r3, #1024]	@ 0x400
10000420:	f8c3 2404 	str.w	r2, [r3, #1028]	@ 0x404
10000424:	f8c3 2408 	str.w	r2, [r3, #1032]	@ 0x408
10000428:	f8c3 240c 	str.w	r2, [r3, #1036]	@ 0x40c
1000042c:	f8c3 2410 	str.w	r2, [r3, #1040]	@ 0x410
10000430:	f8c3 2414 	str.w	r2, [r3, #1044]	@ 0x414
10000434:	f8c3 2418 	str.w	r2, [r3, #1048]	@ 0x418
10000438:	f8c3 241c 	str.w	r2, [r3, #1052]	@ 0x41c
1000043c:	f8c3 2420 	str.w	r2, [r3, #1056]	@ 0x420
10000440:	f8c3 2424 	str.w	r2, [r3, #1060]	@ 0x424
10000444:	f8c3 2428 	str.w	r2, [r3, #1064]	@ 0x428
10000448:	f8c3 242c 	str.w	r2, [r3, #1068]	@ 0x42c
1000044c:	f8c3 2430 	str.w	r2, [r3, #1072]	@ 0x430
10000450:	b662      	cpsie	i
10000452:	4770      	bx	lr

10000454 <irq_set_enabled>:
10000454:	2301      	movs	r3, #1
10000456:	f000 021f 	and.w	r2, r0, #31
1000045a:	4093      	lsls	r3, r2
1000045c:	0940      	lsrs	r0, r0, #5
1000045e:	b141      	cbz	r1, 10000472 <irq_set_enabled+0x1e>
10000460:	0080      	lsls	r0, r0, #2
10000462:	f100 4060 	add.w	r0, r0, #3758096384	@ 0xe0000000
10000466:	f500 4061 	add.w	r0, r0, #57600	@ 0xe100
1000046a:	f8c0 3180 	str.w	r3, [r0, #384]	@ 0x180
1000046e:	6003      	str	r3, [r0, #0]
10000470:	4770      	bx	lr
10000472:	4a02      	ldr	r2, [pc, #8]	@ (1000047c <irq_set_enabled+0x28>)
10000474:	3020      	adds	r0, #32
10000476:	f842 3020 	str.w	r3, [r2, r0, lsl #2]
1000047a:	4770      	bx	lr
1000047c:	e000e100 	.word	0xe000e100

10000480 <irq_is_enabled>:
10000480:	2301      	movs	r3, #1
10000482:	4a06      	ldr	r2, [pc, #24]	@ (1000049c <irq_is_enabled+0x1c>)
10000484:	0941      	lsrs	r1, r0, #5
10000486:	f852 2021 	ldr.w	r2, [r2, r1, lsl #2]
1000048a:	f000 001f 	and.w	r0, r0, #31
1000048e:	4083      	lsls	r3, r0
10000490:	4213      	tst	r3, r2
10000492:	bf14      	ite	ne
10000494:	2001      	movne	r0, #1
10000496:	2000      	moveq	r0, #0
10000498:	4770      	bx	lr
1000049a:	bf00      	nop
1000049c:	e000e100 	.word	0xe000e100

100004a0 <irq_set_pending>:
100004a0:	2201      	movs	r2, #1
100004a2:	0943      	lsrs	r3, r0, #5
100004a4:	4903      	ldr	r1, [pc, #12]	@ (100004b4 <irq_set_pending+0x14>)
100004a6:	f000 001f 	and.w	r0, r0, #31
100004aa:	4082      	lsls	r2, r0
100004ac:	3340      	adds	r3, #64	@ 0x40
100004ae:	f841 2023 	str.w	r2, [r1, r3, lsl #2]
100004b2:	4770      	bx	lr
100004b4:	e000e100 	.word	0xe000e100

100004b8 <irq_has_shared_handler>:
100004b8:	4a05      	ldr	r2, [pc, #20]	@ (100004d0 <irq_has_shared_handler+0x18>)
100004ba:	3010      	adds	r0, #16
100004bc:	6892      	ldr	r2, [r2, #8]
100004be:	4b05      	ldr	r3, [pc, #20]	@ (100004d4 <irq_has_shared_handler+0x1c>)
100004c0:	f852 0020 	ldr.w	r0, [r2, r0, lsl #2]
100004c4:	1ac0      	subs	r0, r0, r3
100004c6:	2847      	cmp	r0, #71	@ 0x47
100004c8:	bf8c      	ite	hi
100004ca:	2000      	movhi	r0, #0
100004cc:	2001      	movls	r0, #1
100004ce:	4770      	bx	lr
100004d0:	e000ed00 	.word	0xe000ed00
100004d4:	20000e2c 	.word	0x20000e2c

100004d8 <irq_set_exclusive_handler>:
100004d8:	b510      	push	{r4, lr}
100004da:	f3ef 8c10 	mrs	ip, PRIMASK
100004de:	b672      	cpsid	i
100004e0:	4b11      	ldr	r3, [pc, #68]	@ (10000528 <irq_set_exclusive_handler+0x50>)
100004e2:	e8d3 4fcf 	ldaexb	r4, [r3]
100004e6:	2201      	movs	r2, #1
100004e8:	2c00      	cmp	r4, #0
100004ea:	d1fa      	bne.n	100004e2 <irq_set_exclusive_handler+0xa>
100004ec:	e8c3 2f44 	strexb	r4, r2, [r3]
100004f0:	2c00      	cmp	r4, #0
100004f2:	d1f6      	bne.n	100004e2 <irq_set_exclusive_handler+0xa>
100004f4:	f3bf 8f5f 	dmb	sy
100004f8:	4a0c      	ldr	r2, [pc, #48]	@ (1000052c <irq_set_exclusive_handler+0x54>)
100004fa:	3010      	adds	r0, #16
100004fc:	6892      	ldr	r2, [r2, #8]
100004fe:	4c0c      	ldr	r4, [pc, #48]	@ (10000530 <irq_set_exclusive_handler+0x58>)
10000500:	f852 2020 	ldr.w	r2, [r2, r0, lsl #2]
10000504:	42a2      	cmp	r2, r4
10000506:	d001      	beq.n	1000050c <irq_set_exclusive_handler+0x34>
10000508:	4291      	cmp	r1, r2
1000050a:	d10b      	bne.n	10000524 <irq_set_exclusive_handler+0x4c>
1000050c:	4a07      	ldr	r2, [pc, #28]	@ (1000052c <irq_set_exclusive_handler+0x54>)
1000050e:	6892      	ldr	r2, [r2, #8]
10000510:	f842 1020 	str.w	r1, [r2, r0, lsl #2]
10000514:	f3bf 8f5f 	dmb	sy
10000518:	2200      	movs	r2, #0
1000051a:	e8c3 2f8f 	stlb	r2, [r3]
1000051e:	f38c 8810 	msr	PRIMASK, ip
10000522:	bd10      	pop	{r4, pc}
10000524:	f001 f808 	bl	10001538 <hard_assertion_failure>
10000528:	2000121d 	.word	0x2000121d
1000052c:	e000ed00 	.word	0xe000ed00
10000530:	10000111 	.word	0x10000111

10000534 <irq_add_shared_handler>:
10000534:	e92d 4ff0 	stmdb	sp!, {r4, r5, r6, r7, r8, r9, sl, fp, lr}
10000538:	460b      	mov	r3, r1
1000053a:	b083      	sub	sp, #12
1000053c:	f3ef 8a10 	mrs	sl, PRIMASK
10000540:	b672      	cpsid	i
10000542:	f8df 91ac 	ldr.w	r9, [pc, #428]	@ 100006f0 <irq_add_shared_handler+0x1bc>
10000546:	e8d9 4fcf 	ldaexb	r4, [r9]
1000054a:	2101      	movs	r1, #1
1000054c:	2c00      	cmp	r4, #0
1000054e:	d1fa      	bne.n	10000546 <irq_add_shared_handler+0x12>
10000550:	e8c9 1f44 	strexb	r4, r1, [r9]
10000554:	2c00      	cmp	r4, #0
10000556:	d1f6      	bne.n	10000546 <irq_add_shared_handler+0x12>
10000558:	f3bf 8f5f 	dmb	sy
1000055c:	495d      	ldr	r1, [pc, #372]	@ (100006d4 <irq_add_shared_handler+0x1a0>)
1000055e:	f991 8000 	ldrsb.w	r8, [r1]
10000562:	f1b8 0f00 	cmp.w	r8, #0
10000566:	f2c0 80b2 	blt.w	100006ce <irq_add_shared_handler+0x19a>
1000056a:	4c5b      	ldr	r4, [pc, #364]	@ (100006d8 <irq_add_shared_handler+0x1a4>)
1000056c:	eb08 0748 	add.w	r7, r8, r8, lsl #1
10000570:	eb04 0587 	add.w	r5, r4, r7, lsl #2
10000574:	79ae      	ldrb	r6, [r5, #6]
10000576:	3010      	adds	r0, #16
10000578:	700e      	strb	r6, [r1, #0]
1000057a:	4958      	ldr	r1, [pc, #352]	@ (100006dc <irq_add_shared_handler+0x1a8>)
1000057c:	ea4f 0648 	mov.w	r6, r8, lsl #1
10000580:	6889      	ldr	r1, [r1, #8]
10000582:	9600      	str	r6, [sp, #0]
10000584:	f851 1020 	ldr.w	r1, [r1, r0, lsl #2]
10000588:	00bf      	lsls	r7, r7, #2
1000058a:	1b0e      	subs	r6, r1, r4
1000058c:	2e47      	cmp	r6, #71	@ 0x47
1000058e:	d834      	bhi.n	100005fa <irq_add_shared_handler+0xc6>
10000590:	f021 0e01 	bic.w	lr, r1, #1
10000594:	f89e 6007 	ldrb.w	r6, [lr, #7]
10000598:	4296      	cmp	r6, r2
1000059a:	d809      	bhi.n	100005b0 <irq_add_shared_handler+0x7c>
1000059c:	e071      	b.n	10000682 <irq_add_shared_handler+0x14e>
1000059e:	eb0c 064c 	add.w	r6, ip, ip, lsl #1
100005a2:	eb04 0686 	add.w	r6, r4, r6, lsl #2
100005a6:	f896 b007 	ldrb.w	fp, [r6, #7]
100005aa:	4593      	cmp	fp, r2
100005ac:	d94e      	bls.n	1000064c <irq_add_shared_handler+0x118>
100005ae:	46b6      	mov	lr, r6
100005b0:	f99e c006 	ldrsb.w	ip, [lr, #6]
100005b4:	f1bc 0f00 	cmp.w	ip, #0
100005b8:	daf1      	bge.n	1000059e <irq_add_shared_handler+0x6a>
100005ba:	f64b 5601 	movw	r6, #48385	@ 0xbd01
100005be:	f10e 0b04 	add.w	fp, lr, #4
100005c2:	3d04      	subs	r5, #4
100005c4:	eba5 050b 	sub.w	r5, r5, fp
100005c8:	f3c5 054a 	ubfx	r5, r5, #1, #11
100005cc:	ea6f 45c5 	mvn.w	r5, r5, lsl #19
100005d0:	9f00      	ldr	r7, [sp, #0]
100005d2:	ea6f 45d5 	mvn.w	r5, r5, lsr #19
100005d6:	4447      	add	r7, r8
100005d8:	46bb      	mov	fp, r7
100005da:	f88e 8006 	strb.w	r8, [lr, #6]
100005de:	f8df 810c 	ldr.w	r8, [pc, #268]	@ 100006ec <irq_add_shared_handler+0x1b8>
100005e2:	eb04 0787 	add.w	r7, r4, r7, lsl #2
100005e6:	f8ae 5004 	strh.w	r5, [lr, #4]
100005ea:	f844 802b 	str.w	r8, [r4, fp, lsl #2]
100005ee:	80be      	strh	r6, [r7, #4]
100005f0:	f887 c006 	strb.w	ip, [r7, #6]
100005f4:	71fa      	strb	r2, [r7, #7]
100005f6:	60bb      	str	r3, [r7, #8]
100005f8:	e01a      	b.n	10000630 <irq_add_shared_handler+0xfc>
100005fa:	4e39      	ldr	r6, [pc, #228]	@ (100006e0 <irq_add_shared_handler+0x1ac>)
100005fc:	42b1      	cmp	r1, r6
100005fe:	d166      	bne.n	100006ce <irq_add_shared_handler+0x19a>
10000600:	60ab      	str	r3, [r5, #8]
10000602:	4b38      	ldr	r3, [pc, #224]	@ (100006e4 <irq_add_shared_handler+0x1b0>)
10000604:	71ea      	strb	r2, [r5, #7]
10000606:	1cba      	adds	r2, r7, #2
10000608:	4422      	add	r2, r4
1000060a:	3b04      	subs	r3, #4
1000060c:	1a9b      	subs	r3, r3, r2
1000060e:	f3c3 034a 	ubfx	r3, r3, #1, #11
10000612:	ea6f 43c3 	mvn.w	r3, r3, lsl #19
10000616:	f44f 4221 	mov.w	r2, #41216	@ 0xa100
1000061a:	ea6f 43d3 	mvn.w	r3, r3, lsr #19
1000061e:	53e2      	strh	r2, [r4, r7]
10000620:	806b      	strh	r3, [r5, #2]
10000622:	22ff      	movs	r2, #255	@ 0xff
10000624:	f64b 5301 	movw	r3, #48385	@ 0xbd01
10000628:	71aa      	strb	r2, [r5, #6]
1000062a:	80ab      	strh	r3, [r5, #4]
1000062c:	f045 0101 	orr.w	r1, r5, #1
10000630:	4b2a      	ldr	r3, [pc, #168]	@ (100006dc <irq_add_shared_handler+0x1a8>)
10000632:	689b      	ldr	r3, [r3, #8]
10000634:	f843 1020 	str.w	r1, [r3, r0, lsl #2]
10000638:	f3bf 8f5f 	dmb	sy
1000063c:	2300      	movs	r3, #0
1000063e:	e8c9 3f8f 	stlb	r3, [r9]
10000642:	f38a 8810 	msr	PRIMASK, sl
10000646:	b003      	add	sp, #12
10000648:	e8bd 8ff0 	ldmia.w	sp!, {r4, r5, r6, r7, r8, r9, sl, fp, pc}
1000064c:	46f3      	mov	fp, lr
1000064e:	f83b 6f04 	ldrh.w	r6, [fp, #4]!
10000652:	0576      	lsls	r6, r6, #21
10000654:	d40f      	bmi.n	10000676 <irq_add_shared_handler+0x142>
10000656:	1576      	asrs	r6, r6, #21
10000658:	3602      	adds	r6, #2
1000065a:	eb0b 0646 	add.w	r6, fp, r6, lsl #1
1000065e:	9601      	str	r6, [sp, #4]
10000660:	f06f 0607 	mvn.w	r6, #7
10000664:	1bf6      	subs	r6, r6, r7
10000666:	9f01      	ldr	r7, [sp, #4]
10000668:	1b36      	subs	r6, r6, r4
1000066a:	443e      	add	r6, r7
1000066c:	f3c6 064a 	ubfx	r6, r6, #1, #11
10000670:	f446 4660 	orr.w	r6, r6, #57344	@ 0xe000
10000674:	e7a5      	b.n	100005c2 <irq_add_shared_handler+0x8e>
10000676:	f506 16ff 	add.w	r6, r6, #2088960	@ 0x1fe000
1000067a:	f506 56ff 	add.w	r6, r6, #8160	@ 0x1fe0
1000067e:	361f      	adds	r6, #31
10000680:	e7e9      	b.n	10000656 <irq_add_shared_handler+0x122>
10000682:	60ab      	str	r3, [r5, #8]
10000684:	f06f 0307 	mvn.w	r3, #7
10000688:	71ea      	strb	r2, [r5, #7]
1000068a:	f44f 4221 	mov.w	r2, #41216	@ 0xa100
1000068e:	1bdb      	subs	r3, r3, r7
10000690:	1b1b      	subs	r3, r3, r4
10000692:	4473      	add	r3, lr
10000694:	53e2      	strh	r2, [r4, r7]
10000696:	f3c3 024a 	ubfx	r2, r3, #1, #11
1000069a:	4b12      	ldr	r3, [pc, #72]	@ (100006e4 <irq_add_shared_handler+0x1b0>)
1000069c:	4e12      	ldr	r6, [pc, #72]	@ (100006e8 <irq_add_shared_handler+0x1b4>)
1000069e:	3702      	adds	r7, #2
100006a0:	4427      	add	r7, r4
100006a2:	3b04      	subs	r3, #4
100006a4:	4332      	orrs	r2, r6
100006a6:	1bdb      	subs	r3, r3, r7
100006a8:	80aa      	strh	r2, [r5, #4]
100006aa:	f3c3 034a 	ubfx	r3, r3, #1, #11
100006ae:	4a0f      	ldr	r2, [pc, #60]	@ (100006ec <irq_add_shared_handler+0x1b8>)
100006b0:	4333      	orrs	r3, r6
100006b2:	806b      	strh	r3, [r5, #2]
100006b4:	f64a 21aa 	movw	r1, #43690	@ 0xaaaa
100006b8:	4673      	mov	r3, lr
100006ba:	1b1b      	subs	r3, r3, r4
100006bc:	415b      	adcs	r3, r3
100006be:	4359      	muls	r1, r3
100006c0:	0d09      	lsrs	r1, r1, #20
100006c2:	71a9      	strb	r1, [r5, #6]
100006c4:	f8ce 2000 	str.w	r2, [lr]
100006c8:	f045 0101 	orr.w	r1, r5, #1
100006cc:	e7b0      	b.n	10000630 <irq_add_shared_handler+0xfc>
100006ce:	f000 ff33 	bl	10001538 <hard_assertion_failure>
100006d2:	bf00      	nop
100006d4:	20001824 	.word	0x20001824
100006d8:	20000e2c 	.word	0x20000e2c
100006dc:	e000ed00 	.word	0xe000ed00
100006e0:	10000111 	.word	0x10000111
100006e4:	20000e74 	.word	0x20000e74
100006e8:	ffffe000 	.word	0xffffe000
100006ec:	47804801 	.word	0x47804801
100006f0:	2000121d 	.word	0x2000121d

100006f4 <irq_add_tail_to_free_list>:
100006f4:	b5f0      	push	{r4, r5, r6, r7, lr}
100006f6:	f3ef 8505 	mrs	r5, IPSR
100006fa:	b2ed      	uxtb	r5, r5
100006fc:	f3ef 8c10 	mrs	ip, PRIMASK
10000700:	b672      	cpsid	i
10000702:	492c      	ldr	r1, [pc, #176]	@ (100007b4 <irq_add_tail_to_free_list+0xc0>)
10000704:	e8d1 2fcf 	ldaexb	r2, [r1]
10000708:	2301      	movs	r3, #1
1000070a:	2a00      	cmp	r2, #0
1000070c:	d1fa      	bne.n	10000704 <irq_add_tail_to_free_list+0x10>
1000070e:	e8c1 3f42 	strexb	r2, r3, [r1]
10000712:	2a00      	cmp	r2, #0
10000714:	d1f6      	bne.n	10000704 <irq_add_tail_to_free_list+0x10>
10000716:	f3bf 8f5f 	dmb	sy
1000071a:	4e27      	ldr	r6, [pc, #156]	@ (100007b8 <irq_add_tail_to_free_list+0xc4>)
1000071c:	f040 0e01 	orr.w	lr, r0, #1
10000720:	68b4      	ldr	r4, [r6, #8]
10000722:	f64a 23aa 	movw	r3, #43690	@ 0xaaaa
10000726:	f854 7025 	ldr.w	r7, [r4, r5, lsl #2]
1000072a:	4a24      	ldr	r2, [pc, #144]	@ (100007bc <irq_add_tail_to_free_list+0xc8>)
1000072c:	4604      	mov	r4, r0
1000072e:	1aa4      	subs	r4, r4, r2
10000730:	4164      	adcs	r4, r4
10000732:	4363      	muls	r3, r4
10000734:	0d1b      	lsrs	r3, r3, #20
10000736:	4577      	cmp	r7, lr
10000738:	b25b      	sxtb	r3, r3
1000073a:	d023      	beq.n	10000784 <irq_add_tail_to_free_list+0x90>
1000073c:	f992 4006 	ldrsb.w	r4, [r2, #6]
10000740:	429c      	cmp	r4, r3
10000742:	d024      	beq.n	1000078e <irq_add_tail_to_free_list+0x9a>
10000744:	f992 4012 	ldrsb.w	r4, [r2, #18]
10000748:	429c      	cmp	r4, r3
1000074a:	d02b      	beq.n	100007a4 <irq_add_tail_to_free_list+0xb0>
1000074c:	f992 401e 	ldrsb.w	r4, [r2, #30]
10000750:	429c      	cmp	r4, r3
10000752:	d029      	beq.n	100007a8 <irq_add_tail_to_free_list+0xb4>
10000754:	f992 402a 	ldrsb.w	r4, [r2, #42]	@ 0x2a
10000758:	429c      	cmp	r4, r3
1000075a:	d027      	beq.n	100007ac <irq_add_tail_to_free_list+0xb8>
1000075c:	f992 4036 	ldrsb.w	r4, [r2, #54]	@ 0x36
10000760:	429c      	cmp	r4, r3
10000762:	d025      	beq.n	100007b0 <irq_add_tail_to_free_list+0xbc>
10000764:	f992 4042 	ldrsb.w	r4, [r2, #66]	@ 0x42
10000768:	429c      	cmp	r4, r3
1000076a:	bf08      	it	eq
1000076c:	2405      	moveq	r4, #5
1000076e:	d00f      	beq.n	10000790 <irq_add_tail_to_free_list+0x9c>
10000770:	4a13      	ldr	r2, [pc, #76]	@ (100007c0 <irq_add_tail_to_free_list+0xcc>)
10000772:	2400      	movs	r4, #0
10000774:	7815      	ldrb	r5, [r2, #0]
10000776:	7013      	strb	r3, [r2, #0]
10000778:	7185      	strb	r5, [r0, #6]
1000077a:	e8c1 4f8f 	stlb	r4, [r1]
1000077e:	f38c 8810 	msr	PRIMASK, ip
10000782:	bdf0      	pop	{r4, r5, r6, r7, pc}
10000784:	68b2      	ldr	r2, [r6, #8]
10000786:	4c0f      	ldr	r4, [pc, #60]	@ (100007c4 <irq_add_tail_to_free_list+0xd0>)
10000788:	f842 4025 	str.w	r4, [r2, r5, lsl #2]
1000078c:	e7f0      	b.n	10000770 <irq_add_tail_to_free_list+0x7c>
1000078e:	2400      	movs	r4, #0
10000790:	eb04 0444 	add.w	r4, r4, r4, lsl #1
10000794:	eb02 0284 	add.w	r2, r2, r4, lsl #2
10000798:	24ff      	movs	r4, #255	@ 0xff
1000079a:	7194      	strb	r4, [r2, #6]
1000079c:	f64b 5401 	movw	r4, #48385	@ 0xbd01
100007a0:	8094      	strh	r4, [r2, #4]
100007a2:	e7e5      	b.n	10000770 <irq_add_tail_to_free_list+0x7c>
100007a4:	2401      	movs	r4, #1
100007a6:	e7f3      	b.n	10000790 <irq_add_tail_to_free_list+0x9c>
100007a8:	2402      	movs	r4, #2
100007aa:	e7f1      	b.n	10000790 <irq_add_tail_to_free_list+0x9c>
100007ac:	2403      	movs	r4, #3
100007ae:	e7ef      	b.n	10000790 <irq_add_tail_to_free_list+0x9c>
100007b0:	2404      	movs	r4, #4
100007b2:	e7ed      	b.n	10000790 <irq_add_tail_to_free_list+0x9c>
100007b4:	2000121d 	.word	0x2000121d
100007b8:	e000ed00 	.word	0xe000ed00
100007bc:	20000e2c 	.word	0x20000e2c
100007c0:	20001824 	.word	0x20001824
100007c4:	10000111 	.word	0x10000111

100007c8 <user_irq_claim_unused>:
100007c8:	b510      	push	{r4, lr}
100007ca:	4c07      	ldr	r4, [pc, #28]	@ (100007e8 <user_irq_claim_unused+0x20>)
100007cc:	b082      	sub	sp, #8
100007ce:	4601      	mov	r1, r0
100007d0:	2305      	movs	r3, #5
100007d2:	2200      	movs	r2, #0
100007d4:	9400      	str	r4, [sp, #0]
100007d6:	4805      	ldr	r0, [pc, #20]	@ (100007ec <user_irq_claim_unused+0x24>)
100007d8:	f7ff fd9e 	bl	10000318 <hw_claim_unused_from_range>
100007dc:	2800      	cmp	r0, #0
100007de:	bfa8      	it	ge
100007e0:	f1c0 0033 	rsbge	r0, r0, #51	@ 0x33
100007e4:	b002      	add	sp, #8
100007e6:	bd10      	pop	{r4, pc}
100007e8:	10004040 	.word	0x10004040
100007ec:	20001829 	.word	0x20001829

100007f0 <lock_init>:
100007f0:	4b01      	ldr	r3, [pc, #4]	@ (100007f8 <lock_init+0x8>)
100007f2:	440b      	add	r3, r1
100007f4:	6003      	str	r3, [r0, #0]
100007f6:	4770      	bx	lr
100007f8:	20001214 	.word	0x20001214

100007fc <runtime_init_mutex>:
100007fc:	b570      	push	{r4, r5, r6, lr}
100007fe:	4c10      	ldr	r4, [pc, #64]	@ (10000840 <runtime_init_mutex+0x44>)
10000800:	4d10      	ldr	r5, [pc, #64]	@ (10000844 <runtime_init_mutex+0x48>)
10000802:	42ac      	cmp	r4, r5
10000804:	d20e      	bcs.n	10000824 <runtime_init_mutex+0x28>
10000806:	26ff      	movs	r6, #255	@ 0xff
10000808:	6823      	ldr	r3, [r4, #0]
1000080a:	b163      	cbz	r3, 10000826 <runtime_init_mutex+0x2a>
1000080c:	f7ff fdd2 	bl	100003b4 <next_striped_spin_lock_num>
10000810:	4601      	mov	r1, r0
10000812:	4620      	mov	r0, r4
10000814:	f7ff ffec 	bl	100007f0 <lock_init>
10000818:	80a6      	strh	r6, [r4, #4]
1000081a:	f3bf 8f5f 	dmb	sy
1000081e:	3408      	adds	r4, #8
10000820:	42ac      	cmp	r4, r5
10000822:	d3f1      	bcc.n	10000808 <runtime_init_mutex+0xc>
10000824:	bd70      	pop	{r4, r5, r6, pc}
10000826:	f7ff fdc5 	bl	100003b4 <next_striped_spin_lock_num>
1000082a:	4601      	mov	r1, r0
1000082c:	4620      	mov	r0, r4
1000082e:	f7ff ffdf 	bl	100007f0 <lock_init>
10000832:	7126      	strb	r6, [r4, #4]
10000834:	f3bf 8f5f 	dmb	sy
10000838:	3408      	adds	r4, #8
1000083a:	42ac      	cmp	r4, r5
1000083c:	d3e4      	bcc.n	10000808 <runtime_init_mutex+0xc>
1000083e:	bd70      	pop	{r4, r5, r6, pc}
10000840:	20000edc 	.word	0x20000edc
10000844:	20000ee4 	.word	0x20000ee4

10000848 <mutex_init>:
10000848:	b510      	push	{r4, lr}
1000084a:	4604      	mov	r4, r0
1000084c:	f7ff fdb2 	bl	100003b4 <next_striped_spin_lock_num>
10000850:	4601      	mov	r1, r0
10000852:	4620      	mov	r0, r4
10000854:	f7ff ffcc 	bl	100007f0 <lock_init>
10000858:	23ff      	movs	r3, #255	@ 0xff
1000085a:	7123      	strb	r3, [r4, #4]
1000085c:	f3bf 8f5f 	dmb	sy
10000860:	bd10      	pop	{r4, pc}
10000862:	bf00      	nop

10000864 <critical_section_init>:
10000864:	b510      	push	{r4, lr}
10000866:	4604      	mov	r4, r0
10000868:	2001      	movs	r0, #1
1000086a:	f7ff fdaf 	bl	100003cc <spin_lock_claim_unused>
1000086e:	4b03      	ldr	r3, [pc, #12]	@ (1000087c <critical_section_init+0x18>)
10000870:	4403      	add	r3, r0
10000872:	6023      	str	r3, [r4, #0]
10000874:	f3bf 8f5f 	dmb	sy
10000878:	bd10      	pop	{r4, pc}
1000087a:	bf00      	nop
1000087c:	20001214 	.word	0x20001214

10000880 <critical_section_init_with_lock_num>:
10000880:	4b02      	ldr	r3, [pc, #8]	@ (1000088c <critical_section_init_with_lock_num+0xc>)
10000882:	440b      	add	r3, r1
10000884:	6003      	str	r3, [r0, #0]
10000886:	f3bf 8f5f 	dmb	sy
1000088a:	4770      	bx	lr
1000088c:	20001214 	.word	0x20001214

10000890 <sleep_until_callback>:
10000890:	bf40      	sev
10000892:	2000      	movs	r0, #0
10000894:	2100      	movs	r1, #0
10000896:	4770      	bx	lr

10000898 <alarm_pool_irq_handler>:
10000898:	e92d 4ff0 	stmdb	sp!, {r4, r5, r6, r7, r8, r9, sl, fp, lr}
1000089c:	b087      	sub	sp, #28
1000089e:	f3ef 8305 	mrs	r3, IPSR
100008a2:	b2db      	uxtb	r3, r3
100008a4:	3b10      	subs	r3, #16
100008a6:	089a      	lsrs	r2, r3, #2
100008a8:	bf16      	itet	ne
100008aa:	498e      	ldrne	r1, [pc, #568]	@ (10000ae4 <alarm_pool_irq_handler+0x24c>)
100008ac:	498e      	ldreq	r1, [pc, #568]	@ (10000ae8 <alarm_pool_irq_handler+0x250>)
100008ae:	2201      	movne	r2, #1
100008b0:	460d      	mov	r5, r1
100008b2:	9105      	str	r1, [sp, #20]
100008b4:	2101      	movs	r1, #1
100008b6:	f003 0303 	and.w	r3, r3, #3
100008ba:	fa01 f803 	lsl.w	r8, r1, r3
100008be:	46c3      	mov	fp, r8
100008c0:	488a      	ldr	r0, [pc, #552]	@ (10000aec <alarm_pool_irq_handler+0x254>)
100008c2:	eb03 0282 	add.w	r2, r3, r2, lsl #2
100008c6:	f850 4022 	ldr.w	r4, [r0, r2, lsl #2]
100008ca:	f505 5241 	add.w	r2, r5, #12352	@ 0x3040
100008ce:	0098      	lsls	r0, r3, #2
100008d0:	9003      	str	r0, [sp, #12]
100008d2:	f104 0a08 	add.w	sl, r4, #8
100008d6:	f8c2 8004 	str.w	r8, [r2, #4]
100008da:	9401      	str	r4, [sp, #4]
100008dc:	9b01      	ldr	r3, [sp, #4]
100008de:	f9b3 6008 	ldrsh.w	r6, [r3, #8]
100008e2:	f8c5 b03c 	str.w	fp, [r5, #60]	@ 0x3c
100008e6:	2e00      	cmp	r6, #0
100008e8:	da76      	bge.n	100009d8 <alarm_pool_irq_handler+0x140>
100008ea:	889b      	ldrh	r3, [r3, #4]
100008ec:	041b      	lsls	r3, r3, #16
100008ee:	f100 8128 	bmi.w	10000b42 <alarm_pool_irq_handler+0x2aa>
100008f2:	9c01      	ldr	r4, [sp, #4]
100008f4:	6923      	ldr	r3, [r4, #16]
100008f6:	f3ef 8210 	mrs	r2, PRIMASK
100008fa:	b672      	cpsid	i
100008fc:	e8d3 0fcf 	ldaexb	r0, [r3]
10000900:	2101      	movs	r1, #1
10000902:	2800      	cmp	r0, #0
10000904:	d1fa      	bne.n	100008fc <alarm_pool_irq_handler+0x64>
10000906:	e8c3 1f40 	strexb	r0, r1, [r3]
1000090a:	2800      	cmp	r0, #0
1000090c:	d1f6      	bne.n	100008fc <alarm_pool_irq_handler+0x64>
1000090e:	f3bf 8f5f 	dmb	sy
10000912:	f64f 76ff 	movw	r6, #65535	@ 0xffff
10000916:	88a0      	ldrh	r0, [r4, #4]
10000918:	2100      	movs	r1, #0
1000091a:	6923      	ldr	r3, [r4, #16]
1000091c:	b200      	sxth	r0, r0
1000091e:	80a6      	strh	r6, [r4, #4]
10000920:	e8c3 1f8f 	stlb	r1, [r3]
10000924:	f382 8810 	msr	PRIMASK, r2
10000928:	4288      	cmp	r0, r1
1000092a:	db2b      	blt.n	10000984 <alarm_pool_irq_handler+0xec>
1000092c:	46a6      	mov	lr, r4
1000092e:	6967      	ldr	r7, [r4, #20]
10000930:	46a8      	mov	r8, r5
10000932:	4604      	mov	r4, r0
10000934:	f9be 3008 	ldrsh.w	r3, [lr, #8]
10000938:	eb04 0644 	add.w	r6, r4, r4, lsl #1
1000093c:	eb07 02c6 	add.w	r2, r7, r6, lsl #3
10000940:	2b00      	cmp	r3, #0
10000942:	46d4      	mov	ip, sl
10000944:	e9d2 5002 	ldrd	r5, r0, [r2, #8]
10000948:	db13      	blt.n	10000972 <alarm_pool_irq_handler+0xda>
1000094a:	46f1      	mov	r9, lr
1000094c:	9402      	str	r4, [sp, #8]
1000094e:	e004      	b.n	1000095a <alarm_pool_irq_handler+0xc2>
10000950:	f937 303e 	ldrsh.w	r3, [r7, lr, lsl #3]
10000954:	4694      	mov	ip, r2
10000956:	2b00      	cmp	r3, #0
10000958:	db09      	blt.n	1000096e <alarm_pool_irq_handler+0xd6>
1000095a:	eb03 0e43 	add.w	lr, r3, r3, lsl #1
1000095e:	eb07 02ce 	add.w	r2, r7, lr, lsl #3
10000962:	e9d2 4102 	ldrd	r4, r1, [r2, #8]
10000966:	42a5      	cmp	r5, r4
10000968:	eb70 0101 	sbcs.w	r1, r0, r1
1000096c:	daf0      	bge.n	10000950 <alarm_pool_irq_handler+0xb8>
1000096e:	46ce      	mov	lr, r9
10000970:	9c02      	ldr	r4, [sp, #8]
10000972:	f8ac 4000 	strh.w	r4, [ip]
10000976:	f937 4036 	ldrsh.w	r4, [r7, r6, lsl #3]
1000097a:	f827 3036 	strh.w	r3, [r7, r6, lsl #3]
1000097e:	2c00      	cmp	r4, #0
10000980:	dad8      	bge.n	10000934 <alarm_pool_irq_handler+0x9c>
10000982:	4645      	mov	r5, r8
10000984:	9b01      	ldr	r3, [sp, #4]
10000986:	f9b3 3008 	ldrsh.w	r3, [r3, #8]
1000098a:	2b00      	cmp	r3, #0
1000098c:	f2c0 80d9 	blt.w	10000b42 <alarm_pool_irq_handler+0x2aa>
10000990:	9a01      	ldr	r2, [sp, #4]
10000992:	eb03 0343 	add.w	r3, r3, r3, lsl #1
10000996:	6952      	ldr	r2, [r2, #20]
10000998:	6aa9      	ldr	r1, [r5, #40]	@ 0x28
1000099a:	eb02 03c3 	add.w	r3, r2, r3, lsl #3
1000099e:	9a03      	ldr	r2, [sp, #12]
100009a0:	689e      	ldr	r6, [r3, #8]
100009a2:	18a8      	adds	r0, r5, r2
100009a4:	6902      	ldr	r2, [r0, #16]
100009a6:	eba6 0c01 	sub.w	ip, r6, r1
100009aa:	1a52      	subs	r2, r2, r1
100009ac:	4594      	cmp	ip, r2
100009ae:	68df      	ldr	r7, [r3, #12]
100009b0:	d303      	bcc.n	100009ba <alarm_pool_irq_handler+0x122>
100009b2:	6a2b      	ldr	r3, [r5, #32]
100009b4:	ea13 0f0b 	tst.w	r3, fp
100009b8:	d100      	bne.n	100009bc <alarm_pool_irq_handler+0x124>
100009ba:	6106      	str	r6, [r0, #16]
100009bc:	9b01      	ldr	r3, [sp, #4]
100009be:	799b      	ldrb	r3, [r3, #6]
100009c0:	2b00      	cmp	r3, #0
100009c2:	d14d      	bne.n	10000a60 <alarm_pool_irq_handler+0x1c8>
100009c4:	4628      	mov	r0, r5
100009c6:	f000 fb11 	bl	10000fec <timer_time_us_64>
100009ca:	42b0      	cmp	r0, r6
100009cc:	41b9      	sbcs	r1, r7
100009ce:	da85      	bge.n	100008dc <alarm_pool_irq_handler+0x44>
100009d0:	bf40      	sev
100009d2:	b007      	add	sp, #28
100009d4:	e8bd 8ff0 	ldmia.w	sp!, {r4, r5, r6, r7, r8, r9, sl, fp, pc}
100009d8:	f8d3 8014 	ldr.w	r8, [r3, #20]
100009dc:	eb06 0946 	add.w	r9, r6, r6, lsl #1
100009e0:	eb08 07c9 	add.w	r7, r8, r9, lsl #3
100009e4:	68bb      	ldr	r3, [r7, #8]
100009e6:	4628      	mov	r0, r5
100009e8:	68fc      	ldr	r4, [r7, #12]
100009ea:	9302      	str	r3, [sp, #8]
100009ec:	f000 fafe 	bl	10000fec <timer_time_us_64>
100009f0:	9b02      	ldr	r3, [sp, #8]
100009f2:	4298      	cmp	r0, r3
100009f4:	41a1      	sbcs	r1, r4
100009f6:	db2d      	blt.n	10000a54 <alarm_pool_irq_handler+0x1bc>
100009f8:	e9d7 3104 	ldrd	r3, r1, [r7, #16]
100009fc:	2b02      	cmp	r3, #2
100009fe:	d077      	beq.n	10000af0 <alarm_pool_irq_handler+0x258>
10000a00:	9801      	ldr	r0, [sp, #4]
10000a02:	887a      	ldrh	r2, [r7, #2]
10000a04:	f9b0 0008 	ldrsh.w	r0, [r0, #8]
10000a08:	b292      	uxth	r2, r2
10000a0a:	ea42 4000 	orr.w	r0, r2, r0, lsl #16
10000a0e:	4798      	blx	r3
10000a10:	4602      	mov	r2, r0
10000a12:	460b      	mov	r3, r1
10000a14:	ea52 0103 	orrs.w	r1, r2, r3
10000a18:	d070      	beq.n	10000afc <alarm_pool_irq_handler+0x264>
10000a1a:	2b00      	cmp	r3, #0
10000a1c:	f280 80b0 	bge.w	10000b80 <alarm_pool_irq_handler+0x2e8>
10000a20:	9902      	ldr	r1, [sp, #8]
10000a22:	ebb1 0e02 	subs.w	lr, r1, r2
10000a26:	eb64 0c03 	sbc.w	ip, r4, r3
10000a2a:	f938 3039 	ldrsh.w	r3, [r8, r9, lsl #3]
10000a2e:	e9c7 ec02 	strd	lr, ip, [r7, #8]
10000a32:	2b00      	cmp	r3, #0
10000a34:	db0e      	blt.n	10000a54 <alarm_pool_irq_handler+0x1bc>
10000a36:	9a01      	ldr	r2, [sp, #4]
10000a38:	6950      	ldr	r0, [r2, #20]
10000a3a:	eb03 0243 	add.w	r2, r3, r3, lsl #1
10000a3e:	eb00 02c2 	add.w	r2, r0, r2, lsl #3
10000a42:	e9d2 7102 	ldrd	r7, r1, [r2, #8]
10000a46:	45be      	cmp	lr, r7
10000a48:	eb7c 0401 	sbcs.w	r4, ip, r1
10000a4c:	ea4f 0243 	mov.w	r2, r3, lsl #1
10000a50:	f280 80a2 	bge.w	10000b98 <alarm_pool_irq_handler+0x300>
10000a54:	9b01      	ldr	r3, [sp, #4]
10000a56:	889b      	ldrh	r3, [r3, #4]
10000a58:	0418      	lsls	r0, r3, #16
10000a5a:	f57f af4a 	bpl.w	100008f2 <alarm_pool_irq_handler+0x5a>
10000a5e:	e791      	b.n	10000984 <alarm_pool_irq_handler+0xec>
10000a60:	f04f 0e00 	mov.w	lr, #0
10000a64:	9801      	ldr	r0, [sp, #4]
10000a66:	f880 e006 	strb.w	lr, [r0, #6]
10000a6a:	f9b0 3008 	ldrsh.w	r3, [r0, #8]
10000a6e:	46d4      	mov	ip, sl
10000a70:	1c59      	adds	r1, r3, #1
10000a72:	d0a7      	beq.n	100009c4 <alarm_pool_irq_handler+0x12c>
10000a74:	f8cd b008 	str.w	fp, [sp, #8]
10000a78:	9504      	str	r5, [sp, #16]
10000a7a:	e002      	b.n	10000a82 <alarm_pool_irq_handler+0x1ea>
10000a7c:	1c5a      	adds	r2, r3, #1
10000a7e:	46ac      	mov	ip, r5
10000a80:	d02c      	beq.n	10000adc <alarm_pool_irq_handler+0x244>
10000a82:	6942      	ldr	r2, [r0, #20]
10000a84:	eb03 0143 	add.w	r1, r3, r3, lsl #1
10000a88:	eb02 05c1 	add.w	r5, r2, r1, lsl #3
10000a8c:	f8b5 8002 	ldrh.w	r8, [r5, #2]
10000a90:	461c      	mov	r4, r3
10000a92:	f418 4f00 	tst.w	r8, #32768	@ 0x8000
10000a96:	f932 3031 	ldrsh.w	r3, [r2, r1, lsl #3]
10000a9a:	d0ef      	beq.n	10000a7c <alarm_pool_irq_handler+0x1e4>
10000a9c:	6905      	ldr	r5, [r0, #16]
10000a9e:	f8ac 3000 	strh.w	r3, [ip]
10000aa2:	f3ef 8810 	mrs	r8, PRIMASK
10000aa6:	b672      	cpsid	i
10000aa8:	e8d5 bfcf 	ldaexb	fp, [r5]
10000aac:	f05f 0901 	movs.w	r9, #1
10000ab0:	f1bb 0f00 	cmp.w	fp, #0
10000ab4:	d1f8      	bne.n	10000aa8 <alarm_pool_irq_handler+0x210>
10000ab6:	e8c5 9f4b 	strexb	fp, r9, [r5]
10000aba:	f1bb 0f00 	cmp.w	fp, #0
10000abe:	d1f3      	bne.n	10000aa8 <alarm_pool_irq_handler+0x210>
10000ac0:	f3bf 8f5f 	dmb	sy
10000ac4:	f8b0 9002 	ldrh.w	r9, [r0, #2]
10000ac8:	6905      	ldr	r5, [r0, #16]
10000aca:	f822 9031 	strh.w	r9, [r2, r1, lsl #3]
10000ace:	8044      	strh	r4, [r0, #2]
10000ad0:	e8c5 ef8f 	stlb	lr, [r5]
10000ad4:	f388 8810 	msr	PRIMASK, r8
10000ad8:	1c5a      	adds	r2, r3, #1
10000ada:	d1d2      	bne.n	10000a82 <alarm_pool_irq_handler+0x1ea>
10000adc:	f8dd b008 	ldr.w	fp, [sp, #8]
10000ae0:	9d04      	ldr	r5, [sp, #16]
10000ae2:	e76f      	b.n	100009c4 <alarm_pool_irq_handler+0x12c>
10000ae4:	400b8000 	.word	0x400b8000
10000ae8:	400b0000 	.word	0x400b0000
10000aec:	200017dc 	.word	0x200017dc
10000af0:	4608      	mov	r0, r1
10000af2:	690b      	ldr	r3, [r1, #16]
10000af4:	9104      	str	r1, [sp, #16]
10000af6:	4798      	blx	r3
10000af8:	2800      	cmp	r0, #0
10000afa:	d136      	bne.n	10000b6a <alarm_pool_irq_handler+0x2d2>
10000afc:	f838 3039 	ldrh.w	r3, [r8, r9, lsl #3]
10000b00:	9c01      	ldr	r4, [sp, #4]
10000b02:	8123      	strh	r3, [r4, #8]
10000b04:	6923      	ldr	r3, [r4, #16]
10000b06:	f3ef 8210 	mrs	r2, PRIMASK
10000b0a:	b672      	cpsid	i
10000b0c:	e8d3 0fcf 	ldaexb	r0, [r3]
10000b10:	2101      	movs	r1, #1
10000b12:	2800      	cmp	r0, #0
10000b14:	d1fa      	bne.n	10000b0c <alarm_pool_irq_handler+0x274>
10000b16:	e8c3 1f40 	strexb	r0, r1, [r3]
10000b1a:	2800      	cmp	r0, #0
10000b1c:	d1f6      	bne.n	10000b0c <alarm_pool_irq_handler+0x274>
10000b1e:	f3bf 8f5f 	dmb	sy
10000b22:	8863      	ldrh	r3, [r4, #2]
10000b24:	6921      	ldr	r1, [r4, #16]
10000b26:	f828 3039 	strh.w	r3, [r8, r9, lsl #3]
10000b2a:	2300      	movs	r3, #0
10000b2c:	8066      	strh	r6, [r4, #2]
10000b2e:	e8c1 3f8f 	stlb	r3, [r1]
10000b32:	f382 8810 	msr	PRIMASK, r2
10000b36:	9b01      	ldr	r3, [sp, #4]
10000b38:	889b      	ldrh	r3, [r3, #4]
10000b3a:	0418      	lsls	r0, r3, #16
10000b3c:	f57f aed9 	bpl.w	100008f2 <alarm_pool_irq_handler+0x5a>
10000b40:	e720      	b.n	10000984 <alarm_pool_irq_handler+0xec>
10000b42:	9d05      	ldr	r5, [sp, #20]
10000b44:	46d8      	mov	r8, fp
10000b46:	4628      	mov	r0, r5
10000b48:	f000 fa50 	bl	10000fec <timer_time_us_64>
10000b4c:	9c03      	ldr	r4, [sp, #12]
10000b4e:	6aab      	ldr	r3, [r5, #40]	@ 0x28
10000b50:	442c      	add	r4, r5
10000b52:	6921      	ldr	r1, [r4, #16]
10000b54:	f100 4000 	add.w	r0, r0, #2147483648	@ 0x80000000
10000b58:	1ac9      	subs	r1, r1, r3
10000b5a:	1ac3      	subs	r3, r0, r3
10000b5c:	428b      	cmp	r3, r1
10000b5e:	d208      	bcs.n	10000b72 <alarm_pool_irq_handler+0x2da>
10000b60:	6120      	str	r0, [r4, #16]
10000b62:	bf40      	sev
10000b64:	b007      	add	sp, #28
10000b66:	e8bd 8ff0 	ldmia.w	sp!, {r4, r5, r6, r7, r8, r9, sl, fp, pc}
10000b6a:	9904      	ldr	r1, [sp, #16]
10000b6c:	e9d1 2300 	ldrd	r2, r3, [r1]
10000b70:	e750      	b.n	10000a14 <alarm_pool_irq_handler+0x17c>
10000b72:	6a2b      	ldr	r3, [r5, #32]
10000b74:	ea13 0f08 	tst.w	r3, r8
10000b78:	f47f af2a 	bne.w	100009d0 <alarm_pool_irq_handler+0x138>
10000b7c:	6120      	str	r0, [r4, #16]
10000b7e:	e7f0      	b.n	10000b62 <alarm_pool_irq_handler+0x2ca>
10000b80:	4628      	mov	r0, r5
10000b82:	9304      	str	r3, [sp, #16]
10000b84:	9202      	str	r2, [sp, #8]
10000b86:	f000 fa31 	bl	10000fec <timer_time_us_64>
10000b8a:	9a02      	ldr	r2, [sp, #8]
10000b8c:	9b04      	ldr	r3, [sp, #16]
10000b8e:	eb10 0e02 	adds.w	lr, r0, r2
10000b92:	eb43 0c01 	adc.w	ip, r3, r1
10000b96:	e748      	b.n	10000a2a <alarm_pool_irq_handler+0x192>
10000b98:	9c01      	ldr	r4, [sp, #4]
10000b9a:	9502      	str	r5, [sp, #8]
10000b9c:	f824 3f08 	strh.w	r3, [r4, #8]!
10000ba0:	4625      	mov	r5, r4
10000ba2:	e00b      	b.n	10000bbc <alarm_pool_irq_handler+0x324>
10000ba4:	f930 3032 	ldrsh.w	r3, [r0, r2, lsl #3]
10000ba8:	4625      	mov	r5, r4
10000baa:	2b00      	cmp	r3, #0
10000bac:	db0d      	blt.n	10000bca <alarm_pool_irq_handler+0x332>
10000bae:	eb03 0243 	add.w	r2, r3, r3, lsl #1
10000bb2:	eb00 02c2 	add.w	r2, r0, r2, lsl #3
10000bb6:	e9d2 7102 	ldrd	r7, r1, [r2, #8]
10000bba:	005a      	lsls	r2, r3, #1
10000bbc:	45be      	cmp	lr, r7
10000bbe:	441a      	add	r2, r3
10000bc0:	eb7c 0101 	sbcs.w	r1, ip, r1
10000bc4:	eb00 04c2 	add.w	r4, r0, r2, lsl #3
10000bc8:	daec      	bge.n	10000ba4 <alarm_pool_irq_handler+0x30c>
10000bca:	462a      	mov	r2, r5
10000bcc:	f828 3039 	strh.w	r3, [r8, r9, lsl #3]
10000bd0:	9b01      	ldr	r3, [sp, #4]
10000bd2:	8016      	strh	r6, [r2, #0]
10000bd4:	889b      	ldrh	r3, [r3, #4]
10000bd6:	9d02      	ldr	r5, [sp, #8]
10000bd8:	0418      	lsls	r0, r3, #16
10000bda:	f57f ae8a 	bpl.w	100008f2 <alarm_pool_irq_handler+0x5a>
10000bde:	e6d1      	b.n	10000984 <alarm_pool_irq_handler+0xec>

10000be0 <runtime_init_default_alarm_pool>:
10000be0:	e92d 4ff8 	stmdb	sp!, {r3, r4, r5, r6, r7, r8, r9, sl, fp, lr}
10000be4:	4c32      	ldr	r4, [pc, #200]	@ (10000cb0 <runtime_init_default_alarm_pool+0xd0>)
10000be6:	6925      	ldr	r5, [r4, #16]
10000be8:	b10d      	cbz	r5, 10000bee <runtime_init_default_alarm_pool+0xe>
10000bea:	e8bd 8ff8 	ldmia.w	sp!, {r3, r4, r5, r6, r7, r8, r9, sl, fp, pc}
10000bee:	f8df 80d8 	ldr.w	r8, [pc, #216]	@ 10000cc8 <runtime_init_default_alarm_pool+0xe8>
10000bf2:	2103      	movs	r1, #3
10000bf4:	4640      	mov	r0, r8
10000bf6:	f000 f9e7 	bl	10000fc8 <timer_hardware_alarm_claim>
10000bfa:	2603      	movs	r6, #3
10000bfc:	f8c4 800c 	str.w	r8, [r4, #12]
10000c00:	f7ff fbd8 	bl	100003b4 <next_striped_spin_lock_num>
10000c04:	f04f 4c50 	mov.w	ip, #3489660928	@ 0xd0000000
10000c08:	4b2a      	ldr	r3, [pc, #168]	@ (10000cb4 <runtime_init_default_alarm_pool+0xd4>)
10000c0a:	7026      	strb	r6, [r4, #0]
10000c0c:	4403      	add	r3, r0
10000c0e:	6123      	str	r3, [r4, #16]
10000c10:	f8dc 3000 	ldr.w	r3, [ip]
10000c14:	210f      	movs	r1, #15
10000c16:	7063      	strb	r3, [r4, #1]
10000c18:	6963      	ldr	r3, [r4, #20]
10000c1a:	8061      	strh	r1, [r4, #2]
10000c1c:	831d      	strh	r5, [r3, #24]
10000c1e:	f04f 0504 	mov.w	r5, #4
10000c22:	f8a3 5078 	strh.w	r5, [r3, #120]	@ 0x78
10000c26:	f04f 0505 	mov.w	r5, #5
10000c2a:	f8a3 5090 	strh.w	r5, [r3, #144]	@ 0x90
10000c2e:	f04f 0506 	mov.w	r5, #6
10000c32:	f8a3 50a8 	strh.w	r5, [r3, #168]	@ 0xa8
10000c36:	f04f 0507 	mov.w	r5, #7
10000c3a:	210e      	movs	r1, #14
10000c3c:	f64f 72ff 	movw	r2, #65535	@ 0xffff
10000c40:	f8a3 50c0 	strh.w	r5, [r3, #192]	@ 0xc0
10000c44:	2708      	movs	r7, #8
10000c46:	f04f 0e0a 	mov.w	lr, #10
10000c4a:	f04f 0c0c 	mov.w	ip, #12
10000c4e:	f04f 0901 	mov.w	r9, #1
10000c52:	200d      	movs	r0, #13
10000c54:	f04f 0b02 	mov.w	fp, #2
10000c58:	f04f 0a09 	mov.w	sl, #9
10000c5c:	f04f 050b 	mov.w	r5, #11
10000c60:	f8a3 1168 	strh.w	r1, [r3, #360]	@ 0x168
10000c64:	4914      	ldr	r1, [pc, #80]	@ (10000cb8 <runtime_init_default_alarm_pool+0xd8>)
10000c66:	80a2      	strh	r2, [r4, #4]
10000c68:	f8a3 e108 	strh.w	lr, [r3, #264]	@ 0x108
10000c6c:	f8a3 c138 	strh.w	ip, [r3, #312]	@ 0x138
10000c70:	f8a3 0150 	strh.w	r0, [r3, #336]	@ 0x150
10000c74:	60a1      	str	r1, [r4, #8]
10000c76:	f8a3 b048 	strh.w	fp, [r3, #72]	@ 0x48
10000c7a:	801a      	strh	r2, [r3, #0]
10000c7c:	f8a3 a0f0 	strh.w	sl, [r3, #240]	@ 0xf0
10000c80:	f8a3 5120 	strh.w	r5, [r3, #288]	@ 0x120
10000c84:	f8a3 9030 	strh.w	r9, [r3, #48]	@ 0x30
10000c88:	f8a3 6060 	strh.w	r6, [r3, #96]	@ 0x60
10000c8c:	f8a3 70d8 	strh.w	r7, [r3, #216]	@ 0xd8
10000c90:	4b0a      	ldr	r3, [pc, #40]	@ (10000cbc <runtime_init_default_alarm_pool+0xdc>)
10000c92:	4630      	mov	r0, r6
10000c94:	490a      	ldr	r1, [pc, #40]	@ (10000cc0 <runtime_init_default_alarm_pool+0xe0>)
10000c96:	f8c8 7020 	str.w	r7, [r8, #32]
10000c9a:	60dc      	str	r4, [r3, #12]
10000c9c:	f7ff fc1c 	bl	100004d8 <irq_set_exclusive_handler>
10000ca0:	4649      	mov	r1, r9
10000ca2:	4630      	mov	r0, r6
10000ca4:	f7ff fbd6 	bl	10000454 <irq_set_enabled>
10000ca8:	4b06      	ldr	r3, [pc, #24]	@ (10000cc4 <runtime_init_default_alarm_pool+0xe4>)
10000caa:	641f      	str	r7, [r3, #64]	@ 0x40
10000cac:	e8bd 8ff8 	ldmia.w	sp!, {r3, r4, r5, r6, r7, r8, r9, sl, fp, pc}
10000cb0:	20000e8c 	.word	0x20000e8c
10000cb4:	20001214 	.word	0x20001214
10000cb8:	0010ffff 	.word	0x0010ffff
10000cbc:	200017dc 	.word	0x200017dc
10000cc0:	10000899 	.word	0x10000899
10000cc4:	400b2000 	.word	0x400b2000
10000cc8:	400b0000 	.word	0x400b0000

10000ccc <alarm_pool_get_default>:
10000ccc:	4800      	ldr	r0, [pc, #0]	@ (10000cd0 <alarm_pool_get_default+0x4>)
10000cce:	4770      	bx	lr
10000cd0:	20000e8c 	.word	0x20000e8c

10000cd4 <alarm_pool_add_alarm_at>:
10000cd4:	b5f8      	push	{r3, r4, r5, r6, r7, lr}
10000cd6:	f89d 7020 	ldrb.w	r7, [sp, #32]
10000cda:	4604      	mov	r4, r0
10000cdc:	4616      	mov	r6, r2
10000cde:	461d      	mov	r5, r3
10000ce0:	b937      	cbnz	r7, 10000cf0 <alarm_pool_add_alarm_at+0x1c>
10000ce2:	f000 f98b 	bl	10000ffc <time_us_64>
10000ce6:	4286      	cmp	r6, r0
10000ce8:	eb65 0101 	sbc.w	r1, r5, r1
10000cec:	2900      	cmp	r1, #0
10000cee:	db5c      	blt.n	10000daa <alarm_pool_add_alarm_at+0xd6>
10000cf0:	6923      	ldr	r3, [r4, #16]
10000cf2:	f3ef 8710 	mrs	r7, PRIMASK
10000cf6:	b672      	cpsid	i
10000cf8:	e8d3 1fcf 	ldaexb	r1, [r3]
10000cfc:	2201      	movs	r2, #1
10000cfe:	2900      	cmp	r1, #0
10000d00:	d1fa      	bne.n	10000cf8 <alarm_pool_add_alarm_at+0x24>
10000d02:	e8c3 2f41 	strexb	r1, r2, [r3]
10000d06:	2900      	cmp	r1, #0
10000d08:	d1f6      	bne.n	10000cf8 <alarm_pool_add_alarm_at+0x24>
10000d0a:	f3bf 8f5f 	dmb	sy
10000d0e:	f9b4 c002 	ldrsh.w	ip, [r4, #2]
10000d12:	6963      	ldr	r3, [r4, #20]
10000d14:	eb0c 014c 	add.w	r1, ip, ip, lsl #1
10000d18:	f1bc 0f00 	cmp.w	ip, #0
10000d1c:	ea4f 02c1 	mov.w	r2, r1, lsl #3
10000d20:	eb03 01c1 	add.w	r1, r3, r1, lsl #3
10000d24:	db38      	blt.n	10000d98 <alarm_pool_add_alarm_at+0xc4>
10000d26:	5a98      	ldrh	r0, [r3, r2]
10000d28:	f04f 0e00 	mov.w	lr, #0
10000d2c:	8060      	strh	r0, [r4, #2]
10000d2e:	6920      	ldr	r0, [r4, #16]
10000d30:	e8c0 ef8f 	stlb	lr, [r0]
10000d34:	f387 8810 	msr	PRIMASK, r7
10000d38:	9806      	ldr	r0, [sp, #24]
10000d3a:	e9c1 6502 	strd	r6, r5, [r1, #8]
10000d3e:	6108      	str	r0, [r1, #16]
10000d40:	9807      	ldr	r0, [sp, #28]
10000d42:	6148      	str	r0, [r1, #20]
10000d44:	8848      	ldrh	r0, [r1, #2]
10000d46:	3001      	adds	r0, #1
10000d48:	f3c0 000e 	ubfx	r0, r0, #0, #15
10000d4c:	2801      	cmp	r0, #1
10000d4e:	bf38      	it	cc
10000d50:	2001      	movcc	r0, #1
10000d52:	8048      	strh	r0, [r1, #2]
10000d54:	ea40 400c 	orr.w	r0, r0, ip, lsl #16
10000d58:	6921      	ldr	r1, [r4, #16]
10000d5a:	f3ef 8510 	mrs	r5, PRIMASK
10000d5e:	b672      	cpsid	i
10000d60:	e8d1 7fcf 	ldaexb	r7, [r1]
10000d64:	2601      	movs	r6, #1
10000d66:	2f00      	cmp	r7, #0
10000d68:	d1fa      	bne.n	10000d60 <alarm_pool_add_alarm_at+0x8c>
10000d6a:	e8c1 6f47 	strexb	r7, r6, [r1]
10000d6e:	2f00      	cmp	r7, #0
10000d70:	d1f6      	bne.n	10000d60 <alarm_pool_add_alarm_at+0x8c>
10000d72:	f3bf 8f5f 	dmb	sy
10000d76:	88a1      	ldrh	r1, [r4, #4]
10000d78:	5299      	strh	r1, [r3, r2]
10000d7a:	f8a4 c004 	strh.w	ip, [r4, #4]
10000d7e:	6923      	ldr	r3, [r4, #16]
10000d80:	e8c3 ef8f 	stlb	lr, [r3]
10000d84:	f385 8810 	msr	PRIMASK, r5
10000d88:	2201      	movs	r2, #1
10000d8a:	68e3      	ldr	r3, [r4, #12]
10000d8c:	7821      	ldrb	r1, [r4, #0]
10000d8e:	f503 5301 	add.w	r3, r3, #8256	@ 0x2040
10000d92:	408a      	lsls	r2, r1
10000d94:	605a      	str	r2, [r3, #4]
10000d96:	bdf8      	pop	{r3, r4, r5, r6, r7, pc}
10000d98:	2300      	movs	r3, #0
10000d9a:	6922      	ldr	r2, [r4, #16]
10000d9c:	e8c2 3f8f 	stlb	r3, [r2]
10000da0:	f387 8810 	msr	PRIMASK, r7
10000da4:	f04f 30ff 	mov.w	r0, #4294967295	@ 0xffffffff
10000da8:	bdf8      	pop	{r3, r4, r5, r6, r7, pc}
10000daa:	4638      	mov	r0, r7
10000dac:	bdf8      	pop	{r3, r4, r5, r6, r7, pc}
10000dae:	bf00      	nop

10000db0 <alarm_pool_add_alarm_at_force_in_context>:
10000db0:	4601      	mov	r1, r0
10000db2:	b5f0      	push	{r4, r5, r6, r7, lr}
10000db4:	6900      	ldr	r0, [r0, #16]
10000db6:	f3ef 8710 	mrs	r7, PRIMASK
10000dba:	b672      	cpsid	i
10000dbc:	e8d0 5fcf 	ldaexb	r5, [r0]
10000dc0:	2401      	movs	r4, #1
10000dc2:	2d00      	cmp	r5, #0
10000dc4:	d1fa      	bne.n	10000dbc <alarm_pool_add_alarm_at_force_in_context+0xc>
10000dc6:	e8c0 4f45 	strexb	r5, r4, [r0]
10000dca:	2d00      	cmp	r5, #0
10000dcc:	d1f6      	bne.n	10000dbc <alarm_pool_add_alarm_at_force_in_context+0xc>
10000dce:	f3bf 8f5f 	dmb	sy
10000dd2:	f9b1 e002 	ldrsh.w	lr, [r1, #2]
10000dd6:	694c      	ldr	r4, [r1, #20]
10000dd8:	eb0e 0c4e 	add.w	ip, lr, lr, lsl #1
10000ddc:	f1be 0f00 	cmp.w	lr, #0
10000de0:	ea4f 05cc 	mov.w	r5, ip, lsl #3
10000de4:	eb04 0ccc 	add.w	ip, r4, ip, lsl #3
10000de8:	db3d      	blt.n	10000e66 <alarm_pool_add_alarm_at_force_in_context+0xb6>
10000dea:	5b60      	ldrh	r0, [r4, r5]
10000dec:	2600      	movs	r6, #0
10000dee:	8048      	strh	r0, [r1, #2]
10000df0:	6908      	ldr	r0, [r1, #16]
10000df2:	e8c0 6f8f 	stlb	r6, [r0]
10000df6:	f387 8810 	msr	PRIMASK, r7
10000dfa:	f8bc 0002 	ldrh.w	r0, [ip, #2]
10000dfe:	e9cc 2302 	strd	r2, r3, [ip, #8]
10000e02:	3001      	adds	r0, #1
10000e04:	f3c0 000e 	ubfx	r0, r0, #0, #15
10000e08:	2801      	cmp	r0, #1
10000e0a:	bf38      	it	cc
10000e0c:	2001      	movcc	r0, #1
10000e0e:	9b05      	ldr	r3, [sp, #20]
10000e10:	f8ac 0002 	strh.w	r0, [ip, #2]
10000e14:	f8cc 3010 	str.w	r3, [ip, #16]
10000e18:	9b06      	ldr	r3, [sp, #24]
10000e1a:	ea40 400e 	orr.w	r0, r0, lr, lsl #16
10000e1e:	f8cc 3014 	str.w	r3, [ip, #20]
10000e22:	690b      	ldr	r3, [r1, #16]
10000e24:	f3ef 8210 	mrs	r2, PRIMASK
10000e28:	b672      	cpsid	i
10000e2a:	e8d3 cfcf 	ldaexb	ip, [r3]
10000e2e:	2701      	movs	r7, #1
10000e30:	f1bc 0f00 	cmp.w	ip, #0
10000e34:	d1f9      	bne.n	10000e2a <alarm_pool_add_alarm_at_force_in_context+0x7a>
10000e36:	e8c3 7f4c 	strexb	ip, r7, [r3]
10000e3a:	f1bc 0f00 	cmp.w	ip, #0
10000e3e:	d1f4      	bne.n	10000e2a <alarm_pool_add_alarm_at_force_in_context+0x7a>
10000e40:	f3bf 8f5f 	dmb	sy
10000e44:	888b      	ldrh	r3, [r1, #4]
10000e46:	5363      	strh	r3, [r4, r5]
10000e48:	f8a1 e004 	strh.w	lr, [r1, #4]
10000e4c:	690b      	ldr	r3, [r1, #16]
10000e4e:	e8c3 6f8f 	stlb	r6, [r3]
10000e52:	f382 8810 	msr	PRIMASK, r2
10000e56:	2201      	movs	r2, #1
10000e58:	68cb      	ldr	r3, [r1, #12]
10000e5a:	7809      	ldrb	r1, [r1, #0]
10000e5c:	f503 5301 	add.w	r3, r3, #8256	@ 0x2040
10000e60:	408a      	lsls	r2, r1
10000e62:	605a      	str	r2, [r3, #4]
10000e64:	bdf0      	pop	{r4, r5, r6, r7, pc}
10000e66:	2300      	movs	r3, #0
10000e68:	690a      	ldr	r2, [r1, #16]
10000e6a:	e8c2 3f8f 	stlb	r3, [r2]
10000e6e:	f387 8810 	msr	PRIMASK, r7
10000e72:	f04f 30ff 	mov.w	r0, #4294967295	@ 0xffffffff
10000e76:	bdf0      	pop	{r4, r5, r6, r7, pc}

10000e78 <alarm_pool_cancel_alarm>:
10000e78:	4603      	mov	r3, r0
10000e7a:	8940      	ldrh	r0, [r0, #10]
10000e7c:	ebb0 4f21 	cmp.w	r0, r1, asr #16
10000e80:	dd37      	ble.n	10000ef2 <alarm_pool_cancel_alarm+0x7a>
10000e82:	6958      	ldr	r0, [r3, #20]
10000e84:	140a      	asrs	r2, r1, #16
10000e86:	eb02 0242 	add.w	r2, r2, r2, lsl #1
10000e8a:	b510      	push	{r4, lr}
10000e8c:	eb00 00c2 	add.w	r0, r0, r2, lsl #3
10000e90:	691c      	ldr	r4, [r3, #16]
10000e92:	f3ef 8c10 	mrs	ip, PRIMASK
10000e96:	b672      	cpsid	i
10000e98:	e8d4 efcf 	ldaexb	lr, [r4]
10000e9c:	2201      	movs	r2, #1
10000e9e:	f1be 0f00 	cmp.w	lr, #0
10000ea2:	d1f9      	bne.n	10000e98 <alarm_pool_cancel_alarm+0x20>
10000ea4:	e8c4 2f4e 	strexb	lr, r2, [r4]
10000ea8:	f1be 0f00 	cmp.w	lr, #0
10000eac:	d1f4      	bne.n	10000e98 <alarm_pool_cancel_alarm+0x20>
10000eae:	f3bf 8f5f 	dmb	sy
10000eb2:	8842      	ldrh	r2, [r0, #2]
10000eb4:	b289      	uxth	r1, r1
10000eb6:	b292      	uxth	r2, r2
10000eb8:	428a      	cmp	r2, r1
10000eba:	d007      	beq.n	10000ecc <alarm_pool_cancel_alarm+0x54>
10000ebc:	2200      	movs	r2, #0
10000ebe:	691b      	ldr	r3, [r3, #16]
10000ec0:	e8c3 2f8f 	stlb	r2, [r3]
10000ec4:	f38c 8810 	msr	PRIMASK, ip
10000ec8:	2000      	movs	r0, #0
10000eca:	bd10      	pop	{r4, pc}
10000ecc:	f442 4200 	orr.w	r2, r2, #32768	@ 0x8000
10000ed0:	8042      	strh	r2, [r0, #2]
10000ed2:	2101      	movs	r1, #1
10000ed4:	2200      	movs	r2, #0
10000ed6:	6918      	ldr	r0, [r3, #16]
10000ed8:	7199      	strb	r1, [r3, #6]
10000eda:	e8c0 2f8f 	stlb	r2, [r0]
10000ede:	f38c 8810 	msr	PRIMASK, ip
10000ee2:	781c      	ldrb	r4, [r3, #0]
10000ee4:	68da      	ldr	r2, [r3, #12]
10000ee6:	4608      	mov	r0, r1
10000ee8:	f502 5301 	add.w	r3, r2, #8256	@ 0x2040
10000eec:	40a1      	lsls	r1, r4
10000eee:	6059      	str	r1, [r3, #4]
10000ef0:	bd10      	pop	{r4, pc}
10000ef2:	2000      	movs	r0, #0
10000ef4:	4770      	bx	lr
10000ef6:	bf00      	nop

10000ef8 <alarm_pool_core_num>:
10000ef8:	7840      	ldrb	r0, [r0, #1]
10000efa:	4770      	bx	lr

10000efc <best_effort_wfe_or_timeout>:
10000efc:	e92d 43f0 	stmdb	sp!, {r4, r5, r6, r7, r8, r9, lr}
10000f00:	4605      	mov	r5, r0
10000f02:	460c      	mov	r4, r1
10000f04:	b083      	sub	sp, #12
10000f06:	f3ef 8605 	mrs	r6, IPSR
10000f0a:	b2f6      	uxtb	r6, r6
10000f0c:	b166      	cbz	r6, 10000f28 <best_effort_wfe_or_timeout+0x2c>
10000f0e:	4b2b      	ldr	r3, [pc, #172]	@ (10000fbc <best_effort_wfe_or_timeout+0xc0>)
10000f10:	6a58      	ldr	r0, [r3, #36]	@ 0x24
10000f12:	42a0      	cmp	r0, r4
10000f14:	d325      	bcc.n	10000f62 <best_effort_wfe_or_timeout+0x66>
10000f16:	6a9b      	ldr	r3, [r3, #40]	@ 0x28
10000f18:	42ab      	cmp	r3, r5
10000f1a:	d22b      	bcs.n	10000f74 <best_effort_wfe_or_timeout+0x78>
10000f1c:	1b00      	subs	r0, r0, r4
10000f1e:	bf18      	it	ne
10000f20:	2001      	movne	r0, #1
10000f22:	b003      	add	sp, #12
10000f24:	e8bd 83f0 	ldmia.w	sp!, {r4, r5, r6, r7, r8, r9, pc}
10000f28:	4f25      	ldr	r7, [pc, #148]	@ (10000fc0 <best_effort_wfe_or_timeout+0xc4>)
10000f2a:	f8d7 900c 	ldr.w	r9, [r7, #12]
10000f2e:	f897 8000 	ldrb.w	r8, [r7]
10000f32:	4648      	mov	r0, r9
10000f34:	f000 f85a 	bl	10000fec <timer_time_us_64>
10000f38:	f108 0804 	add.w	r8, r8, #4
10000f3c:	f859 3028 	ldr.w	r3, [r9, r8, lsl #2]
10000f40:	1a1b      	subs	r3, r3, r0
10000f42:	1a28      	subs	r0, r5, r0
10000f44:	eb64 0101 	sbc.w	r1, r4, r1
10000f48:	4298      	cmp	r0, r3
10000f4a:	f171 0100 	sbcs.w	r1, r1, #0
10000f4e:	db15      	blt.n	10000f7c <best_effort_wfe_or_timeout+0x80>
10000f50:	4b1a      	ldr	r3, [pc, #104]	@ (10000fbc <best_effort_wfe_or_timeout+0xc0>)
10000f52:	6a5a      	ldr	r2, [r3, #36]	@ 0x24
10000f54:	42a2      	cmp	r2, r4
10000f56:	d208      	bcs.n	10000f6a <best_effort_wfe_or_timeout+0x6e>
10000f58:	bf20      	wfe
10000f5a:	4b18      	ldr	r3, [pc, #96]	@ (10000fbc <best_effort_wfe_or_timeout+0xc0>)
10000f5c:	6a58      	ldr	r0, [r3, #36]	@ 0x24
10000f5e:	42a0      	cmp	r0, r4
10000f60:	d2d9      	bcs.n	10000f16 <best_effort_wfe_or_timeout+0x1a>
10000f62:	2000      	movs	r0, #0
10000f64:	b003      	add	sp, #12
10000f66:	e8bd 83f0 	ldmia.w	sp!, {r4, r5, r6, r7, r8, r9, pc}
10000f6a:	6a9b      	ldr	r3, [r3, #40]	@ 0x28
10000f6c:	42ab      	cmp	r3, r5
10000f6e:	d201      	bcs.n	10000f74 <best_effort_wfe_or_timeout+0x78>
10000f70:	42a2      	cmp	r2, r4
10000f72:	d0f1      	beq.n	10000f58 <best_effort_wfe_or_timeout+0x5c>
10000f74:	2001      	movs	r0, #1
10000f76:	b003      	add	sp, #12
10000f78:	e8bd 83f0 	ldmia.w	sp!, {r4, r5, r6, r7, r8, r9, pc}
10000f7c:	f000 f83e 	bl	10000ffc <time_us_64>
10000f80:	4285      	cmp	r5, r0
10000f82:	eb64 0101 	sbc.w	r1, r4, r1
10000f86:	2900      	cmp	r1, #0
10000f88:	dbc1      	blt.n	10000f0e <best_effort_wfe_or_timeout+0x12>
10000f8a:	4b0e      	ldr	r3, [pc, #56]	@ (10000fc4 <best_effort_wfe_or_timeout+0xc8>)
10000f8c:	4638      	mov	r0, r7
10000f8e:	e9cd 3600 	strd	r3, r6, [sp]
10000f92:	462a      	mov	r2, r5
10000f94:	4623      	mov	r3, r4
10000f96:	f7ff ff0b 	bl	10000db0 <alarm_pool_add_alarm_at_force_in_context>
10000f9a:	1e01      	subs	r1, r0, #0
10000f9c:	ddb7      	ble.n	10000f0e <best_effort_wfe_or_timeout+0x12>
10000f9e:	4b07      	ldr	r3, [pc, #28]	@ (10000fbc <best_effort_wfe_or_timeout+0xc0>)
10000fa0:	6a5a      	ldr	r2, [r3, #36]	@ 0x24
10000fa2:	42a2      	cmp	r2, r4
10000fa4:	d304      	bcc.n	10000fb0 <best_effort_wfe_or_timeout+0xb4>
10000fa6:	6a9b      	ldr	r3, [r3, #40]	@ 0x28
10000fa8:	42ab      	cmp	r3, r5
10000faa:	d202      	bcs.n	10000fb2 <best_effort_wfe_or_timeout+0xb6>
10000fac:	42a2      	cmp	r2, r4
10000fae:	d100      	bne.n	10000fb2 <best_effort_wfe_or_timeout+0xb6>
10000fb0:	bf20      	wfe
10000fb2:	4803      	ldr	r0, [pc, #12]	@ (10000fc0 <best_effort_wfe_or_timeout+0xc4>)
10000fb4:	f7ff ff60 	bl	10000e78 <alarm_pool_cancel_alarm>
10000fb8:	e7a9      	b.n	10000f0e <best_effort_wfe_or_timeout+0x12>
10000fba:	bf00      	nop
10000fbc:	400b0000 	.word	0x400b0000
10000fc0:	20000e8c 	.word	0x20000e8c
10000fc4:	10000891 	.word	0x10000891

10000fc8 <timer_hardware_alarm_claim>:
10000fc8:	b410      	push	{r4}
10000fca:	4b05      	ldr	r3, [pc, #20]	@ (10000fe0 <timer_hardware_alarm_claim+0x18>)
10000fcc:	4c05      	ldr	r4, [pc, #20]	@ (10000fe4 <timer_hardware_alarm_claim+0x1c>)
10000fce:	4a06      	ldr	r2, [pc, #24]	@ (10000fe8 <timer_hardware_alarm_claim+0x20>)
10000fd0:	42a0      	cmp	r0, r4
10000fd2:	bf14      	ite	ne
10000fd4:	4618      	movne	r0, r3
10000fd6:	1c58      	addeq	r0, r3, #1
10000fd8:	f85d 4b04 	ldr.w	r4, [sp], #4
10000fdc:	f7ff b970 	b.w	100002c0 <hw_claim_or_assert>
10000fe0:	20001368 	.word	0x20001368
10000fe4:	400b8000 	.word	0x400b8000
10000fe8:	1000405c 	.word	0x1000405c

10000fec <timer_time_us_64>:
10000fec:	4603      	mov	r3, r0
10000fee:	6a41      	ldr	r1, [r0, #36]	@ 0x24
10000ff0:	460a      	mov	r2, r1
10000ff2:	6a98      	ldr	r0, [r3, #40]	@ 0x28
10000ff4:	6a59      	ldr	r1, [r3, #36]	@ 0x24
10000ff6:	428a      	cmp	r2, r1
10000ff8:	d1fa      	bne.n	10000ff0 <timer_time_us_64+0x4>
10000ffa:	4770      	bx	lr

10000ffc <time_us_64>:
10000ffc:	4b03      	ldr	r3, [pc, #12]	@ (1000100c <time_us_64+0x10>)
10000ffe:	6a59      	ldr	r1, [r3, #36]	@ 0x24
10001000:	460a      	mov	r2, r1
10001002:	6a98      	ldr	r0, [r3, #40]	@ 0x28
10001004:	6a59      	ldr	r1, [r3, #36]	@ 0x24
10001006:	4291      	cmp	r1, r2
10001008:	d1fa      	bne.n	10001000 <time_us_64+0x4>
1000100a:	4770      	bx	lr
1000100c:	400b0000 	.word	0x400b0000

10001010 <busy_wait_us>:
10001010:	b410      	push	{r4}
10001012:	4a17      	ldr	r2, [pc, #92]	@ (10001070 <busy_wait_us+0x60>)
10001014:	6a53      	ldr	r3, [r2, #36]	@ 0x24
10001016:	469c      	mov	ip, r3
10001018:	6a94      	ldr	r4, [r2, #40]	@ 0x28
1000101a:	6a53      	ldr	r3, [r2, #36]	@ 0x24
1000101c:	4563      	cmp	r3, ip
1000101e:	d1fa      	bne.n	10001016 <busy_wait_us+0x6>
10001020:	1900      	adds	r0, r0, r4
10001022:	4159      	adcs	r1, r3
10001024:	f04f 0200 	mov.w	r2, #0
10001028:	bf28      	it	cs
1000102a:	2201      	movcs	r2, #1
1000102c:	4603      	mov	r3, r0
1000102e:	b1ca      	cbz	r2, 10001064 <busy_wait_us+0x54>
10001030:	4b0f      	ldr	r3, [pc, #60]	@ (10001070 <busy_wait_us+0x60>)
10001032:	6a59      	ldr	r1, [r3, #36]	@ 0x24
10001034:	1c4b      	adds	r3, r1, #1
10001036:	bf08      	it	eq
10001038:	460b      	moveq	r3, r1
1000103a:	d008      	beq.n	1000104e <busy_wait_us+0x3e>
1000103c:	f04f 31ff 	mov.w	r1, #4294967295	@ 0xffffffff
10001040:	460b      	mov	r3, r1
10001042:	480b      	ldr	r0, [pc, #44]	@ (10001070 <busy_wait_us+0x60>)
10001044:	6a42      	ldr	r2, [r0, #36]	@ 0x24
10001046:	428a      	cmp	r2, r1
10001048:	d3fc      	bcc.n	10001044 <busy_wait_us+0x34>
1000104a:	428a      	cmp	r2, r1
1000104c:	d107      	bne.n	1000105e <busy_wait_us+0x4e>
1000104e:	4a08      	ldr	r2, [pc, #32]	@ (10001070 <busy_wait_us+0x60>)
10001050:	e002      	b.n	10001058 <busy_wait_us+0x48>
10001052:	6a50      	ldr	r0, [r2, #36]	@ 0x24
10001054:	4288      	cmp	r0, r1
10001056:	d102      	bne.n	1000105e <busy_wait_us+0x4e>
10001058:	6a90      	ldr	r0, [r2, #40]	@ 0x28
1000105a:	4298      	cmp	r0, r3
1000105c:	d3f9      	bcc.n	10001052 <busy_wait_us+0x42>
1000105e:	f85d 4b04 	ldr.w	r4, [sp], #4
10001062:	4770      	bx	lr
10001064:	4a02      	ldr	r2, [pc, #8]	@ (10001070 <busy_wait_us+0x60>)
10001066:	6a52      	ldr	r2, [r2, #36]	@ 0x24
10001068:	4291      	cmp	r1, r2
1000106a:	d8ea      	bhi.n	10001042 <busy_wait_us+0x32>
1000106c:	e7ed      	b.n	1000104a <busy_wait_us+0x3a>
1000106e:	bf00      	nop
10001070:	400b0000 	.word	0x400b0000

10001074 <uart_init>:
10001074:	b5f8      	push	{r3, r4, r5, r6, r7, lr}
10001076:	4605      	mov	r5, r0
10001078:	2006      	movs	r0, #6
1000107a:	460e      	mov	r6, r1
1000107c:	f000 f948 	bl	10001310 <clock_get_hz>
10001080:	2800      	cmp	r0, #0
10001082:	d042      	beq.n	1000110a <uart_init+0x96>
10001084:	4a35      	ldr	r2, [pc, #212]	@ (1000115c <uart_init+0xe8>)
10001086:	4836      	ldr	r0, [pc, #216]	@ (10001160 <uart_init+0xec>)
10001088:	4295      	cmp	r5, r2
1000108a:	bf14      	ite	ne
1000108c:	f04f 6280 	movne.w	r2, #67108864	@ 0x4000000
10001090:	f04f 6200 	moveq.w	r2, #134217728	@ 0x8000000
10001094:	4b33      	ldr	r3, [pc, #204]	@ (10001164 <uart_init+0xf0>)
10001096:	4934      	ldr	r1, [pc, #208]	@ (10001168 <uart_init+0xf4>)
10001098:	6002      	str	r2, [r0, #0]
1000109a:	601a      	str	r2, [r3, #0]
1000109c:	688c      	ldr	r4, [r1, #8]
1000109e:	ea32 0404 	bics.w	r4, r2, r4
100010a2:	d1fb      	bne.n	1000109c <uart_init+0x28>
100010a4:	4b2d      	ldr	r3, [pc, #180]	@ (1000115c <uart_init+0xe8>)
100010a6:	f44f 7180 	mov.w	r1, #256	@ 0x100
100010aa:	1aeb      	subs	r3, r5, r3
100010ac:	fab3 f383 	clz	r3, r3
100010b0:	4a2e      	ldr	r2, [pc, #184]	@ (1000116c <uart_init+0xf8>)
100010b2:	095b      	lsrs	r3, r3, #5
100010b4:	2006      	movs	r0, #6
100010b6:	f822 1013 	strh.w	r1, [r2, r3, lsl #1]
100010ba:	f000 f929 	bl	10001310 <clock_get_hz>
100010be:	00c3      	lsls	r3, r0, #3
100010c0:	fbb3 f3f6 	udiv	r3, r3, r6
100010c4:	3301      	adds	r3, #1
100010c6:	09da      	lsrs	r2, r3, #7
100010c8:	d120      	bne.n	1000110c <uart_init+0x98>
100010ca:	2640      	movs	r6, #64	@ 0x40
100010cc:	2101      	movs	r1, #1
100010ce:	6269      	str	r1, [r5, #36]	@ 0x24
100010d0:	62aa      	str	r2, [r5, #40]	@ 0x28
100010d2:	6b2f      	ldr	r7, [r5, #48]	@ 0x30
100010d4:	07fb      	lsls	r3, r7, #31
100010d6:	d422      	bmi.n	1000111e <uart_init+0xaa>
100010d8:	462b      	mov	r3, r5
100010da:	2200      	movs	r2, #0
100010dc:	f853 1f2c 	ldr.w	r1, [r3, #44]!
100010e0:	2006      	movs	r0, #6
100010e2:	f503 5480 	add.w	r4, r3, #4096	@ 0x1000
100010e6:	6022      	str	r2, [r4, #0]
100010e8:	632f      	str	r7, [r5, #48]	@ 0x30
100010ea:	f000 f911 	bl	10001310 <clock_get_hz>
100010ee:	f240 3101 	movw	r1, #769	@ 0x301
100010f2:	2203      	movs	r2, #3
100010f4:	0080      	lsls	r0, r0, #2
100010f6:	fbb0 f0f6 	udiv	r0, r0, r6
100010fa:	6aeb      	ldr	r3, [r5, #44]	@ 0x2c
100010fc:	f083 0370 	eor.w	r3, r3, #112	@ 0x70
10001100:	f003 037e 	and.w	r3, r3, #126	@ 0x7e
10001104:	6023      	str	r3, [r4, #0]
10001106:	6329      	str	r1, [r5, #48]	@ 0x30
10001108:	64aa      	str	r2, [r5, #72]	@ 0x48
1000110a:	bdf8      	pop	{r3, r4, r5, r6, r7, pc}
1000110c:	f64f 71fe 	movw	r1, #65534	@ 0xfffe
10001110:	428a      	cmp	r2, r1
10001112:	d91b      	bls.n	1000114c <uart_init+0xd8>
10001114:	4622      	mov	r2, r4
10001116:	f64f 71ff 	movw	r1, #65535	@ 0xffff
1000111a:	4e15      	ldr	r6, [pc, #84]	@ (10001170 <uart_init+0xfc>)
1000111c:	e7d7      	b.n	100010ce <uart_init+0x5a>
1000111e:	f240 3201 	movw	r2, #769	@ 0x301
10001122:	f505 5340 	add.w	r3, r5, #12288	@ 0x3000
10001126:	631a      	str	r2, [r3, #48]	@ 0x30
10001128:	6a6b      	ldr	r3, [r5, #36]	@ 0x24
1000112a:	6aac      	ldr	r4, [r5, #40]	@ 0x28
1000112c:	2006      	movs	r0, #6
1000112e:	eb04 1483 	add.w	r4, r4, r3, lsl #6
10001132:	f000 f8ed 	bl	10001310 <clock_get_hz>
10001136:	4b0f      	ldr	r3, [pc, #60]	@ (10001174 <uart_init+0x100>)
10001138:	02a4      	lsls	r4, r4, #10
1000113a:	fba3 2300 	umull	r2, r3, r3, r0
1000113e:	0adb      	lsrs	r3, r3, #11
10001140:	2100      	movs	r1, #0
10001142:	fbb4 f0f3 	udiv	r0, r4, r3
10001146:	f7ff ff63 	bl	10001010 <busy_wait_us>
1000114a:	e7c5      	b.n	100010d8 <uart_init+0x64>
1000114c:	f3c3 0345 	ubfx	r3, r3, #1, #6
10001150:	4611      	mov	r1, r2
10001152:	eb03 1682 	add.w	r6, r3, r2, lsl #6
10001156:	461a      	mov	r2, r3
10001158:	e7b9      	b.n	100010ce <uart_init+0x5a>
1000115a:	bf00      	nop
1000115c:	40078000 	.word	0x40078000
10001160:	40022000 	.word	0x40022000
10001164:	40023000 	.word	0x40023000
10001168:	40020000 	.word	0x40020000
1000116c:	2000180c 	.word	0x2000180c
10001170:	003fffc0 	.word	0x003fffc0
10001174:	8f2b7b75 	.word	0x8f2b7b75

10001178 <uart_set_format>:
10001178:	3a01      	subs	r2, #1
1000117a:	3905      	subs	r1, #5
1000117c:	00d2      	lsls	r2, r2, #3
1000117e:	b5f8      	push	{r3, r4, r5, r6, r7, lr}
10001180:	4605      	mov	r5, r0
10001182:	ea42 1441 	orr.w	r4, r2, r1, lsl #5
10001186:	b143      	cbz	r3, 1000119a <uart_set_format+0x22>
10001188:	f1a3 0301 	sub.w	r3, r3, #1
1000118c:	fab3 f383 	clz	r3, r3
10001190:	095b      	lsrs	r3, r3, #5
10001192:	ea44 0383 	orr.w	r3, r4, r3, lsl #2
10001196:	f043 0402 	orr.w	r4, r3, #2
1000119a:	6b2e      	ldr	r6, [r5, #48]	@ 0x30
1000119c:	07f3      	lsls	r3, r6, #31
1000119e:	d40a      	bmi.n	100011b6 <uart_set_format+0x3e>
100011a0:	462b      	mov	r3, r5
100011a2:	f853 2f2c 	ldr.w	r2, [r3, #44]!
100011a6:	4062      	eors	r2, r4
100011a8:	f002 026e 	and.w	r2, r2, #110	@ 0x6e
100011ac:	f503 5380 	add.w	r3, r3, #4096	@ 0x1000
100011b0:	601a      	str	r2, [r3, #0]
100011b2:	632e      	str	r6, [r5, #48]	@ 0x30
100011b4:	bdf8      	pop	{r3, r4, r5, r6, r7, pc}
100011b6:	f240 3201 	movw	r2, #769	@ 0x301
100011ba:	f505 5340 	add.w	r3, r5, #12288	@ 0x3000
100011be:	631a      	str	r2, [r3, #48]	@ 0x30
100011c0:	6a6b      	ldr	r3, [r5, #36]	@ 0x24
100011c2:	6aaf      	ldr	r7, [r5, #40]	@ 0x28
100011c4:	2006      	movs	r0, #6
100011c6:	eb07 1783 	add.w	r7, r7, r3, lsl #6
100011ca:	f000 f8a1 	bl	10001310 <clock_get_hz>
100011ce:	4b05      	ldr	r3, [pc, #20]	@ (100011e4 <uart_set_format+0x6c>)
100011d0:	02bf      	lsls	r7, r7, #10
100011d2:	fba3 3000 	umull	r3, r0, r3, r0
100011d6:	0ac0      	lsrs	r0, r0, #11
100011d8:	2100      	movs	r1, #0
100011da:	fbb7 f0f0 	udiv	r0, r7, r0
100011de:	f7ff ff17 	bl	10001010 <busy_wait_us>
100011e2:	e7dd      	b.n	100011a0 <uart_set_format+0x28>
100011e4:	8f2b7b75 	.word	0x8f2b7b75

100011e8 <uart_set_fifo_enabled>:
100011e8:	b5f8      	push	{r3, r4, r5, r6, r7, lr}
100011ea:	6b06      	ldr	r6, [r0, #48]	@ 0x30
100011ec:	4605      	mov	r5, r0
100011ee:	07f3      	lsls	r3, r6, #31
100011f0:	ea4f 1401 	mov.w	r4, r1, lsl #4
100011f4:	d40a      	bmi.n	1000120c <uart_set_fifo_enabled+0x24>
100011f6:	462b      	mov	r3, r5
100011f8:	f853 2f2c 	ldr.w	r2, [r3, #44]!
100011fc:	4054      	eors	r4, r2
100011fe:	f004 0410 	and.w	r4, r4, #16
10001202:	f503 5380 	add.w	r3, r3, #4096	@ 0x1000
10001206:	601c      	str	r4, [r3, #0]
10001208:	632e      	str	r6, [r5, #48]	@ 0x30
1000120a:	bdf8      	pop	{r3, r4, r5, r6, r7, pc}
1000120c:	f240 3201 	movw	r2, #769	@ 0x301
10001210:	f500 5340 	add.w	r3, r0, #12288	@ 0x3000
10001214:	631a      	str	r2, [r3, #48]	@ 0x30
10001216:	6a6b      	ldr	r3, [r5, #36]	@ 0x24
10001218:	6aaf      	ldr	r7, [r5, #40]	@ 0x28
1000121a:	2006      	movs	r0, #6
1000121c:	eb07 1783 	add.w	r7, r7, r3, lsl #6
10001220:	f000 f876 	bl	10001310 <clock_get_hz>
10001224:	4b05      	ldr	r3, [pc, #20]	@ (1000123c <uart_set_fifo_enabled+0x54>)
10001226:	02bf      	lsls	r7, r7, #10
10001228:	fba3 3000 	umull	r3, r0, r3, r0
1000122c:	0ac0      	lsrs	r0, r0, #11
1000122e:	2100      	movs	r1, #0
10001230:	fbb7 f0f0 	udiv	r0, r7, r0
10001234:	f7ff feec 	bl	10001010 <busy_wait_us>
10001238:	e7dd      	b.n	100011f6 <uart_set_fifo_enabled+0xe>
1000123a:	bf00      	nop
1000123c:	8f2b7b75 	.word	0x8f2b7b75

10001240 <clock_configure_undivided>:
10001240:	eb00 0c40 	add.w	ip, r0, r0, lsl #1
10001244:	ea4f 0c8c 	mov.w	ip, ip, lsl #2
10001248:	f10c 4c80 	add.w	ip, ip, #1073741824	@ 0x40000000
1000124c:	f50c 3c80 	add.w	ip, ip, #65536	@ 0x10000
10001250:	b5f0      	push	{r4, r5, r6, r7, lr}
10001252:	4616      	mov	r6, r2
10001254:	f8dc 2004 	ldr.w	r2, [ip, #4]
10001258:	1f05      	subs	r5, r0, #4
1000125a:	f5b2 3f80 	cmp.w	r2, #65536	@ 0x10000
1000125e:	bf38      	it	cc
10001260:	f44f 3280 	movcc.w	r2, #65536	@ 0x10000
10001264:	b2ed      	uxtb	r5, r5
10001266:	bf38      	it	cc
10001268:	f8cc 2004 	strcc.w	r2, [ip, #4]
1000126c:	2d01      	cmp	r5, #1
1000126e:	d92a      	bls.n	100012c6 <clock_configure_undivided+0x86>
10001270:	f44f 6700 	mov.w	r7, #2048	@ 0x800
10001274:	4c25      	ldr	r4, [pc, #148]	@ (1000130c <clock_configure_undivided+0xcc>)
10001276:	f50c 5240 	add.w	r2, ip, #12288	@ 0x3000
1000127a:	6017      	str	r7, [r2, #0]
1000127c:	f854 2020 	ldr.w	r2, [r4, r0, lsl #2]
10001280:	b9b2      	cbnz	r2, 100012b0 <clock_configure_undivided+0x70>
10001282:	f8dc 2000 	ldr.w	r2, [ip]
10001286:	2d01      	cmp	r5, #1
10001288:	ea82 1246 	eor.w	r2, r2, r6, lsl #5
1000128c:	f002 02e0 	and.w	r2, r2, #224	@ 0xe0
10001290:	f50c 5680 	add.w	r6, ip, #4096	@ 0x1000
10001294:	6032      	str	r2, [r6, #0]
10001296:	d92a      	bls.n	100012ee <clock_configure_undivided+0xae>
10001298:	f44f 6100 	mov.w	r1, #2048	@ 0x800
1000129c:	f844 3020 	str.w	r3, [r4, r0, lsl #2]
100012a0:	f44f 3380 	mov.w	r3, #65536	@ 0x10000
100012a4:	f50c 5200 	add.w	r2, ip, #8192	@ 0x2000
100012a8:	6011      	str	r1, [r2, #0]
100012aa:	f8cc 3004 	str.w	r3, [ip, #4]
100012ae:	bdf0      	pop	{r4, r5, r6, r7, pc}
100012b0:	6967      	ldr	r7, [r4, #20]
100012b2:	fbb7 fef2 	udiv	lr, r7, r2
100012b6:	f10e 0e01 	add.w	lr, lr, #1
100012ba:	eb0e 0e4e 	add.w	lr, lr, lr, lsl #1
100012be:	f1be 0e03 	subs.w	lr, lr, #3
100012c2:	d2fc      	bcs.n	100012be <clock_configure_undivided+0x7e>
100012c4:	e7dd      	b.n	10001282 <clock_configure_undivided+0x42>
100012c6:	2901      	cmp	r1, #1
100012c8:	d1d2      	bne.n	10001270 <clock_configure_undivided+0x30>
100012ca:	2403      	movs	r4, #3
100012cc:	f50c 5240 	add.w	r2, ip, #12288	@ 0x3000
100012d0:	6014      	str	r4, [r2, #0]
100012d2:	f8dc 2008 	ldr.w	r2, [ip, #8]
100012d6:	07d2      	lsls	r2, r2, #31
100012d8:	d5fb      	bpl.n	100012d2 <clock_configure_undivided+0x92>
100012da:	f8dc 2000 	ldr.w	r2, [ip]
100012de:	4c0b      	ldr	r4, [pc, #44]	@ (1000130c <clock_configure_undivided+0xcc>)
100012e0:	ea82 1246 	eor.w	r2, r2, r6, lsl #5
100012e4:	f002 02e0 	and.w	r2, r2, #224	@ 0xe0
100012e8:	f50c 5680 	add.w	r6, ip, #4096	@ 0x1000
100012ec:	6032      	str	r2, [r6, #0]
100012ee:	2201      	movs	r2, #1
100012f0:	f8dc 5000 	ldr.w	r5, [ip]
100012f4:	404d      	eors	r5, r1
100012f6:	f005 0503 	and.w	r5, r5, #3
100012fa:	6035      	str	r5, [r6, #0]
100012fc:	fa02 f101 	lsl.w	r1, r2, r1
10001300:	f8dc 2008 	ldr.w	r2, [ip, #8]
10001304:	420a      	tst	r2, r1
10001306:	d0fb      	beq.n	10001300 <clock_configure_undivided+0xc0>
10001308:	e7c6      	b.n	10001298 <clock_configure_undivided+0x58>
1000130a:	bf00      	nop
1000130c:	2000136c 	.word	0x2000136c

10001310 <clock_get_hz>:
10001310:	4b01      	ldr	r3, [pc, #4]	@ (10001318 <clock_get_hz+0x8>)
10001312:	f853 0020 	ldr.w	r0, [r3, r0, lsl #2]
10001316:	4770      	bx	lr
10001318:	2000136c 	.word	0x2000136c

1000131c <pll_init>:
1000131c:	b470      	push	{r4, r5, r6}
1000131e:	9d03      	ldr	r5, [sp, #12]
10001320:	6804      	ldr	r4, [r0, #0]
10001322:	032d      	lsls	r5, r5, #12
10001324:	ea45 4503 	orr.w	r5, r5, r3, lsl #16
10001328:	4b1b      	ldr	r3, [pc, #108]	@ (10001398 <pll_init+0x7c>)
1000132a:	2c00      	cmp	r4, #0
1000132c:	fbb3 f3f1 	udiv	r3, r3, r1
10001330:	fbb2 f6f3 	udiv	r6, r2, r3
10001334:	db1f      	blt.n	10001376 <pll_init+0x5a>
10001336:	4a19      	ldr	r2, [pc, #100]	@ (1000139c <pll_init+0x80>)
10001338:	4b19      	ldr	r3, [pc, #100]	@ (100013a0 <pll_init+0x84>)
1000133a:	4290      	cmp	r0, r2
1000133c:	bf14      	ite	ne
1000133e:	f44f 4280 	movne.w	r2, #16384	@ 0x4000
10001342:	f44f 4200 	moveq.w	r2, #32768	@ 0x8000
10001346:	4c17      	ldr	r4, [pc, #92]	@ (100013a4 <pll_init+0x88>)
10001348:	601a      	str	r2, [r3, #0]
1000134a:	f503 5380 	add.w	r3, r3, #4096	@ 0x1000
1000134e:	601a      	str	r2, [r3, #0]
10001350:	68a3      	ldr	r3, [r4, #8]
10001352:	ea32 0303 	bics.w	r3, r2, r3
10001356:	d1fb      	bne.n	10001350 <pll_init+0x34>
10001358:	2221      	movs	r2, #33	@ 0x21
1000135a:	f500 5340 	add.w	r3, r0, #12288	@ 0x3000
1000135e:	3304      	adds	r3, #4
10001360:	6001      	str	r1, [r0, #0]
10001362:	6086      	str	r6, [r0, #8]
10001364:	601a      	str	r2, [r3, #0]
10001366:	6802      	ldr	r2, [r0, #0]
10001368:	2a00      	cmp	r2, #0
1000136a:	dafc      	bge.n	10001366 <pll_init+0x4a>
1000136c:	2208      	movs	r2, #8
1000136e:	60c5      	str	r5, [r0, #12]
10001370:	601a      	str	r2, [r3, #0]
10001372:	bc70      	pop	{r4, r5, r6}
10001374:	4770      	bx	lr
10001376:	6803      	ldr	r3, [r0, #0]
10001378:	f003 033f 	and.w	r3, r3, #63	@ 0x3f
1000137c:	428b      	cmp	r3, r1
1000137e:	d1da      	bne.n	10001336 <pll_init+0x1a>
10001380:	6883      	ldr	r3, [r0, #8]
10001382:	f3c3 030b 	ubfx	r3, r3, #0, #12
10001386:	42b3      	cmp	r3, r6
10001388:	d1d5      	bne.n	10001336 <pll_init+0x1a>
1000138a:	68c3      	ldr	r3, [r0, #12]
1000138c:	f403 23ee 	and.w	r3, r3, #487424	@ 0x77000
10001390:	42ab      	cmp	r3, r5
10001392:	d1d0      	bne.n	10001336 <pll_init+0x1a>
10001394:	e7ed      	b.n	10001372 <pll_init+0x56>
10001396:	bf00      	nop
10001398:	00b71b00 	.word	0x00b71b00
1000139c:	40058000 	.word	0x40058000
100013a0:	40022000 	.word	0x40022000
100013a4:	40020000 	.word	0x40020000

100013a8 <watchdog_reboot>:
100013a8:	b430      	push	{r4, r5}
100013aa:	f04f 4480 	mov.w	r4, #1073741824	@ 0x40000000
100013ae:	4b1c      	ldr	r3, [pc, #112]	@ (10001420 <watchdog_reboot+0x78>)
100013b0:	601c      	str	r4, [r3, #0]
100013b2:	b1e0      	cbz	r0, 100013ee <watchdog_reboot+0x46>
100013b4:	4c1b      	ldr	r4, [pc, #108]	@ (10001424 <watchdog_reboot+0x7c>)
100013b6:	f5a3 5340 	sub.w	r3, r3, #12288	@ 0x3000
100013ba:	61dc      	str	r4, [r3, #28]
100013bc:	4c1a      	ldr	r4, [pc, #104]	@ (10001428 <watchdog_reboot+0x80>)
100013be:	f040 0001 	orr.w	r0, r0, #1
100013c2:	4044      	eors	r4, r0
100013c4:	621c      	str	r4, [r3, #32]
100013c6:	6259      	str	r1, [r3, #36]	@ 0x24
100013c8:	6298      	str	r0, [r3, #40]	@ 0x28
100013ca:	f04f 4580 	mov.w	r5, #1073741824	@ 0x40000000
100013ce:	f04f 61e0 	mov.w	r1, #117440512	@ 0x7000000
100013d2:	4b13      	ldr	r3, [pc, #76]	@ (10001420 <watchdog_reboot+0x78>)
100013d4:	4815      	ldr	r0, [pc, #84]	@ (1000142c <watchdog_reboot+0x84>)
100013d6:	4c16      	ldr	r4, [pc, #88]	@ (10001430 <watchdog_reboot+0x88>)
100013d8:	601d      	str	r5, [r3, #0]
100013da:	6084      	str	r4, [r0, #8]
100013dc:	6019      	str	r1, [r3, #0]
100013de:	b94a      	cbnz	r2, 100013f4 <watchdog_reboot+0x4c>
100013e0:	bc30      	pop	{r4, r5}
100013e2:	f04f 4200 	mov.w	r2, #2147483648	@ 0x80000000
100013e6:	f5a3 5380 	sub.w	r3, r3, #4096	@ 0x1000
100013ea:	601a      	str	r2, [r3, #0]
100013ec:	4770      	bx	lr
100013ee:	4b11      	ldr	r3, [pc, #68]	@ (10001434 <watchdog_reboot+0x8c>)
100013f0:	61d8      	str	r0, [r3, #28]
100013f2:	e7ea      	b.n	100013ca <watchdog_reboot+0x22>
100013f4:	f44f 737a 	mov.w	r3, #1000	@ 0x3e8
100013f8:	fb03 f202 	mul.w	r2, r3, r2
100013fc:	f1b2 7f80 	cmp.w	r2, #16777216	@ 0x1000000
10001400:	bf2a      	itet	cs
10001402:	f06f 437f 	mvncs.w	r3, #4278190080	@ 0xff000000
10001406:	4613      	movcc	r3, r2
10001408:	461a      	movcs	r2, r3
1000140a:	f04f 4180 	mov.w	r1, #1073741824	@ 0x40000000
1000140e:	4c0a      	ldr	r4, [pc, #40]	@ (10001438 <watchdog_reboot+0x90>)
10001410:	4808      	ldr	r0, [pc, #32]	@ (10001434 <watchdog_reboot+0x8c>)
10001412:	6023      	str	r3, [r4, #0]
10001414:	4b09      	ldr	r3, [pc, #36]	@ (1000143c <watchdog_reboot+0x94>)
10001416:	6042      	str	r2, [r0, #4]
10001418:	bc30      	pop	{r4, r5}
1000141a:	6019      	str	r1, [r3, #0]
1000141c:	4770      	bx	lr
1000141e:	bf00      	nop
10001420:	400db000 	.word	0x400db000
10001424:	b007c0d3 	.word	0xb007c0d3
10001428:	4ff83f2d 	.word	0x4ff83f2d
1000142c:	4001a000 	.word	0x4001a000
10001430:	01fffff3 	.word	0x01fffff3
10001434:	400d8000 	.word	0x400d8000
10001438:	200017cc 	.word	0x200017cc
1000143c:	400da000 	.word	0x400da000

10001440 <tick_start>:
10001440:	2301      	movs	r3, #1
10001442:	eb00 0040 	add.w	r0, r0, r0, lsl #1
10001446:	0080      	lsls	r0, r0, #2
10001448:	f100 4080 	add.w	r0, r0, #1073741824	@ 0x40000000
1000144c:	f500 1084 	add.w	r0, r0, #1081344	@ 0x108000
10001450:	6041      	str	r1, [r0, #4]
10001452:	6003      	str	r3, [r0, #0]
10001454:	4770      	bx	lr
10001456:	bf00      	nop

10001458 <rom_reboot.constprop.0.isra.0>:
10001458:	2300      	movs	r3, #0
1000145a:	b570      	push	{r4, r5, r6, lr}
1000145c:	8adb      	ldrh	r3, [r3, #22]
1000145e:	4604      	mov	r4, r0
10001460:	460d      	mov	r5, r1
10001462:	4616      	mov	r6, r2
10001464:	2200      	movs	r2, #0
10001466:	e842 f200 	tt	r2, r2
1000146a:	0252      	lsls	r2, r2, #9
1000146c:	bf54      	ite	pl
1000146e:	2110      	movpl	r1, #16
10001470:	2104      	movmi	r1, #4
10001472:	f244 2052 	movw	r0, #16978	@ 0x4252
10001476:	4798      	blx	r3
10001478:	4686      	mov	lr, r0
1000147a:	4633      	mov	r3, r6
1000147c:	462a      	mov	r2, r5
1000147e:	4620      	mov	r0, r4
10001480:	46f4      	mov	ip, lr
10001482:	e8bd 4070 	ldmia.w	sp!, {r4, r5, r6, lr}
10001486:	210a      	movs	r1, #10
10001488:	4760      	bx	ip
1000148a:	bf00      	nop

1000148c <rom_func_lookup>:
1000148c:	2300      	movs	r3, #0
1000148e:	8adb      	ldrh	r3, [r3, #22]
10001490:	2200      	movs	r2, #0
10001492:	e842 f200 	tt	r2, r2
10001496:	0252      	lsls	r2, r2, #9
10001498:	d401      	bmi.n	1000149e <rom_func_lookup+0x12>
1000149a:	2110      	movs	r1, #16
1000149c:	4718      	bx	r3
1000149e:	2104      	movs	r1, #4
100014a0:	4718      	bx	r3
100014a2:	bf00      	nop

100014a4 <rom_reset_usb_boot_extra>:
100014a4:	b508      	push	{r3, lr}
100014a6:	4613      	mov	r3, r2
100014a8:	1e02      	subs	r2, r0, #0
100014aa:	db02      	blt.n	100014b2 <rom_reset_usb_boot_extra+0xe>
100014ac:	b15b      	cbz	r3, 100014c6 <rom_reset_usb_boot_extra+0x22>
100014ae:	f041 0130 	orr.w	r1, r1, #48	@ 0x30
100014b2:	068b      	lsls	r3, r1, #26
100014b4:	d503      	bpl.n	100014be <rom_reset_usb_boot_extra+0x1a>
100014b6:	2300      	movs	r3, #0
100014b8:	7cdb      	ldrb	r3, [r3, #19]
100014ba:	2b02      	cmp	r3, #2
100014bc:	d006      	beq.n	100014cc <rom_reset_usb_boot_extra+0x28>
100014be:	f44f 7081 	mov.w	r0, #258	@ 0x102
100014c2:	f7ff ffc9 	bl	10001458 <rom_reboot.constprop.0.isra.0>
100014c6:	f041 0120 	orr.w	r1, r1, #32
100014ca:	e7f2      	b.n	100014b2 <rom_reset_usb_boot_extra+0xe>
100014cc:	f44f 7091 	mov.w	r0, #290	@ 0x122
100014d0:	f7ff ffc2 	bl	10001458 <rom_reboot.constprop.0.isra.0>

100014d4 <runtime_init_bootrom_locking_enable>:
100014d4:	4a03      	ldr	r2, [pc, #12]	@ (100014e4 <runtime_init_bootrom_locking_enable+0x10>)
100014d6:	f8d2 3828 	ldr.w	r3, [r2, #2088]	@ 0x828
100014da:	2b00      	cmp	r3, #0
100014dc:	d0fb      	beq.n	100014d6 <runtime_init_bootrom_locking_enable+0x2>
100014de:	f3bf 8f5f 	dmb	sy
100014e2:	4770      	bx	lr
100014e4:	400e0000 	.word	0x400e0000

100014e8 <runtime_init_boot_locks_reset>:
100014e8:	2100      	movs	r1, #0
100014ea:	4b04      	ldr	r3, [pc, #16]	@ (100014fc <runtime_init_boot_locks_reset+0x14>)
100014ec:	4a04      	ldr	r2, [pc, #16]	@ (10001500 <runtime_init_boot_locks_reset+0x18>)
100014ee:	f3bf 8f5f 	dmb	sy
100014f2:	f843 1b04 	str.w	r1, [r3], #4
100014f6:	4293      	cmp	r3, r2
100014f8:	d1f9      	bne.n	100014ee <runtime_init_boot_locks_reset+0x6>
100014fa:	4770      	bx	lr
100014fc:	400e080c 	.word	0x400e080c
10001500:	400e082c 	.word	0x400e082c

10001504 <xosc_init>:
10001504:	b410      	push	{r4}
10001506:	f44f 708d 	mov.w	r0, #282	@ 0x11a
1000150a:	f44f 642a 	mov.w	r4, #2720	@ 0xaa0
1000150e:	4a06      	ldr	r2, [pc, #24]	@ (10001528 <xosc_init+0x24>)
10001510:	4b06      	ldr	r3, [pc, #24]	@ (1000152c <xosc_init+0x28>)
10001512:	4907      	ldr	r1, [pc, #28]	@ (10001530 <xosc_init+0x2c>)
10001514:	6014      	str	r4, [r2, #0]
10001516:	60d0      	str	r0, [r2, #12]
10001518:	6019      	str	r1, [r3, #0]
1000151a:	6853      	ldr	r3, [r2, #4]
1000151c:	2b00      	cmp	r3, #0
1000151e:	dafc      	bge.n	1000151a <xosc_init+0x16>
10001520:	f85d 4b04 	ldr.w	r4, [sp], #4
10001524:	4770      	bx	lr
10001526:	bf00      	nop
10001528:	40048000 	.word	0x40048000
1000152c:	4004a000 	.word	0x4004a000
10001530:	00fab000 	.word	0x00fab000

10001534 <first_per_core_initializer>:
10001534:	4770      	bx	lr
10001536:	bf00      	nop

10001538 <hard_assertion_failure>:
10001538:	b508      	push	{r3, lr}
1000153a:	4801      	ldr	r0, [pc, #4]	@ (10001540 <hard_assertion_failure+0x8>)
1000153c:	f7fe fea8 	bl	10000290 <panic>
10001540:	10004080 	.word	0x10004080

10001544 <runtime_run_initializers>:
10001544:	b538      	push	{r3, r4, r5, lr}
10001546:	4c05      	ldr	r4, [pc, #20]	@ (1000155c <runtime_run_initializers+0x18>)
10001548:	4d05      	ldr	r5, [pc, #20]	@ (10001560 <runtime_run_initializers+0x1c>)
1000154a:	42ac      	cmp	r4, r5
1000154c:	d204      	bcs.n	10001558 <runtime_run_initializers+0x14>
1000154e:	f854 3b04 	ldr.w	r3, [r4], #4
10001552:	4798      	blx	r3
10001554:	42ac      	cmp	r4, r5
10001556:	d3fa      	bcc.n	1000154e <runtime_run_initializers+0xa>
10001558:	bd38      	pop	{r3, r4, r5, pc}
1000155a:	bf00      	nop
1000155c:	10003fd0 	.word	0x10003fd0
10001560:	10004010 	.word	0x10004010

10001564 <runtime_init_early_resets>:
10001564:	b410      	push	{r4}
10001566:	4807      	ldr	r0, [pc, #28]	@ (10001584 <runtime_init_early_resets+0x20>)
10001568:	4c07      	ldr	r4, [pc, #28]	@ (10001588 <runtime_init_early_resets+0x24>)
1000156a:	4b08      	ldr	r3, [pc, #32]	@ (1000158c <runtime_init_early_resets+0x28>)
1000156c:	4a08      	ldr	r2, [pc, #32]	@ (10001590 <runtime_init_early_resets+0x2c>)
1000156e:	4909      	ldr	r1, [pc, #36]	@ (10001594 <runtime_init_early_resets+0x30>)
10001570:	6004      	str	r4, [r0, #0]
10001572:	601a      	str	r2, [r3, #0]
10001574:	688b      	ldr	r3, [r1, #8]
10001576:	ea32 0303 	bics.w	r3, r2, r3
1000157a:	d1fb      	bne.n	10001574 <runtime_init_early_resets+0x10>
1000157c:	f85d 4b04 	ldr.w	r4, [sp], #4
10001580:	4770      	bx	lr
10001582:	bf00      	nop
10001584:	40022000 	.word	0x40022000
10001588:	efef3b7f 	.word	0xefef3b7f
1000158c:	40023000 	.word	0x40023000
10001590:	03f3fff6 	.word	0x03f3fff6
10001594:	40020000 	.word	0x40020000

10001598 <runtime_init_usb_power_down>:
10001598:	4b04      	ldr	r3, [pc, #16]	@ (100015ac <runtime_init_usb_power_down+0x14>)
1000159a:	6cdb      	ldr	r3, [r3, #76]	@ 0x4c
1000159c:	f5b3 4f00 	cmp.w	r3, #32768	@ 0x8000
100015a0:	d103      	bne.n	100015aa <runtime_init_usb_power_down+0x12>
100015a2:	f44f 2280 	mov.w	r2, #262144	@ 0x40000
100015a6:	4b02      	ldr	r3, [pc, #8]	@ (100015b0 <runtime_init_usb_power_down+0x18>)
100015a8:	64da      	str	r2, [r3, #76]	@ 0x4c
100015aa:	4770      	bx	lr
100015ac:	50110000 	.word	0x50110000
100015b0:	50112000 	.word	0x50112000

100015b4 <runtime_init_per_core_enable_coprocessors>:
100015b4:	f04f 22e0 	mov.w	r2, #3758153728	@ 0xe000e000
100015b8:	4b04      	ldr	r3, [pc, #16]	@ (100015cc <runtime_init_per_core_enable_coprocessors+0x18>)
100015ba:	f8d2 1d88 	ldr.w	r1, [r2, #3464]	@ 0xd88
100015be:	430b      	orrs	r3, r1
100015c0:	f8c2 3d88 	str.w	r3, [r2, #3464]	@ 0xd88
100015c4:	ee10 0430 	dcp_rcmp r0
100015c8:	4770      	bx	lr
100015ca:	bf00      	nop
100015cc:	00300303 	.word	0x00300303

100015d0 <runtime_init_post_clock_resets>:
100015d0:	f06f 4160 	mvn.w	r1, #3758096384	@ 0xe0000000
100015d4:	4b04      	ldr	r3, [pc, #16]	@ (100015e8 <runtime_init_post_clock_resets+0x18>)
100015d6:	4a05      	ldr	r2, [pc, #20]	@ (100015ec <runtime_init_post_clock_resets+0x1c>)
100015d8:	6019      	str	r1, [r3, #0]
100015da:	6893      	ldr	r3, [r2, #8]
100015dc:	43db      	mvns	r3, r3
100015de:	f033 4360 	bics.w	r3, r3, #3758096384	@ 0xe0000000
100015e2:	d1fa      	bne.n	100015da <runtime_init_post_clock_resets+0xa>
100015e4:	4770      	bx	lr
100015e6:	bf00      	nop
100015e8:	40023000 	.word	0x40023000
100015ec:	40020000 	.word	0x40020000

100015f0 <runtime_init_bootrom_reset>:
100015f0:	b510      	push	{r4, lr}
100015f2:	f245 2053 	movw	r0, #21075	@ 0x5253
100015f6:	f7ff ff49 	bl	1000148c <rom_func_lookup>
100015fa:	e8bd 4010 	ldmia.w	sp!, {r4, lr}
100015fe:	4603      	mov	r3, r0
10001600:	2004      	movs	r0, #4
10001602:	4718      	bx	r3

10001604 <runtime_init_per_core_bootrom_reset>:
10001604:	b510      	push	{r4, lr}
10001606:	f245 2053 	movw	r0, #21075	@ 0x5253
1000160a:	f7ff ff3f 	bl	1000148c <rom_func_lookup>
1000160e:	e8bd 4010 	ldmia.w	sp!, {r4, lr}
10001612:	4603      	mov	r3, r0
10001614:	2001      	movs	r0, #1
10001616:	4718      	bx	r3

10001618 <runtime_init_spin_locks_reset>:
10001618:	f7fe bef0 	b.w	100003fc <spin_locks_reset>

1000161c <runtime_init_install_ram_vector_table>:
1000161c:	b538      	push	{r3, r4, r5, lr}
1000161e:	4913      	ldr	r1, [pc, #76]	@ (1000166c <runtime_init_install_ram_vector_table+0x50>)
10001620:	4c13      	ldr	r4, [pc, #76]	@ (10001670 <runtime_init_install_ram_vector_table+0x54>)
10001622:	4d14      	ldr	r5, [pc, #80]	@ (10001674 <runtime_init_install_ram_vector_table+0x58>)
10001624:	1a64      	subs	r4, r4, r1
10001626:	08a4      	lsrs	r4, r4, #2
10001628:	2c44      	cmp	r4, #68	@ 0x44
1000162a:	4622      	mov	r2, r4
1000162c:	bf28      	it	cs
1000162e:	2244      	movcs	r2, #68	@ 0x44
10001630:	4628      	mov	r0, r5
10001632:	0092      	lsls	r2, r2, #2
10001634:	f002 fc04 	bl	10003e40 <memcpy>
10001638:	2c43      	cmp	r4, #67	@ 0x43
1000163a:	d814      	bhi.n	10001666 <runtime_init_install_ram_vector_table+0x4a>
1000163c:	4a0e      	ldr	r2, [pc, #56]	@ (10001678 <runtime_init_install_ram_vector_table+0x5c>)
1000163e:	f1c4 0044 	rsb	r0, r4, #68	@ 0x44
10001642:	d00e      	beq.n	10001662 <runtime_init_install_ram_vector_table+0x46>
10001644:	eb05 0384 	add.w	r3, r5, r4, lsl #2
10001648:	0841      	lsrs	r1, r0, #1
1000164a:	eb03 01c1 	add.w	r1, r3, r1, lsl #3
1000164e:	e9c3 2200 	strd	r2, r2, [r3]
10001652:	3308      	adds	r3, #8
10001654:	4299      	cmp	r1, r3
10001656:	d1fa      	bne.n	1000164e <runtime_init_install_ram_vector_table+0x32>
10001658:	07c3      	lsls	r3, r0, #31
1000165a:	d504      	bpl.n	10001666 <runtime_init_install_ram_vector_table+0x4a>
1000165c:	f020 0001 	bic.w	r0, r0, #1
10001660:	4404      	add	r4, r0
10001662:	f845 2024 	str.w	r2, [r5, r4, lsl #2]
10001666:	4b05      	ldr	r3, [pc, #20]	@ (1000167c <runtime_init_install_ram_vector_table+0x60>)
10001668:	609d      	str	r5, [r3, #8]
1000166a:	bd38      	pop	{r3, r4, r5, pc}
1000166c:	10000000 	.word	0x10000000
10001670:	10000110 	.word	0x10000110
10001674:	20000000 	.word	0x20000000
10001678:	10000111 	.word	0x10000111
1000167c:	e000ed00 	.word	0xe000ed00

10001680 <runtime_init_clocks>:
10001680:	2300      	movs	r3, #0
10001682:	b570      	push	{r4, r5, r6, lr}
10001684:	4c2b      	ldr	r4, [pc, #172]	@ (10001734 <runtime_init_clocks+0xb4>)
10001686:	b082      	sub	sp, #8
10001688:	f8c4 3084 	str.w	r3, [r4, #132]	@ 0x84
1000168c:	f7ff ff3a 	bl	10001504 <xosc_init>
10001690:	2201      	movs	r2, #1
10001692:	4b29      	ldr	r3, [pc, #164]	@ (10001738 <runtime_init_clocks+0xb8>)
10001694:	63da      	str	r2, [r3, #60]	@ 0x3c
10001696:	6c63      	ldr	r3, [r4, #68]	@ 0x44
10001698:	2b01      	cmp	r3, #1
1000169a:	d1fc      	bne.n	10001696 <runtime_init_clocks+0x16>
1000169c:	2103      	movs	r1, #3
1000169e:	4a26      	ldr	r2, [pc, #152]	@ (10001738 <runtime_init_clocks+0xb8>)
100016a0:	4b24      	ldr	r3, [pc, #144]	@ (10001734 <runtime_init_clocks+0xb4>)
100016a2:	6311      	str	r1, [r2, #48]	@ 0x30
100016a4:	6b9c      	ldr	r4, [r3, #56]	@ 0x38
100016a6:	2c01      	cmp	r4, #1
100016a8:	d1fc      	bne.n	100016a4 <runtime_init_clocks+0x24>
100016aa:	2602      	movs	r6, #2
100016ac:	2505      	movs	r5, #5
100016ae:	4621      	mov	r1, r4
100016b0:	2305      	movs	r3, #5
100016b2:	4a22      	ldr	r2, [pc, #136]	@ (1000173c <runtime_init_clocks+0xbc>)
100016b4:	4822      	ldr	r0, [pc, #136]	@ (10001740 <runtime_init_clocks+0xc0>)
100016b6:	9600      	str	r6, [sp, #0]
100016b8:	f7ff fe30 	bl	1000131c <pll_init>
100016bc:	4621      	mov	r1, r4
100016be:	462b      	mov	r3, r5
100016c0:	4a20      	ldr	r2, [pc, #128]	@ (10001744 <runtime_init_clocks+0xc4>)
100016c2:	4821      	ldr	r0, [pc, #132]	@ (10001748 <runtime_init_clocks+0xc8>)
100016c4:	9500      	str	r5, [sp, #0]
100016c6:	f7ff fe29 	bl	1000131c <pll_init>
100016ca:	2200      	movs	r2, #0
100016cc:	2004      	movs	r0, #4
100016ce:	4631      	mov	r1, r6
100016d0:	4b1e      	ldr	r3, [pc, #120]	@ (1000174c <runtime_init_clocks+0xcc>)
100016d2:	f7ff fdb5 	bl	10001240 <clock_configure_undivided>
100016d6:	4621      	mov	r1, r4
100016d8:	4628      	mov	r0, r5
100016da:	2200      	movs	r2, #0
100016dc:	4b1c      	ldr	r3, [pc, #112]	@ (10001750 <runtime_init_clocks+0xd0>)
100016de:	f7ff fdaf 	bl	10001240 <clock_configure_undivided>
100016e2:	2200      	movs	r2, #0
100016e4:	2008      	movs	r0, #8
100016e6:	4611      	mov	r1, r2
100016e8:	4b1a      	ldr	r3, [pc, #104]	@ (10001754 <runtime_init_clocks+0xd4>)
100016ea:	f7ff fda9 	bl	10001240 <clock_configure_undivided>
100016ee:	2200      	movs	r2, #0
100016f0:	2009      	movs	r0, #9
100016f2:	4611      	mov	r1, r2
100016f4:	4b17      	ldr	r3, [pc, #92]	@ (10001754 <runtime_init_clocks+0xd4>)
100016f6:	f7ff fda3 	bl	10001240 <clock_configure_undivided>
100016fa:	2200      	movs	r2, #0
100016fc:	2006      	movs	r0, #6
100016fe:	4611      	mov	r1, r2
10001700:	4b13      	ldr	r3, [pc, #76]	@ (10001750 <runtime_init_clocks+0xd0>)
10001702:	f7ff fd9d 	bl	10001240 <clock_configure_undivided>
10001706:	2200      	movs	r2, #0
10001708:	4b11      	ldr	r3, [pc, #68]	@ (10001750 <runtime_init_clocks+0xd0>)
1000170a:	2007      	movs	r0, #7
1000170c:	4611      	mov	r1, r2
1000170e:	f7ff fd97 	bl	10001240 <clock_configure_undivided>
10001712:	2004      	movs	r0, #4
10001714:	f7ff fdfc 	bl	10001310 <clock_get_hz>
10001718:	2400      	movs	r4, #0
1000171a:	4b0f      	ldr	r3, [pc, #60]	@ (10001758 <runtime_init_clocks+0xd8>)
1000171c:	fba3 3500 	umull	r3, r5, r3, r0
10001720:	0cad      	lsrs	r5, r5, #18
10001722:	b2e0      	uxtb	r0, r4
10001724:	4629      	mov	r1, r5
10001726:	3401      	adds	r4, #1
10001728:	f7ff fe8a 	bl	10001440 <tick_start>
1000172c:	2c06      	cmp	r4, #6
1000172e:	d1f8      	bne.n	10001722 <runtime_init_clocks+0xa2>
10001730:	b002      	add	sp, #8
10001732:	bd70      	pop	{r4, r5, r6, pc}
10001734:	40010000 	.word	0x40010000
10001738:	40013000 	.word	0x40013000
1000173c:	59682f00 	.word	0x59682f00
10001740:	40050000 	.word	0x40050000
10001744:	47868c00 	.word	0x47868c00
10001748:	40058000 	.word	0x40058000
1000174c:	00b71b00 	.word	0x00b71b00
10001750:	08f0d180 	.word	0x08f0d180
10001754:	02dc6c00 	.word	0x02dc6c00
10001758:	431bde83 	.word	0x431bde83

1000175c <_out_char>:
1000175c:	b900      	cbnz	r0, 10001760 <_out_char+0x4>
1000175e:	4770      	bx	lr
10001760:	f000 b964 	b.w	10001a2c <__wrap_putchar>

10001764 <weak_raw_vprintf>:
10001764:	b510      	push	{r4, lr}
10001766:	4b09      	ldr	r3, [pc, #36]	@ (1000178c <weak_raw_vprintf+0x28>)
10001768:	b084      	sub	sp, #16
1000176a:	681c      	ldr	r4, [r3, #0]
1000176c:	b14c      	cbz	r4, 10001782 <weak_raw_vprintf+0x1e>
1000176e:	4603      	mov	r3, r0
10001770:	9100      	str	r1, [sp, #0]
10001772:	f04f 32ff 	mov.w	r2, #4294967295	@ 0xffffffff
10001776:	a903      	add	r1, sp, #12
10001778:	4805      	ldr	r0, [pc, #20]	@ (10001790 <weak_raw_vprintf+0x2c>)
1000177a:	47a0      	blx	r4
1000177c:	2001      	movs	r0, #1
1000177e:	b004      	add	sp, #16
10001780:	bd10      	pop	{r4, pc}
10001782:	f000 f995 	bl	10001ab0 <__wrap_puts>
10001786:	4620      	mov	r0, r4
10001788:	b004      	add	sp, #16
1000178a:	bd10      	pop	{r4, pc}
1000178c:	200017c8 	.word	0x200017c8
10001790:	1000175d 	.word	0x1000175d

10001794 <_exit>:
10001794:	be00      	bkpt	0x0000
10001796:	e7fd      	b.n	10001794 <_exit>

10001798 <_fini>:
10001798:	4770      	bx	lr
1000179a:	bf00      	nop

1000179c <exit>:
1000179c:	b508      	push	{r3, lr}
1000179e:	f7ff fff9 	bl	10001794 <_exit>
100017a2:	bf00      	nop

100017a4 <runtime_init>:
100017a4:	b538      	push	{r3, r4, r5, lr}
100017a6:	4c06      	ldr	r4, [pc, #24]	@ (100017c0 <runtime_init+0x1c>)
100017a8:	4d06      	ldr	r5, [pc, #24]	@ (100017c4 <runtime_init+0x20>)
100017aa:	f7ff fecb 	bl	10001544 <runtime_run_initializers>
100017ae:	42ac      	cmp	r4, r5
100017b0:	d204      	bcs.n	100017bc <runtime_init+0x18>
100017b2:	f854 3b04 	ldr.w	r3, [r4], #4
100017b6:	4798      	blx	r3
100017b8:	42ac      	cmp	r4, r5
100017ba:	d3fa      	bcc.n	100017b2 <runtime_init+0xe>
100017bc:	bd38      	pop	{r3, r4, r5, pc}
100017be:	bf00      	nop
100017c0:	10004010 	.word	0x10004010
100017c4:	10004014 	.word	0x10004014

100017c8 <stdio_out_chars_no_crlf>:
100017c8:	6803      	ldr	r3, [r0, #0]
100017ca:	4608      	mov	r0, r1
100017cc:	4611      	mov	r1, r2
100017ce:	4718      	bx	r3

100017d0 <stdio_out_chars_crlf>:
100017d0:	7d43      	ldrb	r3, [r0, #21]
100017d2:	e92d 47f0 	stmdb	sp!, {r4, r5, r6, r7, r8, r9, sl, lr}
100017d6:	4681      	mov	r9, r0
100017d8:	460f      	mov	r7, r1
100017da:	4616      	mov	r6, r2
100017dc:	2b00      	cmp	r3, #0
100017de:	d043      	beq.n	10001868 <stdio_out_chars_crlf+0x98>
100017e0:	2a00      	cmp	r2, #0
100017e2:	dd3b      	ble.n	1000185c <stdio_out_chars_crlf+0x8c>
100017e4:	7d03      	ldrb	r3, [r0, #20]
100017e6:	2000      	movs	r0, #0
100017e8:	1e4d      	subs	r5, r1, #1
100017ea:	4601      	mov	r1, r0
100017ec:	f815 2f01 	ldrb.w	r2, [r5, #1]!
100017f0:	f8df 8084 	ldr.w	r8, [pc, #132]	@ 10001878 <stdio_out_chars_crlf+0xa8>
100017f4:	2a0a      	cmp	r2, #10
100017f6:	f101 0401 	add.w	r4, r1, #1
100017fa:	d00e      	beq.n	1000181a <stdio_out_chars_crlf+0x4a>
100017fc:	42a6      	cmp	r6, r4
100017fe:	d01c      	beq.n	1000183a <stdio_out_chars_crlf+0x6a>
10001800:	782b      	ldrb	r3, [r5, #0]
10001802:	4621      	mov	r1, r4
10001804:	f1a3 030d 	sub.w	r3, r3, #13
10001808:	fab3 f383 	clz	r3, r3
1000180c:	f815 2f01 	ldrb.w	r2, [r5, #1]!
10001810:	095b      	lsrs	r3, r3, #5
10001812:	2a0a      	cmp	r2, #10
10001814:	f101 0401 	add.w	r4, r1, #1
10001818:	d1f0      	bne.n	100017fc <stdio_out_chars_crlf+0x2c>
1000181a:	2b00      	cmp	r3, #0
1000181c:	d1ee      	bne.n	100017fc <stdio_out_chars_crlf+0x2c>
1000181e:	4281      	cmp	r1, r0
10001820:	eba1 0100 	sub.w	r1, r1, r0
10001824:	4438      	add	r0, r7
10001826:	dc1b      	bgt.n	10001860 <stdio_out_chars_crlf+0x90>
10001828:	2102      	movs	r1, #2
1000182a:	4640      	mov	r0, r8
1000182c:	f8d9 3000 	ldr.w	r3, [r9]
10001830:	4798      	blx	r3
10001832:	42a6      	cmp	r6, r4
10001834:	d008      	beq.n	10001848 <stdio_out_chars_crlf+0x78>
10001836:	4620      	mov	r0, r4
10001838:	e7e2      	b.n	10001800 <stdio_out_chars_crlf+0x30>
1000183a:	4286      	cmp	r6, r0
1000183c:	dd04      	ble.n	10001848 <stdio_out_chars_crlf+0x78>
1000183e:	1a31      	subs	r1, r6, r0
10001840:	f8d9 3000 	ldr.w	r3, [r9]
10001844:	4438      	add	r0, r7
10001846:	4798      	blx	r3
10001848:	4437      	add	r7, r6
1000184a:	f817 3c01 	ldrb.w	r3, [r7, #-1]
1000184e:	f1a3 030d 	sub.w	r3, r3, #13
10001852:	fab3 f383 	clz	r3, r3
10001856:	095b      	lsrs	r3, r3, #5
10001858:	f889 3014 	strb.w	r3, [r9, #20]
1000185c:	e8bd 87f0 	ldmia.w	sp!, {r4, r5, r6, r7, r8, r9, sl, pc}
10001860:	f8d9 3000 	ldr.w	r3, [r9]
10001864:	4798      	blx	r3
10001866:	e7df      	b.n	10001828 <stdio_out_chars_crlf+0x58>
10001868:	4638      	mov	r0, r7
1000186a:	f8d9 3000 	ldr.w	r3, [r9]
1000186e:	4611      	mov	r1, r2
10001870:	e8bd 47f0 	ldmia.w	sp!, {r4, r5, r6, r7, r8, r9, sl, lr}
10001874:	4718      	bx	r3
10001876:	bf00      	nop
10001878:	100041d0 	.word	0x100041d0

1000187c <stdio_put_string>:
1000187c:	e92d 47f0 	stmdb	sp!, {r4, r5, r6, r7, r8, r9, sl, lr}
10001880:	b082      	sub	sp, #8
10001882:	460d      	mov	r5, r1
10001884:	4692      	mov	sl, r2
10001886:	4699      	mov	r9, r3
10001888:	4607      	mov	r7, r0
1000188a:	f7ff fbb7 	bl	10000ffc <time_us_64>
1000188e:	f04f 36ff 	mov.w	r6, #4294967295	@ 0xffffffff
10001892:	f06f 4400 	mvn.w	r4, #2147483648	@ 0x80000000
10001896:	4a2f      	ldr	r2, [pc, #188]	@ (10001954 <stdio_put_string+0xd8>)
10001898:	1882      	adds	r2, r0, r2
1000189a:	f141 0300 	adc.w	r3, r1, #0
1000189e:	4296      	cmp	r6, r2
100018a0:	eb74 0103 	sbcs.w	r1, r4, r3
100018a4:	bf3c      	itt	cc
100018a6:	4632      	movcc	r2, r6
100018a8:	4623      	movcc	r3, r4
100018aa:	482b      	ldr	r0, [pc, #172]	@ (10001958 <stdio_put_string+0xdc>)
100018ac:	f002 fb74 	bl	10003f98 <__mutex_try_enter_block_until_veneer>
100018b0:	1c6b      	adds	r3, r5, #1
100018b2:	4680      	mov	r8, r0
100018b4:	d103      	bne.n	100018be <stdio_put_string+0x42>
100018b6:	4638      	mov	r0, r7
100018b8:	f002 fb38 	bl	10003f2c <strlen>
100018bc:	4605      	mov	r5, r0
100018be:	4b27      	ldr	r3, [pc, #156]	@ (1000195c <stdio_put_string+0xe0>)
100018c0:	4e27      	ldr	r6, [pc, #156]	@ (10001960 <stdio_put_string+0xe4>)
100018c2:	681c      	ldr	r4, [r3, #0]
100018c4:	4b27      	ldr	r3, [pc, #156]	@ (10001964 <stdio_put_string+0xe8>)
100018c6:	f1b9 0f00 	cmp.w	r9, #0
100018ca:	bf18      	it	ne
100018cc:	461e      	movne	r6, r3
100018ce:	b1b4      	cbz	r4, 100018fe <stdio_put_string+0x82>
100018d0:	f1ba 0f00 	cmp.w	sl, #0
100018d4:	d11a      	bne.n	1000190c <stdio_put_string+0x90>
100018d6:	f8df 9090 	ldr.w	r9, [pc, #144]	@ 10001968 <stdio_put_string+0xec>
100018da:	e001      	b.n	100018e0 <stdio_put_string+0x64>
100018dc:	6924      	ldr	r4, [r4, #16]
100018de:	b174      	cbz	r4, 100018fe <stdio_put_string+0x82>
100018e0:	6823      	ldr	r3, [r4, #0]
100018e2:	2b00      	cmp	r3, #0
100018e4:	d0fa      	beq.n	100018dc <stdio_put_string+0x60>
100018e6:	f8d9 3000 	ldr.w	r3, [r9]
100018ea:	b10b      	cbz	r3, 100018f0 <stdio_put_string+0x74>
100018ec:	429c      	cmp	r4, r3
100018ee:	d1f5      	bne.n	100018dc <stdio_put_string+0x60>
100018f0:	4620      	mov	r0, r4
100018f2:	462a      	mov	r2, r5
100018f4:	4639      	mov	r1, r7
100018f6:	47b0      	blx	r6
100018f8:	6924      	ldr	r4, [r4, #16]
100018fa:	2c00      	cmp	r4, #0
100018fc:	d1f0      	bne.n	100018e0 <stdio_put_string+0x64>
100018fe:	f1b8 0f00 	cmp.w	r8, #0
10001902:	d11f      	bne.n	10001944 <stdio_put_string+0xc8>
10001904:	4628      	mov	r0, r5
10001906:	b002      	add	sp, #8
10001908:	e8bd 87f0 	ldmia.w	sp!, {r4, r5, r6, r7, r8, r9, sl, pc}
1000190c:	f04f 0a0a 	mov.w	sl, #10
10001910:	f8df 9054 	ldr.w	r9, [pc, #84]	@ 10001968 <stdio_put_string+0xec>
10001914:	e002      	b.n	1000191c <stdio_put_string+0xa0>
10001916:	6924      	ldr	r4, [r4, #16]
10001918:	2c00      	cmp	r4, #0
1000191a:	d0f0      	beq.n	100018fe <stdio_put_string+0x82>
1000191c:	6823      	ldr	r3, [r4, #0]
1000191e:	2b00      	cmp	r3, #0
10001920:	d0f9      	beq.n	10001916 <stdio_put_string+0x9a>
10001922:	f8d9 3000 	ldr.w	r3, [r9]
10001926:	b10b      	cbz	r3, 1000192c <stdio_put_string+0xb0>
10001928:	42a3      	cmp	r3, r4
1000192a:	d1f4      	bne.n	10001916 <stdio_put_string+0x9a>
1000192c:	462a      	mov	r2, r5
1000192e:	4639      	mov	r1, r7
10001930:	4620      	mov	r0, r4
10001932:	47b0      	blx	r6
10001934:	2201      	movs	r2, #1
10001936:	4620      	mov	r0, r4
10001938:	f10d 0107 	add.w	r1, sp, #7
1000193c:	f88d a007 	strb.w	sl, [sp, #7]
10001940:	47b0      	blx	r6
10001942:	e7e8      	b.n	10001916 <stdio_put_string+0x9a>
10001944:	4804      	ldr	r0, [pc, #16]	@ (10001958 <stdio_put_string+0xdc>)
10001946:	f002 fb3f 	bl	10003fc8 <__mutex_exit_veneer>
1000194a:	4628      	mov	r0, r5
1000194c:	b002      	add	sp, #8
1000194e:	e8bd 87f0 	ldmia.w	sp!, {r4, r5, r6, r7, r8, r9, sl, pc}
10001952:	bf00      	nop
10001954:	000f4240 	.word	0x000f4240
10001958:	20000edc 	.word	0x20000edc
1000195c:	200013bc 	.word	0x200013bc
10001960:	100017c9 	.word	0x100017c9
10001964:	100017d1 	.word	0x100017d1
10001968:	200013c4 	.word	0x200013c4

1000196c <stdio_set_driver_enabled>:
1000196c:	4a0a      	ldr	r2, [pc, #40]	@ (10001998 <stdio_set_driver_enabled+0x2c>)
1000196e:	6813      	ldr	r3, [r2, #0]
10001970:	b14b      	cbz	r3, 10001986 <stdio_set_driver_enabled+0x1a>
10001972:	4283      	cmp	r3, r0
10001974:	d102      	bne.n	1000197c <stdio_set_driver_enabled+0x10>
10001976:	e009      	b.n	1000198c <stdio_set_driver_enabled+0x20>
10001978:	4298      	cmp	r0, r3
1000197a:	d007      	beq.n	1000198c <stdio_set_driver_enabled+0x20>
1000197c:	f103 0210 	add.w	r2, r3, #16
10001980:	691b      	ldr	r3, [r3, #16]
10001982:	2b00      	cmp	r3, #0
10001984:	d1f8      	bne.n	10001978 <stdio_set_driver_enabled+0xc>
10001986:	b101      	cbz	r1, 1000198a <stdio_set_driver_enabled+0x1e>
10001988:	6010      	str	r0, [r2, #0]
1000198a:	4770      	bx	lr
1000198c:	2900      	cmp	r1, #0
1000198e:	d1fc      	bne.n	1000198a <stdio_set_driver_enabled+0x1e>
10001990:	6903      	ldr	r3, [r0, #16]
10001992:	6013      	str	r3, [r2, #0]
10001994:	6101      	str	r1, [r0, #16]
10001996:	4770      	bx	lr
10001998:	200013bc 	.word	0x200013bc

1000199c <stdio_init_all>:
1000199c:	f000 ba42 	b.w	10001e24 <stdio_usb_init>

100019a0 <stdio_getchar_timeout_us>:
100019a0:	e92d 41f0 	stmdb	sp!, {r4, r5, r6, r7, r8, lr}
100019a4:	b082      	sub	sp, #8
100019a6:	4606      	mov	r6, r0
100019a8:	f7ff fb28 	bl	10000ffc <time_us_64>
100019ac:	f04f 32ff 	mov.w	r2, #4294967295	@ 0xffffffff
100019b0:	f06f 4300 	mvn.w	r3, #2147483648	@ 0x80000000
100019b4:	1836      	adds	r6, r6, r0
100019b6:	f141 0700 	adc.w	r7, r1, #0
100019ba:	42b2      	cmp	r2, r6
100019bc:	eb73 0107 	sbcs.w	r1, r3, r7
100019c0:	bf3c      	itt	cc
100019c2:	4616      	movcc	r6, r2
100019c4:	461f      	movcc	r7, r3
100019c6:	f8df 8060 	ldr.w	r8, [pc, #96]	@ 10001a28 <stdio_getchar_timeout_us+0x88>
100019ca:	4d15      	ldr	r5, [pc, #84]	@ (10001a20 <stdio_getchar_timeout_us+0x80>)
100019cc:	f8d8 4000 	ldr.w	r4, [r8]
100019d0:	b914      	cbnz	r4, 100019d8 <stdio_getchar_timeout_us+0x38>
100019d2:	e012      	b.n	100019fa <stdio_getchar_timeout_us+0x5a>
100019d4:	6924      	ldr	r4, [r4, #16]
100019d6:	b184      	cbz	r4, 100019fa <stdio_getchar_timeout_us+0x5a>
100019d8:	682b      	ldr	r3, [r5, #0]
100019da:	b10b      	cbz	r3, 100019e0 <stdio_getchar_timeout_us+0x40>
100019dc:	429c      	cmp	r4, r3
100019de:	d1f9      	bne.n	100019d4 <stdio_getchar_timeout_us+0x34>
100019e0:	68a3      	ldr	r3, [r4, #8]
100019e2:	2b00      	cmp	r3, #0
100019e4:	d0f6      	beq.n	100019d4 <stdio_getchar_timeout_us+0x34>
100019e6:	2101      	movs	r1, #1
100019e8:	a801      	add	r0, sp, #4
100019ea:	4798      	blx	r3
100019ec:	2800      	cmp	r0, #0
100019ee:	ddf1      	ble.n	100019d4 <stdio_getchar_timeout_us+0x34>
100019f0:	f89d 0004 	ldrb.w	r0, [sp, #4]
100019f4:	b002      	add	sp, #8
100019f6:	e8bd 81f0 	ldmia.w	sp!, {r4, r5, r6, r7, r8, pc}
100019fa:	4b0a      	ldr	r3, [pc, #40]	@ (10001a24 <stdio_getchar_timeout_us+0x84>)
100019fc:	6a5a      	ldr	r2, [r3, #36]	@ 0x24
100019fe:	4297      	cmp	r7, r2
10001a00:	d809      	bhi.n	10001a16 <stdio_getchar_timeout_us+0x76>
10001a02:	6a9b      	ldr	r3, [r3, #40]	@ 0x28
10001a04:	42b3      	cmp	r3, r6
10001a06:	d304      	bcc.n	10001a12 <stdio_getchar_timeout_us+0x72>
10001a08:	f06f 0001 	mvn.w	r0, #1
10001a0c:	b002      	add	sp, #8
10001a0e:	e8bd 81f0 	ldmia.w	sp!, {r4, r5, r6, r7, r8, pc}
10001a12:	4297      	cmp	r7, r2
10001a14:	d1f8      	bne.n	10001a08 <stdio_getchar_timeout_us+0x68>
10001a16:	2001      	movs	r0, #1
10001a18:	2100      	movs	r1, #0
10001a1a:	f7ff faf9 	bl	10001010 <busy_wait_us>
10001a1e:	e7d5      	b.n	100019cc <stdio_getchar_timeout_us+0x2c>
10001a20:	200013c4 	.word	0x200013c4
10001a24:	400b0000 	.word	0x400b0000
10001a28:	200013bc 	.word	0x200013bc

10001a2c <__wrap_putchar>:
10001a2c:	b5f0      	push	{r4, r5, r6, r7, lr}
10001a2e:	b083      	sub	sp, #12
10001a30:	4606      	mov	r6, r0
10001a32:	f88d 0007 	strb.w	r0, [sp, #7]
10001a36:	f7ff fae1 	bl	10000ffc <time_us_64>
10001a3a:	f04f 35ff 	mov.w	r5, #4294967295	@ 0xffffffff
10001a3e:	f06f 4400 	mvn.w	r4, #2147483648	@ 0x80000000
10001a42:	4a17      	ldr	r2, [pc, #92]	@ (10001aa0 <__wrap_putchar+0x74>)
10001a44:	1882      	adds	r2, r0, r2
10001a46:	f141 0300 	adc.w	r3, r1, #0
10001a4a:	4295      	cmp	r5, r2
10001a4c:	eb74 0103 	sbcs.w	r1, r4, r3
10001a50:	bf3c      	itt	cc
10001a52:	4623      	movcc	r3, r4
10001a54:	462a      	movcc	r2, r5
10001a56:	4813      	ldr	r0, [pc, #76]	@ (10001aa4 <__wrap_putchar+0x78>)
10001a58:	f002 fa9e 	bl	10003f98 <__mutex_try_enter_block_until_veneer>
10001a5c:	4b12      	ldr	r3, [pc, #72]	@ (10001aa8 <__wrap_putchar+0x7c>)
10001a5e:	4607      	mov	r7, r0
10001a60:	681c      	ldr	r4, [r3, #0]
10001a62:	b19c      	cbz	r4, 10001a8c <__wrap_putchar+0x60>
10001a64:	4d11      	ldr	r5, [pc, #68]	@ (10001aac <__wrap_putchar+0x80>)
10001a66:	e001      	b.n	10001a6c <__wrap_putchar+0x40>
10001a68:	6924      	ldr	r4, [r4, #16]
10001a6a:	b17c      	cbz	r4, 10001a8c <__wrap_putchar+0x60>
10001a6c:	6823      	ldr	r3, [r4, #0]
10001a6e:	2b00      	cmp	r3, #0
10001a70:	d0fa      	beq.n	10001a68 <__wrap_putchar+0x3c>
10001a72:	682b      	ldr	r3, [r5, #0]
10001a74:	b10b      	cbz	r3, 10001a7a <__wrap_putchar+0x4e>
10001a76:	429c      	cmp	r4, r3
10001a78:	d1f6      	bne.n	10001a68 <__wrap_putchar+0x3c>
10001a7a:	4620      	mov	r0, r4
10001a7c:	2201      	movs	r2, #1
10001a7e:	f10d 0107 	add.w	r1, sp, #7
10001a82:	f7ff fea5 	bl	100017d0 <stdio_out_chars_crlf>
10001a86:	6924      	ldr	r4, [r4, #16]
10001a88:	2c00      	cmp	r4, #0
10001a8a:	d1ef      	bne.n	10001a6c <__wrap_putchar+0x40>
10001a8c:	b917      	cbnz	r7, 10001a94 <__wrap_putchar+0x68>
10001a8e:	4630      	mov	r0, r6
10001a90:	b003      	add	sp, #12
10001a92:	bdf0      	pop	{r4, r5, r6, r7, pc}
10001a94:	4803      	ldr	r0, [pc, #12]	@ (10001aa4 <__wrap_putchar+0x78>)
10001a96:	f002 fa97 	bl	10003fc8 <__mutex_exit_veneer>
10001a9a:	4630      	mov	r0, r6
10001a9c:	b003      	add	sp, #12
10001a9e:	bdf0      	pop	{r4, r5, r6, r7, pc}
10001aa0:	000f4240 	.word	0x000f4240
10001aa4:	20000edc 	.word	0x20000edc
10001aa8:	200013bc 	.word	0x200013bc
10001aac:	200013c4 	.word	0x200013c4

10001ab0 <__wrap_puts>:
10001ab0:	b538      	push	{r3, r4, r5, lr}
10001ab2:	4604      	mov	r4, r0
10001ab4:	f002 fa3a 	bl	10003f2c <strlen>
10001ab8:	2301      	movs	r3, #1
10001aba:	4605      	mov	r5, r0
10001abc:	461a      	mov	r2, r3
10001abe:	4620      	mov	r0, r4
10001ac0:	4629      	mov	r1, r5
10001ac2:	f7ff fedb 	bl	1000187c <stdio_put_string>
10001ac6:	4b08      	ldr	r3, [pc, #32]	@ (10001ae8 <__wrap_puts+0x38>)
10001ac8:	681c      	ldr	r4, [r3, #0]
10001aca:	b12c      	cbz	r4, 10001ad8 <__wrap_puts+0x28>
10001acc:	6863      	ldr	r3, [r4, #4]
10001ace:	b12b      	cbz	r3, 10001adc <__wrap_puts+0x2c>
10001ad0:	4798      	blx	r3
10001ad2:	6924      	ldr	r4, [r4, #16]
10001ad4:	2c00      	cmp	r4, #0
10001ad6:	d1f9      	bne.n	10001acc <__wrap_puts+0x1c>
10001ad8:	4628      	mov	r0, r5
10001ada:	bd38      	pop	{r3, r4, r5, pc}
10001adc:	6924      	ldr	r4, [r4, #16]
10001ade:	2c00      	cmp	r4, #0
10001ae0:	d1f4      	bne.n	10001acc <__wrap_puts+0x1c>
10001ae2:	4628      	mov	r0, r5
10001ae4:	bd38      	pop	{r3, r4, r5, pc}
10001ae6:	bf00      	nop
10001ae8:	200013bc 	.word	0x200013bc

10001aec <stdio_usb_set_chars_available_callback>:
10001aec:	4a02      	ldr	r2, [pc, #8]	@ (10001af8 <stdio_usb_set_chars_available_callback+0xc>)
10001aee:	4b03      	ldr	r3, [pc, #12]	@ (10001afc <stdio_usb_set_chars_available_callback+0x10>)
10001af0:	6010      	str	r0, [r2, #0]
10001af2:	6019      	str	r1, [r3, #0]
10001af4:	4770      	bx	lr
10001af6:	bf00      	nop
10001af8:	2000135c 	.word	0x2000135c
10001afc:	20001360 	.word	0x20001360

10001b00 <timer_task>:
10001b00:	4b18      	ldr	r3, [pc, #96]	@ (10001b64 <timer_task+0x64>)
10001b02:	b570      	push	{r4, r5, r6, lr}
10001b04:	681a      	ldr	r2, [r3, #0]
10001b06:	2a00      	cmp	r2, #0
10001b08:	d028      	beq.n	10001b5c <timer_task+0x5c>
10001b0a:	f3ef 8110 	mrs	r1, PRIMASK
10001b0e:	b672      	cpsid	i
10001b10:	e8d2 4fcf 	ldaexb	r4, [r2]
10001b14:	2001      	movs	r0, #1
10001b16:	2c00      	cmp	r4, #0
10001b18:	d1fa      	bne.n	10001b10 <timer_task+0x10>
10001b1a:	e8c2 0f44 	strexb	r4, r0, [r2]
10001b1e:	2c00      	cmp	r4, #0
10001b20:	d1f6      	bne.n	10001b10 <timer_task+0x10>
10001b22:	f3bf 8f5f 	dmb	sy
10001b26:	2200      	movs	r2, #0
10001b28:	4c0f      	ldr	r4, [pc, #60]	@ (10001b68 <timer_task+0x68>)
10001b2a:	6818      	ldr	r0, [r3, #0]
10001b2c:	6059      	str	r1, [r3, #4]
10001b2e:	7022      	strb	r2, [r4, #0]
10001b30:	e8c0 2f8f 	stlb	r2, [r0]
10001b34:	f381 8810 	msr	PRIMASK, r1
10001b38:	2400      	movs	r4, #0
10001b3a:	2500      	movs	r5, #0
10001b3c:	4e0b      	ldr	r6, [pc, #44]	@ (10001b6c <timer_task+0x6c>)
10001b3e:	7830      	ldrb	r0, [r6, #0]
10001b40:	f7fe fc9e 	bl	10000480 <irq_is_enabled>
10001b44:	b920      	cbnz	r0, 10001b50 <timer_task+0x50>
10001b46:	2400      	movs	r4, #0
10001b48:	2500      	movs	r5, #0
10001b4a:	4620      	mov	r0, r4
10001b4c:	4629      	mov	r1, r5
10001b4e:	bd70      	pop	{r4, r5, r6, pc}
10001b50:	7830      	ldrb	r0, [r6, #0]
10001b52:	f7fe fca5 	bl	100004a0 <irq_set_pending>
10001b56:	4620      	mov	r0, r4
10001b58:	4629      	mov	r1, r5
10001b5a:	bd70      	pop	{r4, r5, r6, pc}
10001b5c:	f44f 747a 	mov.w	r4, #1000	@ 0x3e8
10001b60:	2500      	movs	r5, #0
10001b62:	e7eb      	b.n	10001b3c <timer_task+0x3c>
10001b64:	200017d4 	.word	0x200017d4
10001b68:	20001828 	.word	0x20001828
10001b6c:	20001827 	.word	0x20001827

10001b70 <usb_irq>:
10001b70:	4b01      	ldr	r3, [pc, #4]	@ (10001b78 <usb_irq+0x8>)
10001b72:	7818      	ldrb	r0, [r3, #0]
10001b74:	f7fe bc94 	b.w	100004a0 <irq_set_pending>
10001b78:	20001827 	.word	0x20001827

10001b7c <stdio_usb_in_chars>:
10001b7c:	b538      	push	{r3, r4, r5, lr}
10001b7e:	4604      	mov	r4, r0
10001b80:	2000      	movs	r0, #0
10001b82:	460d      	mov	r5, r1
10001b84:	f001 fb62 	bl	1000324c <tud_cdc_n_connected>
10001b88:	b3a8      	cbz	r0, 10001bf6 <stdio_usb_in_chars+0x7a>
10001b8a:	2000      	movs	r0, #0
10001b8c:	f001 fb74 	bl	10003278 <tud_cdc_n_available>
10001b90:	b388      	cbz	r0, 10001bf6 <stdio_usb_in_chars+0x7a>
10001b92:	f7ff fa33 	bl	10000ffc <time_us_64>
10001b96:	f04f 3eff 	mov.w	lr, #4294967295	@ 0xffffffff
10001b9a:	f06f 4c00 	mvn.w	ip, #2147483648	@ 0x80000000
10001b9e:	4a17      	ldr	r2, [pc, #92]	@ (10001bfc <stdio_usb_in_chars+0x80>)
10001ba0:	1882      	adds	r2, r0, r2
10001ba2:	f141 0300 	adc.w	r3, r1, #0
10001ba6:	4596      	cmp	lr, r2
10001ba8:	eb7c 0103 	sbcs.w	r1, ip, r3
10001bac:	bf3c      	itt	cc
10001bae:	4672      	movcc	r2, lr
10001bb0:	4663      	movcc	r3, ip
10001bb2:	4813      	ldr	r0, [pc, #76]	@ (10001c00 <stdio_usb_in_chars+0x84>)
10001bb4:	f002 f9f0 	bl	10003f98 <__mutex_try_enter_block_until_veneer>
10001bb8:	b1e8      	cbz	r0, 10001bf6 <stdio_usb_in_chars+0x7a>
10001bba:	2000      	movs	r0, #0
10001bbc:	f001 fb46 	bl	1000324c <tud_cdc_n_connected>
10001bc0:	b958      	cbnz	r0, 10001bda <stdio_usb_in_chars+0x5e>
10001bc2:	2100      	movs	r1, #0
10001bc4:	f04f 30ff 	mov.w	r0, #4294967295	@ 0xffffffff
10001bc8:	f000 fd7e 	bl	100026c8 <tud_task_ext>
10001bcc:	f06f 0402 	mvn.w	r4, #2
10001bd0:	480b      	ldr	r0, [pc, #44]	@ (10001c00 <stdio_usb_in_chars+0x84>)
10001bd2:	f002 f9f9 	bl	10003fc8 <__mutex_exit_veneer>
10001bd6:	4620      	mov	r0, r4
10001bd8:	bd38      	pop	{r3, r4, r5, pc}
10001bda:	2000      	movs	r0, #0
10001bdc:	f001 fb4c 	bl	10003278 <tud_cdc_n_available>
10001be0:	2800      	cmp	r0, #0
10001be2:	d0ee      	beq.n	10001bc2 <stdio_usb_in_chars+0x46>
10001be4:	4621      	mov	r1, r4
10001be6:	462a      	mov	r2, r5
10001be8:	2000      	movs	r0, #0
10001bea:	f001 fb51 	bl	10003290 <tud_cdc_n_read>
10001bee:	4604      	mov	r4, r0
10001bf0:	2800      	cmp	r0, #0
10001bf2:	d1ed      	bne.n	10001bd0 <stdio_usb_in_chars+0x54>
10001bf4:	e7ea      	b.n	10001bcc <stdio_usb_in_chars+0x50>
10001bf6:	f06f 0402 	mvn.w	r4, #2
10001bfa:	e7ec      	b.n	10001bd6 <stdio_usb_in_chars+0x5a>
10001bfc:	000f4240 	.word	0x000f4240
10001c00:	20001804 	.word	0x20001804

10001c04 <stdio_usb_out_flush>:
10001c04:	b508      	push	{r3, lr}
10001c06:	f7ff f9f9 	bl	10000ffc <time_us_64>
10001c0a:	f04f 3eff 	mov.w	lr, #4294967295	@ 0xffffffff
10001c0e:	f06f 4c00 	mvn.w	ip, #2147483648	@ 0x80000000
10001c12:	4a0f      	ldr	r2, [pc, #60]	@ (10001c50 <stdio_usb_out_flush+0x4c>)
10001c14:	1882      	adds	r2, r0, r2
10001c16:	f141 0300 	adc.w	r3, r1, #0
10001c1a:	4596      	cmp	lr, r2
10001c1c:	eb7c 0103 	sbcs.w	r1, ip, r3
10001c20:	bf3c      	itt	cc
10001c22:	4672      	movcc	r2, lr
10001c24:	4663      	movcc	r3, ip
10001c26:	480b      	ldr	r0, [pc, #44]	@ (10001c54 <stdio_usb_out_flush+0x50>)
10001c28:	f002 f9b6 	bl	10003f98 <__mutex_try_enter_block_until_veneer>
10001c2c:	b170      	cbz	r0, 10001c4c <stdio_usb_out_flush+0x48>
10001c2e:	f04f 30ff 	mov.w	r0, #4294967295	@ 0xffffffff
10001c32:	2100      	movs	r1, #0
10001c34:	f000 fd48 	bl	100026c8 <tud_task_ext>
10001c38:	2000      	movs	r0, #0
10001c3a:	f001 fb6f 	bl	1000331c <tud_cdc_n_write_flush>
10001c3e:	2800      	cmp	r0, #0
10001c40:	d1f5      	bne.n	10001c2e <stdio_usb_out_flush+0x2a>
10001c42:	e8bd 4008 	ldmia.w	sp!, {r3, lr}
10001c46:	4803      	ldr	r0, [pc, #12]	@ (10001c54 <stdio_usb_out_flush+0x50>)
10001c48:	f002 b9be 	b.w	10003fc8 <__mutex_exit_veneer>
10001c4c:	bd08      	pop	{r3, pc}
10001c4e:	bf00      	nop
10001c50:	000f4240 	.word	0x000f4240
10001c54:	20001804 	.word	0x20001804

10001c58 <stdio_usb_out_chars>:
10001c58:	e92d 43f8 	stmdb	sp!, {r3, r4, r5, r6, r7, r8, r9, lr}
10001c5c:	4607      	mov	r7, r0
10001c5e:	460e      	mov	r6, r1
10001c60:	f7ff f9cc 	bl	10000ffc <time_us_64>
10001c64:	f04f 35ff 	mov.w	r5, #4294967295	@ 0xffffffff
10001c68:	f06f 4400 	mvn.w	r4, #2147483648	@ 0x80000000
10001c6c:	4a33      	ldr	r2, [pc, #204]	@ (10001d3c <stdio_usb_out_chars+0xe4>)
10001c6e:	1882      	adds	r2, r0, r2
10001c70:	f141 0300 	adc.w	r3, r1, #0
10001c74:	4295      	cmp	r5, r2
10001c76:	eb74 0103 	sbcs.w	r1, r4, r3
10001c7a:	bf3c      	itt	cc
10001c7c:	462a      	movcc	r2, r5
10001c7e:	4623      	movcc	r3, r4
10001c80:	482f      	ldr	r0, [pc, #188]	@ (10001d40 <stdio_usb_out_chars+0xe8>)
10001c82:	f002 f989 	bl	10003f98 <__mutex_try_enter_block_until_veneer>
10001c86:	b908      	cbnz	r0, 10001c8c <stdio_usb_out_chars+0x34>
10001c88:	e8bd 83f8 	ldmia.w	sp!, {r3, r4, r5, r6, r7, r8, r9, pc}
10001c8c:	2000      	movs	r0, #0
10001c8e:	f001 fadd 	bl	1000324c <tud_cdc_n_connected>
10001c92:	2800      	cmp	r0, #0
10001c94:	d048      	beq.n	10001d28 <stdio_usb_out_chars+0xd0>
10001c96:	2e00      	cmp	r6, #0
10001c98:	dd41      	ble.n	10001d1e <stdio_usb_out_chars+0xc6>
10001c9a:	2500      	movs	r5, #0
10001c9c:	f8df 80a4 	ldr.w	r8, [pc, #164]	@ 10001d44 <stdio_usb_out_chars+0xec>
10001ca0:	f8df 90a4 	ldr.w	r9, [pc, #164]	@ 10001d48 <stdio_usb_out_chars+0xf0>
10001ca4:	e013      	b.n	10001cce <stdio_usb_out_chars+0x76>
10001ca6:	4622      	mov	r2, r4
10001ca8:	2000      	movs	r0, #0
10001caa:	f001 fb7d 	bl	100033a8 <tud_cdc_n_write>
10001cae:	2100      	movs	r1, #0
10001cb0:	4604      	mov	r4, r0
10001cb2:	f04f 30ff 	mov.w	r0, #4294967295	@ 0xffffffff
10001cb6:	f000 fd07 	bl	100026c8 <tud_task_ext>
10001cba:	2000      	movs	r0, #0
10001cbc:	f001 fb2e 	bl	1000331c <tud_cdc_n_write_flush>
10001cc0:	f7ff f99c 	bl	10000ffc <time_us_64>
10001cc4:	e9c8 0100 	strd	r0, r1, [r8]
10001cc8:	4425      	add	r5, r4
10001cca:	42ae      	cmp	r6, r5
10001ccc:	dd27      	ble.n	10001d1e <stdio_usb_out_chars+0xc6>
10001cce:	2000      	movs	r0, #0
10001cd0:	f001 fb8c 	bl	100033ec <tud_cdc_n_write_available>
10001cd4:	1b74      	subs	r4, r6, r5
10001cd6:	4284      	cmp	r4, r0
10001cd8:	bfa8      	it	ge
10001cda:	4604      	movge	r4, r0
10001cdc:	1979      	adds	r1, r7, r5
10001cde:	2c00      	cmp	r4, #0
10001ce0:	d1e1      	bne.n	10001ca6 <stdio_usb_out_chars+0x4e>
10001ce2:	4621      	mov	r1, r4
10001ce4:	f04f 30ff 	mov.w	r0, #4294967295	@ 0xffffffff
10001ce8:	f000 fcee 	bl	100026c8 <tud_task_ext>
10001cec:	4620      	mov	r0, r4
10001cee:	f001 fb15 	bl	1000331c <tud_cdc_n_write_flush>
10001cf2:	4620      	mov	r0, r4
10001cf4:	f001 faaa 	bl	1000324c <tud_cdc_n_connected>
10001cf8:	b188      	cbz	r0, 10001d1e <stdio_usb_out_chars+0xc6>
10001cfa:	4620      	mov	r0, r4
10001cfc:	f001 fb76 	bl	100033ec <tud_cdc_n_write_available>
10001d00:	2800      	cmp	r0, #0
10001d02:	d1e2      	bne.n	10001cca <stdio_usb_out_chars+0x72>
10001d04:	f7ff f97a 	bl	10000ffc <time_us_64>
10001d08:	f8d8 3000 	ldr.w	r3, [r8]
10001d0c:	f8d8 2004 	ldr.w	r2, [r8, #4]
10001d10:	eb13 0309 	adds.w	r3, r3, r9
10001d14:	f142 0200 	adc.w	r2, r2, #0
10001d18:	4283      	cmp	r3, r0
10001d1a:	418a      	sbcs	r2, r1
10001d1c:	d2d5      	bcs.n	10001cca <stdio_usb_out_chars+0x72>
10001d1e:	4808      	ldr	r0, [pc, #32]	@ (10001d40 <stdio_usb_out_chars+0xe8>)
10001d20:	e8bd 43f8 	ldmia.w	sp!, {r3, r4, r5, r6, r7, r8, r9, lr}
10001d24:	f002 b950 	b.w	10003fc8 <__mutex_exit_veneer>
10001d28:	2000      	movs	r0, #0
10001d2a:	2100      	movs	r1, #0
10001d2c:	4b05      	ldr	r3, [pc, #20]	@ (10001d44 <stdio_usb_out_chars+0xec>)
10001d2e:	e9c3 0100 	strd	r0, r1, [r3]
10001d32:	e8bd 43f8 	ldmia.w	sp!, {r3, r4, r5, r6, r7, r8, r9, lr}
10001d36:	4802      	ldr	r0, [pc, #8]	@ (10001d40 <stdio_usb_out_chars+0xe8>)
10001d38:	f002 b946 	b.w	10003fc8 <__mutex_exit_veneer>
10001d3c:	000f4240 	.word	0x000f4240
10001d40:	20001804 	.word	0x20001804
10001d44:	20001130 	.word	0x20001130
10001d48:	0007a120 	.word	0x0007a120

10001d4c <low_priority_worker_irq>:
10001d4c:	b530      	push	{r4, r5, lr}
10001d4e:	2100      	movs	r1, #0
10001d50:	b085      	sub	sp, #20
10001d52:	482e      	ldr	r0, [pc, #184]	@ (10001e0c <low_priority_worker_irq+0xc0>)
10001d54:	f002 f928 	bl	10003fa8 <__mutex_try_enter_veneer>
10001d58:	b9f0      	cbnz	r0, 10001d98 <low_priority_worker_irq+0x4c>
10001d5a:	4b2d      	ldr	r3, [pc, #180]	@ (10001e10 <low_priority_worker_irq+0xc4>)
10001d5c:	681a      	ldr	r2, [r3, #0]
10001d5e:	b1ca      	cbz	r2, 10001d94 <low_priority_worker_irq+0x48>
10001d60:	f3ef 8110 	mrs	r1, PRIMASK
10001d64:	b672      	cpsid	i
10001d66:	e8d2 5fcf 	ldaexb	r5, [r2]
10001d6a:	2401      	movs	r4, #1
10001d6c:	2d00      	cmp	r5, #0
10001d6e:	d1fa      	bne.n	10001d66 <low_priority_worker_irq+0x1a>
10001d70:	e8c2 4f45 	strexb	r5, r4, [r2]
10001d74:	2d00      	cmp	r5, #0
10001d76:	d1f6      	bne.n	10001d66 <low_priority_worker_irq+0x1a>
10001d78:	f3bf 8f5f 	dmb	sy
10001d7c:	4c25      	ldr	r4, [pc, #148]	@ (10001e14 <low_priority_worker_irq+0xc8>)
10001d7e:	681d      	ldr	r5, [r3, #0]
10001d80:	7822      	ldrb	r2, [r4, #0]
10001d82:	6059      	str	r1, [r3, #4]
10001d84:	b2d3      	uxtb	r3, r2
10001d86:	2201      	movs	r2, #1
10001d88:	7022      	strb	r2, [r4, #0]
10001d8a:	e8c5 0f8f 	stlb	r0, [r5]
10001d8e:	f381 8810 	msr	PRIMASK, r1
10001d92:	b1cb      	cbz	r3, 10001dc8 <low_priority_worker_irq+0x7c>
10001d94:	b005      	add	sp, #20
10001d96:	bd30      	pop	{r4, r5, pc}
10001d98:	2100      	movs	r1, #0
10001d9a:	f04f 30ff 	mov.w	r0, #4294967295	@ 0xffffffff
10001d9e:	f000 fc93 	bl	100026c8 <tud_task_ext>
10001da2:	2000      	movs	r0, #0
10001da4:	f001 fa68 	bl	10003278 <tud_cdc_n_available>
10001da8:	4604      	mov	r4, r0
10001daa:	4818      	ldr	r0, [pc, #96]	@ (10001e0c <low_priority_worker_irq+0xc0>)
10001dac:	f002 f90c 	bl	10003fc8 <__mutex_exit_veneer>
10001db0:	2c00      	cmp	r4, #0
10001db2:	d0ef      	beq.n	10001d94 <low_priority_worker_irq+0x48>
10001db4:	4b18      	ldr	r3, [pc, #96]	@ (10001e18 <low_priority_worker_irq+0xcc>)
10001db6:	681b      	ldr	r3, [r3, #0]
10001db8:	2b00      	cmp	r3, #0
10001dba:	d0eb      	beq.n	10001d94 <low_priority_worker_irq+0x48>
10001dbc:	4a17      	ldr	r2, [pc, #92]	@ (10001e1c <low_priority_worker_irq+0xd0>)
10001dbe:	6810      	ldr	r0, [r2, #0]
10001dc0:	b005      	add	sp, #20
10001dc2:	e8bd 4030 	ldmia.w	sp!, {r4, r5, lr}
10001dc6:	4718      	bx	r3
10001dc8:	f7fe ff80 	bl	10000ccc <alarm_pool_get_default>
10001dcc:	4604      	mov	r4, r0
10001dce:	f7ff f915 	bl	10000ffc <time_us_64>
10001dd2:	f04f 3cff 	mov.w	ip, #4294967295	@ 0xffffffff
10001dd6:	f06f 4500 	mvn.w	r5, #2147483648	@ 0x80000000
10001dda:	f510 727a 	adds.w	r2, r0, #1000	@ 0x3e8
10001dde:	f141 0300 	adc.w	r3, r1, #0
10001de2:	4594      	cmp	ip, r2
10001de4:	eb75 0103 	sbcs.w	r1, r5, r3
10001de8:	bf38      	it	cc
10001dea:	462b      	movcc	r3, r5
10001dec:	f04f 0100 	mov.w	r1, #0
10001df0:	f04f 0501 	mov.w	r5, #1
10001df4:	4620      	mov	r0, r4
10001df6:	4c0a      	ldr	r4, [pc, #40]	@ (10001e20 <low_priority_worker_irq+0xd4>)
10001df8:	bf38      	it	cc
10001dfa:	4662      	movcc	r2, ip
10001dfc:	e9cd 1501 	strd	r1, r5, [sp, #4]
10001e00:	9400      	str	r4, [sp, #0]
10001e02:	f7fe ff67 	bl	10000cd4 <alarm_pool_add_alarm_at>
10001e06:	b005      	add	sp, #20
10001e08:	bd30      	pop	{r4, r5, pc}
10001e0a:	bf00      	nop
10001e0c:	20001804 	.word	0x20001804
10001e10:	200017d4 	.word	0x200017d4
10001e14:	20001828 	.word	0x20001828
10001e18:	2000135c 	.word	0x2000135c
10001e1c:	20001360 	.word	0x20001360
10001e20:	10001b01 	.word	0x10001b01

10001e24 <stdio_usb_init>:
10001e24:	f04f 4350 	mov.w	r3, #3489660928	@ 0xd0000000
10001e28:	b530      	push	{r4, r5, lr}
10001e2a:	b085      	sub	sp, #20
10001e2c:	681c      	ldr	r4, [r3, #0]
10001e2e:	f7fe ff4d 	bl	10000ccc <alarm_pool_get_default>
10001e32:	f7ff f861 	bl	10000ef8 <alarm_pool_core_num>
10001e36:	42a0      	cmp	r0, r4
10001e38:	d002      	beq.n	10001e40 <stdio_usb_init+0x1c>
10001e3a:	2000      	movs	r0, #0
10001e3c:	b005      	add	sp, #20
10001e3e:	bd30      	pop	{r4, r5, pc}
10001e40:	2100      	movs	r1, #0
10001e42:	4b2a      	ldr	r3, [pc, #168]	@ (10001eec <stdio_usb_init+0xc8>)
10001e44:	4608      	mov	r0, r1
10001e46:	781b      	ldrb	r3, [r3, #0]
10001e48:	f001 fc8c 	bl	10003764 <tusb_rhport_init>
10001e4c:	4828      	ldr	r0, [pc, #160]	@ (10001ef0 <stdio_usb_init+0xcc>)
10001e4e:	6803      	ldr	r3, [r0, #0]
10001e50:	2b00      	cmp	r3, #0
10001e52:	d047      	beq.n	10001ee4 <stdio_usb_init+0xc0>
10001e54:	2001      	movs	r0, #1
10001e56:	f7fe fcb7 	bl	100007c8 <user_irq_claim_unused>
10001e5a:	4603      	mov	r3, r0
10001e5c:	4c25      	ldr	r4, [pc, #148]	@ (10001ef4 <stdio_usb_init+0xd0>)
10001e5e:	4926      	ldr	r1, [pc, #152]	@ (10001ef8 <stdio_usb_init+0xd4>)
10001e60:	b2c0      	uxtb	r0, r0
10001e62:	7023      	strb	r3, [r4, #0]
10001e64:	f7fe fb38 	bl	100004d8 <irq_set_exclusive_handler>
10001e68:	7820      	ldrb	r0, [r4, #0]
10001e6a:	2101      	movs	r1, #1
10001e6c:	f7fe faf2 	bl	10000454 <irq_set_enabled>
10001e70:	200e      	movs	r0, #14
10001e72:	f7fe fb21 	bl	100004b8 <irq_has_shared_handler>
10001e76:	bb40      	cbnz	r0, 10001eca <stdio_usb_init+0xa6>
10001e78:	4b20      	ldr	r3, [pc, #128]	@ (10001efc <stdio_usb_init+0xd8>)
10001e7a:	2501      	movs	r5, #1
10001e7c:	e9c3 0000 	strd	r0, r0, [r3]
10001e80:	f7fe ff24 	bl	10000ccc <alarm_pool_get_default>
10001e84:	4604      	mov	r4, r0
10001e86:	f7ff f8b9 	bl	10000ffc <time_us_64>
10001e8a:	f04f 3eff 	mov.w	lr, #4294967295	@ 0xffffffff
10001e8e:	f06f 4c00 	mvn.w	ip, #2147483648	@ 0x80000000
10001e92:	f510 727a 	adds.w	r2, r0, #1000	@ 0x3e8
10001e96:	f141 0300 	adc.w	r3, r1, #0
10001e9a:	4596      	cmp	lr, r2
10001e9c:	eb7c 0103 	sbcs.w	r1, ip, r3
10001ea0:	f04f 0100 	mov.w	r1, #0
10001ea4:	4620      	mov	r0, r4
10001ea6:	4c16      	ldr	r4, [pc, #88]	@ (10001f00 <stdio_usb_init+0xdc>)
10001ea8:	bf3c      	itt	cc
10001eaa:	4672      	movcc	r2, lr
10001eac:	4663      	movcc	r3, ip
10001eae:	e9cd 1501 	strd	r1, r5, [sp, #4]
10001eb2:	9400      	str	r4, [sp, #0]
10001eb4:	f7fe ff0e 	bl	10000cd4 <alarm_pool_add_alarm_at>
10001eb8:	2800      	cmp	r0, #0
10001eba:	dbbe      	blt.n	10001e3a <stdio_usb_init+0x16>
10001ebc:	2101      	movs	r1, #1
10001ebe:	4811      	ldr	r0, [pc, #68]	@ (10001f04 <stdio_usb_init+0xe0>)
10001ec0:	f7ff fd54 	bl	1000196c <stdio_set_driver_enabled>
10001ec4:	2001      	movs	r0, #1
10001ec6:	b005      	add	sp, #20
10001ec8:	bd30      	pop	{r4, r5, pc}
10001eca:	2001      	movs	r0, #1
10001ecc:	f7fe fa7e 	bl	100003cc <spin_lock_claim_unused>
10001ed0:	4601      	mov	r1, r0
10001ed2:	480a      	ldr	r0, [pc, #40]	@ (10001efc <stdio_usb_init+0xd8>)
10001ed4:	f7fe fcd4 	bl	10000880 <critical_section_init_with_lock_num>
10001ed8:	2200      	movs	r2, #0
10001eda:	200e      	movs	r0, #14
10001edc:	490a      	ldr	r1, [pc, #40]	@ (10001f08 <stdio_usb_init+0xe4>)
10001ede:	f7fe fb29 	bl	10000534 <irq_add_shared_handler>
10001ee2:	e7eb      	b.n	10001ebc <stdio_usb_init+0x98>
10001ee4:	f7fe fcb0 	bl	10000848 <mutex_init>
10001ee8:	e7b4      	b.n	10001e54 <stdio_usb_init+0x30>
10001eea:	bf00      	nop
10001eec:	10004394 	.word	0x10004394
10001ef0:	20001804 	.word	0x20001804
10001ef4:	20001827 	.word	0x20001827
10001ef8:	10001d4d 	.word	0x10001d4d
10001efc:	200017d4 	.word	0x200017d4
10001f00:	10001b01 	.word	0x10001b01
10001f04:	20000ea4 	.word	0x20000ea4
10001f08:	10001b71 	.word	0x10001b71

10001f0c <tud_descriptor_device_cb>:
10001f0c:	4800      	ldr	r0, [pc, #0]	@ (10001f10 <tud_descriptor_device_cb+0x4>)
10001f0e:	4770      	bx	lr
10001f10:	1000424c 	.word	0x1000424c

10001f14 <tud_descriptor_configuration_cb>:
10001f14:	4800      	ldr	r0, [pc, #0]	@ (10001f18 <tud_descriptor_configuration_cb+0x4>)
10001f16:	4770      	bx	lr
10001f18:	100041f8 	.word	0x100041f8

10001f1c <tud_descriptor_string_cb>:
10001f1c:	b538      	push	{r3, r4, r5, lr}
10001f1e:	4b18      	ldr	r3, [pc, #96]	@ (10001f80 <tud_descriptor_string_cb+0x64>)
10001f20:	4604      	mov	r4, r0
10001f22:	781a      	ldrb	r2, [r3, #0]
10001f24:	b30a      	cbz	r2, 10001f6a <tud_descriptor_string_cb+0x4e>
10001f26:	b944      	cbnz	r4, 10001f3a <tud_descriptor_string_cb+0x1e>
10001f28:	f240 4209 	movw	r2, #1033	@ 0x409
10001f2c:	f44f 7341 	mov.w	r3, #772	@ 0x304
10001f30:	4d14      	ldr	r5, [pc, #80]	@ (10001f84 <tud_descriptor_string_cb+0x68>)
10001f32:	806a      	strh	r2, [r5, #2]
10001f34:	4813      	ldr	r0, [pc, #76]	@ (10001f84 <tud_descriptor_string_cb+0x68>)
10001f36:	802b      	strh	r3, [r5, #0]
10001f38:	bd38      	pop	{r3, r4, r5, pc}
10001f3a:	2c05      	cmp	r4, #5
10001f3c:	d81a      	bhi.n	10001f74 <tud_descriptor_string_cb+0x58>
10001f3e:	4b12      	ldr	r3, [pc, #72]	@ (10001f88 <tud_descriptor_string_cb+0x6c>)
10001f40:	4d10      	ldr	r5, [pc, #64]	@ (10001f84 <tud_descriptor_string_cb+0x68>)
10001f42:	f853 1024 	ldr.w	r1, [r3, r4, lsl #2]
10001f46:	4628      	mov	r0, r5
10001f48:	2300      	movs	r3, #0
10001f4a:	3901      	subs	r1, #1
10001f4c:	e003      	b.n	10001f56 <tud_descriptor_string_cb+0x3a>
10001f4e:	2b13      	cmp	r3, #19
10001f50:	f820 2f02 	strh.w	r2, [r0, #2]!
10001f54:	d010      	beq.n	10001f78 <tud_descriptor_string_cb+0x5c>
10001f56:	f811 2f01 	ldrb.w	r2, [r1, #1]!
10001f5a:	3301      	adds	r3, #1
10001f5c:	b2db      	uxtb	r3, r3
10001f5e:	2a00      	cmp	r2, #0
10001f60:	d1f5      	bne.n	10001f4e <tud_descriptor_string_cb+0x32>
10001f62:	005b      	lsls	r3, r3, #1
10001f64:	f443 7340 	orr.w	r3, r3, #768	@ 0x300
10001f68:	e7e4      	b.n	10001f34 <tud_descriptor_string_cb+0x18>
10001f6a:	2111      	movs	r1, #17
10001f6c:	4618      	mov	r0, r3
10001f6e:	f000 f825 	bl	10001fbc <pico_get_unique_board_id_string>
10001f72:	e7d8      	b.n	10001f26 <tud_descriptor_string_cb+0xa>
10001f74:	2000      	movs	r0, #0
10001f76:	bd38      	pop	{r3, r4, r5, pc}
10001f78:	f44f 734a 	mov.w	r3, #808	@ 0x328
10001f7c:	e7da      	b.n	10001f34 <tud_descriptor_string_cb+0x18>
10001f7e:	bf00      	nop
10001f80:	20001810 	.word	0x20001810
10001f84:	20001394 	.word	0x20001394
10001f88:	100041e0 	.word	0x100041e0

10001f8c <_retrieve_unique_id_on_boot>:
10001f8c:	b500      	push	{lr}
10001f8e:	f245 3047 	movw	r0, #21319	@ 0x5347
10001f92:	b08b      	sub	sp, #44	@ 0x2c
10001f94:	f7ff fa7a 	bl	1000148c <rom_func_lookup>
10001f98:	2201      	movs	r2, #1
10001f9a:	4603      	mov	r3, r0
10001f9c:	2109      	movs	r1, #9
10001f9e:	a801      	add	r0, sp, #4
10001fa0:	4798      	blx	r3
10001fa2:	e9dd 3203 	ldrd	r3, r2, [sp, #12]
10001fa6:	4904      	ldr	r1, [pc, #16]	@ (10001fb8 <_retrieve_unique_id_on_boot+0x2c>)
10001fa8:	ba12      	rev	r2, r2
10001faa:	ba1b      	rev	r3, r3
10001fac:	e9c1 2300 	strd	r2, r3, [r1]
10001fb0:	b00b      	add	sp, #44	@ 0x2c
10001fb2:	f85d fb04 	ldr.w	pc, [sp], #4
10001fb6:	bf00      	nop
10001fb8:	200017fc 	.word	0x200017fc

10001fbc <pico_get_unique_board_id_string>:
10001fbc:	2901      	cmp	r1, #1
10001fbe:	f101 33ff 	add.w	r3, r1, #4294967295	@ 0xffffffff
10001fc2:	f000 80b3 	beq.w	1000212c <pico_get_unique_board_id_string+0x170>
10001fc6:	495d      	ldr	r1, [pc, #372]	@ (1000213c <pico_get_unique_board_id_string+0x180>)
10001fc8:	780a      	ldrb	r2, [r1, #0]
10001fca:	ea4f 1c12 	mov.w	ip, r2, lsr #4
10001fce:	2a9f      	cmp	r2, #159	@ 0x9f
10001fd0:	bf8c      	ite	hi
10001fd2:	f10c 0c37 	addhi.w	ip, ip, #55	@ 0x37
10001fd6:	f10c 0c30 	addls.w	ip, ip, #48	@ 0x30
10001fda:	2b01      	cmp	r3, #1
10001fdc:	f880 c000 	strb.w	ip, [r0]
10001fe0:	f000 80a7 	beq.w	10002132 <pico_get_unique_board_id_string+0x176>
10001fe4:	f002 020f 	and.w	r2, r2, #15
10001fe8:	2a09      	cmp	r2, #9
10001fea:	bf8c      	ite	hi
10001fec:	3237      	addhi	r2, #55	@ 0x37
10001fee:	3230      	addls	r2, #48	@ 0x30
10001ff0:	2b02      	cmp	r3, #2
10001ff2:	7042      	strb	r2, [r0, #1]
10001ff4:	f000 809d 	beq.w	10002132 <pico_get_unique_board_id_string+0x176>
10001ff8:	784a      	ldrb	r2, [r1, #1]
10001ffa:	ea4f 1c12 	mov.w	ip, r2, lsr #4
10001ffe:	2a9f      	cmp	r2, #159	@ 0x9f
10002000:	bf8c      	ite	hi
10002002:	f10c 0c37 	addhi.w	ip, ip, #55	@ 0x37
10002006:	f10c 0c30 	addls.w	ip, ip, #48	@ 0x30
1000200a:	2b03      	cmp	r3, #3
1000200c:	f880 c002 	strb.w	ip, [r0, #2]
10002010:	f000 808f 	beq.w	10002132 <pico_get_unique_board_id_string+0x176>
10002014:	f002 020f 	and.w	r2, r2, #15
10002018:	2a09      	cmp	r2, #9
1000201a:	bf8c      	ite	hi
1000201c:	3237      	addhi	r2, #55	@ 0x37
1000201e:	3230      	addls	r2, #48	@ 0x30
10002020:	2b04      	cmp	r3, #4
10002022:	70c2      	strb	r2, [r0, #3]
10002024:	f000 8085 	beq.w	10002132 <pico_get_unique_board_id_string+0x176>
10002028:	788a      	ldrb	r2, [r1, #2]
1000202a:	ea4f 1c12 	mov.w	ip, r2, lsr #4
1000202e:	2a9f      	cmp	r2, #159	@ 0x9f
10002030:	bf8c      	ite	hi
10002032:	f10c 0c37 	addhi.w	ip, ip, #55	@ 0x37
10002036:	f10c 0c30 	addls.w	ip, ip, #48	@ 0x30
1000203a:	2b05      	cmp	r3, #5
1000203c:	f880 c004 	strb.w	ip, [r0, #4]
10002040:	d077      	beq.n	10002132 <pico_get_unique_board_id_string+0x176>
10002042:	f002 020f 	and.w	r2, r2, #15
10002046:	2a09      	cmp	r2, #9
10002048:	bf8c      	ite	hi
1000204a:	3237      	addhi	r2, #55	@ 0x37
1000204c:	3230      	addls	r2, #48	@ 0x30
1000204e:	2b06      	cmp	r3, #6
10002050:	7142      	strb	r2, [r0, #5]
10002052:	d06e      	beq.n	10002132 <pico_get_unique_board_id_string+0x176>
10002054:	78ca      	ldrb	r2, [r1, #3]
10002056:	ea4f 1c12 	mov.w	ip, r2, lsr #4
1000205a:	2a9f      	cmp	r2, #159	@ 0x9f
1000205c:	bf8c      	ite	hi
1000205e:	f10c 0c37 	addhi.w	ip, ip, #55	@ 0x37
10002062:	f10c 0c30 	addls.w	ip, ip, #48	@ 0x30
10002066:	2b07      	cmp	r3, #7
10002068:	f880 c006 	strb.w	ip, [r0, #6]
1000206c:	d061      	beq.n	10002132 <pico_get_unique_board_id_string+0x176>
1000206e:	f002 020f 	and.w	r2, r2, #15
10002072:	2a09      	cmp	r2, #9
10002074:	bf8c      	ite	hi
10002076:	3237      	addhi	r2, #55	@ 0x37
10002078:	3230      	addls	r2, #48	@ 0x30
1000207a:	2b08      	cmp	r3, #8
1000207c:	71c2      	strb	r2, [r0, #7]
1000207e:	d058      	beq.n	10002132 <pico_get_unique_board_id_string+0x176>
10002080:	790a      	ldrb	r2, [r1, #4]
10002082:	ea4f 1c12 	mov.w	ip, r2, lsr #4
10002086:	2a9f      	cmp	r2, #159	@ 0x9f
10002088:	bf8c      	ite	hi
1000208a:	f10c 0c37 	addhi.w	ip, ip, #55	@ 0x37
1000208e:	f10c 0c30 	addls.w	ip, ip, #48	@ 0x30
10002092:	2b09      	cmp	r3, #9
10002094:	f880 c008 	strb.w	ip, [r0, #8]
10002098:	d04b      	beq.n	10002132 <pico_get_unique_board_id_string+0x176>
1000209a:	f002 020f 	and.w	r2, r2, #15
1000209e:	2a09      	cmp	r2, #9
100020a0:	bf8c      	ite	hi
100020a2:	3237      	addhi	r2, #55	@ 0x37
100020a4:	3230      	addls	r2, #48	@ 0x30
100020a6:	2b0a      	cmp	r3, #10
100020a8:	7242      	strb	r2, [r0, #9]
100020aa:	d042      	beq.n	10002132 <pico_get_unique_board_id_string+0x176>
100020ac:	794a      	ldrb	r2, [r1, #5]
100020ae:	ea4f 1c12 	mov.w	ip, r2, lsr #4
100020b2:	2a9f      	cmp	r2, #159	@ 0x9f
100020b4:	bf8c      	ite	hi
100020b6:	f10c 0c37 	addhi.w	ip, ip, #55	@ 0x37
100020ba:	f10c 0c30 	addls.w	ip, ip, #48	@ 0x30
100020be:	2b0b      	cmp	r3, #11
100020c0:	f880 c00a 	strb.w	ip, [r0, #10]
100020c4:	d035      	beq.n	10002132 <pico_get_unique_board_id_string+0x176>
100020c6:	f002 020f 	and.w	r2, r2, #15
100020ca:	2a09      	cmp	r2, #9
100020cc:	bf8c      	ite	hi
100020ce:	3237      	addhi	r2, #55	@ 0x37
100020d0:	3230      	addls	r2, #48	@ 0x30
100020d2:	2b0c      	cmp	r3, #12
100020d4:	72c2      	strb	r2, [r0, #11]
100020d6:	d02c      	beq.n	10002132 <pico_get_unique_board_id_string+0x176>
100020d8:	798a      	ldrb	r2, [r1, #6]
100020da:	ea4f 1c12 	mov.w	ip, r2, lsr #4
100020de:	2a9f      	cmp	r2, #159	@ 0x9f
100020e0:	bf8c      	ite	hi
100020e2:	f10c 0c37 	addhi.w	ip, ip, #55	@ 0x37
100020e6:	f10c 0c30 	addls.w	ip, ip, #48	@ 0x30
100020ea:	2b0d      	cmp	r3, #13
100020ec:	f880 c00c 	strb.w	ip, [r0, #12]
100020f0:	d01f      	beq.n	10002132 <pico_get_unique_board_id_string+0x176>
100020f2:	f002 020f 	and.w	r2, r2, #15
100020f6:	2a09      	cmp	r2, #9
100020f8:	bf8c      	ite	hi
100020fa:	3237      	addhi	r2, #55	@ 0x37
100020fc:	3230      	addls	r2, #48	@ 0x30
100020fe:	2b0e      	cmp	r3, #14
10002100:	7342      	strb	r2, [r0, #13]
10002102:	d016      	beq.n	10002132 <pico_get_unique_board_id_string+0x176>
10002104:	79ca      	ldrb	r2, [r1, #7]
10002106:	0911      	lsrs	r1, r2, #4
10002108:	2a9f      	cmp	r2, #159	@ 0x9f
1000210a:	bf8c      	ite	hi
1000210c:	3137      	addhi	r1, #55	@ 0x37
1000210e:	3130      	addls	r1, #48	@ 0x30
10002110:	2b0f      	cmp	r3, #15
10002112:	7381      	strb	r1, [r0, #14]
10002114:	d00d      	beq.n	10002132 <pico_get_unique_board_id_string+0x176>
10002116:	f002 020f 	and.w	r2, r2, #15
1000211a:	2a09      	cmp	r2, #9
1000211c:	bf94      	ite	ls
1000211e:	3230      	addls	r2, #48	@ 0x30
10002120:	3237      	addhi	r2, #55	@ 0x37
10002122:	2b10      	cmp	r3, #16
10002124:	73c2      	strb	r2, [r0, #15]
10002126:	bf18      	it	ne
10002128:	3010      	addne	r0, #16
1000212a:	d002      	beq.n	10002132 <pico_get_unique_board_id_string+0x176>
1000212c:	2300      	movs	r3, #0
1000212e:	7003      	strb	r3, [r0, #0]
10002130:	4770      	bx	lr
10002132:	4418      	add	r0, r3
10002134:	2300      	movs	r3, #0
10002136:	7003      	strb	r3, [r0, #0]
10002138:	4770      	bx	lr
1000213a:	bf00      	nop
1000213c:	200017fc 	.word	0x200017fc

10002140 <usb_reset_interface_init>:
10002140:	4770      	bx	lr
10002142:	bf00      	nop

10002144 <usb_reset_interface_reset>:
10002144:	2200      	movs	r2, #0
10002146:	4b01      	ldr	r3, [pc, #4]	@ (1000214c <usb_reset_interface_reset+0x8>)
10002148:	701a      	strb	r2, [r3, #0]
1000214a:	4770      	bx	lr
1000214c:	20001825 	.word	0x20001825

10002150 <usb_reset_interface_open>:
10002150:	794b      	ldrb	r3, [r1, #5]
10002152:	2bff      	cmp	r3, #255	@ 0xff
10002154:	d10b      	bne.n	1000216e <usb_reset_interface_open+0x1e>
10002156:	7988      	ldrb	r0, [r1, #6]
10002158:	b948      	cbnz	r0, 1000216e <usb_reset_interface_open+0x1e>
1000215a:	79cb      	ldrb	r3, [r1, #7]
1000215c:	2b01      	cmp	r3, #1
1000215e:	d107      	bne.n	10002170 <usb_reset_interface_open+0x20>
10002160:	2a08      	cmp	r2, #8
10002162:	d905      	bls.n	10002170 <usb_reset_interface_open+0x20>
10002164:	4b03      	ldr	r3, [pc, #12]	@ (10002174 <usb_reset_interface_open+0x24>)
10002166:	788a      	ldrb	r2, [r1, #2]
10002168:	2009      	movs	r0, #9
1000216a:	701a      	strb	r2, [r3, #0]
1000216c:	4770      	bx	lr
1000216e:	2000      	movs	r0, #0
10002170:	4770      	bx	lr
10002172:	bf00      	nop
10002174:	20001825 	.word	0x20001825

10002178 <usb_reset_interface_xfer_cb>:
10002178:	2001      	movs	r0, #1
1000217a:	4770      	bx	lr

1000217c <usb_reset_interface_control_xfer_cb>:
1000217c:	2901      	cmp	r1, #1
1000217e:	d001      	beq.n	10002184 <usb_reset_interface_control_xfer_cb+0x8>
10002180:	2001      	movs	r0, #1
10002182:	4770      	bx	lr
10002184:	b508      	push	{r3, lr}
10002186:	4b10      	ldr	r3, [pc, #64]	@ (100021c8 <usb_reset_interface_control_xfer_cb+0x4c>)
10002188:	8891      	ldrh	r1, [r2, #4]
1000218a:	781b      	ldrb	r3, [r3, #0]
1000218c:	4299      	cmp	r1, r3
1000218e:	d001      	beq.n	10002194 <usb_reset_interface_control_xfer_cb+0x18>
10002190:	2000      	movs	r0, #0
10002192:	bd08      	pop	{r3, pc}
10002194:	7853      	ldrb	r3, [r2, #1]
10002196:	2b01      	cmp	r3, #1
10002198:	d008      	beq.n	100021ac <usb_reset_interface_control_xfer_cb+0x30>
1000219a:	2b02      	cmp	r3, #2
1000219c:	d1f8      	bne.n	10002190 <usb_reset_interface_control_xfer_cb+0x14>
1000219e:	2100      	movs	r1, #0
100021a0:	2264      	movs	r2, #100	@ 0x64
100021a2:	4608      	mov	r0, r1
100021a4:	f7ff f900 	bl	100013a8 <watchdog_reboot>
100021a8:	2001      	movs	r0, #1
100021aa:	bd08      	pop	{r3, pc}
100021ac:	8851      	ldrh	r1, [r2, #2]
100021ae:	f411 7280 	ands.w	r2, r1, #256	@ 0x100
100021b2:	bf1a      	itte	ne
100021b4:	f3c1 12c0 	ubfxne	r2, r1, #7, #1
100021b8:	0a48      	lsrne	r0, r1, #9
100021ba:	f04f 30ff 	moveq.w	r0, #4294967295	@ 0xffffffff
100021be:	f001 0103 	and.w	r1, r1, #3
100021c2:	f7ff f96f 	bl	100014a4 <rom_reset_usb_boot_extra>
100021c6:	bf00      	nop
100021c8:	20001825 	.word	0x20001825

100021cc <tud_descriptor_bos_cb>:
100021cc:	4800      	ldr	r0, [pc, #0]	@ (100021d0 <tud_descriptor_bos_cb+0x4>)
100021ce:	4770      	bx	lr
100021d0:	10004308 	.word	0x10004308

100021d4 <tud_vendor_control_xfer_cb>:
100021d4:	2901      	cmp	r1, #1
100021d6:	d107      	bne.n	100021e8 <tud_vendor_control_xfer_cb+0x14>
100021d8:	7853      	ldrb	r3, [r2, #1]
100021da:	2b01      	cmp	r3, #1
100021dc:	d102      	bne.n	100021e4 <tud_vendor_control_xfer_cb+0x10>
100021de:	8893      	ldrh	r3, [r2, #4]
100021e0:	2b07      	cmp	r3, #7
100021e2:	d003      	beq.n	100021ec <tud_vendor_control_xfer_cb+0x18>
100021e4:	2000      	movs	r0, #0
100021e6:	4770      	bx	lr
100021e8:	2001      	movs	r0, #1
100021ea:	4770      	bx	lr
100021ec:	4611      	mov	r1, r2
100021ee:	23a6      	movs	r3, #166	@ 0xa6
100021f0:	4a01      	ldr	r2, [pc, #4]	@ (100021f8 <tud_vendor_control_xfer_cb+0x24>)
100021f2:	f000 beff 	b.w	10002ff4 <tud_control_xfer>
100021f6:	bf00      	nop
100021f8:	10004260 	.word	0x10004260

100021fc <usbd_app_driver_get_cb>:
100021fc:	4603      	mov	r3, r0
100021fe:	2201      	movs	r2, #1
10002200:	4801      	ldr	r0, [pc, #4]	@ (10002208 <usbd_app_driver_get_cb+0xc>)
10002202:	701a      	strb	r2, [r3, #0]
10002204:	4770      	bx	lr
10002206:	bf00      	nop
10002208:	1000432c 	.word	0x1000432c

1000220c <tud_cdc_line_coding_cb>:
1000220c:	b508      	push	{r3, lr}
1000220e:	680b      	ldr	r3, [r1, #0]
10002210:	f5b3 6f96 	cmp.w	r3, #1200	@ 0x4b0
10002214:	d000      	beq.n	10002218 <tud_cdc_line_coding_cb+0xc>
10002216:	bd08      	pop	{r3, pc}
10002218:	2200      	movs	r2, #0
1000221a:	f04f 30ff 	mov.w	r0, #4294967295	@ 0xffffffff
1000221e:	4611      	mov	r1, r2
10002220:	f7ff f940 	bl	100014a4 <rom_reset_usb_boot_extra>

10002224 <dcd_init>:
10002224:	b570      	push	{r4, r5, r6, lr}
10002226:	f000 f92d 	bl	10002484 <rp2040_usb_init>
1000222a:	230c      	movs	r3, #12
1000222c:	2640      	movs	r6, #64	@ 0x40
1000222e:	4c1b      	ldr	r4, [pc, #108]	@ (1000229c <dcd_init+0x78>)
10002230:	22ff      	movs	r2, #255	@ 0xff
10002232:	67a3      	str	r3, [r4, #120]	@ 0x78
10002234:	200e      	movs	r0, #14
10002236:	491a      	ldr	r1, [pc, #104]	@ (100022a0 <dcd_init+0x7c>)
10002238:	f7fe f97c 	bl	10000534 <irq_add_shared_handler>
1000223c:	4b19      	ldr	r3, [pc, #100]	@ (100022a4 <dcd_init+0x80>)
1000223e:	4632      	mov	r2, r6
10002240:	2100      	movs	r1, #0
10002242:	4618      	mov	r0, r3
10002244:	f001 fdaa 	bl	10003d9c <memset>
10002248:	4603      	mov	r3, r0
1000224a:	2100      	movs	r1, #0
1000224c:	2501      	movs	r5, #1
1000224e:	2080      	movs	r0, #128	@ 0x80
10002250:	4a15      	ldr	r2, [pc, #84]	@ (100022a8 <dcd_init+0x84>)
10002252:	8458      	strh	r0, [r3, #34]	@ 0x22
10002254:	609a      	str	r2, [r3, #8]
10002256:	3a84      	subs	r2, #132	@ 0x84
10002258:	705d      	strb	r5, [r3, #1]
1000225a:	831e      	strh	r6, [r3, #24]
1000225c:	871e      	strh	r6, [r3, #56]	@ 0x38
1000225e:	6059      	str	r1, [r3, #4]
10002260:	f8c2 1084 	str.w	r1, [r2, #132]	@ 0x84
10002264:	f8c2 1080 	str.w	r1, [r2, #128]	@ 0x80
10002268:	f502 7280 	add.w	r2, r2, #256	@ 0x100
1000226c:	60da      	str	r2, [r3, #12]
1000226e:	62da      	str	r2, [r3, #44]	@ 0x2c
10002270:	3a80      	subs	r2, #128	@ 0x80
10002272:	f883 1021 	strb.w	r1, [r3, #33]	@ 0x21
10002276:	f883 103b 	strb.w	r1, [r3, #59]	@ 0x3b
1000227a:	6259      	str	r1, [r3, #36]	@ 0x24
1000227c:	629a      	str	r2, [r3, #40]	@ 0x28
1000227e:	f04f 5600 	mov.w	r6, #536870912	@ 0x20000000
10002282:	f001 fe85 	bl	10003f90 <__reset_non_control_endpoints_veneer>
10002286:	f44f 3280 	mov.w	r2, #65536	@ 0x10000
1000228a:	4908      	ldr	r1, [pc, #32]	@ (100022ac <dcd_init+0x88>)
1000228c:	4b08      	ldr	r3, [pc, #32]	@ (100022b0 <dcd_init+0x8c>)
1000228e:	6425      	str	r5, [r4, #64]	@ 0x40
10002290:	4628      	mov	r0, r5
10002292:	64e6      	str	r6, [r4, #76]	@ 0x4c
10002294:	f8c4 1090 	str.w	r1, [r4, #144]	@ 0x90
10002298:	64da      	str	r2, [r3, #76]	@ 0x4c
1000229a:	bd70      	pop	{r4, r5, r6, pc}
1000229c:	50110000 	.word	0x50110000
100022a0:	200003dd 	.word	0x200003dd
100022a4:	200013c8 	.word	0x200013c8
100022a8:	50100084 	.word	0x50100084
100022ac:	0001d010 	.word	0x0001d010
100022b0:	50112000 	.word	0x50112000

100022b4 <dcd_int_enable>:
100022b4:	2101      	movs	r1, #1
100022b6:	200e      	movs	r0, #14
100022b8:	f7fe b8cc 	b.w	10000454 <irq_set_enabled>

100022bc <dcd_set_address>:
100022bc:	2200      	movs	r2, #0
100022be:	4802      	ldr	r0, [pc, #8]	@ (100022c8 <dcd_set_address+0xc>)
100022c0:	4611      	mov	r1, r2
100022c2:	f000 b8ff 	b.w	100024c4 <hw_endpoint_xfer_start>
100022c6:	bf00      	nop
100022c8:	200013e8 	.word	0x200013e8

100022cc <dcd_sof_enable>:
100022cc:	4b04      	ldr	r3, [pc, #16]	@ (100022e0 <dcd_sof_enable+0x14>)
100022ce:	7019      	strb	r1, [r3, #0]
100022d0:	b121      	cbz	r1, 100022dc <dcd_sof_enable+0x10>
100022d2:	f44f 3200 	mov.w	r2, #131072	@ 0x20000
100022d6:	4b03      	ldr	r3, [pc, #12]	@ (100022e4 <dcd_sof_enable+0x18>)
100022d8:	f8c3 2090 	str.w	r2, [r3, #144]	@ 0x90
100022dc:	4770      	bx	lr
100022de:	bf00      	nop
100022e0:	20001822 	.word	0x20001822
100022e4:	50112000 	.word	0x50112000

100022e8 <dcd_edpt0_status_complete>:
100022e8:	780b      	ldrb	r3, [r1, #0]
100022ea:	065b      	lsls	r3, r3, #25
100022ec:	d102      	bne.n	100022f4 <dcd_edpt0_status_complete+0xc>
100022ee:	784b      	ldrb	r3, [r1, #1]
100022f0:	2b05      	cmp	r3, #5
100022f2:	d000      	beq.n	100022f6 <dcd_edpt0_status_complete+0xe>
100022f4:	4770      	bx	lr
100022f6:	884b      	ldrh	r3, [r1, #2]
100022f8:	4a01      	ldr	r2, [pc, #4]	@ (10002300 <dcd_edpt0_status_complete+0x18>)
100022fa:	b2db      	uxtb	r3, r3
100022fc:	6013      	str	r3, [r2, #0]
100022fe:	4770      	bx	lr
10002300:	50110000 	.word	0x50110000

10002304 <dcd_edpt_open>:
10002304:	78cb      	ldrb	r3, [r1, #3]
10002306:	e92d 41f0 	stmdb	sp!, {r4, r5, r6, r7, r8, lr}
1000230a:	f003 0e03 	and.w	lr, r3, #3
1000230e:	f1be 0f01 	cmp.w	lr, #1
10002312:	f3c3 0001 	ubfx	r0, r3, #0, #2
10002316:	d059      	beq.n	100023cc <dcd_edpt_open+0xc8>
10002318:	2700      	movs	r7, #0
1000231a:	f891 c002 	ldrb.w	ip, [r1, #2]
1000231e:	4c32      	ldr	r4, [pc, #200]	@ (100023e8 <dcd_edpt_open+0xe4>)
10002320:	f00c 037f 	and.w	r3, ip, #127	@ 0x7f
10002324:	005e      	lsls	r6, r3, #1
10002326:	8889      	ldrh	r1, [r1, #4]
10002328:	eb06 12dc 	add.w	r2, r6, ip, lsr #7
1000232c:	eb04 1242 	add.w	r2, r4, r2, lsl #5
10002330:	ea4f 15dc 	mov.w	r5, ip, lsr #7
10002334:	76d0      	strb	r0, [r2, #27]
10002336:	f3c1 010a 	ubfx	r1, r1, #0, #11
1000233a:	f085 0001 	eor.w	r0, r5, #1
1000233e:	7050      	strb	r0, [r2, #1]
10002340:	f882 c002 	strb.w	ip, [r2, #2]
10002344:	8311      	strh	r1, [r2, #24]
10002346:	70d7      	strb	r7, [r2, #3]
10002348:	b218      	sxth	r0, r3
1000234a:	00da      	lsls	r2, r3, #3
1000234c:	bb6d      	cbnz	r5, 100023aa <dcd_edpt_open+0xa6>
1000234e:	4827      	ldr	r0, [pc, #156]	@ (100023ec <dcd_edpt_open+0xe8>)
10002350:	3204      	adds	r2, #4
10002352:	eb04 1c83 	add.w	ip, r4, r3, lsl #6
10002356:	eb02 0800 	add.w	r8, r2, r0
1000235a:	f8cc 8008 	str.w	r8, [ip, #8]
1000235e:	5017      	str	r7, [r2, r0]
10002360:	b36b      	cbz	r3, 100023be <dcd_edpt_open+0xba>
10002362:	4a23      	ldr	r2, [pc, #140]	@ (100023f0 <dcd_edpt_open+0xec>)
10002364:	00db      	lsls	r3, r3, #3
10002366:	441a      	add	r2, r3
10002368:	f8cc 2004 	str.w	r2, [ip, #4]
1000236c:	4a21      	ldr	r2, [pc, #132]	@ (100023f4 <dcd_edpt_open+0xf0>)
1000236e:	313f      	adds	r1, #63	@ 0x3f
10002370:	6813      	ldr	r3, [r2, #0]
10002372:	f021 013f 	bic.w	r1, r1, #63	@ 0x3f
10002376:	f1be 0f02 	cmp.w	lr, #2
1000237a:	bf08      	it	eq
1000237c:	0049      	lsleq	r1, r1, #1
1000237e:	481e      	ldr	r0, [pc, #120]	@ (100023f8 <dcd_edpt_open+0xf4>)
10002380:	4419      	add	r1, r3
10002382:	442e      	add	r6, r5
10002384:	eb04 1446 	add.w	r4, r4, r6, lsl #5
10002388:	4281      	cmp	r1, r0
1000238a:	6011      	str	r1, [r2, #0]
1000238c:	60e3      	str	r3, [r4, #12]
1000238e:	d828      	bhi.n	100023e2 <dcd_edpt_open+0xde>
10002390:	f083 43a0 	eor.w	r3, r3, #1342177280	@ 0x50000000
10002394:	f483 1380 	eor.w	r3, r3, #1048576	@ 0x100000
10002398:	6862      	ldr	r2, [r4, #4]
1000239a:	ea43 638e 	orr.w	r3, r3, lr, lsl #26
1000239e:	f043 4300 	orr.w	r3, r3, #2147483648	@ 0x80000000
100023a2:	6013      	str	r3, [r2, #0]
100023a4:	2001      	movs	r0, #1
100023a6:	e8bd 81f0 	ldmia.w	sp!, {r4, r5, r6, r7, r8, pc}
100023aa:	f8df c040 	ldr.w	ip, [pc, #64]	@ 100023ec <dcd_edpt_open+0xe8>
100023ae:	eb04 1883 	add.w	r8, r4, r3, lsl #6
100023b2:	4462      	add	r2, ip
100023b4:	f8c8 2028 	str.w	r2, [r8, #40]	@ 0x28
100023b8:	f84c 7030 	str.w	r7, [ip, r0, lsl #3]
100023bc:	b94b      	cbnz	r3, 100023d2 <dcd_edpt_open+0xce>
100023be:	2300      	movs	r3, #0
100023c0:	4a0e      	ldr	r2, [pc, #56]	@ (100023fc <dcd_edpt_open+0xf8>)
100023c2:	eb04 1445 	add.w	r4, r4, r5, lsl #5
100023c6:	60e2      	str	r2, [r4, #12]
100023c8:	6063      	str	r3, [r4, #4]
100023ca:	e7eb      	b.n	100023a4 <dcd_edpt_open+0xa0>
100023cc:	2000      	movs	r0, #0
100023ce:	e8bd 81f0 	ldmia.w	sp!, {r4, r5, r6, r7, r8, pc}
100023d2:	00db      	lsls	r3, r3, #3
100023d4:	f103 43a0 	add.w	r3, r3, #1342177280	@ 0x50000000
100023d8:	f503 1380 	add.w	r3, r3, #1048576	@ 0x100000
100023dc:	f8c8 3024 	str.w	r3, [r8, #36]	@ 0x24
100023e0:	e7c4      	b.n	1000236c <dcd_edpt_open+0x68>
100023e2:	f7ff f8a9 	bl	10001538 <hard_assertion_failure>
100023e6:	bf00      	nop
100023e8:	200013c8 	.word	0x200013c8
100023ec:	50100080 	.word	0x50100080
100023f0:	50100004 	.word	0x50100004
100023f4:	200017d0 	.word	0x200017d0
100023f8:	50100fff 	.word	0x50100fff
100023fc:	50100100 	.word	0x50100100

10002400 <dcd_edpt_close_all>:
10002400:	f001 bdc6 	b.w	10003f90 <__reset_non_control_endpoints_veneer>

10002404 <dcd_edpt_xfer>:
10002404:	468c      	mov	ip, r1
10002406:	b508      	push	{r3, lr}
10002408:	4611      	mov	r1, r2
1000240a:	4807      	ldr	r0, [pc, #28]	@ (10002428 <dcd_edpt_xfer+0x24>)
1000240c:	461a      	mov	r2, r3
1000240e:	f00c 037f 	and.w	r3, ip, #127	@ 0x7f
10002412:	ea4f 1cdc 	mov.w	ip, ip, lsr #7
10002416:	eb0c 0c43 	add.w	ip, ip, r3, lsl #1
1000241a:	eb00 104c 	add.w	r0, r0, ip, lsl #5
1000241e:	f000 f851 	bl	100024c4 <hw_endpoint_xfer_start>
10002422:	2001      	movs	r0, #1
10002424:	bd08      	pop	{r3, pc}
10002426:	bf00      	nop
10002428:	200013c8 	.word	0x200013c8

1000242c <dcd_edpt_stall>:
1000242c:	09cb      	lsrs	r3, r1, #7
1000242e:	f011 017f 	ands.w	r1, r1, #127	@ 0x7f
10002432:	d103      	bne.n	1000243c <dcd_edpt_stall+0x10>
10002434:	4a06      	ldr	r2, [pc, #24]	@ (10002450 <dcd_edpt_stall+0x24>)
10002436:	f1c3 0002 	rsb	r0, r3, #2
1000243a:	6690      	str	r0, [r2, #104]	@ 0x68
1000243c:	4805      	ldr	r0, [pc, #20]	@ (10002454 <dcd_edpt_stall+0x28>)
1000243e:	eb03 0341 	add.w	r3, r3, r1, lsl #1
10002442:	f44f 6200 	mov.w	r2, #2048	@ 0x800
10002446:	2100      	movs	r1, #0
10002448:	eb00 1043 	add.w	r0, r0, r3, lsl #5
1000244c:	f001 bd9c 	b.w	10003f88 <___hw_endpoint_buffer_control_update32_veneer>
10002450:	50112000 	.word	0x50112000
10002454:	200013c8 	.word	0x200013c8

10002458 <dcd_edpt_clear_stall>:
10002458:	f011 037f 	ands.w	r3, r1, #127	@ 0x7f
1000245c:	d100      	bne.n	10002460 <dcd_edpt_clear_stall+0x8>
1000245e:	4770      	bx	lr
10002460:	2200      	movs	r2, #0
10002462:	b410      	push	{r4}
10002464:	09c8      	lsrs	r0, r1, #7
10002466:	4c06      	ldr	r4, [pc, #24]	@ (10002480 <dcd_edpt_clear_stall+0x28>)
10002468:	eb00 0043 	add.w	r0, r0, r3, lsl #1
1000246c:	eb04 1340 	add.w	r3, r4, r0, lsl #5
10002470:	f46f 6100 	mvn.w	r1, #2048	@ 0x800
10002474:	4618      	mov	r0, r3
10002476:	f85d 4b04 	ldr.w	r4, [sp], #4
1000247a:	70da      	strb	r2, [r3, #3]
1000247c:	f001 bd84 	b.w	10003f88 <___hw_endpoint_buffer_control_update32_veneer>
10002480:	200013c8 	.word	0x200013c8

10002484 <rp2040_usb_init>:
10002484:	f04f 5280 	mov.w	r2, #268435456	@ 0x10000000
10002488:	4809      	ldr	r0, [pc, #36]	@ (100024b0 <rp2040_usb_init+0x2c>)
1000248a:	490a      	ldr	r1, [pc, #40]	@ (100024b4 <rp2040_usb_init+0x30>)
1000248c:	b508      	push	{r3, lr}
1000248e:	4b0a      	ldr	r3, [pc, #40]	@ (100024b8 <rp2040_usb_init+0x34>)
10002490:	6002      	str	r2, [r0, #0]
10002492:	600a      	str	r2, [r1, #0]
10002494:	6899      	ldr	r1, [r3, #8]
10002496:	43c9      	mvns	r1, r1
10002498:	f011 5180 	ands.w	r1, r1, #268435456	@ 0x10000000
1000249c:	d1fa      	bne.n	10002494 <rp2040_usb_init+0x10>
1000249e:	f44f 5280 	mov.w	r2, #4096	@ 0x1000
100024a2:	4806      	ldr	r0, [pc, #24]	@ (100024bc <rp2040_usb_init+0x38>)
100024a4:	f001 fc7a 	bl	10003d9c <memset>
100024a8:	2209      	movs	r2, #9
100024aa:	4b05      	ldr	r3, [pc, #20]	@ (100024c0 <rp2040_usb_init+0x3c>)
100024ac:	675a      	str	r2, [r3, #116]	@ 0x74
100024ae:	bd08      	pop	{r3, pc}
100024b0:	40022000 	.word	0x40022000
100024b4:	40023000 	.word	0x40023000
100024b8:	40020000 	.word	0x40020000
100024bc:	50100000 	.word	0x50100000
100024c0:	50110000 	.word	0x50110000

100024c4 <hw_endpoint_xfer_start>:
100024c4:	2300      	movs	r3, #0
100024c6:	f04f 0c01 	mov.w	ip, #1
100024ca:	b510      	push	{r4, lr}
100024cc:	f880 c01a 	strb.w	ip, [r0, #26]
100024d0:	8282      	strh	r2, [r0, #20]
100024d2:	82c3      	strh	r3, [r0, #22]
100024d4:	6101      	str	r1, [r0, #16]
100024d6:	4604      	mov	r4, r0
100024d8:	f001 fd72 	bl	10003fc0 <__e15_is_bulkin_ep_veneer>
100024dc:	b120      	cbz	r0, 100024e8 <hw_endpoint_xfer_start+0x24>
100024de:	f44f 3200 	mov.w	r2, #131072	@ 0x20000
100024e2:	4b07      	ldr	r3, [pc, #28]	@ (10002500 <hw_endpoint_xfer_start+0x3c>)
100024e4:	f8c3 2090 	str.w	r2, [r3, #144]	@ 0x90
100024e8:	4620      	mov	r0, r4
100024ea:	f001 fd65 	bl	10003fb8 <__e15_is_critical_frame_period_veneer>
100024ee:	b110      	cbz	r0, 100024f6 <hw_endpoint_xfer_start+0x32>
100024f0:	2301      	movs	r3, #1
100024f2:	7723      	strb	r3, [r4, #28]
100024f4:	bd10      	pop	{r4, pc}
100024f6:	4620      	mov	r0, r4
100024f8:	e8bd 4010 	ldmia.w	sp!, {r4, lr}
100024fc:	f001 bd50 	b.w	10003fa0 <__hw_endpoint_start_next_buffer_veneer>
10002500:	50112000 	.word	0x50112000

10002504 <configuration_reset>:
10002504:	e92d 41f0 	stmdb	sp!, {r4, r5, r6, r7, r8, lr}
10002508:	f04f 0800 	mov.w	r8, #0
1000250c:	4d1c      	ldr	r5, [pc, #112]	@ (10002580 <configuration_reset+0x7c>)
1000250e:	4604      	mov	r4, r0
10002510:	4642      	mov	r2, r8
10002512:	782b      	ldrb	r3, [r5, #0]
10002514:	4f1b      	ldr	r7, [pc, #108]	@ (10002584 <configuration_reset+0x80>)
10002516:	4e1c      	ldr	r6, [pc, #112]	@ (10002588 <configuration_reset+0x84>)
10002518:	e00d      	b.n	10002536 <configuration_reset+0x32>
1000251a:	6833      	ldr	r3, [r6, #0]
1000251c:	eb13 1342 	adds.w	r3, r3, r2, lsl #5
10002520:	d025      	beq.n	1000256e <configuration_reset+0x6a>
10002522:	68db      	ldr	r3, [r3, #12]
10002524:	4620      	mov	r0, r4
10002526:	4798      	blx	r3
10002528:	f108 0801 	add.w	r8, r8, #1
1000252c:	782b      	ldrb	r3, [r5, #0]
1000252e:	fa5f f288 	uxtb.w	r2, r8
10002532:	4293      	cmp	r3, r2
10002534:	d306      	bcc.n	10002544 <configuration_reset+0x40>
10002536:	4293      	cmp	r3, r2
10002538:	eba2 0303 	sub.w	r3, r2, r3
1000253c:	d8ed      	bhi.n	1000251a <configuration_reset+0x16>
1000253e:	eb07 1343 	add.w	r3, r7, r3, lsl #5
10002542:	e7ee      	b.n	10002522 <configuration_reset+0x1e>
10002544:	4c11      	ldr	r4, [pc, #68]	@ (1000258c <configuration_reset+0x88>)
10002546:	2254      	movs	r2, #84	@ 0x54
10002548:	2100      	movs	r1, #0
1000254a:	4620      	mov	r0, r4
1000254c:	f001 fc26 	bl	10003d9c <memset>
10002550:	f04f 33ff 	mov.w	r3, #4294967295	@ 0xffffffff
10002554:	1d25      	adds	r5, r4, #4
10002556:	6063      	str	r3, [r4, #4]
10002558:	e9c5 3301 	strd	r3, r3, [r5, #4]
1000255c:	60eb      	str	r3, [r5, #12]
1000255e:	f104 0014 	add.w	r0, r4, #20
10002562:	2220      	movs	r2, #32
10002564:	e8bd 41f0 	ldmia.w	sp!, {r4, r5, r6, r7, r8, lr}
10002568:	21ff      	movs	r1, #255	@ 0xff
1000256a:	f001 bc17 	b.w	10003d9c <memset>
1000256e:	f04f 23e0 	mov.w	r3, #3758153728	@ 0xe000e000
10002572:	f8d3 3df0 	ldr.w	r3, [r3, #3568]	@ 0xdf0
10002576:	07db      	lsls	r3, r3, #31
10002578:	d500      	bpl.n	1000257c <configuration_reset+0x78>
1000257a:	be00      	bkpt	0x0000
1000257c:	e8bd 81f0 	ldmia.w	sp!, {r4, r5, r6, r7, r8, pc}
10002580:	20001821 	.word	0x20001821
10002584:	1000434c 	.word	0x1000434c
10002588:	20001138 	.word	0x20001138
1000258c:	20001240 	.word	0x20001240

10002590 <tud_event_hook_cb>:
10002590:	4770      	bx	lr
10002592:	bf00      	nop

10002594 <tud_sof_cb>:
10002594:	4770      	bx	lr
10002596:	bf00      	nop

10002598 <tud_descriptor_device_qualifier_cb>:
10002598:	2000      	movs	r0, #0
1000259a:	4770      	bx	lr

1000259c <tud_descriptor_other_speed_configuration_cb>:
1000259c:	2000      	movs	r0, #0
1000259e:	4770      	bx	lr

100025a0 <tud_mount_cb>:
100025a0:	4770      	bx	lr
100025a2:	bf00      	nop

100025a4 <tud_umount_cb>:
100025a4:	4770      	bx	lr
100025a6:	bf00      	nop

100025a8 <tud_suspend_cb>:
100025a8:	4770      	bx	lr
100025aa:	bf00      	nop

100025ac <tud_resume_cb>:
100025ac:	4770      	bx	lr
100025ae:	bf00      	nop

100025b0 <tud_mounted>:
100025b0:	4b02      	ldr	r3, [pc, #8]	@ (100025bc <tud_mounted+0xc>)
100025b2:	7858      	ldrb	r0, [r3, #1]
100025b4:	3800      	subs	r0, #0
100025b6:	bf18      	it	ne
100025b8:	2001      	movne	r0, #1
100025ba:	4770      	bx	lr
100025bc:	20001240 	.word	0x20001240

100025c0 <tud_suspended>:
100025c0:	4b02      	ldr	r3, [pc, #8]	@ (100025cc <tud_suspended+0xc>)
100025c2:	7818      	ldrb	r0, [r3, #0]
100025c4:	f3c0 0080 	ubfx	r0, r0, #2, #1
100025c8:	4770      	bx	lr
100025ca:	bf00      	nop
100025cc:	20001240 	.word	0x20001240

100025d0 <tud_rhport_init>:
100025d0:	e92d 47f0 	stmdb	sp!, {r4, r5, r6, r7, r8, r9, sl, lr}
100025d4:	f8df 90e8 	ldr.w	r9, [pc, #232]	@ 100026c0 <tud_rhport_init+0xf0>
100025d8:	f899 3000 	ldrb.w	r3, [r9]
100025dc:	2bff      	cmp	r3, #255	@ 0xff
100025de:	d002      	beq.n	100025e6 <tud_rhport_init+0x16>
100025e0:	2001      	movs	r0, #1
100025e2:	e8bd 87f0 	ldmia.w	sp!, {r4, r5, r6, r7, r8, r9, sl, pc}
100025e6:	460d      	mov	r5, r1
100025e8:	2900      	cmp	r1, #0
100025ea:	d03d      	beq.n	10002668 <tud_rhport_init+0x98>
100025ec:	2100      	movs	r1, #0
100025ee:	2254      	movs	r2, #84	@ 0x54
100025f0:	4606      	mov	r6, r0
100025f2:	4829      	ldr	r0, [pc, #164]	@ (10002698 <tud_rhport_init+0xc8>)
100025f4:	f001 fbd2 	bl	10003d9c <memset>
100025f8:	2200      	movs	r2, #0
100025fa:	4c28      	ldr	r4, [pc, #160]	@ (1000269c <tud_rhport_init+0xcc>)
100025fc:	4b28      	ldr	r3, [pc, #160]	@ (100026a0 <tud_rhport_init+0xd0>)
100025fe:	4620      	mov	r0, r4
10002600:	701a      	strb	r2, [r3, #0]
10002602:	f7fe f921 	bl	10000848 <mutex_init>
10002606:	4b27      	ldr	r3, [pc, #156]	@ (100026a4 <tud_rhport_init+0xd4>)
10002608:	4827      	ldr	r0, [pc, #156]	@ (100026a8 <tud_rhport_init+0xd8>)
1000260a:	601c      	str	r4, [r3, #0]
1000260c:	4c27      	ldr	r4, [pc, #156]	@ (100026ac <tud_rhport_init+0xdc>)
1000260e:	f7fe f929 	bl	10000864 <critical_section_init>
10002612:	4620      	mov	r0, r4
10002614:	f001 fb88 	bl	10003d28 <tu_fifo_clear>
10002618:	4a25      	ldr	r2, [pc, #148]	@ (100026b0 <tud_rhport_init+0xe0>)
1000261a:	4b26      	ldr	r3, [pc, #152]	@ (100026b4 <tud_rhport_init+0xe4>)
1000261c:	6014      	str	r4, [r2, #0]
1000261e:	4c26      	ldr	r4, [pc, #152]	@ (100026b8 <tud_rhport_init+0xe8>)
10002620:	b35b      	cbz	r3, 1000267a <tud_rhport_init+0xaa>
10002622:	4620      	mov	r0, r4
10002624:	f7ff fdea 	bl	100021fc <usbd_app_driver_get_cb>
10002628:	4b24      	ldr	r3, [pc, #144]	@ (100026bc <tud_rhport_init+0xec>)
1000262a:	7822      	ldrb	r2, [r4, #0]
1000262c:	6018      	str	r0, [r3, #0]
1000262e:	f04f 0a00 	mov.w	sl, #0
10002632:	f8df 8090 	ldr.w	r8, [pc, #144]	@ 100026c4 <tud_rhport_init+0xf4>
10002636:	4653      	mov	r3, sl
10002638:	4f20      	ldr	r7, [pc, #128]	@ (100026bc <tud_rhport_init+0xec>)
1000263a:	e00d      	b.n	10002658 <tud_rhport_init+0x88>
1000263c:	683a      	ldr	r2, [r7, #0]
1000263e:	eb12 1343 	adds.w	r3, r2, r3, lsl #5
10002642:	d011      	beq.n	10002668 <tud_rhport_init+0x98>
10002644:	685b      	ldr	r3, [r3, #4]
10002646:	b17b      	cbz	r3, 10002668 <tud_rhport_init+0x98>
10002648:	4798      	blx	r3
1000264a:	f10a 0a01 	add.w	sl, sl, #1
1000264e:	7822      	ldrb	r2, [r4, #0]
10002650:	fa5f f38a 	uxtb.w	r3, sl
10002654:	429a      	cmp	r2, r3
10002656:	d312      	bcc.n	1000267e <tud_rhport_init+0xae>
10002658:	4293      	cmp	r3, r2
1000265a:	d3ef      	bcc.n	1000263c <tud_rhport_init+0x6c>
1000265c:	1a9b      	subs	r3, r3, r2
1000265e:	eb08 1343 	add.w	r3, r8, r3, lsl #5
10002662:	685b      	ldr	r3, [r3, #4]
10002664:	2b00      	cmp	r3, #0
10002666:	d1ef      	bne.n	10002648 <tud_rhport_init+0x78>
10002668:	f04f 23e0 	mov.w	r3, #3758153728	@ 0xe000e000
1000266c:	f8d3 3df0 	ldr.w	r3, [r3, #3568]	@ 0xdf0
10002670:	07db      	lsls	r3, r3, #31
10002672:	d500      	bpl.n	10002676 <tud_rhport_init+0xa6>
10002674:	be00      	bkpt	0x0000
10002676:	2000      	movs	r0, #0
10002678:	e7b3      	b.n	100025e2 <tud_rhport_init+0x12>
1000267a:	7822      	ldrb	r2, [r4, #0]
1000267c:	e7d7      	b.n	1000262e <tud_rhport_init+0x5e>
1000267e:	4629      	mov	r1, r5
10002680:	4630      	mov	r0, r6
10002682:	f889 6000 	strb.w	r6, [r9]
10002686:	f7ff fdcd 	bl	10002224 <dcd_init>
1000268a:	2800      	cmp	r0, #0
1000268c:	d0ec      	beq.n	10002668 <tud_rhport_init+0x98>
1000268e:	4630      	mov	r0, r6
10002690:	f7ff fe10 	bl	100022b4 <dcd_int_enable>
10002694:	e7a4      	b.n	100025e0 <tud_rhport_init+0x10>
10002696:	bf00      	nop
10002698:	20001240 	.word	0x20001240
1000269c:	20001238 	.word	0x20001238
100026a0:	20001823 	.word	0x20001823
100026a4:	20001294 	.word	0x20001294
100026a8:	20000ed0 	.word	0x20000ed0
100026ac:	20000ebc 	.word	0x20000ebc
100026b0:	20001298 	.word	0x20001298
100026b4:	100021fd 	.word	0x100021fd
100026b8:	20001821 	.word	0x20001821
100026bc:	20001138 	.word	0x20001138
100026c0:	20000ed8 	.word	0x20000ed8
100026c4:	1000434c 	.word	0x1000434c

100026c8 <tud_task_ext>:
100026c8:	e92d 4ff0 	stmdb	sp!, {r4, r5, r6, r7, r8, r9, sl, fp, lr}
100026cc:	f8df 92b0 	ldr.w	r9, [pc, #688]	@ 10002980 <tud_task_ext+0x2b8>
100026d0:	b08b      	sub	sp, #44	@ 0x2c
100026d2:	f899 3000 	ldrb.w	r3, [r9]
100026d6:	2bff      	cmp	r3, #255	@ 0xff
100026d8:	f000 80ed 	beq.w	100028b6 <tud_task_ext+0x1ee>
100026dc:	4ca2      	ldr	r4, [pc, #648]	@ (10002968 <tud_task_ext+0x2a0>)
100026de:	4da3      	ldr	r5, [pc, #652]	@ (1000296c <tud_task_ext+0x2a4>)
100026e0:	f8df a298 	ldr.w	sl, [pc, #664]	@ 1000297c <tud_task_ext+0x2b4>
100026e4:	f8df b29c 	ldr.w	fp, [pc, #668]	@ 10002984 <tud_task_ext+0x2bc>
100026e8:	6826      	ldr	r6, [r4, #0]
100026ea:	6973      	ldr	r3, [r6, #20]
100026ec:	f3ef 8210 	mrs	r2, PRIMASK
100026f0:	b672      	cpsid	i
100026f2:	e8d3 0fcf 	ldaexb	r0, [r3]
100026f6:	2101      	movs	r1, #1
100026f8:	2800      	cmp	r0, #0
100026fa:	d1fa      	bne.n	100026f2 <tud_task_ext+0x2a>
100026fc:	e8c3 1f40 	strexb	r0, r1, [r3]
10002700:	2800      	cmp	r0, #0
10002702:	d1f6      	bne.n	100026f2 <tud_task_ext+0x2a>
10002704:	f3bf 8f5f 	dmb	sy
10002708:	61b2      	str	r2, [r6, #24]
1000270a:	4630      	mov	r0, r6
1000270c:	a907      	add	r1, sp, #28
1000270e:	f001 f959 	bl	100039c4 <tu_fifo_read>
10002712:	2300      	movs	r3, #0
10002714:	6972      	ldr	r2, [r6, #20]
10002716:	e8c2 3f8f 	stlb	r3, [r2]
1000271a:	69b3      	ldr	r3, [r6, #24]
1000271c:	f383 8810 	msr	PRIMASK, r3
10002720:	2800      	cmp	r0, #0
10002722:	f000 80c8 	beq.w	100028b6 <tud_task_ext+0x1ee>
10002726:	f89d 301d 	ldrb.w	r3, [sp, #29]
1000272a:	3b01      	subs	r3, #1
1000272c:	2b07      	cmp	r3, #7
1000272e:	f200 836b 	bhi.w	10002e08 <tud_task_ext+0x740>
10002732:	e8df f003 	tbb	[pc, r3]
10002736:	afa5      	.short	0xafa5
10002738:	358c9b93 	.word	0x358c9b93
1000273c:	040a      	.short	0x040a
1000273e:	9b08      	ldr	r3, [sp, #32]
10002740:	2b00      	cmp	r3, #0
10002742:	d0d1      	beq.n	100026e8 <tud_task_ext+0x20>
10002744:	9809      	ldr	r0, [sp, #36]	@ 0x24
10002746:	4798      	blx	r3
10002748:	e7ce      	b.n	100026e8 <tud_task_ext+0x20>
1000274a:	f89d 1020 	ldrb.w	r1, [sp, #32]
1000274e:	f001 067f 	and.w	r6, r1, #127	@ 0x7f
10002752:	eb05 0046 	add.w	r0, r5, r6, lsl #1
10002756:	eb00 10d1 	add.w	r0, r0, r1, lsr #7
1000275a:	f890 3034 	ldrb.w	r3, [r0, #52]	@ 0x34
1000275e:	f023 0301 	bic.w	r3, r3, #1
10002762:	f880 3034 	strb.w	r3, [r0, #52]	@ 0x34
10002766:	f890 3034 	ldrb.w	r3, [r0, #52]	@ 0x34
1000276a:	f023 0304 	bic.w	r3, r3, #4
1000276e:	f880 3034 	strb.w	r3, [r0, #52]	@ 0x34
10002772:	2e00      	cmp	r6, #0
10002774:	f000 80a2 	beq.w	100028bc <tud_task_ext+0x1f4>
10002778:	7d02      	ldrb	r2, [r0, #20]
1000277a:	f89a 3000 	ldrb.w	r3, [sl]
1000277e:	429a      	cmp	r2, r3
10002780:	f080 8091 	bcs.w	100028a6 <tud_task_ext+0x1de>
10002784:	4b7a      	ldr	r3, [pc, #488]	@ (10002970 <tud_task_ext+0x2a8>)
10002786:	681b      	ldr	r3, [r3, #0]
10002788:	eb13 1342 	adds.w	r3, r3, r2, lsl #5
1000278c:	f000 808c 	beq.w	100028a8 <tud_task_ext+0x1e0>
10002790:	699e      	ldr	r6, [r3, #24]
10002792:	f89d 2021 	ldrb.w	r2, [sp, #33]	@ 0x21
10002796:	9b09      	ldr	r3, [sp, #36]	@ 0x24
10002798:	f89d 001c 	ldrb.w	r0, [sp, #28]
1000279c:	47b0      	blx	r6
1000279e:	e7a3      	b.n	100026e8 <tud_task_ext+0x20>
100027a0:	f89b 3000 	ldrb.w	r3, [fp]
100027a4:	2b00      	cmp	r3, #0
100027a6:	d07f      	beq.n	100028a8 <tud_task_ext+0x1e0>
100027a8:	f89b 3000 	ldrb.w	r3, [fp]
100027ac:	3b01      	subs	r3, #1
100027ae:	b2db      	uxtb	r3, r3
100027b0:	f88b 3000 	strb.w	r3, [fp]
100027b4:	f89b 3000 	ldrb.w	r3, [fp]
100027b8:	f003 00ff 	and.w	r0, r3, #255	@ 0xff
100027bc:	2b00      	cmp	r3, #0
100027be:	d193      	bne.n	100026e8 <tud_task_ext+0x20>
100027c0:	4f6a      	ldr	r7, [pc, #424]	@ (1000296c <tud_task_ext+0x2a4>)
100027c2:	f89d 801c 	ldrb.w	r8, [sp, #28]
100027c6:	783b      	ldrb	r3, [r7, #0]
100027c8:	f043 0301 	orr.w	r3, r3, #1
100027cc:	703b      	strb	r3, [r7, #0]
100027ce:	f897 3034 	ldrb.w	r3, [r7, #52]	@ 0x34
100027d2:	f360 0300 	bfi	r3, r0, #0, #1
100027d6:	f887 3034 	strb.w	r3, [r7, #52]	@ 0x34
100027da:	f897 3034 	ldrb.w	r3, [r7, #52]	@ 0x34
100027de:	f360 0382 	bfi	r3, r0, #2, #1
100027e2:	f887 3034 	strb.w	r3, [r7, #52]	@ 0x34
100027e6:	f897 3035 	ldrb.w	r3, [r7, #53]	@ 0x35
100027ea:	f360 0300 	bfi	r3, r0, #0, #1
100027ee:	f887 3035 	strb.w	r3, [r7, #53]	@ 0x35
100027f2:	f897 3035 	ldrb.w	r3, [r7, #53]	@ 0x35
100027f6:	f360 0382 	bfi	r3, r0, #2, #1
100027fa:	f887 3035 	strb.w	r3, [r7, #53]	@ 0x35
100027fe:	f000 fc59 	bl	100030b4 <usbd_control_set_complete_callback>
10002802:	f89d 3020 	ldrb.w	r3, [sp, #32]
10002806:	f003 0260 	and.w	r2, r3, #96	@ 0x60
1000280a:	2a60      	cmp	r2, #96	@ 0x60
1000280c:	d066      	beq.n	100028dc <tud_task_ext+0x214>
1000280e:	2a40      	cmp	r2, #64	@ 0x40
10002810:	d076      	beq.n	10002900 <tud_task_ext+0x238>
10002812:	f003 031f 	and.w	r3, r3, #31
10002816:	2b01      	cmp	r3, #1
10002818:	f000 80b6 	beq.w	10002988 <tud_task_ext+0x2c0>
1000281c:	2b02      	cmp	r3, #2
1000281e:	d07b      	beq.n	10002918 <tud_task_ext+0x250>
10002820:	2b00      	cmp	r3, #0
10002822:	d15b      	bne.n	100028dc <tud_task_ext+0x214>
10002824:	2a20      	cmp	r2, #32
10002826:	f000 81db 	beq.w	10002be0 <tud_task_ext+0x518>
1000282a:	2a00      	cmp	r2, #0
1000282c:	d156      	bne.n	100028dc <tud_task_ext+0x214>
1000282e:	f89d 3021 	ldrb.w	r3, [sp, #33]	@ 0x21
10002832:	2b09      	cmp	r3, #9
10002834:	d852      	bhi.n	100028dc <tud_task_ext+0x214>
10002836:	e8df f013 	tbh	[pc, r3, lsl #1]
1000283a:	01a2      	.short	0x01a2
1000283c:	00510194 	.word	0x00510194
10002840:	005101b3 	.word	0x005101b3
10002844:	015d0187 	.word	0x015d0187
10002848:	01520051 	.word	0x01520051
1000284c:	00e5      	.short	0x00e5
1000284e:	782b      	ldrb	r3, [r5, #0]
10002850:	07d9      	lsls	r1, r3, #31
10002852:	f57f af49 	bpl.w	100026e8 <tud_task_ext+0x20>
10002856:	f7ff fea9 	bl	100025ac <tud_resume_cb>
1000285a:	e745      	b.n	100026e8 <tud_task_ext+0x20>
1000285c:	78eb      	ldrb	r3, [r5, #3]
1000285e:	07da      	lsls	r2, r3, #31
10002860:	f57f af42 	bpl.w	100026e8 <tud_task_ext+0x20>
10002864:	9808      	ldr	r0, [sp, #32]
10002866:	f7ff fe95 	bl	10002594 <tud_sof_cb>
1000286a:	e73d      	b.n	100026e8 <tud_task_ext+0x20>
1000286c:	782b      	ldrb	r3, [r5, #0]
1000286e:	07d8      	lsls	r0, r3, #31
10002870:	f57f af3a 	bpl.w	100026e8 <tud_task_ext+0x20>
10002874:	7828      	ldrb	r0, [r5, #0]
10002876:	f3c0 00c0 	ubfx	r0, r0, #3, #1
1000287a:	f7ff fe95 	bl	100025a8 <tud_suspend_cb>
1000287e:	e733      	b.n	100026e8 <tud_task_ext+0x20>
10002880:	f89d 001c 	ldrb.w	r0, [sp, #28]
10002884:	f7ff fe3e 	bl	10002504 <configuration_reset>
10002888:	f000 fc0a 	bl	100030a0 <usbd_control_reset>
1000288c:	f89d 3020 	ldrb.w	r3, [sp, #32]
10002890:	70ab      	strb	r3, [r5, #2]
10002892:	e729      	b.n	100026e8 <tud_task_ext+0x20>
10002894:	f89d 001c 	ldrb.w	r0, [sp, #28]
10002898:	f7ff fe34 	bl	10002504 <configuration_reset>
1000289c:	f000 fc00 	bl	100030a0 <usbd_control_reset>
100028a0:	f7ff fe80 	bl	100025a4 <tud_umount_cb>
100028a4:	e720      	b.n	100026e8 <tud_task_ext+0x20>
100028a6:	d011      	beq.n	100028cc <tud_task_ext+0x204>
100028a8:	f04f 23e0 	mov.w	r3, #3758153728	@ 0xe000e000
100028ac:	f8d3 3df0 	ldr.w	r3, [r3, #3568]	@ 0xdf0
100028b0:	07dc      	lsls	r4, r3, #31
100028b2:	d500      	bpl.n	100028b6 <tud_task_ext+0x1ee>
100028b4:	be00      	bkpt	0x0000
100028b6:	b00b      	add	sp, #44	@ 0x2c
100028b8:	e8bd 8ff0 	ldmia.w	sp!, {r4, r5, r6, r7, r8, r9, sl, fp, pc}
100028bc:	9b09      	ldr	r3, [sp, #36]	@ 0x24
100028be:	f89d 2021 	ldrb.w	r2, [sp, #33]	@ 0x21
100028c2:	f89d 001c 	ldrb.w	r0, [sp, #28]
100028c6:	f000 fc09 	bl	100030dc <usbd_control_xfer_cb>
100028ca:	e70d      	b.n	100026e8 <tud_task_ext+0x20>
100028cc:	4b29      	ldr	r3, [pc, #164]	@ (10002974 <tud_task_ext+0x2ac>)
100028ce:	e75f      	b.n	10002790 <tud_task_ext+0xc8>
100028d0:	f7ff fb20 	bl	10001f14 <tud_descriptor_configuration_cb>
100028d4:	4602      	mov	r2, r0
100028d6:	2800      	cmp	r0, #0
100028d8:	f040 8179 	bne.w	10002bce <tud_task_ext+0x506>
100028dc:	f04f 23e0 	mov.w	r3, #3758153728	@ 0xe000e000
100028e0:	f8d3 3df0 	ldr.w	r3, [r3, #3568]	@ 0xdf0
100028e4:	07de      	lsls	r6, r3, #31
100028e6:	d500      	bpl.n	100028ea <tud_task_ext+0x222>
100028e8:	be00      	bkpt	0x0000
100028ea:	f89d 001c 	ldrb.w	r0, [sp, #28]
100028ee:	2100      	movs	r1, #0
100028f0:	f7ff fd9c 	bl	1000242c <dcd_edpt_stall>
100028f4:	2180      	movs	r1, #128	@ 0x80
100028f6:	f89d 001c 	ldrb.w	r0, [sp, #28]
100028fa:	f7ff fd97 	bl	1000242c <dcd_edpt_stall>
100028fe:	e6f3      	b.n	100026e8 <tud_task_ext+0x20>
10002900:	481d      	ldr	r0, [pc, #116]	@ (10002978 <tud_task_ext+0x2b0>)
10002902:	f000 fbd7 	bl	100030b4 <usbd_control_set_complete_callback>
10002906:	2101      	movs	r1, #1
10002908:	4640      	mov	r0, r8
1000290a:	aa08      	add	r2, sp, #32
1000290c:	f7ff fc62 	bl	100021d4 <tud_vendor_control_xfer_cb>
10002910:	2800      	cmp	r0, #0
10002912:	f47f aee9 	bne.w	100026e8 <tud_task_ext+0x20>
10002916:	e7e8      	b.n	100028ea <tud_task_ext+0x222>
10002918:	f89d 1024 	ldrb.w	r1, [sp, #36]	@ 0x24
1000291c:	f011 0f70 	tst.w	r1, #112	@ 0x70
10002920:	d1dc      	bne.n	100028dc <tud_task_ext+0x214>
10002922:	f001 067f 	and.w	r6, r1, #127	@ 0x7f
10002926:	eb07 0046 	add.w	r0, r7, r6, lsl #1
1000292a:	4b14      	ldr	r3, [pc, #80]	@ (1000297c <tud_task_ext+0x2b4>)
1000292c:	eb00 10d1 	add.w	r0, r0, r1, lsr #7
10002930:	781b      	ldrb	r3, [r3, #0]
10002932:	7d00      	ldrb	r0, [r0, #20]
10002934:	0076      	lsls	r6, r6, #1
10002936:	9601      	str	r6, [sp, #4]
10002938:	4298      	cmp	r0, r3
1000293a:	ea4f 16d1 	mov.w	r6, r1, lsr #7
1000293e:	9600      	str	r6, [sp, #0]
10002940:	d34f      	bcc.n	100029e2 <tud_task_ext+0x31a>
10002942:	f040 815f 	bne.w	10002c04 <tud_task_ext+0x53c>
10002946:	4e0b      	ldr	r6, [pc, #44]	@ (10002974 <tud_task_ext+0x2ac>)
10002948:	2a00      	cmp	r2, #0
1000294a:	f000 815f 	beq.w	10002c0c <tud_task_ext+0x544>
1000294e:	6970      	ldr	r0, [r6, #20]
10002950:	f000 fbb0 	bl	100030b4 <usbd_control_set_complete_callback>
10002954:	2101      	movs	r1, #1
10002956:	4640      	mov	r0, r8
10002958:	6973      	ldr	r3, [r6, #20]
1000295a:	aa08      	add	r2, sp, #32
1000295c:	4798      	blx	r3
1000295e:	2800      	cmp	r0, #0
10002960:	f47f aec2 	bne.w	100026e8 <tud_task_ext+0x20>
10002964:	e7c1      	b.n	100028ea <tud_task_ext+0x222>
10002966:	bf00      	nop
10002968:	20001298 	.word	0x20001298
1000296c:	20001240 	.word	0x20001240
10002970:	20001138 	.word	0x20001138
10002974:	1000434c 	.word	0x1000434c
10002978:	100021d5 	.word	0x100021d5
1000297c:	20001821 	.word	0x20001821
10002980:	20000ed8 	.word	0x20000ed8
10002984:	20001823 	.word	0x20001823
10002988:	f89d 3024 	ldrb.w	r3, [sp, #36]	@ 0x24
1000298c:	2b0f      	cmp	r3, #15
1000298e:	d8ac      	bhi.n	100028ea <tud_task_ext+0x222>
10002990:	4aaa      	ldr	r2, [pc, #680]	@ (10002c3c <tud_task_ext+0x574>)
10002992:	443b      	add	r3, r7
10002994:	791b      	ldrb	r3, [r3, #4]
10002996:	7812      	ldrb	r2, [r2, #0]
10002998:	4293      	cmp	r3, r2
1000299a:	d32d      	bcc.n	100029f8 <tud_task_ext+0x330>
1000299c:	d1a5      	bne.n	100028ea <tud_task_ext+0x222>
1000299e:	4ea8      	ldr	r6, [pc, #672]	@ (10002c40 <tud_task_ext+0x578>)
100029a0:	6970      	ldr	r0, [r6, #20]
100029a2:	f000 fb87 	bl	100030b4 <usbd_control_set_complete_callback>
100029a6:	2101      	movs	r1, #1
100029a8:	4640      	mov	r0, r8
100029aa:	6973      	ldr	r3, [r6, #20]
100029ac:	aa08      	add	r2, sp, #32
100029ae:	4798      	blx	r3
100029b0:	2800      	cmp	r0, #0
100029b2:	f47f ae99 	bne.w	100026e8 <tud_task_ext+0x20>
100029b6:	f89d 3020 	ldrb.w	r3, [sp, #32]
100029ba:	f013 0660 	ands.w	r6, r3, #96	@ 0x60
100029be:	d194      	bne.n	100028ea <tud_task_ext+0x222>
100029c0:	f89d 3021 	ldrb.w	r3, [sp, #33]	@ 0x21
100029c4:	3b0a      	subs	r3, #10
100029c6:	2b01      	cmp	r3, #1
100029c8:	d88f      	bhi.n	100028ea <tud_task_ext+0x222>
100029ca:	f000 fb73 	bl	100030b4 <usbd_control_set_complete_callback>
100029ce:	f89d 3021 	ldrb.w	r3, [sp, #33]	@ 0x21
100029d2:	2b0a      	cmp	r3, #10
100029d4:	f000 81f1 	beq.w	10002dba <tud_task_ext+0x6f2>
100029d8:	4640      	mov	r0, r8
100029da:	a908      	add	r1, sp, #32
100029dc:	f000 faf0 	bl	10002fc0 <tud_control_status>
100029e0:	e682      	b.n	100026e8 <tud_task_ext+0x20>
100029e2:	4b98      	ldr	r3, [pc, #608]	@ (10002c44 <tud_task_ext+0x57c>)
100029e4:	681b      	ldr	r3, [r3, #0]
100029e6:	eb03 1640 	add.w	r6, r3, r0, lsl #5
100029ea:	2a00      	cmp	r2, #0
100029ec:	f000 810e 	beq.w	10002c0c <tud_task_ext+0x544>
100029f0:	2e00      	cmp	r6, #0
100029f2:	f43f af7a 	beq.w	100028ea <tud_task_ext+0x222>
100029f6:	e7aa      	b.n	1000294e <tud_task_ext+0x286>
100029f8:	4a92      	ldr	r2, [pc, #584]	@ (10002c44 <tud_task_ext+0x57c>)
100029fa:	6816      	ldr	r6, [r2, #0]
100029fc:	eb16 1643 	adds.w	r6, r6, r3, lsl #5
10002a00:	d1ce      	bne.n	100029a0 <tud_task_ext+0x2d8>
10002a02:	e772      	b.n	100028ea <tud_task_ext+0x222>
10002a04:	787b      	ldrb	r3, [r7, #1]
10002a06:	f89d 6022 	ldrb.w	r6, [sp, #34]	@ 0x22
10002a0a:	429e      	cmp	r6, r3
10002a0c:	f000 814c 	beq.w	10002ca8 <tud_task_ext+0x5e0>
10002a10:	787b      	ldrb	r3, [r7, #1]
10002a12:	2b00      	cmp	r3, #0
10002a14:	f040 81bd 	bne.w	10002d92 <tud_task_ext+0x6ca>
10002a18:	707e      	strb	r6, [r7, #1]
10002a1a:	2e00      	cmp	r6, #0
10002a1c:	f000 8142 	beq.w	10002ca4 <tud_task_ext+0x5dc>
10002a20:	1e70      	subs	r0, r6, #1
10002a22:	b2c0      	uxtb	r0, r0
10002a24:	f7ff fa76 	bl	10001f14 <tud_descriptor_configuration_cb>
10002a28:	4603      	mov	r3, r0
10002a2a:	2800      	cmp	r0, #0
10002a2c:	f000 815e 	beq.w	10002cec <tud_task_ext+0x624>
10002a30:	7842      	ldrb	r2, [r0, #1]
10002a32:	2a02      	cmp	r2, #2
10002a34:	f040 815a 	bne.w	10002cec <tud_task_ext+0x624>
10002a38:	79c1      	ldrb	r1, [r0, #7]
10002a3a:	f103 0609 	add.w	r6, r3, #9
10002a3e:	f3c1 1240 	ubfx	r2, r1, #5, #1
10002a42:	0112      	lsls	r2, r2, #4
10002a44:	f3c1 1180 	ubfx	r1, r1, #6, #1
10002a48:	ea42 1241 	orr.w	r2, r2, r1, lsl #5
10002a4c:	4631      	mov	r1, r6
10002a4e:	7838      	ldrb	r0, [r7, #0]
10002a50:	f020 0030 	bic.w	r0, r0, #48	@ 0x30
10002a54:	4302      	orrs	r2, r0
10002a56:	703a      	strb	r2, [r7, #0]
10002a58:	885a      	ldrh	r2, [r3, #2]
10002a5a:	f8cd 8008 	str.w	r8, [sp, #8]
10002a5e:	189a      	adds	r2, r3, r2
10002a60:	9200      	str	r2, [sp, #0]
10002a62:	9b00      	ldr	r3, [sp, #0]
10002a64:	428b      	cmp	r3, r1
10002a66:	f240 81a3 	bls.w	10002db0 <tud_task_ext+0x6e8>
10002a6a:	784b      	ldrb	r3, [r1, #1]
10002a6c:	2b0b      	cmp	r3, #11
10002a6e:	f000 81ae 	beq.w	10002dce <tud_task_ext+0x706>
10002a72:	f04f 0c01 	mov.w	ip, #1
10002a76:	2b04      	cmp	r3, #4
10002a78:	f040 8138 	bne.w	10002cec <tud_task_ext+0x624>
10002a7c:	2300      	movs	r3, #0
10002a7e:	9a00      	ldr	r2, [sp, #0]
10002a80:	461e      	mov	r6, r3
10002a82:	1a52      	subs	r2, r2, r1
10002a84:	b292      	uxth	r2, r2
10002a86:	9201      	str	r2, [sp, #4]
10002a88:	4a6c      	ldr	r2, [pc, #432]	@ (10002c3c <tud_task_ext+0x574>)
10002a8a:	f8cd c00c 	str.w	ip, [sp, #12]
10002a8e:	7812      	ldrb	r2, [r2, #0]
10002a90:	e01d      	b.n	10002ace <tud_task_ext+0x406>
10002a92:	4a6c      	ldr	r2, [pc, #432]	@ (10002c44 <tud_task_ext+0x57c>)
10002a94:	6812      	ldr	r2, [r2, #0]
10002a96:	eb12 1846 	adds.w	r8, r2, r6, lsl #5
10002a9a:	f000 8127 	beq.w	10002cec <tud_task_ext+0x624>
10002a9e:	9a01      	ldr	r2, [sp, #4]
10002aa0:	9305      	str	r3, [sp, #20]
10002aa2:	9802      	ldr	r0, [sp, #8]
10002aa4:	f8d8 3010 	ldr.w	r3, [r8, #16]
10002aa8:	9104      	str	r1, [sp, #16]
10002aaa:	4798      	blx	r3
10002aac:	9b05      	ldr	r3, [sp, #20]
10002aae:	2808      	cmp	r0, #8
10002ab0:	4602      	mov	r2, r0
10002ab2:	9904      	ldr	r1, [sp, #16]
10002ab4:	f103 0301 	add.w	r3, r3, #1
10002ab8:	d903      	bls.n	10002ac2 <tud_task_ext+0x3fa>
10002aba:	9801      	ldr	r0, [sp, #4]
10002abc:	4290      	cmp	r0, r2
10002abe:	f080 80f8 	bcs.w	10002cb2 <tud_task_ext+0x5ea>
10002ac2:	4a5e      	ldr	r2, [pc, #376]	@ (10002c3c <tud_task_ext+0x574>)
10002ac4:	b2de      	uxtb	r6, r3
10002ac6:	7812      	ldrb	r2, [r2, #0]
10002ac8:	42b2      	cmp	r2, r6
10002aca:	f0c0 810f 	bcc.w	10002cec <tud_task_ext+0x624>
10002ace:	42b2      	cmp	r2, r6
10002ad0:	eba6 0202 	sub.w	r2, r6, r2
10002ad4:	d8dd      	bhi.n	10002a92 <tud_task_ext+0x3ca>
10002ad6:	485a      	ldr	r0, [pc, #360]	@ (10002c40 <tud_task_ext+0x578>)
10002ad8:	eb00 1842 	add.w	r8, r0, r2, lsl #5
10002adc:	e7df      	b.n	10002a9e <tud_task_ext+0x3d6>
10002ade:	787b      	ldrb	r3, [r7, #1]
10002ae0:	4640      	mov	r0, r8
10002ae2:	f88d 301a 	strb.w	r3, [sp, #26]
10002ae6:	f10d 021a 	add.w	r2, sp, #26
10002aea:	2301      	movs	r3, #1
10002aec:	a908      	add	r1, sp, #32
10002aee:	f000 fa81 	bl	10002ff4 <tud_control_xfer>
10002af2:	e5f9      	b.n	100026e8 <tud_task_ext+0x20>
10002af4:	f8bd 0022 	ldrh.w	r0, [sp, #34]	@ 0x22
10002af8:	0a03      	lsrs	r3, r0, #8
10002afa:	3b01      	subs	r3, #1
10002afc:	0a02      	lsrs	r2, r0, #8
10002afe:	b2c0      	uxtb	r0, r0
10002b00:	2b0e      	cmp	r3, #14
10002b02:	f63f aef2 	bhi.w	100028ea <tud_task_ext+0x222>
10002b06:	a101      	add	r1, pc, #4	@ (adr r1, 10002b0c <tud_task_ext+0x444>)
10002b08:	f851 f023 	ldr.w	pc, [r1, r3, lsl #2]
10002b0c:	10002d1d 	.word	0x10002d1d
10002b10:	10002bbd 	.word	0x10002bbd
10002b14:	10002d59 	.word	0x10002d59
10002b18:	100028eb 	.word	0x100028eb
10002b1c:	100028eb 	.word	0x100028eb
10002b20:	10002d3b 	.word	0x10002d3b
10002b24:	10002bbd 	.word	0x10002bbd
10002b28:	100028eb 	.word	0x100028eb
10002b2c:	100028eb 	.word	0x100028eb
10002b30:	100028eb 	.word	0x100028eb
10002b34:	100028eb 	.word	0x100028eb
10002b38:	100028eb 	.word	0x100028eb
10002b3c:	100028eb 	.word	0x100028eb
10002b40:	100028eb 	.word	0x100028eb
10002b44:	10002d0f 	.word	0x10002d0f
10002b48:	a808      	add	r0, sp, #32
10002b4a:	f000 fab9 	bl	100030c0 <usbd_control_set_request>
10002b4e:	4640      	mov	r0, r8
10002b50:	f89d 1022 	ldrb.w	r1, [sp, #34]	@ 0x22
10002b54:	f7ff fbb2 	bl	100022bc <dcd_set_address>
10002b58:	783b      	ldrb	r3, [r7, #0]
10002b5a:	f043 0302 	orr.w	r3, r3, #2
10002b5e:	703b      	strb	r3, [r7, #0]
10002b60:	e5c2      	b.n	100026e8 <tud_task_ext+0x20>
10002b62:	f8bd 3022 	ldrh.w	r3, [sp, #34]	@ 0x22
10002b66:	2b01      	cmp	r3, #1
10002b68:	f47f aebf 	bne.w	100028ea <tud_task_ext+0x222>
10002b6c:	783b      	ldrb	r3, [r7, #0]
10002b6e:	4640      	mov	r0, r8
10002b70:	f023 0308 	bic.w	r3, r3, #8
10002b74:	a908      	add	r1, sp, #32
10002b76:	703b      	strb	r3, [r7, #0]
10002b78:	f000 fa22 	bl	10002fc0 <tud_control_status>
10002b7c:	e5b4      	b.n	100026e8 <tud_task_ext+0x20>
10002b7e:	4640      	mov	r0, r8
10002b80:	783b      	ldrb	r3, [r7, #0]
10002b82:	089a      	lsrs	r2, r3, #2
10002b84:	f002 0202 	and.w	r2, r2, #2
10002b88:	f3c3 1340 	ubfx	r3, r3, #5, #1
10002b8c:	4313      	orrs	r3, r2
10002b8e:	f8ad 301a 	strh.w	r3, [sp, #26]
10002b92:	f10d 021a 	add.w	r2, sp, #26
10002b96:	2302      	movs	r3, #2
10002b98:	a908      	add	r1, sp, #32
10002b9a:	f000 fa2b 	bl	10002ff4 <tud_control_xfer>
10002b9e:	e5a3      	b.n	100026e8 <tud_task_ext+0x20>
10002ba0:	f8bd 3022 	ldrh.w	r3, [sp, #34]	@ 0x22
10002ba4:	2b01      	cmp	r3, #1
10002ba6:	f47f aea0 	bne.w	100028ea <tud_task_ext+0x222>
10002baa:	783b      	ldrb	r3, [r7, #0]
10002bac:	4640      	mov	r0, r8
10002bae:	f043 0308 	orr.w	r3, r3, #8
10002bb2:	a908      	add	r1, sp, #32
10002bb4:	703b      	strb	r3, [r7, #0]
10002bb6:	f000 fa03 	bl	10002fc0 <tud_control_status>
10002bba:	e595      	b.n	100026e8 <tud_task_ext+0x20>
10002bbc:	2a02      	cmp	r2, #2
10002bbe:	f43f ae87 	beq.w	100028d0 <tud_task_ext+0x208>
10002bc2:	f7ff fceb 	bl	1000259c <tud_descriptor_other_speed_configuration_cb>
10002bc6:	4602      	mov	r2, r0
10002bc8:	2800      	cmp	r0, #0
10002bca:	f43f ae8e 	beq.w	100028ea <tud_task_ext+0x222>
10002bce:	4640      	mov	r0, r8
10002bd0:	8853      	ldrh	r3, [r2, #2]
10002bd2:	a908      	add	r1, sp, #32
10002bd4:	f000 fa0e 	bl	10002ff4 <tud_control_xfer>
10002bd8:	2800      	cmp	r0, #0
10002bda:	f47f ad85 	bne.w	100026e8 <tud_task_ext+0x20>
10002bde:	e684      	b.n	100028ea <tud_task_ext+0x222>
10002be0:	f89d 3024 	ldrb.w	r3, [sp, #36]	@ 0x24
10002be4:	2b0f      	cmp	r3, #15
10002be6:	f63f ae80 	bhi.w	100028ea <tud_task_ext+0x222>
10002bea:	4a14      	ldr	r2, [pc, #80]	@ (10002c3c <tud_task_ext+0x574>)
10002bec:	443b      	add	r3, r7
10002bee:	791b      	ldrb	r3, [r3, #4]
10002bf0:	7812      	ldrb	r2, [r2, #0]
10002bf2:	4293      	cmp	r3, r2
10002bf4:	d21d      	bcs.n	10002c32 <tud_task_ext+0x56a>
10002bf6:	4a13      	ldr	r2, [pc, #76]	@ (10002c44 <tud_task_ext+0x57c>)
10002bf8:	6816      	ldr	r6, [r2, #0]
10002bfa:	eb16 1643 	adds.w	r6, r6, r3, lsl #5
10002bfe:	f47f aea6 	bne.w	1000294e <tud_task_ext+0x286>
10002c02:	e672      	b.n	100028ea <tud_task_ext+0x222>
10002c04:	2a00      	cmp	r2, #0
10002c06:	f47f ae70 	bne.w	100028ea <tud_task_ext+0x222>
10002c0a:	2600      	movs	r6, #0
10002c0c:	f89d 2021 	ldrb.w	r2, [sp, #33]	@ 0x21
10002c10:	f002 03fd 	and.w	r3, r2, #253	@ 0xfd
10002c14:	2b01      	cmp	r3, #1
10002c16:	d017      	beq.n	10002c48 <tud_task_ext+0x580>
10002c18:	2a00      	cmp	r2, #0
10002c1a:	f47f ae5f 	bne.w	100028dc <tud_task_ext+0x214>
10002c1e:	9b01      	ldr	r3, [sp, #4]
10002c20:	9a00      	ldr	r2, [sp, #0]
10002c22:	443b      	add	r3, r7
10002c24:	4413      	add	r3, r2
10002c26:	f893 3034 	ldrb.w	r3, [r3, #52]	@ 0x34
10002c2a:	4640      	mov	r0, r8
10002c2c:	f3c3 0340 	ubfx	r3, r3, #1, #1
10002c30:	e7ad      	b.n	10002b8e <tud_task_ext+0x4c6>
10002c32:	f47f ae5a 	bne.w	100028ea <tud_task_ext+0x222>
10002c36:	4e02      	ldr	r6, [pc, #8]	@ (10002c40 <tud_task_ext+0x578>)
10002c38:	e689      	b.n	1000294e <tud_task_ext+0x286>
10002c3a:	bf00      	nop
10002c3c:	20001821 	.word	0x20001821
10002c40:	1000434c 	.word	0x1000434c
10002c44:	20001138 	.word	0x20001138
10002c48:	f8bd 3022 	ldrh.w	r3, [sp, #34]	@ 0x22
10002c4c:	b9b3      	cbnz	r3, 10002c7c <tud_task_ext+0x5b4>
10002c4e:	2a01      	cmp	r2, #1
10002c50:	f899 0000 	ldrb.w	r0, [r9]
10002c54:	f000 8088 	beq.w	10002d68 <tud_task_ext+0x6a0>
10002c58:	f7ff fbe8 	bl	1000242c <dcd_edpt_stall>
10002c5c:	9b01      	ldr	r3, [sp, #4]
10002c5e:	9a00      	ldr	r2, [sp, #0]
10002c60:	443b      	add	r3, r7
10002c62:	4413      	add	r3, r2
10002c64:	f893 2034 	ldrb.w	r2, [r3, #52]	@ 0x34
10002c68:	f042 0202 	orr.w	r2, r2, #2
10002c6c:	f883 2034 	strb.w	r2, [r3, #52]	@ 0x34
10002c70:	f893 2034 	ldrb.w	r2, [r3, #52]	@ 0x34
10002c74:	f042 0201 	orr.w	r2, r2, #1
10002c78:	f883 2034 	strb.w	r2, [r3, #52]	@ 0x34
10002c7c:	2e00      	cmp	r6, #0
10002c7e:	f43f ad33 	beq.w	100026e8 <tud_task_ext+0x20>
10002c82:	6970      	ldr	r0, [r6, #20]
10002c84:	f000 fa16 	bl	100030b4 <usbd_control_set_complete_callback>
10002c88:	6973      	ldr	r3, [r6, #20]
10002c8a:	2101      	movs	r1, #1
10002c8c:	aa08      	add	r2, sp, #32
10002c8e:	4640      	mov	r0, r8
10002c90:	4798      	blx	r3
10002c92:	2000      	movs	r0, #0
10002c94:	f000 fa0e 	bl	100030b4 <usbd_control_set_complete_callback>
10002c98:	f897 3035 	ldrb.w	r3, [r7, #53]	@ 0x35
10002c9c:	07df      	lsls	r7, r3, #31
10002c9e:	f53f ad23 	bmi.w	100026e8 <tud_task_ext+0x20>
10002ca2:	e699      	b.n	100029d8 <tud_task_ext+0x310>
10002ca4:	f7ff fc7e 	bl	100025a4 <tud_umount_cb>
10002ca8:	4640      	mov	r0, r8
10002caa:	a908      	add	r1, sp, #32
10002cac:	f000 f988 	bl	10002fc0 <tud_control_status>
10002cb0:	e51a      	b.n	100026e8 <tud_task_ext+0x20>
10002cb2:	f8dd c00c 	ldr.w	ip, [sp, #12]
10002cb6:	f1bc 0f01 	cmp.w	ip, #1
10002cba:	f000 809d 	beq.w	10002df8 <tud_task_ext+0x730>
10002cbe:	f1bc 0f00 	cmp.w	ip, #0
10002cc2:	f000 808a 	beq.w	10002dda <tud_task_ext+0x712>
10002cc6:	2300      	movs	r3, #0
10002cc8:	f891 8002 	ldrb.w	r8, [r1, #2]
10002ccc:	e004      	b.n	10002cd8 <tud_task_ext+0x610>
10002cce:	7106      	strb	r6, [r0, #4]
10002cd0:	b2d8      	uxtb	r0, r3
10002cd2:	4584      	cmp	ip, r0
10002cd4:	f240 8081 	bls.w	10002dda <tud_task_ext+0x712>
10002cd8:	eb08 0003 	add.w	r0, r8, r3
10002cdc:	fa57 f080 	uxtab	r0, r7, r0
10002ce0:	f890 e004 	ldrb.w	lr, [r0, #4]
10002ce4:	3301      	adds	r3, #1
10002ce6:	f1be 0fff 	cmp.w	lr, #255	@ 0xff
10002cea:	d0f0      	beq.n	10002cce <tud_task_ext+0x606>
10002cec:	f04f 23e0 	mov.w	r3, #3758153728	@ 0xe000e000
10002cf0:	f8d3 3df0 	ldr.w	r3, [r3, #3568]	@ 0xdf0
10002cf4:	07da      	lsls	r2, r3, #31
10002cf6:	d500      	bpl.n	10002cfa <tud_task_ext+0x632>
10002cf8:	be00      	bkpt	0x0000
10002cfa:	f04f 23e0 	mov.w	r3, #3758153728	@ 0xe000e000
10002cfe:	f8d3 3df0 	ldr.w	r3, [r3, #3568]	@ 0xdf0
10002d02:	07db      	lsls	r3, r3, #31
10002d04:	d500      	bpl.n	10002d08 <tud_task_ext+0x640>
10002d06:	be00      	bkpt	0x0000
10002d08:	2300      	movs	r3, #0
10002d0a:	707b      	strb	r3, [r7, #1]
10002d0c:	e5ed      	b.n	100028ea <tud_task_ext+0x222>
10002d0e:	f7ff fa5d 	bl	100021cc <tud_descriptor_bos_cb>
10002d12:	4602      	mov	r2, r0
10002d14:	2800      	cmp	r0, #0
10002d16:	f47f af5a 	bne.w	10002bce <tud_task_ext+0x506>
10002d1a:	e5e6      	b.n	100028ea <tud_task_ext+0x222>
10002d1c:	f7ff f8f6 	bl	10001f0c <tud_descriptor_device_cb>
10002d20:	4602      	mov	r2, r0
10002d22:	2800      	cmp	r0, #0
10002d24:	f43f adda 	beq.w	100028dc <tud_task_ext+0x214>
10002d28:	4640      	mov	r0, r8
10002d2a:	2312      	movs	r3, #18
10002d2c:	a908      	add	r1, sp, #32
10002d2e:	f000 f961 	bl	10002ff4 <tud_control_xfer>
10002d32:	2800      	cmp	r0, #0
10002d34:	f47f acd8 	bne.w	100026e8 <tud_task_ext+0x20>
10002d38:	e5d7      	b.n	100028ea <tud_task_ext+0x222>
10002d3a:	f7ff fc2d 	bl	10002598 <tud_descriptor_device_qualifier_cb>
10002d3e:	4602      	mov	r2, r0
10002d40:	2800      	cmp	r0, #0
10002d42:	f43f add2 	beq.w	100028ea <tud_task_ext+0x222>
10002d46:	4640      	mov	r0, r8
10002d48:	7813      	ldrb	r3, [r2, #0]
10002d4a:	a908      	add	r1, sp, #32
10002d4c:	f000 f952 	bl	10002ff4 <tud_control_xfer>
10002d50:	2800      	cmp	r0, #0
10002d52:	f47f acc9 	bne.w	100026e8 <tud_task_ext+0x20>
10002d56:	e5c8      	b.n	100028ea <tud_task_ext+0x222>
10002d58:	f8bd 1024 	ldrh.w	r1, [sp, #36]	@ 0x24
10002d5c:	f7ff f8de 	bl	10001f1c <tud_descriptor_string_cb>
10002d60:	4602      	mov	r2, r0
10002d62:	2800      	cmp	r0, #0
10002d64:	d1ef      	bne.n	10002d46 <tud_task_ext+0x67e>
10002d66:	e5c0      	b.n	100028ea <tud_task_ext+0x222>
10002d68:	9302      	str	r3, [sp, #8]
10002d6a:	f7ff fb75 	bl	10002458 <dcd_edpt_clear_stall>
10002d6e:	9a01      	ldr	r2, [sp, #4]
10002d70:	9b00      	ldr	r3, [sp, #0]
10002d72:	443a      	add	r2, r7
10002d74:	441a      	add	r2, r3
10002d76:	f892 1034 	ldrb.w	r1, [r2, #52]	@ 0x34
10002d7a:	9b02      	ldr	r3, [sp, #8]
10002d7c:	f363 0141 	bfi	r1, r3, #1, #1
10002d80:	f882 1034 	strb.w	r1, [r2, #52]	@ 0x34
10002d84:	f892 1034 	ldrb.w	r1, [r2, #52]	@ 0x34
10002d88:	f363 0100 	bfi	r1, r3, #0, #1
10002d8c:	f882 1034 	strb.w	r1, [r2, #52]	@ 0x34
10002d90:	e774      	b.n	10002c7c <tud_task_ext+0x5b4>
10002d92:	2100      	movs	r1, #0
10002d94:	4640      	mov	r0, r8
10002d96:	f7ff fa99 	bl	100022cc <dcd_sof_enable>
10002d9a:	4640      	mov	r0, r8
10002d9c:	f7ff fb30 	bl	10002400 <dcd_edpt_close_all>
10002da0:	78bb      	ldrb	r3, [r7, #2]
10002da2:	4640      	mov	r0, r8
10002da4:	9300      	str	r3, [sp, #0]
10002da6:	f7ff fbad 	bl	10002504 <configuration_reset>
10002daa:	9b00      	ldr	r3, [sp, #0]
10002dac:	70bb      	strb	r3, [r7, #2]
10002dae:	e633      	b.n	10002a18 <tud_task_ext+0x350>
10002db0:	f8dd 8008 	ldr.w	r8, [sp, #8]
10002db4:	f7ff fbf4 	bl	100025a0 <tud_mount_cb>
10002db8:	e776      	b.n	10002ca8 <tud_task_ext+0x5e0>
10002dba:	4640      	mov	r0, r8
10002dbc:	2301      	movs	r3, #1
10002dbe:	a908      	add	r1, sp, #32
10002dc0:	f10d 021a 	add.w	r2, sp, #26
10002dc4:	f88d 601a 	strb.w	r6, [sp, #26]
10002dc8:	f000 f914 	bl	10002ff4 <tud_control_xfer>
10002dcc:	e48c      	b.n	100026e8 <tud_task_ext+0x20>
10002dce:	780b      	ldrb	r3, [r1, #0]
10002dd0:	f891 c003 	ldrb.w	ip, [r1, #3]
10002dd4:	4419      	add	r1, r3
10002dd6:	784b      	ldrb	r3, [r1, #1]
10002dd8:	e64d      	b.n	10002a76 <tud_task_ext+0x3ae>
10002dda:	4633      	mov	r3, r6
10002ddc:	480f      	ldr	r0, [pc, #60]	@ (10002e1c <tud_task_ext+0x754>)
10002dde:	9203      	str	r2, [sp, #12]
10002de0:	9101      	str	r1, [sp, #4]
10002de2:	f000 fd67 	bl	100038b4 <tu_edpt_bind_driver>
10002de6:	4b0e      	ldr	r3, [pc, #56]	@ (10002e20 <tud_task_ext+0x758>)
10002de8:	9901      	ldr	r1, [sp, #4]
10002dea:	781b      	ldrb	r3, [r3, #0]
10002dec:	9a03      	ldr	r2, [sp, #12]
10002dee:	42b3      	cmp	r3, r6
10002df0:	4411      	add	r1, r2
10002df2:	f4bf ae36 	bcs.w	10002a62 <tud_task_ext+0x39a>
10002df6:	e779      	b.n	10002cec <tud_task_ext+0x624>
10002df8:	f8d8 0010 	ldr.w	r0, [r8, #16]
10002dfc:	4b09      	ldr	r3, [pc, #36]	@ (10002e24 <tud_task_ext+0x75c>)
10002dfe:	4298      	cmp	r0, r3
10002e00:	bf08      	it	eq
10002e02:	f04f 0c02 	moveq.w	ip, #2
10002e06:	e75e      	b.n	10002cc6 <tud_task_ext+0x5fe>
10002e08:	f04f 23e0 	mov.w	r3, #3758153728	@ 0xe000e000
10002e0c:	f8d3 3df0 	ldr.w	r3, [r3, #3568]	@ 0xdf0
10002e10:	07db      	lsls	r3, r3, #31
10002e12:	f57f ac69 	bpl.w	100026e8 <tud_task_ext+0x20>
10002e16:	be00      	bkpt	0x0000
10002e18:	e466      	b.n	100026e8 <tud_task_ext+0x20>
10002e1a:	bf00      	nop
10002e1c:	20001254 	.word	0x20001254
10002e20:	20001821 	.word	0x20001821
10002e24:	100034ed 	.word	0x100034ed

10002e28 <usbd_open_edpt_pair>:
10002e28:	e92d 4ff8 	stmdb	sp!, {r3, r4, r5, r6, r7, r8, r9, sl, fp, lr}
10002e2c:	f8dd 8028 	ldr.w	r8, [sp, #40]	@ 0x28
10002e30:	2a00      	cmp	r2, #0
10002e32:	d03f      	beq.n	10002eb4 <usbd_open_edpt_pair+0x8c>
10002e34:	460c      	mov	r4, r1
10002e36:	461e      	mov	r6, r3
10002e38:	4615      	mov	r5, r2
10002e3a:	f04f 0b00 	mov.w	fp, #0
10002e3e:	4f1f      	ldr	r7, [pc, #124]	@ (10002ebc <usbd_open_edpt_pair+0x94>)
10002e40:	f8df 907c 	ldr.w	r9, [pc, #124]	@ 10002ec0 <usbd_open_edpt_pair+0x98>
10002e44:	e017      	b.n	10002e76 <usbd_open_edpt_pair+0x4e>
10002e46:	4620      	mov	r0, r4
10002e48:	f899 1002 	ldrb.w	r1, [r9, #2]
10002e4c:	f000 fd00 	bl	10003850 <tu_edpt_validate>
10002e50:	b1f8      	cbz	r0, 10002e92 <usbd_open_edpt_pair+0x6a>
10002e52:	4621      	mov	r1, r4
10002e54:	4650      	mov	r0, sl
10002e56:	f7ff fa55 	bl	10002304 <dcd_edpt_open>
10002e5a:	b308      	cbz	r0, 10002ea0 <usbd_open_edpt_pair+0x78>
10002e5c:	78a3      	ldrb	r3, [r4, #2]
10002e5e:	f10b 0b01 	add.w	fp, fp, #1
10002e62:	09da      	lsrs	r2, r3, #7
10002e64:	bf16      	itet	ne
10002e66:	9a0b      	ldrne	r2, [sp, #44]	@ 0x2c
10002e68:	f888 3000 	strbeq.w	r3, [r8]
10002e6c:	7013      	strbne	r3, [r2, #0]
10002e6e:	7823      	ldrb	r3, [r4, #0]
10002e70:	45ab      	cmp	fp, r5
10002e72:	441c      	add	r4, r3
10002e74:	d01e      	beq.n	10002eb4 <usbd_open_edpt_pair+0x8c>
10002e76:	7863      	ldrb	r3, [r4, #1]
10002e78:	2b05      	cmp	r3, #5
10002e7a:	d111      	bne.n	10002ea0 <usbd_open_edpt_pair+0x78>
10002e7c:	78e1      	ldrb	r1, [r4, #3]
10002e7e:	f001 0103 	and.w	r1, r1, #3
10002e82:	42b1      	cmp	r1, r6
10002e84:	d10c      	bne.n	10002ea0 <usbd_open_edpt_pair+0x78>
10002e86:	78a3      	ldrb	r3, [r4, #2]
10002e88:	f897 a000 	ldrb.w	sl, [r7]
10002e8c:	f013 0f70 	tst.w	r3, #112	@ 0x70
10002e90:	d0d9      	beq.n	10002e46 <usbd_open_edpt_pair+0x1e>
10002e92:	f04f 23e0 	mov.w	r3, #3758153728	@ 0xe000e000
10002e96:	f8d3 3df0 	ldr.w	r3, [r3, #3568]	@ 0xdf0
10002e9a:	07da      	lsls	r2, r3, #31
10002e9c:	d500      	bpl.n	10002ea0 <usbd_open_edpt_pair+0x78>
10002e9e:	be00      	bkpt	0x0000
10002ea0:	f04f 23e0 	mov.w	r3, #3758153728	@ 0xe000e000
10002ea4:	f8d3 3df0 	ldr.w	r3, [r3, #3568]	@ 0xdf0
10002ea8:	07db      	lsls	r3, r3, #31
10002eaa:	d500      	bpl.n	10002eae <usbd_open_edpt_pair+0x86>
10002eac:	be00      	bkpt	0x0000
10002eae:	2000      	movs	r0, #0
10002eb0:	e8bd 8ff8 	ldmia.w	sp!, {r3, r4, r5, r6, r7, r8, r9, sl, fp, pc}
10002eb4:	2001      	movs	r0, #1
10002eb6:	e8bd 8ff8 	ldmia.w	sp!, {r3, r4, r5, r6, r7, r8, r9, sl, fp, pc}
10002eba:	bf00      	nop
10002ebc:	20000ed8 	.word	0x20000ed8
10002ec0:	20001240 	.word	0x20001240

10002ec4 <usbd_edpt_open>:
10002ec4:	b538      	push	{r3, r4, r5, lr}
10002ec6:	4b0e      	ldr	r3, [pc, #56]	@ (10002f00 <usbd_edpt_open+0x3c>)
10002ec8:	781d      	ldrb	r5, [r3, #0]
10002eca:	788b      	ldrb	r3, [r1, #2]
10002ecc:	f013 0f70 	tst.w	r3, #112	@ 0x70
10002ed0:	d008      	beq.n	10002ee4 <usbd_edpt_open+0x20>
10002ed2:	f04f 23e0 	mov.w	r3, #3758153728	@ 0xe000e000
10002ed6:	f8d3 3df0 	ldr.w	r3, [r3, #3568]	@ 0xdf0
10002eda:	07db      	lsls	r3, r3, #31
10002edc:	d500      	bpl.n	10002ee0 <usbd_edpt_open+0x1c>
10002ede:	be00      	bkpt	0x0000
10002ee0:	2000      	movs	r0, #0
10002ee2:	bd38      	pop	{r3, r4, r5, pc}
10002ee4:	4b07      	ldr	r3, [pc, #28]	@ (10002f04 <usbd_edpt_open+0x40>)
10002ee6:	460c      	mov	r4, r1
10002ee8:	4608      	mov	r0, r1
10002eea:	7899      	ldrb	r1, [r3, #2]
10002eec:	f000 fcb0 	bl	10003850 <tu_edpt_validate>
10002ef0:	2800      	cmp	r0, #0
10002ef2:	d0ee      	beq.n	10002ed2 <usbd_edpt_open+0xe>
10002ef4:	4621      	mov	r1, r4
10002ef6:	4628      	mov	r0, r5
10002ef8:	e8bd 4038 	ldmia.w	sp!, {r3, r4, r5, lr}
10002efc:	f7ff ba02 	b.w	10002304 <dcd_edpt_open>
10002f00:	20000ed8 	.word	0x20000ed8
10002f04:	20001240 	.word	0x20001240

10002f08 <usbd_edpt_claim>:
10002f08:	460b      	mov	r3, r1
10002f0a:	4a06      	ldr	r2, [pc, #24]	@ (10002f24 <usbd_edpt_claim+0x1c>)
10002f0c:	4806      	ldr	r0, [pc, #24]	@ (10002f28 <usbd_edpt_claim+0x20>)
10002f0e:	6811      	ldr	r1, [r2, #0]
10002f10:	09da      	lsrs	r2, r3, #7
10002f12:	3234      	adds	r2, #52	@ 0x34
10002f14:	f003 037f 	and.w	r3, r3, #127	@ 0x7f
10002f18:	eb02 0343 	add.w	r3, r2, r3, lsl #1
10002f1c:	4418      	add	r0, r3
10002f1e:	f000 bc51 	b.w	100037c4 <tu_edpt_claim>
10002f22:	bf00      	nop
10002f24:	20001294 	.word	0x20001294
10002f28:	20001240 	.word	0x20001240

10002f2c <usbd_edpt_release>:
10002f2c:	460b      	mov	r3, r1
10002f2e:	4a06      	ldr	r2, [pc, #24]	@ (10002f48 <usbd_edpt_release+0x1c>)
10002f30:	4806      	ldr	r0, [pc, #24]	@ (10002f4c <usbd_edpt_release+0x20>)
10002f32:	6811      	ldr	r1, [r2, #0]
10002f34:	09da      	lsrs	r2, r3, #7
10002f36:	3234      	adds	r2, #52	@ 0x34
10002f38:	f003 037f 	and.w	r3, r3, #127	@ 0x7f
10002f3c:	eb02 0343 	add.w	r3, r2, r3, lsl #1
10002f40:	4418      	add	r0, r3
10002f42:	f000 bc69 	b.w	10003818 <tu_edpt_release>
10002f46:	bf00      	nop
10002f48:	20001294 	.word	0x20001294
10002f4c:	20001240 	.word	0x20001240

10002f50 <usbd_edpt_xfer>:
10002f50:	b510      	push	{r4, lr}
10002f52:	4c19      	ldr	r4, [pc, #100]	@ (10002fb8 <usbd_edpt_xfer+0x68>)
10002f54:	f001 0e7f 	and.w	lr, r1, #127	@ 0x7f
10002f58:	eb04 044e 	add.w	r4, r4, lr, lsl #1
10002f5c:	eb04 14d1 	add.w	r4, r4, r1, lsr #7
10002f60:	f894 c034 	ldrb.w	ip, [r4, #52]	@ 0x34
10002f64:	4815      	ldr	r0, [pc, #84]	@ (10002fbc <usbd_edpt_xfer+0x6c>)
10002f66:	f01c 0f01 	tst.w	ip, #1
10002f6a:	f104 0430 	add.w	r4, r4, #48	@ 0x30
10002f6e:	7800      	ldrb	r0, [r0, #0]
10002f70:	d008      	beq.n	10002f84 <usbd_edpt_xfer+0x34>
10002f72:	f04f 23e0 	mov.w	r3, #3758153728	@ 0xe000e000
10002f76:	f8d3 3df0 	ldr.w	r3, [r3, #3568]	@ 0xdf0
10002f7a:	07da      	lsls	r2, r3, #31
10002f7c:	d500      	bpl.n	10002f80 <usbd_edpt_xfer+0x30>
10002f7e:	be00      	bkpt	0x0000
10002f80:	2000      	movs	r0, #0
10002f82:	bd10      	pop	{r4, pc}
10002f84:	f894 c004 	ldrb.w	ip, [r4, #4]
10002f88:	f04c 0c01 	orr.w	ip, ip, #1
10002f8c:	f884 c004 	strb.w	ip, [r4, #4]
10002f90:	f7ff fa38 	bl	10002404 <dcd_edpt_xfer>
10002f94:	2800      	cmp	r0, #0
10002f96:	d1f4      	bne.n	10002f82 <usbd_edpt_xfer+0x32>
10002f98:	f04f 21e0 	mov.w	r1, #3758153728	@ 0xe000e000
10002f9c:	7922      	ldrb	r2, [r4, #4]
10002f9e:	f360 0200 	bfi	r2, r0, #0, #1
10002fa2:	7122      	strb	r2, [r4, #4]
10002fa4:	7922      	ldrb	r2, [r4, #4]
10002fa6:	f360 0282 	bfi	r2, r0, #2, #1
10002faa:	7122      	strb	r2, [r4, #4]
10002fac:	f8d1 3df0 	ldr.w	r3, [r1, #3568]	@ 0xdf0
10002fb0:	07db      	lsls	r3, r3, #31
10002fb2:	d5e5      	bpl.n	10002f80 <usbd_edpt_xfer+0x30>
10002fb4:	e7e3      	b.n	10002f7e <usbd_edpt_xfer+0x2e>
10002fb6:	bf00      	nop
10002fb8:	20001240 	.word	0x20001240
10002fbc:	20000ed8 	.word	0x20000ed8

10002fc0 <tud_control_status>:
10002fc0:	b530      	push	{r4, r5, lr}
10002fc2:	4c0b      	ldr	r4, [pc, #44]	@ (10002ff0 <tud_control_status+0x30>)
10002fc4:	468c      	mov	ip, r1
10002fc6:	46a6      	mov	lr, r4
10002fc8:	4605      	mov	r5, r0
10002fca:	6808      	ldr	r0, [r1, #0]
10002fcc:	6849      	ldr	r1, [r1, #4]
10002fce:	2300      	movs	r3, #0
10002fd0:	e8ae 0003 	stmia.w	lr!, {r0, r1}
10002fd4:	f89c 1000 	ldrb.w	r1, [ip]
10002fd8:	4628      	mov	r0, r5
10002fda:	43c9      	mvns	r1, r1
10002fdc:	e9c4 3302 	strd	r3, r3, [r4, #8]
10002fe0:	e8bd 4030 	ldmia.w	sp!, {r4, r5, lr}
10002fe4:	461a      	mov	r2, r3
10002fe6:	f001 0180 	and.w	r1, r1, #128	@ 0x80
10002fea:	f7ff bfb1 	b.w	10002f50 <usbd_edpt_xfer>
10002fee:	bf00      	nop
10002ff0:	20001200 	.word	0x20001200

10002ff4 <tud_control_xfer>:
10002ff4:	e92d 41f0 	stmdb	sp!, {r4, r5, r6, r7, r8, lr}
10002ff8:	4f27      	ldr	r7, [pc, #156]	@ (10003098 <tud_control_xfer+0xa4>)
10002ffa:	f04f 0800 	mov.w	r8, #0
10002ffe:	46be      	mov	lr, r7
10003000:	468c      	mov	ip, r1
10003002:	4606      	mov	r6, r0
10003004:	6808      	ldr	r0, [r1, #0]
10003006:	6849      	ldr	r1, [r1, #4]
10003008:	60ba      	str	r2, [r7, #8]
1000300a:	e8ae 0003 	stmia.w	lr!, {r0, r1}
1000300e:	f8a7 800e 	strh.w	r8, [r7, #14]
10003012:	4615      	mov	r5, r2
10003014:	f8bc 2006 	ldrh.w	r2, [ip, #6]
10003018:	4293      	cmp	r3, r2
1000301a:	bf28      	it	cs
1000301c:	4613      	movcs	r3, r2
1000301e:	81bb      	strh	r3, [r7, #12]
10003020:	b19a      	cbz	r2, 1000304a <tud_control_xfer+0x56>
10003022:	461c      	mov	r4, r3
10003024:	b32b      	cbz	r3, 10003072 <tud_control_xfer+0x7e>
10003026:	b1dd      	cbz	r5, 10003060 <tud_control_xfer+0x6c>
10003028:	f997 3000 	ldrsb.w	r3, [r7]
1000302c:	2c40      	cmp	r4, #64	@ 0x40
1000302e:	bf28      	it	cs
10003030:	2440      	movcs	r4, #64	@ 0x40
10003032:	2b00      	cmp	r3, #0
10003034:	db28      	blt.n	10003088 <tud_control_xfer+0x94>
10003036:	4641      	mov	r1, r8
10003038:	4623      	mov	r3, r4
1000303a:	4630      	mov	r0, r6
1000303c:	4a17      	ldr	r2, [pc, #92]	@ (1000309c <tud_control_xfer+0xa8>)
1000303e:	f7ff ff87 	bl	10002f50 <usbd_edpt_xfer>
10003042:	b168      	cbz	r0, 10003060 <tud_control_xfer+0x6c>
10003044:	2001      	movs	r0, #1
10003046:	e8bd 81f0 	ldmia.w	sp!, {r4, r5, r6, r7, r8, pc}
1000304a:	f89c 1000 	ldrb.w	r1, [ip]
1000304e:	4613      	mov	r3, r2
10003050:	43c9      	mvns	r1, r1
10003052:	4630      	mov	r0, r6
10003054:	f001 0180 	and.w	r1, r1, #128	@ 0x80
10003058:	f7ff ff7a 	bl	10002f50 <usbd_edpt_xfer>
1000305c:	2800      	cmp	r0, #0
1000305e:	d1f1      	bne.n	10003044 <tud_control_xfer+0x50>
10003060:	f04f 23e0 	mov.w	r3, #3758153728	@ 0xe000e000
10003064:	f8d3 3df0 	ldr.w	r3, [r3, #3568]	@ 0xdf0
10003068:	07db      	lsls	r3, r3, #31
1000306a:	d500      	bpl.n	1000306e <tud_control_xfer+0x7a>
1000306c:	be00      	bkpt	0x0000
1000306e:	2000      	movs	r0, #0
10003070:	e7e9      	b.n	10003046 <tud_control_xfer+0x52>
10003072:	461a      	mov	r2, r3
10003074:	7839      	ldrb	r1, [r7, #0]
10003076:	f001 0180 	and.w	r1, r1, #128	@ 0x80
1000307a:	4623      	mov	r3, r4
1000307c:	4630      	mov	r0, r6
1000307e:	f7ff ff67 	bl	10002f50 <usbd_edpt_xfer>
10003082:	2800      	cmp	r0, #0
10003084:	d1de      	bne.n	10003044 <tud_control_xfer+0x50>
10003086:	e7eb      	b.n	10003060 <tud_control_xfer+0x6c>
10003088:	4622      	mov	r2, r4
1000308a:	4629      	mov	r1, r5
1000308c:	4803      	ldr	r0, [pc, #12]	@ (1000309c <tud_control_xfer+0xa8>)
1000308e:	f000 fed7 	bl	10003e40 <memcpy>
10003092:	2180      	movs	r1, #128	@ 0x80
10003094:	4a01      	ldr	r2, [pc, #4]	@ (1000309c <tud_control_xfer+0xa8>)
10003096:	e7f0      	b.n	1000307a <tud_control_xfer+0x86>
10003098:	20001200 	.word	0x20001200
1000309c:	200011c0 	.word	0x200011c0

100030a0 <usbd_control_reset>:
100030a0:	2200      	movs	r2, #0
100030a2:	4b03      	ldr	r3, [pc, #12]	@ (100030b0 <usbd_control_reset+0x10>)
100030a4:	e9c3 2200 	strd	r2, r2, [r3]
100030a8:	e9c3 2202 	strd	r2, r2, [r3, #8]
100030ac:	611a      	str	r2, [r3, #16]
100030ae:	4770      	bx	lr
100030b0:	20001200 	.word	0x20001200

100030b4 <usbd_control_set_complete_callback>:
100030b4:	4b01      	ldr	r3, [pc, #4]	@ (100030bc <usbd_control_set_complete_callback+0x8>)
100030b6:	6118      	str	r0, [r3, #16]
100030b8:	4770      	bx	lr
100030ba:	bf00      	nop
100030bc:	20001200 	.word	0x20001200

100030c0 <usbd_control_set_request>:
100030c0:	b430      	push	{r4, r5}
100030c2:	4602      	mov	r2, r0
100030c4:	4c04      	ldr	r4, [pc, #16]	@ (100030d8 <usbd_control_set_request+0x18>)
100030c6:	2500      	movs	r5, #0
100030c8:	4623      	mov	r3, r4
100030ca:	6800      	ldr	r0, [r0, #0]
100030cc:	6851      	ldr	r1, [r2, #4]
100030ce:	e9c4 5502 	strd	r5, r5, [r4, #8]
100030d2:	bc30      	pop	{r4, r5}
100030d4:	c303      	stmia	r3!, {r0, r1}
100030d6:	4770      	bx	lr
100030d8:	20001200 	.word	0x20001200

100030dc <usbd_control_xfer_cb>:
100030dc:	b570      	push	{r4, r5, r6, lr}
100030de:	4c3c      	ldr	r4, [pc, #240]	@ (100031d0 <usbd_control_xfer_cb+0xf4>)
100030e0:	09c9      	lsrs	r1, r1, #7
100030e2:	7822      	ldrb	r2, [r4, #0]
100030e4:	4606      	mov	r6, r0
100030e6:	ebb1 1fd2 	cmp.w	r1, r2, lsr #7
100030ea:	461d      	mov	r5, r3
100030ec:	b082      	sub	sp, #8
100030ee:	d017      	beq.n	10003120 <usbd_control_xfer_cb+0x44>
100030f0:	b153      	cbz	r3, 10003108 <usbd_control_xfer_cb+0x2c>
100030f2:	f04f 23e0 	mov.w	r3, #3758153728	@ 0xe000e000
100030f6:	f8d3 3df0 	ldr.w	r3, [r3, #3568]	@ 0xdf0
100030fa:	07db      	lsls	r3, r3, #31
100030fc:	d402      	bmi.n	10003104 <usbd_control_xfer_cb+0x28>
100030fe:	2000      	movs	r0, #0
10003100:	b002      	add	sp, #8
10003102:	bd70      	pop	{r4, r5, r6, pc}
10003104:	be00      	bkpt	0x0000
10003106:	e7fa      	b.n	100030fe <usbd_control_xfer_cb+0x22>
10003108:	4621      	mov	r1, r4
1000310a:	f7ff f8ed 	bl	100022e8 <dcd_edpt0_status_complete>
1000310e:	6923      	ldr	r3, [r4, #16]
10003110:	b11b      	cbz	r3, 1000311a <usbd_control_xfer_cb+0x3e>
10003112:	4622      	mov	r2, r4
10003114:	2103      	movs	r1, #3
10003116:	4630      	mov	r0, r6
10003118:	4798      	blx	r3
1000311a:	2001      	movs	r0, #1
1000311c:	b002      	add	sp, #8
1000311e:	bd70      	pop	{r4, r5, r6, pc}
10003120:	f994 3000 	ldrsb.w	r3, [r4]
10003124:	68a0      	ldr	r0, [r4, #8]
10003126:	2b00      	cmp	r3, #0
10003128:	db05      	blt.n	10003136 <usbd_control_xfer_cb+0x5a>
1000312a:	2800      	cmp	r0, #0
1000312c:	d0e7      	beq.n	100030fe <usbd_control_xfer_cb+0x22>
1000312e:	462a      	mov	r2, r5
10003130:	4928      	ldr	r1, [pc, #160]	@ (100031d4 <usbd_control_xfer_cb+0xf8>)
10003132:	f000 fe85 	bl	10003e40 <memcpy>
10003136:	89e0      	ldrh	r0, [r4, #14]
10003138:	68a1      	ldr	r1, [r4, #8]
1000313a:	88e3      	ldrh	r3, [r4, #6]
1000313c:	4428      	add	r0, r5
1000313e:	b280      	uxth	r0, r0
10003140:	4429      	add	r1, r5
10003142:	4283      	cmp	r3, r0
10003144:	81e0      	strh	r0, [r4, #14]
10003146:	60a1      	str	r1, [r4, #8]
10003148:	d016      	beq.n	10003178 <usbd_control_xfer_cb+0x9c>
1000314a:	2d3f      	cmp	r5, #63	@ 0x3f
1000314c:	d914      	bls.n	10003178 <usbd_control_xfer_cb+0x9c>
1000314e:	89a2      	ldrh	r2, [r4, #12]
10003150:	f994 4000 	ldrsb.w	r4, [r4]
10003154:	1a13      	subs	r3, r2, r0
10003156:	b29b      	uxth	r3, r3
10003158:	2b40      	cmp	r3, #64	@ 0x40
1000315a:	bf28      	it	cs
1000315c:	2340      	movcs	r3, #64	@ 0x40
1000315e:	2c00      	cmp	r4, #0
10003160:	db26      	blt.n	100031b0 <usbd_control_xfer_cb+0xd4>
10003162:	4290      	cmp	r0, r2
10003164:	f04f 0100 	mov.w	r1, #0
10003168:	d030      	beq.n	100031cc <usbd_control_xfer_cb+0xf0>
1000316a:	4a1a      	ldr	r2, [pc, #104]	@ (100031d4 <usbd_control_xfer_cb+0xf8>)
1000316c:	4630      	mov	r0, r6
1000316e:	f7ff feef 	bl	10002f50 <usbd_edpt_xfer>
10003172:	2800      	cmp	r0, #0
10003174:	d1d1      	bne.n	1000311a <usbd_control_xfer_cb+0x3e>
10003176:	e7bc      	b.n	100030f2 <usbd_control_xfer_cb+0x16>
10003178:	6923      	ldr	r3, [r4, #16]
1000317a:	b123      	cbz	r3, 10003186 <usbd_control_xfer_cb+0xaa>
1000317c:	2102      	movs	r1, #2
1000317e:	4630      	mov	r0, r6
10003180:	4a13      	ldr	r2, [pc, #76]	@ (100031d0 <usbd_control_xfer_cb+0xf4>)
10003182:	4798      	blx	r3
10003184:	b158      	cbz	r0, 1000319e <usbd_control_xfer_cb+0xc2>
10003186:	7821      	ldrb	r1, [r4, #0]
10003188:	2300      	movs	r3, #0
1000318a:	43c9      	mvns	r1, r1
1000318c:	4630      	mov	r0, r6
1000318e:	461a      	mov	r2, r3
10003190:	f001 0180 	and.w	r1, r1, #128	@ 0x80
10003194:	f7ff fedc 	bl	10002f50 <usbd_edpt_xfer>
10003198:	2800      	cmp	r0, #0
1000319a:	d1be      	bne.n	1000311a <usbd_control_xfer_cb+0x3e>
1000319c:	e7a9      	b.n	100030f2 <usbd_control_xfer_cb+0x16>
1000319e:	4601      	mov	r1, r0
100031a0:	4630      	mov	r0, r6
100031a2:	f7ff f943 	bl	1000242c <dcd_edpt_stall>
100031a6:	2180      	movs	r1, #128	@ 0x80
100031a8:	4630      	mov	r0, r6
100031aa:	f7ff f93f 	bl	1000242c <dcd_edpt_stall>
100031ae:	e7b4      	b.n	1000311a <usbd_control_xfer_cb+0x3e>
100031b0:	4290      	cmp	r0, r2
100031b2:	d008      	beq.n	100031c6 <usbd_control_xfer_cb+0xea>
100031b4:	461a      	mov	r2, r3
100031b6:	4807      	ldr	r0, [pc, #28]	@ (100031d4 <usbd_control_xfer_cb+0xf8>)
100031b8:	9301      	str	r3, [sp, #4]
100031ba:	f000 fe41 	bl	10003e40 <memcpy>
100031be:	2180      	movs	r1, #128	@ 0x80
100031c0:	4a04      	ldr	r2, [pc, #16]	@ (100031d4 <usbd_control_xfer_cb+0xf8>)
100031c2:	9b01      	ldr	r3, [sp, #4]
100031c4:	e7d2      	b.n	1000316c <usbd_control_xfer_cb+0x90>
100031c6:	2180      	movs	r1, #128	@ 0x80
100031c8:	2200      	movs	r2, #0
100031ca:	e7cf      	b.n	1000316c <usbd_control_xfer_cb+0x90>
100031cc:	460a      	mov	r2, r1
100031ce:	e7cd      	b.n	1000316c <usbd_control_xfer_cb+0x90>
100031d0:	20001200 	.word	0x20001200
100031d4:	200011c0 	.word	0x200011c0

100031d8 <_prep_out_transaction.isra.0>:
100031d8:	e92d 41f0 	stmdb	sp!, {r4, r5, r6, r7, r8, lr}
100031dc:	4604      	mov	r4, r0
100031de:	f7ff f9e7 	bl	100025b0 <tud_mounted>
100031e2:	b908      	cbnz	r0, 100031e8 <_prep_out_transaction.isra.0+0x10>
100031e4:	e8bd 81f0 	ldmia.w	sp!, {r4, r5, r6, r7, r8, pc}
100031e8:	f7ff f9ea 	bl	100025c0 <tud_suspended>
100031ec:	4607      	mov	r7, r0
100031ee:	2800      	cmp	r0, #0
100031f0:	d1f8      	bne.n	100031e4 <_prep_out_transaction.isra.0+0xc>
100031f2:	22c8      	movs	r2, #200	@ 0xc8
100031f4:	4b13      	ldr	r3, [pc, #76]	@ (10003244 <_prep_out_transaction.isra.0+0x6c>)
100031f6:	fb02 3604 	mla	r6, r2, r4, r3
100031fa:	78f1      	ldrb	r1, [r6, #3]
100031fc:	2900      	cmp	r1, #0
100031fe:	d0f1      	beq.n	100031e4 <_prep_out_transaction.isra.0+0xc>
10003200:	f106 0510 	add.w	r5, r6, #16
10003204:	4628      	mov	r0, r5
10003206:	f000 fbcb 	bl	100039a0 <tu_fifo_remaining>
1000320a:	283f      	cmp	r0, #63	@ 0x3f
1000320c:	d9ea      	bls.n	100031e4 <_prep_out_transaction.isra.0+0xc>
1000320e:	4638      	mov	r0, r7
10003210:	78f1      	ldrb	r1, [r6, #3]
10003212:	f7ff fe79 	bl	10002f08 <usbd_edpt_claim>
10003216:	2800      	cmp	r0, #0
10003218:	d0e4      	beq.n	100031e4 <_prep_out_transaction.isra.0+0xc>
1000321a:	4628      	mov	r0, r5
1000321c:	f000 fbc0 	bl	100039a0 <tu_fifo_remaining>
10003220:	283f      	cmp	r0, #63	@ 0x3f
10003222:	d909      	bls.n	10003238 <_prep_out_transaction.isra.0+0x60>
10003224:	4a08      	ldr	r2, [pc, #32]	@ (10003248 <_prep_out_transaction.isra.0+0x70>)
10003226:	4638      	mov	r0, r7
10003228:	78f1      	ldrb	r1, [r6, #3]
1000322a:	eb02 12c4 	add.w	r2, r2, r4, lsl #7
1000322e:	2340      	movs	r3, #64	@ 0x40
10003230:	e8bd 41f0 	ldmia.w	sp!, {r4, r5, r6, r7, r8, lr}
10003234:	f7ff be8c 	b.w	10002f50 <usbd_edpt_xfer>
10003238:	4638      	mov	r0, r7
1000323a:	78f1      	ldrb	r1, [r6, #3]
1000323c:	e8bd 41f0 	ldmia.w	sp!, {r4, r5, r6, r7, r8, lr}
10003240:	f7ff be74 	b.w	10002f2c <usbd_edpt_release>
10003244:	20000ee8 	.word	0x20000ee8
10003248:	2000113c 	.word	0x2000113c

1000324c <tud_cdc_n_connected>:
1000324c:	b510      	push	{r4, lr}
1000324e:	4604      	mov	r4, r0
10003250:	f7ff f9ae 	bl	100025b0 <tud_mounted>
10003254:	b908      	cbnz	r0, 1000325a <tud_cdc_n_connected+0xe>
10003256:	2000      	movs	r0, #0
10003258:	bd10      	pop	{r4, pc}
1000325a:	f7ff f9b1 	bl	100025c0 <tud_suspended>
1000325e:	2800      	cmp	r0, #0
10003260:	d1f9      	bne.n	10003256 <tud_cdc_n_connected+0xa>
10003262:	22c8      	movs	r2, #200	@ 0xc8
10003264:	4b03      	ldr	r3, [pc, #12]	@ (10003274 <tud_cdc_n_connected+0x28>)
10003266:	fb02 3304 	mla	r3, r2, r4, r3
1000326a:	7918      	ldrb	r0, [r3, #4]
1000326c:	f000 0001 	and.w	r0, r0, #1
10003270:	bd10      	pop	{r4, pc}
10003272:	bf00      	nop
10003274:	20000ee8 	.word	0x20000ee8

10003278 <tud_cdc_n_available>:
10003278:	21c8      	movs	r1, #200	@ 0xc8
1000327a:	b508      	push	{r3, lr}
1000327c:	2310      	movs	r3, #16
1000327e:	fb01 3000 	mla	r0, r1, r0, r3
10003282:	4a02      	ldr	r2, [pc, #8]	@ (1000328c <tud_cdc_n_available+0x14>)
10003284:	4410      	add	r0, r2
10003286:	f000 fb71 	bl	1000396c <tu_fifo_count>
1000328a:	bd08      	pop	{r3, pc}
1000328c:	20000ee8 	.word	0x20000ee8

10003290 <tud_cdc_n_read>:
10003290:	e92d 43f8 	stmdb	sp!, {r3, r4, r5, r6, r7, r8, r9, lr}
10003294:	f64f 73ff 	movw	r3, #65535	@ 0xffff
10003298:	f04f 08c8 	mov.w	r8, #200	@ 0xc8
1000329c:	2410      	movs	r4, #16
1000329e:	429a      	cmp	r2, r3
100032a0:	bf28      	it	cs
100032a2:	461a      	movcs	r2, r3
100032a4:	fb18 4400 	smlabb	r4, r8, r0, r4
100032a8:	4f1a      	ldr	r7, [pc, #104]	@ (10003314 <tud_cdc_n_read+0x84>)
100032aa:	4606      	mov	r6, r0
100032ac:	443c      	add	r4, r7
100032ae:	4620      	mov	r0, r4
100032b0:	b292      	uxth	r2, r2
100032b2:	f000 fbd1 	bl	10003a58 <tu_fifo_read_n>
100032b6:	4605      	mov	r5, r0
100032b8:	f7ff f97a 	bl	100025b0 <tud_mounted>
100032bc:	b910      	cbnz	r0, 100032c4 <tud_cdc_n_read+0x34>
100032be:	4628      	mov	r0, r5
100032c0:	e8bd 83f8 	ldmia.w	sp!, {r3, r4, r5, r6, r7, r8, r9, pc}
100032c4:	f7ff f97c 	bl	100025c0 <tud_suspended>
100032c8:	4681      	mov	r9, r0
100032ca:	2800      	cmp	r0, #0
100032cc:	d1f7      	bne.n	100032be <tud_cdc_n_read+0x2e>
100032ce:	fb08 7706 	mla	r7, r8, r6, r7
100032d2:	78fb      	ldrb	r3, [r7, #3]
100032d4:	2b00      	cmp	r3, #0
100032d6:	d0f2      	beq.n	100032be <tud_cdc_n_read+0x2e>
100032d8:	4620      	mov	r0, r4
100032da:	f000 fb61 	bl	100039a0 <tu_fifo_remaining>
100032de:	283f      	cmp	r0, #63	@ 0x3f
100032e0:	d9ed      	bls.n	100032be <tud_cdc_n_read+0x2e>
100032e2:	4648      	mov	r0, r9
100032e4:	78f9      	ldrb	r1, [r7, #3]
100032e6:	f7ff fe0f 	bl	10002f08 <usbd_edpt_claim>
100032ea:	2800      	cmp	r0, #0
100032ec:	d0e7      	beq.n	100032be <tud_cdc_n_read+0x2e>
100032ee:	4620      	mov	r0, r4
100032f0:	f000 fb56 	bl	100039a0 <tu_fifo_remaining>
100032f4:	283f      	cmp	r0, #63	@ 0x3f
100032f6:	d908      	bls.n	1000330a <tud_cdc_n_read+0x7a>
100032f8:	4a07      	ldr	r2, [pc, #28]	@ (10003318 <tud_cdc_n_read+0x88>)
100032fa:	4648      	mov	r0, r9
100032fc:	2340      	movs	r3, #64	@ 0x40
100032fe:	78f9      	ldrb	r1, [r7, #3]
10003300:	eb02 12c6 	add.w	r2, r2, r6, lsl #7
10003304:	f7ff fe24 	bl	10002f50 <usbd_edpt_xfer>
10003308:	e7d9      	b.n	100032be <tud_cdc_n_read+0x2e>
1000330a:	4648      	mov	r0, r9
1000330c:	78f9      	ldrb	r1, [r7, #3]
1000330e:	f7ff fe0d 	bl	10002f2c <usbd_edpt_release>
10003312:	e7d4      	b.n	100032be <tud_cdc_n_read+0x2e>
10003314:	20000ee8 	.word	0x20000ee8
10003318:	2000113c 	.word	0x2000113c

1000331c <tud_cdc_n_write_flush>:
1000331c:	e92d 41f0 	stmdb	sp!, {r4, r5, r6, r7, r8, lr}
10003320:	4605      	mov	r5, r0
10003322:	f7ff f945 	bl	100025b0 <tud_mounted>
10003326:	b910      	cbnz	r0, 1000332e <tud_cdc_n_write_flush+0x12>
10003328:	2000      	movs	r0, #0
1000332a:	e8bd 81f0 	ldmia.w	sp!, {r4, r5, r6, r7, r8, pc}
1000332e:	f7ff f947 	bl	100025c0 <tud_suspended>
10003332:	4606      	mov	r6, r0
10003334:	2800      	cmp	r0, #0
10003336:	d1f7      	bne.n	10003328 <tud_cdc_n_write_flush+0xc>
10003338:	f04f 08c8 	mov.w	r8, #200	@ 0xc8
1000333c:	2424      	movs	r4, #36	@ 0x24
1000333e:	fb18 4405 	smlabb	r4, r8, r5, r4
10003342:	4f17      	ldr	r7, [pc, #92]	@ (100033a0 <tud_cdc_n_write_flush+0x84>)
10003344:	443c      	add	r4, r7
10003346:	4620      	mov	r0, r4
10003348:	f000 fb10 	bl	1000396c <tu_fifo_count>
1000334c:	2800      	cmp	r0, #0
1000334e:	d0eb      	beq.n	10003328 <tud_cdc_n_write_flush+0xc>
10003350:	fb08 7705 	mla	r7, r8, r5, r7
10003354:	4630      	mov	r0, r6
10003356:	78b9      	ldrb	r1, [r7, #2]
10003358:	f7ff fdd6 	bl	10002f08 <usbd_edpt_claim>
1000335c:	2800      	cmp	r0, #0
1000335e:	d0e3      	beq.n	10003328 <tud_cdc_n_write_flush+0xc>
10003360:	2240      	movs	r2, #64	@ 0x40
10003362:	4b10      	ldr	r3, [pc, #64]	@ (100033a4 <tud_cdc_n_write_flush+0x88>)
10003364:	4620      	mov	r0, r4
10003366:	eb02 14c5 	add.w	r4, r2, r5, lsl #7
1000336a:	441c      	add	r4, r3
1000336c:	4621      	mov	r1, r4
1000336e:	f000 fb73 	bl	10003a58 <tu_fifo_read_n>
10003372:	4605      	mov	r5, r0
10003374:	b180      	cbz	r0, 10003398 <tud_cdc_n_write_flush+0x7c>
10003376:	4603      	mov	r3, r0
10003378:	4622      	mov	r2, r4
1000337a:	4630      	mov	r0, r6
1000337c:	78b9      	ldrb	r1, [r7, #2]
1000337e:	f7ff fde7 	bl	10002f50 <usbd_edpt_xfer>
10003382:	b938      	cbnz	r0, 10003394 <tud_cdc_n_write_flush+0x78>
10003384:	f04f 23e0 	mov.w	r3, #3758153728	@ 0xe000e000
10003388:	f8d3 3df0 	ldr.w	r3, [r3, #3568]	@ 0xdf0
1000338c:	07db      	lsls	r3, r3, #31
1000338e:	d5cb      	bpl.n	10003328 <tud_cdc_n_write_flush+0xc>
10003390:	be00      	bkpt	0x0000
10003392:	e7c9      	b.n	10003328 <tud_cdc_n_write_flush+0xc>
10003394:	4628      	mov	r0, r5
10003396:	e7c8      	b.n	1000332a <tud_cdc_n_write_flush+0xe>
10003398:	78b9      	ldrb	r1, [r7, #2]
1000339a:	f7ff fdc7 	bl	10002f2c <usbd_edpt_release>
1000339e:	e7c3      	b.n	10003328 <tud_cdc_n_write_flush+0xc>
100033a0:	20000ee8 	.word	0x20000ee8
100033a4:	2000113c 	.word	0x2000113c

100033a8 <tud_cdc_n_write>:
100033a8:	b538      	push	{r3, r4, r5, lr}
100033aa:	f64f 73ff 	movw	r3, #65535	@ 0xffff
100033ae:	f04f 0c24 	mov.w	ip, #36	@ 0x24
100033b2:	24c8      	movs	r4, #200	@ 0xc8
100033b4:	429a      	cmp	r2, r3
100033b6:	bf28      	it	cs
100033b8:	461a      	movcs	r2, r3
100033ba:	fb14 c400 	smlabb	r4, r4, r0, ip
100033be:	4b0a      	ldr	r3, [pc, #40]	@ (100033e8 <tud_cdc_n_write+0x40>)
100033c0:	b292      	uxth	r2, r2
100033c2:	441c      	add	r4, r3
100033c4:	4605      	mov	r5, r0
100033c6:	4620      	mov	r0, r4
100033c8:	f000 fc02 	bl	10003bd0 <tu_fifo_write_n>
100033cc:	4603      	mov	r3, r0
100033ce:	4620      	mov	r0, r4
100033d0:	461c      	mov	r4, r3
100033d2:	f000 facb 	bl	1000396c <tu_fifo_count>
100033d6:	283f      	cmp	r0, #63	@ 0x3f
100033d8:	d801      	bhi.n	100033de <tud_cdc_n_write+0x36>
100033da:	4620      	mov	r0, r4
100033dc:	bd38      	pop	{r3, r4, r5, pc}
100033de:	4628      	mov	r0, r5
100033e0:	f7ff ff9c 	bl	1000331c <tud_cdc_n_write_flush>
100033e4:	4620      	mov	r0, r4
100033e6:	bd38      	pop	{r3, r4, r5, pc}
100033e8:	20000ee8 	.word	0x20000ee8

100033ec <tud_cdc_n_write_available>:
100033ec:	21c8      	movs	r1, #200	@ 0xc8
100033ee:	b508      	push	{r3, lr}
100033f0:	2324      	movs	r3, #36	@ 0x24
100033f2:	fb01 3000 	mla	r0, r1, r0, r3
100033f6:	4a02      	ldr	r2, [pc, #8]	@ (10003400 <tud_cdc_n_write_available+0x14>)
100033f8:	4410      	add	r0, r2
100033fa:	f000 fad1 	bl	100039a0 <tu_fifo_remaining>
100033fe:	bd08      	pop	{r3, pc}
10003400:	20000ee8 	.word	0x20000ee8

10003404 <cdcd_init>:
10003404:	b5f0      	push	{r4, r5, r6, r7, lr}
10003406:	4c19      	ldr	r4, [pc, #100]	@ (1000346c <cdcd_init+0x68>)
10003408:	b083      	sub	sp, #12
1000340a:	22c8      	movs	r2, #200	@ 0xc8
1000340c:	2100      	movs	r1, #0
1000340e:	4620      	mov	r0, r4
10003410:	f000 fcc4 	bl	10003d9c <memset>
10003414:	2500      	movs	r5, #0
10003416:	23ff      	movs	r3, #255	@ 0xff
10003418:	f44f 31e1 	mov.w	r1, #115200	@ 0x1c200
1000341c:	2208      	movs	r2, #8
1000341e:	4814      	ldr	r0, [pc, #80]	@ (10003470 <cdcd_init+0x6c>)
10003420:	f104 07b8 	add.w	r7, r4, #184	@ 0xb8
10003424:	7005      	strb	r5, [r0, #0]
10003426:	9500      	str	r5, [sp, #0]
10003428:	f104 0010 	add.w	r0, r4, #16
1000342c:	7163      	strb	r3, [r4, #5]
1000342e:	60a1      	str	r1, [r4, #8]
10003430:	73a2      	strb	r2, [r4, #14]
10003432:	f104 0138 	add.w	r1, r4, #56	@ 0x38
10003436:	2301      	movs	r3, #1
10003438:	2240      	movs	r2, #64	@ 0x40
1000343a:	f000 fa67 	bl	1000390c <tu_fifo_config>
1000343e:	2301      	movs	r3, #1
10003440:	2240      	movs	r2, #64	@ 0x40
10003442:	f104 0178 	add.w	r1, r4, #120	@ 0x78
10003446:	9300      	str	r3, [sp, #0]
10003448:	f104 0024 	add.w	r0, r4, #36	@ 0x24
1000344c:	f000 fa5e 	bl	1000390c <tu_fifo_config>
10003450:	f104 06c0 	add.w	r6, r4, #192	@ 0xc0
10003454:	4638      	mov	r0, r7
10003456:	f7fd f9f7 	bl	10000848 <mutex_init>
1000345a:	4630      	mov	r0, r6
1000345c:	f7fd f9f4 	bl	10000848 <mutex_init>
10003460:	e9c4 5707 	strd	r5, r7, [r4, #28]
10003464:	e9c4 650c 	strd	r6, r5, [r4, #48]	@ 0x30
10003468:	b003      	add	sp, #12
1000346a:	bdf0      	pop	{r4, r5, r6, r7, pc}
1000346c:	20000ee8 	.word	0x20000ee8
10003470:	200011bc 	.word	0x200011bc

10003474 <cdcd_deinit>:
10003474:	4b09      	ldr	r3, [pc, #36]	@ (1000349c <cdcd_deinit+0x28>)
10003476:	6b19      	ldr	r1, [r3, #48]	@ 0x30
10003478:	b149      	cbz	r1, 1000348e <cdcd_deinit+0x1a>
1000347a:	6a1a      	ldr	r2, [r3, #32]
1000347c:	b112      	cbz	r2, 10003484 <cdcd_deinit+0x10>
1000347e:	2200      	movs	r2, #0
10003480:	e9c3 2207 	strd	r2, r2, [r3, #28]
10003484:	2200      	movs	r2, #0
10003486:	e9c3 220c 	strd	r2, r2, [r3, #48]	@ 0x30
1000348a:	2001      	movs	r0, #1
1000348c:	4770      	bx	lr
1000348e:	6a1a      	ldr	r2, [r3, #32]
10003490:	2a00      	cmp	r2, #0
10003492:	d0fa      	beq.n	1000348a <cdcd_deinit+0x16>
10003494:	2001      	movs	r0, #1
10003496:	e9c3 1107 	strd	r1, r1, [r3, #28]
1000349a:	4770      	bx	lr
1000349c:	20000ee8 	.word	0x20000ee8

100034a0 <cdcd_reset>:
100034a0:	2200      	movs	r2, #0
100034a2:	b510      	push	{r4, lr}
100034a4:	4c0e      	ldr	r4, [pc, #56]	@ (100034e0 <cdcd_reset+0x40>)
100034a6:	480f      	ldr	r0, [pc, #60]	@ (100034e4 <cdcd_reset+0x44>)
100034a8:	7823      	ldrb	r3, [r4, #0]
100034aa:	6002      	str	r2, [r0, #0]
100034ac:	7102      	strb	r2, [r0, #4]
100034ae:	07da      	lsls	r2, r3, #31
100034b0:	d507      	bpl.n	100034c2 <cdcd_reset+0x22>
100034b2:	079b      	lsls	r3, r3, #30
100034b4:	d50b      	bpl.n	100034ce <cdcd_reset+0x2e>
100034b6:	e8bd 4010 	ldmia.w	sp!, {r4, lr}
100034ba:	2101      	movs	r1, #1
100034bc:	480a      	ldr	r0, [pc, #40]	@ (100034e8 <cdcd_reset+0x48>)
100034be:	f000 bc4f 	b.w	10003d60 <tu_fifo_set_overwritable>
100034c2:	3010      	adds	r0, #16
100034c4:	f000 fc30 	bl	10003d28 <tu_fifo_clear>
100034c8:	7823      	ldrb	r3, [r4, #0]
100034ca:	079b      	lsls	r3, r3, #30
100034cc:	d4f3      	bmi.n	100034b6 <cdcd_reset+0x16>
100034ce:	4806      	ldr	r0, [pc, #24]	@ (100034e8 <cdcd_reset+0x48>)
100034d0:	f000 fc2a 	bl	10003d28 <tu_fifo_clear>
100034d4:	e8bd 4010 	ldmia.w	sp!, {r4, lr}
100034d8:	2101      	movs	r1, #1
100034da:	4803      	ldr	r0, [pc, #12]	@ (100034e8 <cdcd_reset+0x48>)
100034dc:	f000 bc40 	b.w	10003d60 <tu_fifo_set_overwritable>
100034e0:	200011bc 	.word	0x200011bc
100034e4:	20000ee8 	.word	0x20000ee8
100034e8:	20000f0c 	.word	0x20000f0c

100034ec <cdcd_open>:
100034ec:	b5f0      	push	{r4, r5, r6, r7, lr}
100034ee:	794b      	ldrb	r3, [r1, #5]
100034f0:	b083      	sub	sp, #12
100034f2:	2b02      	cmp	r3, #2
100034f4:	d003      	beq.n	100034fe <cdcd_open+0x12>
100034f6:	2500      	movs	r5, #0
100034f8:	4628      	mov	r0, r5
100034fa:	b003      	add	sp, #12
100034fc:	bdf0      	pop	{r4, r5, r6, r7, pc}
100034fe:	798b      	ldrb	r3, [r1, #6]
10003500:	2b02      	cmp	r3, #2
10003502:	d1f8      	bne.n	100034f6 <cdcd_open+0xa>
10003504:	4f26      	ldr	r7, [pc, #152]	@ (100035a0 <cdcd_open+0xb4>)
10003506:	78bb      	ldrb	r3, [r7, #2]
10003508:	b13b      	cbz	r3, 1000351a <cdcd_open+0x2e>
1000350a:	f04f 23e0 	mov.w	r3, #3758153728	@ 0xe000e000
1000350e:	f8d3 3df0 	ldr.w	r3, [r3, #3568]	@ 0xdf0
10003512:	07db      	lsls	r3, r3, #31
10003514:	d5ef      	bpl.n	100034f6 <cdcd_open+0xa>
10003516:	be00      	bkpt	0x0000
10003518:	e7ed      	b.n	100034f6 <cdcd_open+0xa>
1000351a:	788b      	ldrb	r3, [r1, #2]
1000351c:	4606      	mov	r6, r0
1000351e:	703b      	strb	r3, [r7, #0]
10003520:	780b      	ldrb	r3, [r1, #0]
10003522:	2509      	movs	r5, #9
10003524:	18cc      	adds	r4, r1, r3
10003526:	7861      	ldrb	r1, [r4, #1]
10003528:	2924      	cmp	r1, #36	@ 0x24
1000352a:	d10b      	bne.n	10003544 <cdcd_open+0x58>
1000352c:	2a08      	cmp	r2, #8
1000352e:	d802      	bhi.n	10003536 <cdcd_open+0x4a>
10003530:	e00f      	b.n	10003552 <cdcd_open+0x66>
10003532:	42aa      	cmp	r2, r5
10003534:	d30d      	bcc.n	10003552 <cdcd_open+0x66>
10003536:	7823      	ldrb	r3, [r4, #0]
10003538:	441c      	add	r4, r3
1000353a:	7861      	ldrb	r1, [r4, #1]
1000353c:	442b      	add	r3, r5
1000353e:	2924      	cmp	r1, #36	@ 0x24
10003540:	b29d      	uxth	r5, r3
10003542:	d0f6      	beq.n	10003532 <cdcd_open+0x46>
10003544:	2905      	cmp	r1, #5
10003546:	d00a      	beq.n	1000355e <cdcd_open+0x72>
10003548:	2904      	cmp	r1, #4
1000354a:	d102      	bne.n	10003552 <cdcd_open+0x66>
1000354c:	7963      	ldrb	r3, [r4, #5]
1000354e:	2b0a      	cmp	r3, #10
10003550:	d013      	beq.n	1000357a <cdcd_open+0x8e>
10003552:	2000      	movs	r0, #0
10003554:	f7ff fe40 	bl	100031d8 <_prep_out_transaction.isra.0>
10003558:	4628      	mov	r0, r5
1000355a:	b003      	add	sp, #12
1000355c:	bdf0      	pop	{r4, r5, r6, r7, pc}
1000355e:	4621      	mov	r1, r4
10003560:	4630      	mov	r0, r6
10003562:	f7ff fcaf 	bl	10002ec4 <usbd_edpt_open>
10003566:	2800      	cmp	r0, #0
10003568:	d0cf      	beq.n	1000350a <cdcd_open+0x1e>
1000356a:	78a3      	ldrb	r3, [r4, #2]
1000356c:	707b      	strb	r3, [r7, #1]
1000356e:	7823      	ldrb	r3, [r4, #0]
10003570:	441c      	add	r4, r3
10003572:	442b      	add	r3, r5
10003574:	7861      	ldrb	r1, [r4, #1]
10003576:	b29d      	uxth	r5, r3
10003578:	e7e6      	b.n	10003548 <cdcd_open+0x5c>
1000357a:	4b0a      	ldr	r3, [pc, #40]	@ (100035a4 <cdcd_open+0xb8>)
1000357c:	7827      	ldrb	r7, [r4, #0]
1000357e:	9301      	str	r3, [sp, #4]
10003580:	3301      	adds	r3, #1
10003582:	9300      	str	r3, [sp, #0]
10003584:	2302      	movs	r3, #2
10003586:	4630      	mov	r0, r6
10003588:	461a      	mov	r2, r3
1000358a:	19e1      	adds	r1, r4, r7
1000358c:	f7ff fc4c 	bl	10002e28 <usbd_open_edpt_pair>
10003590:	2800      	cmp	r0, #0
10003592:	d0ba      	beq.n	1000350a <cdcd_open+0x1e>
10003594:	350e      	adds	r5, #14
10003596:	fa17 f585 	uxtah	r5, r7, r5
1000359a:	b2ad      	uxth	r5, r5
1000359c:	e7d9      	b.n	10003552 <cdcd_open+0x66>
1000359e:	bf00      	nop
100035a0:	20000ee8 	.word	0x20000ee8
100035a4:	20000eea 	.word	0x20000eea

100035a8 <cdcd_control_xfer_cb>:
100035a8:	7813      	ldrb	r3, [r2, #0]
100035aa:	f003 0360 	and.w	r3, r3, #96	@ 0x60
100035ae:	2b20      	cmp	r3, #32
100035b0:	d108      	bne.n	100035c4 <cdcd_control_xfer_cb+0x1c>
100035b2:	b570      	push	{r4, r5, r6, lr}
100035b4:	4c26      	ldr	r4, [pc, #152]	@ (10003650 <cdcd_control_xfer_cb+0xa8>)
100035b6:	8893      	ldrh	r3, [r2, #4]
100035b8:	f894 c000 	ldrb.w	ip, [r4]
100035bc:	459c      	cmp	ip, r3
100035be:	d003      	beq.n	100035c8 <cdcd_control_xfer_cb+0x20>
100035c0:	2000      	movs	r0, #0
100035c2:	bd70      	pop	{r4, r5, r6, pc}
100035c4:	2000      	movs	r0, #0
100035c6:	4770      	bx	lr
100035c8:	7853      	ldrb	r3, [r2, #1]
100035ca:	3b20      	subs	r3, #32
100035cc:	2b03      	cmp	r3, #3
100035ce:	d8f7      	bhi.n	100035c0 <cdcd_control_xfer_cb+0x18>
100035d0:	e8df f003 	tbb	[pc, r3]
100035d4:	020d2327 	.word	0x020d2327
100035d8:	2901      	cmp	r1, #1
100035da:	d02e      	beq.n	1000363a <cdcd_control_xfer_cb+0x92>
100035dc:	2903      	cmp	r1, #3
100035de:	d11e      	bne.n	1000361e <cdcd_control_xfer_cb+0x76>
100035e0:	4b1c      	ldr	r3, [pc, #112]	@ (10003654 <cdcd_control_xfer_cb+0xac>)
100035e2:	b1e3      	cbz	r3, 1000361e <cdcd_control_xfer_cb+0x76>
100035e4:	2000      	movs	r0, #0
100035e6:	8851      	ldrh	r1, [r2, #2]
100035e8:	f3af 8000 	nop.w
100035ec:	e017      	b.n	1000361e <cdcd_control_xfer_cb+0x76>
100035ee:	2901      	cmp	r1, #1
100035f0:	d023      	beq.n	1000363a <cdcd_control_xfer_cb+0x92>
100035f2:	2903      	cmp	r1, #3
100035f4:	d113      	bne.n	1000361e <cdcd_control_xfer_cb+0x76>
100035f6:	8855      	ldrh	r5, [r2, #2]
100035f8:	4817      	ldr	r0, [pc, #92]	@ (10003658 <cdcd_control_xfer_cb+0xb0>)
100035fa:	f005 0601 	and.w	r6, r5, #1
100035fe:	f086 0101 	eor.w	r1, r6, #1
10003602:	7125      	strb	r5, [r4, #4]
10003604:	f000 fbac 	bl	10003d60 <tu_fifo_set_overwritable>
10003608:	4b14      	ldr	r3, [pc, #80]	@ (1000365c <cdcd_control_xfer_cb+0xb4>)
1000360a:	b143      	cbz	r3, 1000361e <cdcd_control_xfer_cb+0x76>
1000360c:	4631      	mov	r1, r6
1000360e:	2000      	movs	r0, #0
10003610:	f3c5 0240 	ubfx	r2, r5, #1, #1
10003614:	f3af 8000 	nop.w
10003618:	e001      	b.n	1000361e <cdcd_control_xfer_cb+0x76>
1000361a:	2901      	cmp	r1, #1
1000361c:	d011      	beq.n	10003642 <cdcd_control_xfer_cb+0x9a>
1000361e:	2001      	movs	r0, #1
10003620:	bd70      	pop	{r4, r5, r6, pc}
10003622:	2901      	cmp	r1, #1
10003624:	d00d      	beq.n	10003642 <cdcd_control_xfer_cb+0x9a>
10003626:	2903      	cmp	r1, #3
10003628:	d1f9      	bne.n	1000361e <cdcd_control_xfer_cb+0x76>
1000362a:	4b0d      	ldr	r3, [pc, #52]	@ (10003660 <cdcd_control_xfer_cb+0xb8>)
1000362c:	2b00      	cmp	r3, #0
1000362e:	d0f6      	beq.n	1000361e <cdcd_control_xfer_cb+0x76>
10003630:	2000      	movs	r0, #0
10003632:	490c      	ldr	r1, [pc, #48]	@ (10003664 <cdcd_control_xfer_cb+0xbc>)
10003634:	f7fe fdea 	bl	1000220c <tud_cdc_line_coding_cb>
10003638:	e7f1      	b.n	1000361e <cdcd_control_xfer_cb+0x76>
1000363a:	4611      	mov	r1, r2
1000363c:	f7ff fcc0 	bl	10002fc0 <tud_control_status>
10003640:	e7ed      	b.n	1000361e <cdcd_control_xfer_cb+0x76>
10003642:	4611      	mov	r1, r2
10003644:	2307      	movs	r3, #7
10003646:	4a07      	ldr	r2, [pc, #28]	@ (10003664 <cdcd_control_xfer_cb+0xbc>)
10003648:	f7ff fcd4 	bl	10002ff4 <tud_control_xfer>
1000364c:	e7e7      	b.n	1000361e <cdcd_control_xfer_cb+0x76>
1000364e:	bf00      	nop
10003650:	20000ee8 	.word	0x20000ee8
10003654:	00000000 	.word	0x00000000
10003658:	20000f0c 	.word	0x20000f0c
1000365c:	00000000 	.word	0x00000000
10003660:	1000220d 	.word	0x1000220d
10003664:	20000ef0 	.word	0x20000ef0

10003668 <cdcd_xfer_cb>:
10003668:	e92d 47f0 	stmdb	sp!, {r4, r5, r6, r7, r8, r9, sl, lr}
1000366c:	4f36      	ldr	r7, [pc, #216]	@ (10003748 <cdcd_xfer_cb+0xe0>)
1000366e:	460c      	mov	r4, r1
10003670:	78fa      	ldrb	r2, [r7, #3]
10003672:	4606      	mov	r6, r0
10003674:	428a      	cmp	r2, r1
10003676:	461d      	mov	r5, r3
10003678:	f897 c002 	ldrb.w	ip, [r7, #2]
1000367c:	d03c      	beq.n	100036f8 <cdcd_xfer_cb+0x90>
1000367e:	458c      	cmp	ip, r1
10003680:	d013      	beq.n	100036aa <cdcd_xfer_cb+0x42>
10003682:	f04f 23e0 	mov.w	r3, #3758153728	@ 0xe000e000
10003686:	f8d3 3df0 	ldr.w	r3, [r3, #3568]	@ 0xdf0
1000368a:	07db      	lsls	r3, r3, #31
1000368c:	d500      	bpl.n	10003690 <cdcd_xfer_cb+0x28>
1000368e:	be00      	bkpt	0x0000
10003690:	2000      	movs	r0, #0
10003692:	e8bd 87f0 	ldmia.w	sp!, {r4, r5, r6, r7, r8, r9, sl, pc}
10003696:	4b2d      	ldr	r3, [pc, #180]	@ (1000374c <cdcd_xfer_cb+0xe4>)
10003698:	b123      	cbz	r3, 100036a4 <cdcd_xfer_cb+0x3c>
1000369a:	482d      	ldr	r0, [pc, #180]	@ (10003750 <cdcd_xfer_cb+0xe8>)
1000369c:	f000 f976 	bl	1000398c <tu_fifo_empty>
100036a0:	2800      	cmp	r0, #0
100036a2:	d04e      	beq.n	10003742 <cdcd_xfer_cb+0xda>
100036a4:	2000      	movs	r0, #0
100036a6:	f7ff fd97 	bl	100031d8 <_prep_out_transaction.isra.0>
100036aa:	78bb      	ldrb	r3, [r7, #2]
100036ac:	42a3      	cmp	r3, r4
100036ae:	d002      	beq.n	100036b6 <cdcd_xfer_cb+0x4e>
100036b0:	2001      	movs	r0, #1
100036b2:	e8bd 87f0 	ldmia.w	sp!, {r4, r5, r6, r7, r8, r9, sl, pc}
100036b6:	4b27      	ldr	r3, [pc, #156]	@ (10003754 <cdcd_xfer_cb+0xec>)
100036b8:	b113      	cbz	r3, 100036c0 <cdcd_xfer_cb+0x58>
100036ba:	2000      	movs	r0, #0
100036bc:	f3af 8000 	nop.w
100036c0:	2000      	movs	r0, #0
100036c2:	f7ff fe2b 	bl	1000331c <tud_cdc_n_write_flush>
100036c6:	2800      	cmp	r0, #0
100036c8:	d1f2      	bne.n	100036b0 <cdcd_xfer_cb+0x48>
100036ca:	4823      	ldr	r0, [pc, #140]	@ (10003758 <cdcd_xfer_cb+0xf0>)
100036cc:	f000 f94e 	bl	1000396c <tu_fifo_count>
100036d0:	2800      	cmp	r0, #0
100036d2:	d1ed      	bne.n	100036b0 <cdcd_xfer_cb+0x48>
100036d4:	2d00      	cmp	r5, #0
100036d6:	d0eb      	beq.n	100036b0 <cdcd_xfer_cb+0x48>
100036d8:	f015 053f 	ands.w	r5, r5, #63	@ 0x3f
100036dc:	d1e8      	bne.n	100036b0 <cdcd_xfer_cb+0x48>
100036de:	4630      	mov	r0, r6
100036e0:	78b9      	ldrb	r1, [r7, #2]
100036e2:	f7ff fc11 	bl	10002f08 <usbd_edpt_claim>
100036e6:	2800      	cmp	r0, #0
100036e8:	d0e2      	beq.n	100036b0 <cdcd_xfer_cb+0x48>
100036ea:	462b      	mov	r3, r5
100036ec:	462a      	mov	r2, r5
100036ee:	4630      	mov	r0, r6
100036f0:	78b9      	ldrb	r1, [r7, #2]
100036f2:	f7ff fc2d 	bl	10002f50 <usbd_edpt_xfer>
100036f6:	e7db      	b.n	100036b0 <cdcd_xfer_cb+0x48>
100036f8:	f8df 8064 	ldr.w	r8, [pc, #100]	@ 10003760 <cdcd_xfer_cb+0xf8>
100036fc:	b29a      	uxth	r2, r3
100036fe:	4641      	mov	r1, r8
10003700:	f107 0010 	add.w	r0, r7, #16
10003704:	f000 fa64 	bl	10003bd0 <tu_fifo_write_n>
10003708:	4b14      	ldr	r3, [pc, #80]	@ (1000375c <cdcd_xfer_cb+0xf4>)
1000370a:	2b00      	cmp	r3, #0
1000370c:	d0c3      	beq.n	10003696 <cdcd_xfer_cb+0x2e>
1000370e:	797b      	ldrb	r3, [r7, #5]
10003710:	2bff      	cmp	r3, #255	@ 0xff
10003712:	d0c0      	beq.n	10003696 <cdcd_xfer_cb+0x2e>
10003714:	2d00      	cmp	r5, #0
10003716:	d0be      	beq.n	10003696 <cdcd_xfer_cb+0x2e>
10003718:	f107 0910 	add.w	r9, r7, #16
1000371c:	eb08 0a05 	add.w	sl, r8, r5
10003720:	e002      	b.n	10003728 <cdcd_xfer_cb+0xc0>
10003722:	45c2      	cmp	sl, r8
10003724:	d0b7      	beq.n	10003696 <cdcd_xfer_cb+0x2e>
10003726:	797b      	ldrb	r3, [r7, #5]
10003728:	f818 2b01 	ldrb.w	r2, [r8], #1
1000372c:	429a      	cmp	r2, r3
1000372e:	d1f8      	bne.n	10003722 <cdcd_xfer_cb+0xba>
10003730:	4648      	mov	r0, r9
10003732:	f000 f92b 	bl	1000398c <tu_fifo_empty>
10003736:	2800      	cmp	r0, #0
10003738:	d1f3      	bne.n	10003722 <cdcd_xfer_cb+0xba>
1000373a:	7979      	ldrb	r1, [r7, #5]
1000373c:	f3af 8000 	nop.w
10003740:	e7ef      	b.n	10003722 <cdcd_xfer_cb+0xba>
10003742:	f3af 8000 	nop.w
10003746:	e7ad      	b.n	100036a4 <cdcd_xfer_cb+0x3c>
10003748:	20000ee8 	.word	0x20000ee8
1000374c:	00000000 	.word	0x00000000
10003750:	20000ef8 	.word	0x20000ef8
10003754:	00000000 	.word	0x00000000
10003758:	20000f0c 	.word	0x20000f0c
1000375c:	00000000 	.word	0x00000000
10003760:	2000113c 	.word	0x2000113c

10003764 <tusb_rhport_init>:
10003764:	b510      	push	{r4, lr}
10003766:	b082      	sub	sp, #8
10003768:	b1b9      	cbz	r1, 1000379a <tusb_rhport_init+0x36>
1000376a:	2801      	cmp	r0, #1
1000376c:	d80c      	bhi.n	10003788 <tusb_rhport_init+0x24>
1000376e:	780b      	ldrb	r3, [r1, #0]
10003770:	b153      	cbz	r3, 10003788 <tusb_rhport_init+0x24>
10003772:	4c13      	ldr	r4, [pc, #76]	@ (100037c0 <tusb_rhport_init+0x5c>)
10003774:	2b01      	cmp	r3, #1
10003776:	5423      	strb	r3, [r4, r0]
10003778:	d002      	beq.n	10003780 <tusb_rhport_init+0x1c>
1000377a:	2001      	movs	r0, #1
1000377c:	b002      	add	sp, #8
1000377e:	bd10      	pop	{r4, pc}
10003780:	f7fe ff26 	bl	100025d0 <tud_rhport_init>
10003784:	2800      	cmp	r0, #0
10003786:	d1f8      	bne.n	1000377a <tusb_rhport_init+0x16>
10003788:	f04f 23e0 	mov.w	r3, #3758153728	@ 0xe000e000
1000378c:	f8d3 3df0 	ldr.w	r3, [r3, #3568]	@ 0xdf0
10003790:	07db      	lsls	r3, r3, #31
10003792:	d500      	bpl.n	10003796 <tusb_rhport_init+0x32>
10003794:	be00      	bkpt	0x0000
10003796:	2000      	movs	r0, #0
10003798:	e7f0      	b.n	1000377c <tusb_rhport_init+0x18>
1000379a:	2401      	movs	r4, #1
1000379c:	4608      	mov	r0, r1
1000379e:	a901      	add	r1, sp, #4
100037a0:	f8ad 4004 	strh.w	r4, [sp, #4]
100037a4:	f7fe ff14 	bl	100025d0 <tud_rhport_init>
100037a8:	b938      	cbnz	r0, 100037ba <tusb_rhport_init+0x56>
100037aa:	f04f 23e0 	mov.w	r3, #3758153728	@ 0xe000e000
100037ae:	f8d3 3df0 	ldr.w	r3, [r3, #3568]	@ 0xdf0
100037b2:	07da      	lsls	r2, r3, #31
100037b4:	d5e2      	bpl.n	1000377c <tusb_rhport_init+0x18>
100037b6:	be00      	bkpt	0x0000
100037b8:	e7e0      	b.n	1000377c <tusb_rhport_init+0x18>
100037ba:	4b01      	ldr	r3, [pc, #4]	@ (100037c0 <tusb_rhport_init+0x5c>)
100037bc:	701c      	strb	r4, [r3, #0]
100037be:	e7dd      	b.n	1000377c <tusb_rhport_init+0x18>
100037c0:	20001234 	.word	0x20001234

100037c4 <tu_edpt_claim>:
100037c4:	b5f8      	push	{r3, r4, r5, r6, r7, lr}
100037c6:	7803      	ldrb	r3, [r0, #0]
100037c8:	f013 0401 	ands.w	r4, r3, #1
100037cc:	d11a      	bne.n	10003804 <tu_edpt_claim+0x40>
100037ce:	7803      	ldrb	r3, [r0, #0]
100037d0:	4605      	mov	r5, r0
100037d2:	075a      	lsls	r2, r3, #29
100037d4:	f3c3 0780 	ubfx	r7, r3, #2, #1
100037d8:	d501      	bpl.n	100037de <tu_edpt_claim+0x1a>
100037da:	4620      	mov	r0, r4
100037dc:	bdf8      	pop	{r3, r4, r5, r6, r7, pc}
100037de:	460e      	mov	r6, r1
100037e0:	f04f 31ff 	mov.w	r1, #4294967295	@ 0xffffffff
100037e4:	4630      	mov	r0, r6
100037e6:	f000 fbe3 	bl	10003fb0 <__mutex_enter_timeout_ms_veneer>
100037ea:	782b      	ldrb	r3, [r5, #0]
100037ec:	f013 0401 	ands.w	r4, r3, #1
100037f0:	d10b      	bne.n	1000380a <tu_edpt_claim+0x46>
100037f2:	782b      	ldrb	r3, [r5, #0]
100037f4:	075b      	lsls	r3, r3, #29
100037f6:	d409      	bmi.n	1000380c <tu_edpt_claim+0x48>
100037f8:	782b      	ldrb	r3, [r5, #0]
100037fa:	2401      	movs	r4, #1
100037fc:	f043 0304 	orr.w	r3, r3, #4
10003800:	702b      	strb	r3, [r5, #0]
10003802:	e003      	b.n	1000380c <tu_edpt_claim+0x48>
10003804:	2400      	movs	r4, #0
10003806:	4620      	mov	r0, r4
10003808:	bdf8      	pop	{r3, r4, r5, r6, r7, pc}
1000380a:	463c      	mov	r4, r7
1000380c:	4630      	mov	r0, r6
1000380e:	f000 fbdb 	bl	10003fc8 <__mutex_exit_veneer>
10003812:	4620      	mov	r0, r4
10003814:	bdf8      	pop	{r3, r4, r5, r6, r7, pc}
10003816:	bf00      	nop

10003818 <tu_edpt_release>:
10003818:	b570      	push	{r4, r5, r6, lr}
1000381a:	460c      	mov	r4, r1
1000381c:	4605      	mov	r5, r0
1000381e:	f04f 31ff 	mov.w	r1, #4294967295	@ 0xffffffff
10003822:	4620      	mov	r0, r4
10003824:	f000 fbc4 	bl	10003fb0 <__mutex_enter_timeout_ms_veneer>
10003828:	782b      	ldrb	r3, [r5, #0]
1000382a:	f3c3 0680 	ubfx	r6, r3, #2, #1
1000382e:	075b      	lsls	r3, r3, #29
10003830:	d508      	bpl.n	10003844 <tu_edpt_release+0x2c>
10003832:	782b      	ldrb	r3, [r5, #0]
10003834:	f013 0301 	ands.w	r3, r3, #1
10003838:	bf11      	iteee	ne
1000383a:	2600      	movne	r6, #0
1000383c:	782a      	ldrbeq	r2, [r5, #0]
1000383e:	f363 0282 	bfieq	r2, r3, #2, #1
10003842:	702a      	strbeq	r2, [r5, #0]
10003844:	4620      	mov	r0, r4
10003846:	f000 fbbf 	bl	10003fc8 <__mutex_exit_veneer>
1000384a:	4630      	mov	r0, r6
1000384c:	bd70      	pop	{r4, r5, r6, pc}
1000384e:	bf00      	nop

10003850 <tu_edpt_validate>:
10003850:	78c3      	ldrb	r3, [r0, #3]
10003852:	8882      	ldrh	r2, [r0, #4]
10003854:	f003 0003 	and.w	r0, r3, #3
10003858:	2802      	cmp	r0, #2
1000385a:	f3c2 020a 	ubfx	r2, r2, #0, #11
1000385e:	d01f      	beq.n	100038a0 <tu_edpt_validate+0x50>
10003860:	2803      	cmp	r0, #3
10003862:	d003      	beq.n	1000386c <tu_edpt_validate+0x1c>
10003864:	2801      	cmp	r0, #1
10003866:	d00a      	beq.n	1000387e <tu_edpt_validate+0x2e>
10003868:	2000      	movs	r0, #0
1000386a:	4770      	bx	lr
1000386c:	2902      	cmp	r1, #2
1000386e:	bf14      	ite	ne
10003870:	2340      	movne	r3, #64	@ 0x40
10003872:	f44f 6380 	moveq.w	r3, #1024	@ 0x400
10003876:	4293      	cmp	r3, r2
10003878:	d309      	bcc.n	1000388e <tu_edpt_validate+0x3e>
1000387a:	2001      	movs	r0, #1
1000387c:	4770      	bx	lr
1000387e:	2902      	cmp	r1, #2
10003880:	f240 33ff 	movw	r3, #1023	@ 0x3ff
10003884:	bf08      	it	eq
10003886:	f44f 6380 	moveq.w	r3, #1024	@ 0x400
1000388a:	4293      	cmp	r3, r2
1000388c:	d2f6      	bcs.n	1000387c <tu_edpt_validate+0x2c>
1000388e:	f04f 23e0 	mov.w	r3, #3758153728	@ 0xe000e000
10003892:	f8d3 3df0 	ldr.w	r3, [r3, #3568]	@ 0xdf0
10003896:	07db      	lsls	r3, r3, #31
10003898:	d5e6      	bpl.n	10003868 <tu_edpt_validate+0x18>
1000389a:	be00      	bkpt	0x0000
1000389c:	2000      	movs	r0, #0
1000389e:	4770      	bx	lr
100038a0:	2902      	cmp	r1, #2
100038a2:	d002      	beq.n	100038aa <tu_edpt_validate+0x5a>
100038a4:	2a40      	cmp	r2, #64	@ 0x40
100038a6:	d9e8      	bls.n	1000387a <tu_edpt_validate+0x2a>
100038a8:	e7f1      	b.n	1000388e <tu_edpt_validate+0x3e>
100038aa:	f5b2 7f00 	cmp.w	r2, #512	@ 0x200
100038ae:	d0e4      	beq.n	1000387a <tu_edpt_validate+0x2a>
100038b0:	e7ed      	b.n	1000388e <tu_edpt_validate+0x3e>
100038b2:	bf00      	nop

100038b4 <tu_edpt_bind_driver>:
100038b4:	440a      	add	r2, r1
100038b6:	4291      	cmp	r1, r2
100038b8:	d226      	bcs.n	10003908 <tu_edpt_bind_driver+0x54>
100038ba:	f891 c001 	ldrb.w	ip, [r1, #1]
100038be:	f1bc 0f05 	cmp.w	ip, #5
100038c2:	d005      	beq.n	100038d0 <tu_edpt_bind_driver+0x1c>
100038c4:	f891 c000 	ldrb.w	ip, [r1]
100038c8:	4461      	add	r1, ip
100038ca:	428a      	cmp	r2, r1
100038cc:	d8f5      	bhi.n	100038ba <tu_edpt_bind_driver+0x6>
100038ce:	4770      	bx	lr
100038d0:	b500      	push	{lr}
100038d2:	f891 c002 	ldrb.w	ip, [r1, #2]
100038d6:	f00c 0e7f 	and.w	lr, ip, #127	@ 0x7f
100038da:	eb00 0e4e 	add.w	lr, r0, lr, lsl #1
100038de:	ea4f 1cdc 	mov.w	ip, ip, lsr #7
100038e2:	f80e 300c 	strb.w	r3, [lr, ip]
100038e6:	f891 c000 	ldrb.w	ip, [r1]
100038ea:	4461      	add	r1, ip
100038ec:	428a      	cmp	r2, r1
100038ee:	d909      	bls.n	10003904 <tu_edpt_bind_driver+0x50>
100038f0:	f891 c001 	ldrb.w	ip, [r1, #1]
100038f4:	f1bc 0f05 	cmp.w	ip, #5
100038f8:	d0eb      	beq.n	100038d2 <tu_edpt_bind_driver+0x1e>
100038fa:	f891 c000 	ldrb.w	ip, [r1]
100038fe:	4461      	add	r1, ip
10003900:	428a      	cmp	r2, r1
10003902:	d8f5      	bhi.n	100038f0 <tu_edpt_bind_driver+0x3c>
10003904:	f85d fb04 	ldr.w	pc, [sp], #4
10003908:	4770      	bx	lr
1000390a:	bf00      	nop

1000390c <tu_fifo_config>:
1000390c:	e92d 41f0 	stmdb	sp!, {r4, r5, r6, r7, r8, lr}
10003910:	f5b2 4f00 	cmp.w	r2, #32768	@ 0x8000
10003914:	f89d 8018 	ldrb.w	r8, [sp, #24]
10003918:	d824      	bhi.n	10003964 <tu_fifo_config+0x58>
1000391a:	4604      	mov	r4, r0
1000391c:	68c0      	ldr	r0, [r0, #12]
1000391e:	4617      	mov	r7, r2
10003920:	460e      	mov	r6, r1
10003922:	461d      	mov	r5, r3
10003924:	b118      	cbz	r0, 1000392e <tu_fifo_config+0x22>
10003926:	f04f 31ff 	mov.w	r1, #4294967295	@ 0xffffffff
1000392a:	f000 fb41 	bl	10003fb0 <__mutex_enter_timeout_ms_veneer>
1000392e:	6920      	ldr	r0, [r4, #16]
10003930:	b118      	cbz	r0, 1000393a <tu_fifo_config+0x2e>
10003932:	f04f 31ff 	mov.w	r1, #4294967295	@ 0xffffffff
10003936:	f000 fb3b 	bl	10003fb0 <__mutex_enter_timeout_ms_veneer>
1000393a:	2200      	movs	r2, #0
1000393c:	f3c5 030e 	ubfx	r3, r5, #0, #15
10003940:	68e0      	ldr	r0, [r4, #12]
10003942:	ea43 33c8 	orr.w	r3, r3, r8, lsl #15
10003946:	8162      	strh	r2, [r4, #10]
10003948:	6026      	str	r6, [r4, #0]
1000394a:	80a7      	strh	r7, [r4, #4]
1000394c:	80e3      	strh	r3, [r4, #6]
1000394e:	8122      	strh	r2, [r4, #8]
10003950:	b108      	cbz	r0, 10003956 <tu_fifo_config+0x4a>
10003952:	f000 fb39 	bl	10003fc8 <__mutex_exit_veneer>
10003956:	6920      	ldr	r0, [r4, #16]
10003958:	b108      	cbz	r0, 1000395e <tu_fifo_config+0x52>
1000395a:	f000 fb35 	bl	10003fc8 <__mutex_exit_veneer>
1000395e:	2001      	movs	r0, #1
10003960:	e8bd 81f0 	ldmia.w	sp!, {r4, r5, r6, r7, r8, pc}
10003964:	2000      	movs	r0, #0
10003966:	e8bd 81f0 	ldmia.w	sp!, {r4, r5, r6, r7, r8, pc}
1000396a:	bf00      	nop

1000396c <tu_fifo_count>:
1000396c:	8903      	ldrh	r3, [r0, #8]
1000396e:	8942      	ldrh	r2, [r0, #10]
10003970:	b29b      	uxth	r3, r3
10003972:	b292      	uxth	r2, r2
10003974:	8880      	ldrh	r0, [r0, #4]
10003976:	4293      	cmp	r3, r2
10003978:	bf36      	itet	cc
1000397a:	ebc2 0240 	rsbcc	r2, r2, r0, lsl #1
1000397e:	1a9b      	subcs	r3, r3, r2
10003980:	189b      	addcc	r3, r3, r2
10003982:	b29b      	uxth	r3, r3
10003984:	4298      	cmp	r0, r3
10003986:	bf28      	it	cs
10003988:	4618      	movcs	r0, r3
1000398a:	4770      	bx	lr

1000398c <tu_fifo_empty>:
1000398c:	8902      	ldrh	r2, [r0, #8]
1000398e:	8943      	ldrh	r3, [r0, #10]
10003990:	b290      	uxth	r0, r2
10003992:	b29b      	uxth	r3, r3
10003994:	1ac0      	subs	r0, r0, r3
10003996:	fab0 f080 	clz	r0, r0
1000399a:	0940      	lsrs	r0, r0, #5
1000399c:	4770      	bx	lr
1000399e:	bf00      	nop

100039a0 <tu_fifo_remaining>:
100039a0:	8903      	ldrh	r3, [r0, #8]
100039a2:	8942      	ldrh	r2, [r0, #10]
100039a4:	b29b      	uxth	r3, r3
100039a6:	8880      	ldrh	r0, [r0, #4]
100039a8:	b292      	uxth	r2, r2
100039aa:	4293      	cmp	r3, r2
100039ac:	bf36      	itet	cc
100039ae:	ebc2 0240 	rsbcc	r2, r2, r0, lsl #1
100039b2:	1a9b      	subcs	r3, r3, r2
100039b4:	189b      	addcc	r3, r3, r2
100039b6:	b29b      	uxth	r3, r3
100039b8:	4298      	cmp	r0, r3
100039ba:	bf86      	itte	hi
100039bc:	1ac0      	subhi	r0, r0, r3
100039be:	b280      	uxthhi	r0, r0
100039c0:	2000      	movls	r0, #0
100039c2:	4770      	bx	lr

100039c4 <tu_fifo_read>:
100039c4:	b538      	push	{r3, r4, r5, lr}
100039c6:	4604      	mov	r4, r0
100039c8:	6900      	ldr	r0, [r0, #16]
100039ca:	460d      	mov	r5, r1
100039cc:	b118      	cbz	r0, 100039d6 <tu_fifo_read+0x12>
100039ce:	f04f 31ff 	mov.w	r1, #4294967295	@ 0xffffffff
100039d2:	f000 faed 	bl	10003fb0 <__mutex_enter_timeout_ms_veneer>
100039d6:	8921      	ldrh	r1, [r4, #8]
100039d8:	8963      	ldrh	r3, [r4, #10]
100039da:	b289      	uxth	r1, r1
100039dc:	b29b      	uxth	r3, r3
100039de:	88a2      	ldrh	r2, [r4, #4]
100039e0:	4299      	cmp	r1, r3
100039e2:	bf36      	itet	cc
100039e4:	ebc3 0042 	rsbcc	r0, r3, r2, lsl #1
100039e8:	1ac8      	subcs	r0, r1, r3
100039ea:	1840      	addcc	r0, r0, r1
100039ec:	b280      	uxth	r0, r0
100039ee:	b350      	cbz	r0, 10003a46 <tu_fifo_read+0x82>
100039f0:	4282      	cmp	r2, r0
100039f2:	d209      	bcs.n	10003a08 <tu_fifo_read+0x44>
100039f4:	4291      	cmp	r1, r2
100039f6:	bf2c      	ite	cs
100039f8:	1a89      	subcs	r1, r1, r2
100039fa:	1889      	addcc	r1, r1, r2
100039fc:	b28b      	uxth	r3, r1
100039fe:	429a      	cmp	r2, r3
10003a00:	8163      	strh	r3, [r4, #10]
10003a02:	d803      	bhi.n	10003a0c <tu_fifo_read+0x48>
10003a04:	1a9b      	subs	r3, r3, r2
10003a06:	b29b      	uxth	r3, r3
10003a08:	429a      	cmp	r2, r3
10003a0a:	d9fb      	bls.n	10003a04 <tu_fifo_read+0x40>
10003a0c:	88e2      	ldrh	r2, [r4, #6]
10003a0e:	6821      	ldr	r1, [r4, #0]
10003a10:	f3c2 020e 	ubfx	r2, r2, #0, #15
10003a14:	fb02 1103 	mla	r1, r2, r3, r1
10003a18:	4628      	mov	r0, r5
10003a1a:	f000 fa11 	bl	10003e40 <memcpy>
10003a1e:	8961      	ldrh	r1, [r4, #10]
10003a20:	2501      	movs	r5, #1
10003a22:	b289      	uxth	r1, r1
10003a24:	1c4b      	adds	r3, r1, #1
10003a26:	b29b      	uxth	r3, r3
10003a28:	4299      	cmp	r1, r3
10003a2a:	88a2      	ldrh	r2, [r4, #4]
10003a2c:	d90e      	bls.n	10003a4c <tu_fifo_read+0x88>
10003a2e:	2300      	movs	r3, #0
10003a30:	fa02 f105 	lsl.w	r1, r2, r5
10003a34:	1a5b      	subs	r3, r3, r1
10003a36:	b29b      	uxth	r3, r3
10003a38:	6920      	ldr	r0, [r4, #16]
10003a3a:	8163      	strh	r3, [r4, #10]
10003a3c:	b108      	cbz	r0, 10003a42 <tu_fifo_read+0x7e>
10003a3e:	f000 fac3 	bl	10003fc8 <__mutex_exit_veneer>
10003a42:	4628      	mov	r0, r5
10003a44:	bd38      	pop	{r3, r4, r5, pc}
10003a46:	4605      	mov	r5, r0
10003a48:	8963      	ldrh	r3, [r4, #10]
10003a4a:	b29b      	uxth	r3, r3
10003a4c:	ebb3 0f42 	cmp.w	r3, r2, lsl #1
10003a50:	ea4f 0142 	mov.w	r1, r2, lsl #1
10003a54:	dbf0      	blt.n	10003a38 <tu_fifo_read+0x74>
10003a56:	e7ed      	b.n	10003a34 <tu_fifo_read+0x70>

10003a58 <tu_fifo_read_n>:
10003a58:	e92d 47f0 	stmdb	sp!, {r4, r5, r6, r7, r8, r9, sl, lr}
10003a5c:	4606      	mov	r6, r0
10003a5e:	6900      	ldr	r0, [r0, #16]
10003a60:	4688      	mov	r8, r1
10003a62:	4691      	mov	r9, r2
10003a64:	b118      	cbz	r0, 10003a6e <tu_fifo_read_n+0x16>
10003a66:	f04f 31ff 	mov.w	r1, #4294967295	@ 0xffffffff
10003a6a:	f000 faa1 	bl	10003fb0 <__mutex_enter_timeout_ms_veneer>
10003a6e:	8933      	ldrh	r3, [r6, #8]
10003a70:	8974      	ldrh	r4, [r6, #10]
10003a72:	b29b      	uxth	r3, r3
10003a74:	b2a4      	uxth	r4, r4
10003a76:	88b5      	ldrh	r5, [r6, #4]
10003a78:	42a3      	cmp	r3, r4
10003a7a:	bf36      	itet	cc
10003a7c:	ebc4 0745 	rsbcc	r7, r4, r5, lsl #1
10003a80:	1b1f      	subcs	r7, r3, r4
10003a82:	18ff      	addcc	r7, r7, r3
10003a84:	b2bf      	uxth	r7, r7
10003a86:	2f00      	cmp	r7, #0
10003a88:	d04a      	beq.n	10003b20 <tu_fifo_read_n+0xc8>
10003a8a:	42bd      	cmp	r5, r7
10003a8c:	d340      	bcc.n	10003b10 <tu_fifo_read_n+0xb8>
10003a8e:	45b9      	cmp	r9, r7
10003a90:	bf28      	it	cs
10003a92:	46b9      	movcs	r9, r7
10003a94:	42a5      	cmp	r5, r4
10003a96:	fa1f f789 	uxth.w	r7, r9
10003a9a:	d803      	bhi.n	10003aa4 <tu_fifo_read_n+0x4c>
10003a9c:	1b64      	subs	r4, r4, r5
10003a9e:	b2a4      	uxth	r4, r4
10003aa0:	42a5      	cmp	r5, r4
10003aa2:	d9fb      	bls.n	10003a9c <tu_fifo_read_n+0x44>
10003aa4:	f8b6 a006 	ldrh.w	sl, [r6, #6]
10003aa8:	1b2b      	subs	r3, r5, r4
10003aaa:	6831      	ldr	r1, [r6, #0]
10003aac:	b29b      	uxth	r3, r3
10003aae:	f3ca 020e 	ubfx	r2, sl, #0, #15
10003ab2:	429f      	cmp	r7, r3
10003ab4:	4692      	mov	sl, r2
10003ab6:	fb02 1104 	mla	r1, r2, r4, r1
10003aba:	d923      	bls.n	10003b04 <tu_fifo_read_n+0xac>
10003abc:	fb13 f302 	smulbb	r3, r3, r2
10003ac0:	fa1f f983 	uxth.w	r9, r3
10003ac4:	464a      	mov	r2, r9
10003ac6:	4640      	mov	r0, r8
10003ac8:	1b7d      	subs	r5, r7, r5
10003aca:	f000 f9b9 	bl	10003e40 <memcpy>
10003ace:	1962      	adds	r2, r4, r5
10003ad0:	fb12 f20a 	smulbb	r2, r2, sl
10003ad4:	6831      	ldr	r1, [r6, #0]
10003ad6:	eb08 0009 	add.w	r0, r8, r9
10003ada:	b292      	uxth	r2, r2
10003adc:	f000 f9b0 	bl	10003e40 <memcpy>
10003ae0:	8972      	ldrh	r2, [r6, #10]
10003ae2:	88b5      	ldrh	r5, [r6, #4]
10003ae4:	b292      	uxth	r2, r2
10003ae6:	19d3      	adds	r3, r2, r7
10003ae8:	b29b      	uxth	r3, r3
10003aea:	429a      	cmp	r2, r3
10003aec:	d91a      	bls.n	10003b24 <tu_fifo_read_n+0xcc>
10003aee:	006a      	lsls	r2, r5, #1
10003af0:	1a9b      	subs	r3, r3, r2
10003af2:	b29b      	uxth	r3, r3
10003af4:	6930      	ldr	r0, [r6, #16]
10003af6:	8173      	strh	r3, [r6, #10]
10003af8:	b108      	cbz	r0, 10003afe <tu_fifo_read_n+0xa6>
10003afa:	f000 fa65 	bl	10003fc8 <__mutex_exit_veneer>
10003afe:	4638      	mov	r0, r7
10003b00:	e8bd 87f0 	ldmia.w	sp!, {r4, r5, r6, r7, r8, r9, sl, pc}
10003b04:	4640      	mov	r0, r8
10003b06:	fb07 f202 	mul.w	r2, r7, r2
10003b0a:	f000 f999 	bl	10003e40 <memcpy>
10003b0e:	e7e7      	b.n	10003ae0 <tu_fifo_read_n+0x88>
10003b10:	42ab      	cmp	r3, r5
10003b12:	bf2c      	ite	cs
10003b14:	1b5b      	subcs	r3, r3, r5
10003b16:	195b      	addcc	r3, r3, r5
10003b18:	b29c      	uxth	r4, r3
10003b1a:	462f      	mov	r7, r5
10003b1c:	8174      	strh	r4, [r6, #10]
10003b1e:	e7b6      	b.n	10003a8e <tu_fifo_read_n+0x36>
10003b20:	8973      	ldrh	r3, [r6, #10]
10003b22:	b29b      	uxth	r3, r3
10003b24:	ebb3 0f45 	cmp.w	r3, r5, lsl #1
10003b28:	ea4f 0245 	mov.w	r2, r5, lsl #1
10003b2c:	dbe2      	blt.n	10003af4 <tu_fifo_read_n+0x9c>
10003b2e:	e7df      	b.n	10003af0 <tu_fifo_read_n+0x98>

10003b30 <tu_fifo_write>:
10003b30:	b5f8      	push	{r3, r4, r5, r6, r7, lr}
10003b32:	4604      	mov	r4, r0
10003b34:	68c0      	ldr	r0, [r0, #12]
10003b36:	460e      	mov	r6, r1
10003b38:	b118      	cbz	r0, 10003b42 <tu_fifo_write+0x12>
10003b3a:	f04f 31ff 	mov.w	r1, #4294967295	@ 0xffffffff
10003b3e:	f000 fa37 	bl	10003fb0 <__mutex_enter_timeout_ms_veneer>
10003b42:	8925      	ldrh	r5, [r4, #8]
10003b44:	8923      	ldrh	r3, [r4, #8]
10003b46:	8961      	ldrh	r1, [r4, #10]
10003b48:	b29b      	uxth	r3, r3
10003b4a:	b289      	uxth	r1, r1
10003b4c:	88a2      	ldrh	r2, [r4, #4]
10003b4e:	428b      	cmp	r3, r1
10003b50:	bf36      	itet	cc
10003b52:	ebc1 0142 	rsbcc	r1, r1, r2, lsl #1
10003b56:	1a5b      	subcs	r3, r3, r1
10003b58:	185b      	addcc	r3, r3, r1
10003b5a:	b29b      	uxth	r3, r3
10003b5c:	429a      	cmp	r2, r3
10003b5e:	b2ad      	uxth	r5, r5
10003b60:	d808      	bhi.n	10003b74 <tu_fifo_write+0x44>
10003b62:	79e7      	ldrb	r7, [r4, #7]
10003b64:	09ff      	lsrs	r7, r7, #7
10003b66:	d105      	bne.n	10003b74 <tu_fifo_write+0x44>
10003b68:	68e0      	ldr	r0, [r4, #12]
10003b6a:	b108      	cbz	r0, 10003b70 <tu_fifo_write+0x40>
10003b6c:	f000 fa2c 	bl	10003fc8 <__mutex_exit_veneer>
10003b70:	4638      	mov	r0, r7
10003b72:	bdf8      	pop	{r3, r4, r5, r6, r7, pc}
10003b74:	4295      	cmp	r5, r2
10003b76:	d319      	bcc.n	10003bac <tu_fifo_write+0x7c>
10003b78:	462b      	mov	r3, r5
10003b7a:	1a9b      	subs	r3, r3, r2
10003b7c:	b29b      	uxth	r3, r3
10003b7e:	4293      	cmp	r3, r2
10003b80:	d2fb      	bcs.n	10003b7a <tu_fifo_write+0x4a>
10003b82:	88e2      	ldrh	r2, [r4, #6]
10003b84:	6820      	ldr	r0, [r4, #0]
10003b86:	f3c2 020e 	ubfx	r2, r2, #0, #15
10003b8a:	fb02 0003 	mla	r0, r2, r3, r0
10003b8e:	4631      	mov	r1, r6
10003b90:	f000 f956 	bl	10003e40 <memcpy>
10003b94:	1c6b      	adds	r3, r5, #1
10003b96:	b29b      	uxth	r3, r3
10003b98:	429d      	cmp	r5, r3
10003b9a:	88a2      	ldrh	r2, [r4, #4]
10003b9c:	d912      	bls.n	10003bc4 <tu_fifo_write+0x94>
10003b9e:	2300      	movs	r3, #0
10003ba0:	0051      	lsls	r1, r2, #1
10003ba2:	1a5b      	subs	r3, r3, r1
10003ba4:	b29b      	uxth	r3, r3
10003ba6:	2701      	movs	r7, #1
10003ba8:	8123      	strh	r3, [r4, #8]
10003baa:	e7dd      	b.n	10003b68 <tu_fifo_write+0x38>
10003bac:	88e2      	ldrh	r2, [r4, #6]
10003bae:	6820      	ldr	r0, [r4, #0]
10003bb0:	f3c2 020e 	ubfx	r2, r2, #0, #15
10003bb4:	fb05 0002 	mla	r0, r5, r2, r0
10003bb8:	4631      	mov	r1, r6
10003bba:	f000 f941 	bl	10003e40 <memcpy>
10003bbe:	3501      	adds	r5, #1
10003bc0:	88a2      	ldrh	r2, [r4, #4]
10003bc2:	b2ab      	uxth	r3, r5
10003bc4:	ebb3 0f42 	cmp.w	r3, r2, lsl #1
10003bc8:	ea4f 0142 	mov.w	r1, r2, lsl #1
10003bcc:	dbeb      	blt.n	10003ba6 <tu_fifo_write+0x76>
10003bce:	e7e8      	b.n	10003ba2 <tu_fifo_write+0x72>

10003bd0 <tu_fifo_write_n>:
10003bd0:	e92d 4ff0 	stmdb	sp!, {r4, r5, r6, r7, r8, r9, sl, fp, lr}
10003bd4:	4616      	mov	r6, r2
10003bd6:	b083      	sub	sp, #12
10003bd8:	2a00      	cmp	r2, #0
10003bda:	d04c      	beq.n	10003c76 <tu_fifo_write_n+0xa6>
10003bdc:	4605      	mov	r5, r0
10003bde:	68c0      	ldr	r0, [r0, #12]
10003be0:	4688      	mov	r8, r1
10003be2:	b118      	cbz	r0, 10003bec <tu_fifo_write_n+0x1c>
10003be4:	f04f 31ff 	mov.w	r1, #4294967295	@ 0xffffffff
10003be8:	f000 f9e2 	bl	10003fb0 <__mutex_enter_timeout_ms_veneer>
10003bec:	79ea      	ldrb	r2, [r5, #7]
10003bee:	892f      	ldrh	r7, [r5, #8]
10003bf0:	8969      	ldrh	r1, [r5, #10]
10003bf2:	09d2      	lsrs	r2, r2, #7
10003bf4:	88ab      	ldrh	r3, [r5, #4]
10003bf6:	b2bf      	uxth	r7, r7
10003bf8:	b289      	uxth	r1, r1
10003bfa:	d140      	bne.n	10003c7e <tu_fifo_write_n+0xae>
10003bfc:	428f      	cmp	r7, r1
10003bfe:	bf36      	itet	cc
10003c00:	ebc1 0143 	rsbcc	r1, r1, r3, lsl #1
10003c04:	1a79      	subcs	r1, r7, r1
10003c06:	19c9      	addcc	r1, r1, r7
10003c08:	b289      	uxth	r1, r1
10003c0a:	4299      	cmp	r1, r3
10003c0c:	d241      	bcs.n	10003c92 <tu_fifo_write_n+0xc2>
10003c0e:	1a59      	subs	r1, r3, r1
10003c10:	b289      	uxth	r1, r1
10003c12:	428e      	cmp	r6, r1
10003c14:	bf28      	it	cs
10003c16:	460e      	movcs	r6, r1
10003c18:	f8b5 a006 	ldrh.w	sl, [r5, #6]
10003c1c:	eb07 0906 	add.w	r9, r7, r6
10003c20:	eba6 0b03 	sub.w	fp, r6, r3
10003c24:	f3ca 0a0e 	ubfx	sl, sl, #0, #15
10003c28:	fa1f f989 	uxth.w	r9, r9
10003c2c:	fa1f fb8b 	uxth.w	fp, fp
10003c30:	429f      	cmp	r7, r3
10003c32:	463c      	mov	r4, r7
10003c34:	d303      	bcc.n	10003c3e <tu_fifo_write_n+0x6e>
10003c36:	1ae4      	subs	r4, r4, r3
10003c38:	b2a4      	uxth	r4, r4
10003c3a:	429c      	cmp	r4, r3
10003c3c:	d2fb      	bcs.n	10003c36 <tu_fifo_write_n+0x66>
10003c3e:	1b1b      	subs	r3, r3, r4
10003c40:	6828      	ldr	r0, [r5, #0]
10003c42:	b29b      	uxth	r3, r3
10003c44:	42b3      	cmp	r3, r6
10003c46:	fb0a 0004 	mla	r0, sl, r4, r0
10003c4a:	d34b      	bcc.n	10003ce4 <tu_fifo_write_n+0x114>
10003c4c:	4641      	mov	r1, r8
10003c4e:	fb0a f206 	mul.w	r2, sl, r6
10003c52:	f000 f8f5 	bl	10003e40 <memcpy>
10003c56:	88aa      	ldrh	r2, [r5, #4]
10003c58:	454f      	cmp	r7, r9
10003c5a:	ea4f 0342 	mov.w	r3, r2, lsl #1
10003c5e:	d802      	bhi.n	10003c66 <tu_fifo_write_n+0x96>
10003c60:	ebb9 0f42 	cmp.w	r9, r2, lsl #1
10003c64:	db03      	blt.n	10003c6e <tu_fifo_write_n+0x9e>
10003c66:	eba9 0303 	sub.w	r3, r9, r3
10003c6a:	fa1f f983 	uxth.w	r9, r3
10003c6e:	68e8      	ldr	r0, [r5, #12]
10003c70:	f8a5 9008 	strh.w	r9, [r5, #8]
10003c74:	b988      	cbnz	r0, 10003c9a <tu_fifo_write_n+0xca>
10003c76:	4630      	mov	r0, r6
10003c78:	b003      	add	sp, #12
10003c7a:	e8bd 8ff0 	ldmia.w	sp!, {r4, r5, r6, r7, r8, r9, sl, fp, pc}
10003c7e:	f8b5 a006 	ldrh.w	sl, [r5, #6]
10003c82:	429e      	cmp	r6, r3
10003c84:	f3ca 0a0e 	ubfx	sl, sl, #0, #15
10003c88:	d30d      	bcc.n	10003ca6 <tu_fifo_write_n+0xd6>
10003c8a:	2b00      	cmp	r3, #0
10003c8c:	d13f      	bne.n	10003d0e <tu_fifo_write_n+0x13e>
10003c8e:	461e      	mov	r6, r3
10003c90:	e000      	b.n	10003c94 <tu_fifo_write_n+0xc4>
10003c92:	2600      	movs	r6, #0
10003c94:	68e8      	ldr	r0, [r5, #12]
10003c96:	2800      	cmp	r0, #0
10003c98:	d0ed      	beq.n	10003c76 <tu_fifo_write_n+0xa6>
10003c9a:	f000 f995 	bl	10003fc8 <__mutex_exit_veneer>
10003c9e:	4630      	mov	r0, r6
10003ca0:	b003      	add	sp, #12
10003ca2:	e8bd 8ff0 	ldmia.w	sp!, {r4, r5, r6, r7, r8, r9, sl, fp, pc}
10003ca6:	428f      	cmp	r7, r1
10003ca8:	bf36      	itet	cc
10003caa:	ebc1 0243 	rsbcc	r2, r1, r3, lsl #1
10003cae:	1a7a      	subcs	r2, r7, r1
10003cb0:	19d2      	addcc	r2, r2, r7
10003cb2:	b292      	uxth	r2, r2
10003cb4:	0058      	lsls	r0, r3, #1
10003cb6:	4432      	add	r2, r6
10003cb8:	eba6 0b03 	sub.w	fp, r6, r3
10003cbc:	4282      	cmp	r2, r0
10003cbe:	fa1f fb8b 	uxth.w	fp, fp
10003cc2:	db0a      	blt.n	10003cda <tu_fifo_write_n+0x10a>
10003cc4:	eb01 0903 	add.w	r9, r1, r3
10003cc8:	fa1f f989 	uxth.w	r9, r9
10003ccc:	eba9 0706 	sub.w	r7, r9, r6
10003cd0:	b2bf      	uxth	r7, r7
10003cd2:	42b9      	cmp	r1, r7
10003cd4:	d918      	bls.n	10003d08 <tu_fifo_write_n+0x138>
10003cd6:	1a38      	subs	r0, r7, r0
10003cd8:	b287      	uxth	r7, r0
10003cda:	eb06 0907 	add.w	r9, r6, r7
10003cde:	fa1f f989 	uxth.w	r9, r9
10003ce2:	e7a5      	b.n	10003c30 <tu_fifo_write_n+0x60>
10003ce4:	fb13 f30a 	smulbb	r3, r3, sl
10003ce8:	445c      	add	r4, fp
10003cea:	fb14 f40a 	smulbb	r4, r4, sl
10003cee:	b29a      	uxth	r2, r3
10003cf0:	4641      	mov	r1, r8
10003cf2:	9201      	str	r2, [sp, #4]
10003cf4:	f000 f8a4 	bl	10003e40 <memcpy>
10003cf8:	9a01      	ldr	r2, [sp, #4]
10003cfa:	6828      	ldr	r0, [r5, #0]
10003cfc:	eb08 0102 	add.w	r1, r8, r2
10003d00:	b2a2      	uxth	r2, r4
10003d02:	f000 f89d 	bl	10003e40 <memcpy>
10003d06:	e7a6      	b.n	10003c56 <tu_fifo_write_n+0x86>
10003d08:	42b8      	cmp	r0, r7
10003d0a:	dc91      	bgt.n	10003c30 <tu_fifo_write_n+0x60>
10003d0c:	e7e3      	b.n	10003cd6 <tu_fifo_write_n+0x106>
10003d0e:	1af6      	subs	r6, r6, r3
10003d10:	eb01 0903 	add.w	r9, r1, r3
10003d14:	fb0a 8806 	mla	r8, sl, r6, r8
10003d18:	460f      	mov	r7, r1
10003d1a:	461e      	mov	r6, r3
10003d1c:	f04f 0b00 	mov.w	fp, #0
10003d20:	fa1f f989 	uxth.w	r9, r9
10003d24:	e784      	b.n	10003c30 <tu_fifo_write_n+0x60>
10003d26:	bf00      	nop

10003d28 <tu_fifo_clear>:
10003d28:	b510      	push	{r4, lr}
10003d2a:	4604      	mov	r4, r0
10003d2c:	68c0      	ldr	r0, [r0, #12]
10003d2e:	b118      	cbz	r0, 10003d38 <tu_fifo_clear+0x10>
10003d30:	f04f 31ff 	mov.w	r1, #4294967295	@ 0xffffffff
10003d34:	f000 f93c 	bl	10003fb0 <__mutex_enter_timeout_ms_veneer>
10003d38:	6920      	ldr	r0, [r4, #16]
10003d3a:	b118      	cbz	r0, 10003d44 <tu_fifo_clear+0x1c>
10003d3c:	f04f 31ff 	mov.w	r1, #4294967295	@ 0xffffffff
10003d40:	f000 f936 	bl	10003fb0 <__mutex_enter_timeout_ms_veneer>
10003d44:	2300      	movs	r3, #0
10003d46:	68e0      	ldr	r0, [r4, #12]
10003d48:	8163      	strh	r3, [r4, #10]
10003d4a:	8123      	strh	r3, [r4, #8]
10003d4c:	b108      	cbz	r0, 10003d52 <tu_fifo_clear+0x2a>
10003d4e:	f000 f93b 	bl	10003fc8 <__mutex_exit_veneer>
10003d52:	6920      	ldr	r0, [r4, #16]
10003d54:	b108      	cbz	r0, 10003d5a <tu_fifo_clear+0x32>
10003d56:	f000 f937 	bl	10003fc8 <__mutex_exit_veneer>
10003d5a:	2001      	movs	r0, #1
10003d5c:	bd10      	pop	{r4, pc}
10003d5e:	bf00      	nop

10003d60 <tu_fifo_set_overwritable>:
10003d60:	b538      	push	{r3, r4, r5, lr}
10003d62:	4604      	mov	r4, r0
10003d64:	68c0      	ldr	r0, [r0, #12]
10003d66:	460d      	mov	r5, r1
10003d68:	b118      	cbz	r0, 10003d72 <tu_fifo_set_overwritable+0x12>
10003d6a:	f04f 31ff 	mov.w	r1, #4294967295	@ 0xffffffff
10003d6e:	f000 f91f 	bl	10003fb0 <__mutex_enter_timeout_ms_veneer>
10003d72:	6920      	ldr	r0, [r4, #16]
10003d74:	b118      	cbz	r0, 10003d7e <tu_fifo_set_overwritable+0x1e>
10003d76:	f04f 31ff 	mov.w	r1, #4294967295	@ 0xffffffff
10003d7a:	f000 f919 	bl	10003fb0 <__mutex_enter_timeout_ms_veneer>
10003d7e:	79e3      	ldrb	r3, [r4, #7]
10003d80:	68e0      	ldr	r0, [r4, #12]
10003d82:	f365 13c7 	bfi	r3, r5, #7, #1
10003d86:	71e3      	strb	r3, [r4, #7]
10003d88:	b108      	cbz	r0, 10003d8e <tu_fifo_set_overwritable+0x2e>
10003d8a:	f000 f91d 	bl	10003fc8 <__mutex_exit_veneer>
10003d8e:	6920      	ldr	r0, [r4, #16]
10003d90:	b108      	cbz	r0, 10003d96 <tu_fifo_set_overwritable+0x36>
10003d92:	f000 f919 	bl	10003fc8 <__mutex_exit_veneer>
10003d96:	2001      	movs	r0, #1
10003d98:	bd38      	pop	{r3, r4, r5, pc}
10003d9a:	bf00      	nop

10003d9c <memset>:
10003d9c:	b570      	push	{r4, r5, r6, lr}
10003d9e:	0786      	lsls	r6, r0, #30
10003da0:	d047      	beq.n	10003e32 <memset+0x96>
10003da2:	1e54      	subs	r4, r2, #1
10003da4:	2a00      	cmp	r2, #0
10003da6:	d03e      	beq.n	10003e26 <memset+0x8a>
10003da8:	b2ca      	uxtb	r2, r1
10003daa:	4603      	mov	r3, r0
10003dac:	e001      	b.n	10003db2 <memset+0x16>
10003dae:	3c01      	subs	r4, #1
10003db0:	d339      	bcc.n	10003e26 <memset+0x8a>
10003db2:	f803 2b01 	strb.w	r2, [r3], #1
10003db6:	079d      	lsls	r5, r3, #30
10003db8:	d1f9      	bne.n	10003dae <memset+0x12>
10003dba:	2c03      	cmp	r4, #3
10003dbc:	d92c      	bls.n	10003e18 <memset+0x7c>
10003dbe:	b2cd      	uxtb	r5, r1
10003dc0:	2c0f      	cmp	r4, #15
10003dc2:	eb05 2505 	add.w	r5, r5, r5, lsl #8
10003dc6:	eb05 4505 	add.w	r5, r5, r5, lsl #16
10003dca:	d935      	bls.n	10003e38 <memset+0x9c>
10003dcc:	f1a4 0c10 	sub.w	ip, r4, #16
10003dd0:	f103 0e10 	add.w	lr, r3, #16
10003dd4:	461a      	mov	r2, r3
10003dd6:	f02c 060f 	bic.w	r6, ip, #15
10003dda:	ea4f 1c1c 	mov.w	ip, ip, lsr #4
10003dde:	44b6      	add	lr, r6
10003de0:	e9c2 5500 	strd	r5, r5, [r2]
10003de4:	e9c2 5502 	strd	r5, r5, [r2, #8]
10003de8:	3210      	adds	r2, #16
10003dea:	4572      	cmp	r2, lr
10003dec:	d1f8      	bne.n	10003de0 <memset+0x44>
10003dee:	f10c 0201 	add.w	r2, ip, #1
10003df2:	f014 0f0c 	tst.w	r4, #12
10003df6:	f004 0c0f 	and.w	ip, r4, #15
10003dfa:	eb03 1202 	add.w	r2, r3, r2, lsl #4
10003dfe:	d013      	beq.n	10003e28 <memset+0x8c>
10003e00:	f1ac 0304 	sub.w	r3, ip, #4
10003e04:	f023 0303 	bic.w	r3, r3, #3
10003e08:	3304      	adds	r3, #4
10003e0a:	4413      	add	r3, r2
10003e0c:	f842 5b04 	str.w	r5, [r2], #4
10003e10:	4293      	cmp	r3, r2
10003e12:	d1fb      	bne.n	10003e0c <memset+0x70>
10003e14:	f00c 0403 	and.w	r4, ip, #3
10003e18:	b12c      	cbz	r4, 10003e26 <memset+0x8a>
10003e1a:	b2c9      	uxtb	r1, r1
10003e1c:	441c      	add	r4, r3
10003e1e:	f803 1b01 	strb.w	r1, [r3], #1
10003e22:	42a3      	cmp	r3, r4
10003e24:	d1fb      	bne.n	10003e1e <memset+0x82>
10003e26:	bd70      	pop	{r4, r5, r6, pc}
10003e28:	4664      	mov	r4, ip
10003e2a:	4613      	mov	r3, r2
10003e2c:	2c00      	cmp	r4, #0
10003e2e:	d1f4      	bne.n	10003e1a <memset+0x7e>
10003e30:	e7f9      	b.n	10003e26 <memset+0x8a>
10003e32:	4603      	mov	r3, r0
10003e34:	4614      	mov	r4, r2
10003e36:	e7c0      	b.n	10003dba <memset+0x1e>
10003e38:	461a      	mov	r2, r3
10003e3a:	46a4      	mov	ip, r4
10003e3c:	e7e0      	b.n	10003e00 <memset+0x64>
10003e3e:	bf00      	nop

10003e40 <memcpy>:
10003e40:	4684      	mov	ip, r0
10003e42:	ea41 0300 	orr.w	r3, r1, r0
10003e46:	f013 0303 	ands.w	r3, r3, #3
10003e4a:	d149      	bne.n	10003ee0 <memcpy+0xa0>
10003e4c:	3a40      	subs	r2, #64	@ 0x40
10003e4e:	d323      	bcc.n	10003e98 <memcpy+0x58>
10003e50:	680b      	ldr	r3, [r1, #0]
10003e52:	6003      	str	r3, [r0, #0]
10003e54:	684b      	ldr	r3, [r1, #4]
10003e56:	6043      	str	r3, [r0, #4]
10003e58:	688b      	ldr	r3, [r1, #8]
10003e5a:	6083      	str	r3, [r0, #8]
10003e5c:	68cb      	ldr	r3, [r1, #12]
10003e5e:	60c3      	str	r3, [r0, #12]
10003e60:	690b      	ldr	r3, [r1, #16]
10003e62:	6103      	str	r3, [r0, #16]
10003e64:	694b      	ldr	r3, [r1, #20]
10003e66:	6143      	str	r3, [r0, #20]
10003e68:	698b      	ldr	r3, [r1, #24]
10003e6a:	6183      	str	r3, [r0, #24]
10003e6c:	69cb      	ldr	r3, [r1, #28]
10003e6e:	61c3      	str	r3, [r0, #28]
10003e70:	6a0b      	ldr	r3, [r1, #32]
10003e72:	6203      	str	r3, [r0, #32]
10003e74:	6a4b      	ldr	r3, [r1, #36]	@ 0x24
10003e76:	6243      	str	r3, [r0, #36]	@ 0x24
10003e78:	6a8b      	ldr	r3, [r1, #40]	@ 0x28
10003e7a:	6283      	str	r3, [r0, #40]	@ 0x28
10003e7c:	6acb      	ldr	r3, [r1, #44]	@ 0x2c
10003e7e:	62c3      	str	r3, [r0, #44]	@ 0x2c
10003e80:	6b0b      	ldr	r3, [r1, #48]	@ 0x30
10003e82:	6303      	str	r3, [r0, #48]	@ 0x30
10003e84:	6b4b      	ldr	r3, [r1, #52]	@ 0x34
10003e86:	6343      	str	r3, [r0, #52]	@ 0x34
10003e88:	6b8b      	ldr	r3, [r1, #56]	@ 0x38
10003e8a:	6383      	str	r3, [r0, #56]	@ 0x38
10003e8c:	6bcb      	ldr	r3, [r1, #60]	@ 0x3c
10003e8e:	63c3      	str	r3, [r0, #60]	@ 0x3c
10003e90:	3040      	adds	r0, #64	@ 0x40
10003e92:	3140      	adds	r1, #64	@ 0x40
10003e94:	3a40      	subs	r2, #64	@ 0x40
10003e96:	d2db      	bcs.n	10003e50 <memcpy+0x10>
10003e98:	3230      	adds	r2, #48	@ 0x30
10003e9a:	d30b      	bcc.n	10003eb4 <memcpy+0x74>
10003e9c:	680b      	ldr	r3, [r1, #0]
10003e9e:	6003      	str	r3, [r0, #0]
10003ea0:	684b      	ldr	r3, [r1, #4]
10003ea2:	6043      	str	r3, [r0, #4]
10003ea4:	688b      	ldr	r3, [r1, #8]
10003ea6:	6083      	str	r3, [r0, #8]
10003ea8:	68cb      	ldr	r3, [r1, #12]
10003eaa:	60c3      	str	r3, [r0, #12]
10003eac:	3010      	adds	r0, #16
10003eae:	3110      	adds	r1, #16
10003eb0:	3a10      	subs	r2, #16
10003eb2:	d2f3      	bcs.n	10003e9c <memcpy+0x5c>
10003eb4:	320c      	adds	r2, #12
10003eb6:	d305      	bcc.n	10003ec4 <memcpy+0x84>
10003eb8:	f851 3b04 	ldr.w	r3, [r1], #4
10003ebc:	f840 3b04 	str.w	r3, [r0], #4
10003ec0:	3a04      	subs	r2, #4
10003ec2:	d2f9      	bcs.n	10003eb8 <memcpy+0x78>
10003ec4:	3204      	adds	r2, #4
10003ec6:	d008      	beq.n	10003eda <memcpy+0x9a>
10003ec8:	07d2      	lsls	r2, r2, #31
10003eca:	bf1c      	itt	ne
10003ecc:	f811 3b01 	ldrbne.w	r3, [r1], #1
10003ed0:	f800 3b01 	strbne.w	r3, [r0], #1
10003ed4:	d301      	bcc.n	10003eda <memcpy+0x9a>
10003ed6:	880b      	ldrh	r3, [r1, #0]
10003ed8:	8003      	strh	r3, [r0, #0]
10003eda:	4660      	mov	r0, ip
10003edc:	4770      	bx	lr
10003ede:	bf00      	nop
10003ee0:	2a08      	cmp	r2, #8
10003ee2:	d313      	bcc.n	10003f0c <memcpy+0xcc>
10003ee4:	078b      	lsls	r3, r1, #30
10003ee6:	d0b1      	beq.n	10003e4c <memcpy+0xc>
10003ee8:	f010 0303 	ands.w	r3, r0, #3
10003eec:	d0ae      	beq.n	10003e4c <memcpy+0xc>
10003eee:	f1c3 0304 	rsb	r3, r3, #4
10003ef2:	1ad2      	subs	r2, r2, r3
10003ef4:	07db      	lsls	r3, r3, #31
10003ef6:	bf1c      	itt	ne
10003ef8:	f811 3b01 	ldrbne.w	r3, [r1], #1
10003efc:	f800 3b01 	strbne.w	r3, [r0], #1
10003f00:	d3a4      	bcc.n	10003e4c <memcpy+0xc>
10003f02:	f831 3b02 	ldrh.w	r3, [r1], #2
10003f06:	f820 3b02 	strh.w	r3, [r0], #2
10003f0a:	e79f      	b.n	10003e4c <memcpy+0xc>
10003f0c:	3a04      	subs	r2, #4
10003f0e:	d3d9      	bcc.n	10003ec4 <memcpy+0x84>
10003f10:	3a01      	subs	r2, #1
10003f12:	f811 3b01 	ldrb.w	r3, [r1], #1
10003f16:	f800 3b01 	strb.w	r3, [r0], #1
10003f1a:	d2f9      	bcs.n	10003f10 <memcpy+0xd0>
10003f1c:	780b      	ldrb	r3, [r1, #0]
10003f1e:	7003      	strb	r3, [r0, #0]
10003f20:	784b      	ldrb	r3, [r1, #1]
10003f22:	7043      	strb	r3, [r0, #1]
10003f24:	788b      	ldrb	r3, [r1, #2]
10003f26:	7083      	strb	r3, [r0, #2]
10003f28:	4660      	mov	r0, ip
10003f2a:	4770      	bx	lr

10003f2c <strlen>:
10003f2c:	f020 0103 	bic.w	r1, r0, #3
10003f30:	f010 0003 	ands.w	r0, r0, #3
10003f34:	f1c0 0000 	rsb	r0, r0, #0
10003f38:	f851 3b04 	ldr.w	r3, [r1], #4
10003f3c:	f100 0c04 	add.w	ip, r0, #4
10003f40:	ea4f 0ccc 	mov.w	ip, ip, lsl #3
10003f44:	f06f 0200 	mvn.w	r2, #0
10003f48:	bf1c      	itt	ne
10003f4a:	fa22 f20c 	lsrne.w	r2, r2, ip
10003f4e:	4313      	orrne	r3, r2
10003f50:	f04f 0c01 	mov.w	ip, #1
10003f54:	ea4c 2c0c 	orr.w	ip, ip, ip, lsl #8
10003f58:	ea4c 4c0c 	orr.w	ip, ip, ip, lsl #16
10003f5c:	eba3 020c 	sub.w	r2, r3, ip
10003f60:	ea22 0203 	bic.w	r2, r2, r3
10003f64:	ea12 12cc 	ands.w	r2, r2, ip, lsl #7
10003f68:	bf04      	itt	eq
10003f6a:	f851 3b04 	ldreq.w	r3, [r1], #4
10003f6e:	3004      	addeq	r0, #4
10003f70:	d0f4      	beq.n	10003f5c <strlen+0x30>
10003f72:	f1c2 0100 	rsb	r1, r2, #0
10003f76:	ea02 0201 	and.w	r2, r2, r1
10003f7a:	fab2 f282 	clz	r2, r2
10003f7e:	f1c2 021f 	rsb	r2, r2, #31
10003f82:	eb00 00d2 	add.w	r0, r0, r2, lsr #3
10003f86:	4770      	bx	lr

10003f88 <___hw_endpoint_buffer_control_update32_veneer>:
10003f88:	f85f f000 	ldr.w	pc, [pc]	@ 10003f8c <___hw_endpoint_buffer_control_update32_veneer+0x4>
10003f8c:	20000afd 	.word	0x20000afd

10003f90 <__reset_non_control_endpoints_veneer>:
10003f90:	f85f f000 	ldr.w	pc, [pc]	@ 10003f94 <__reset_non_control_endpoints_veneer+0x4>
10003f94:	200002e5 	.word	0x200002e5

10003f98 <__mutex_try_enter_block_until_veneer>:
10003f98:	f85f f000 	ldr.w	pc, [pc]	@ 10003f9c <__mutex_try_enter_block_until_veneer+0x4>
10003f9c:	200001f9 	.word	0x200001f9

10003fa0 <__hw_endpoint_start_next_buffer_veneer>:
10003fa0:	f85f f000 	ldr.w	pc, [pc]	@ 10003fa4 <__hw_endpoint_start_next_buffer_veneer+0x4>
10003fa4:	20000b41 	.word	0x20000b41

10003fa8 <__mutex_try_enter_veneer>:
10003fa8:	f85f f000 	ldr.w	pc, [pc]	@ 10003fac <__mutex_try_enter_veneer+0x4>
10003fac:	20000111 	.word	0x20000111

10003fb0 <__mutex_enter_timeout_ms_veneer>:
10003fb0:	f85f f000 	ldr.w	pc, [pc]	@ 10003fb4 <__mutex_enter_timeout_ms_veneer+0x4>
10003fb4:	20000265 	.word	0x20000265

10003fb8 <__e15_is_critical_frame_period_veneer>:
10003fb8:	f85f f000 	ldr.w	pc, [pc]	@ 10003fbc <__e15_is_critical_frame_period_veneer+0x4>
10003fbc:	20000ac9 	.word	0x20000ac9

10003fc0 <__e15_is_bulkin_ep_veneer>:
10003fc0:	f85f f000 	ldr.w	pc, [pc]	@ 10003fc4 <__e15_is_bulkin_ep_veneer+0x4>
10003fc4:	20000aa1 	.word	0x20000aa1

10003fc8 <__mutex_exit_veneer>:
10003fc8:	f85f f000 	ldr.w	pc, [pc]	@ 10003fcc <__mutex_exit_veneer+0x4>
10003fcc:	2000029d 	.word	0x2000029d

10003fd0 <__pre_init_runtime_init_bootrom_reset>:
10003fd0:	100015f1                                ....

10003fd4 <__pre_init_runtime_init_early_resets>:
10003fd4:	10001565                                e...

10003fd8 <__pre_init_runtime_init_usb_power_down>:
10003fd8:	10001599                                ....

10003fdc <__pre_init_runtime_init_clocks>:
10003fdc:	10001681                                ....

10003fe0 <__pre_init_runtime_init_post_clock_resets>:
10003fe0:	100015d1                                ....

10003fe4 <__pre_init_runtime_init_boot_locks_reset>:
10003fe4:	100014e9                                ....

10003fe8 <__pre_init_runtime_init_spin_locks_reset>:
10003fe8:	10001619                                ....

10003fec <__pre_init_runtime_init_bootrom_locking_enable>:
10003fec:	100014d5                                ....

10003ff0 <__pre_init_runtime_init_mutex>:
10003ff0:	100007fd                                ....

10003ff4 <__pre_init_runtime_init_install_ram_vector_table>:
10003ff4:	1000161d                                ....

10003ff8 <__pre_init_runtime_init_default_alarm_pool>:
10003ff8:	10000be1                                ....

10003ffc <__pre_init_first_per_core_initializer>:
10003ffc:	10001535                                5...

10004000 <__pre_init_runtime_init_per_core_bootrom_reset>:
10004000:	10001605                                ....

10004004 <__pre_init_runtime_init_per_core_enable_coprocessors>:
10004004:	100015b5                                ....

10004008 <__pre_init_spinlock_set_extexclall>:
10004008:	100003ed                                ....

1000400c <__pre_init_runtime_init_per_core_irq_priorities>:
1000400c:	10000415                                ....

10004010 <__init_array_start>:
10004010:	10001f8d 	.word	0x10001f8d

Disassembly of section .data:

20000110 <mutex_try_enter>:
20000110:	4603      	mov	r3, r0
20000112:	b500      	push	{lr}
20000114:	6802      	ldr	r2, [r0, #0]
20000116:	f3ef 8c10 	mrs	ip, PRIMASK
2000011a:	b672      	cpsid	i
2000011c:	e8d2 efcf 	ldaexb	lr, [r2]
20000120:	2001      	movs	r0, #1
20000122:	f1be 0f00 	cmp.w	lr, #0
20000126:	d1f9      	bne.n	2000011c <mutex_try_enter+0xc>
20000128:	e8c2 0f4e 	strexb	lr, r0, [r2]
2000012c:	f1be 0f00 	cmp.w	lr, #0
20000130:	d1f4      	bne.n	2000011c <mutex_try_enter+0xc>
20000132:	f3bf 8f5f 	dmb	sy
20000136:	f993 2004 	ldrsb.w	r2, [r3, #4]
2000013a:	2a00      	cmp	r2, #0
2000013c:	db0a      	blt.n	20000154 <mutex_try_enter+0x44>
2000013e:	b101      	cbz	r1, 20000142 <mutex_try_enter+0x32>
20000140:	600a      	str	r2, [r1, #0]
20000142:	2000      	movs	r0, #0
20000144:	2200      	movs	r2, #0
20000146:	681b      	ldr	r3, [r3, #0]
20000148:	e8c3 2f8f 	stlb	r2, [r3]
2000014c:	f38c 8810 	msr	PRIMASK, ip
20000150:	f85d fb04 	ldr.w	pc, [sp], #4
20000154:	f04f 4250 	mov.w	r2, #3489660928	@ 0xd0000000
20000158:	6812      	ldr	r2, [r2, #0]
2000015a:	2001      	movs	r0, #1
2000015c:	711a      	strb	r2, [r3, #4]
2000015e:	e7f1      	b.n	20000144 <mutex_try_enter+0x34>

20000160 <mutex_enter_block_until>:
20000160:	f04f 4150 	mov.w	r1, #3489660928	@ 0xd0000000
20000164:	e92d 47f0 	stmdb	sp!, {r4, r5, r6, r7, r8, r9, sl, lr}
20000168:	f04f 0800 	mov.w	r8, #0
2000016c:	4604      	mov	r4, r0
2000016e:	4691      	mov	r9, r2
20000170:	469a      	mov	sl, r3
20000172:	4d1f      	ldr	r5, [pc, #124]	@ (200001f0 <mutex_enter_block_until+0x90>)
20000174:	4e1f      	ldr	r6, [pc, #124]	@ (200001f4 <mutex_enter_block_until+0x94>)
20000176:	680f      	ldr	r7, [r1, #0]
20000178:	6820      	ldr	r0, [r4, #0]
2000017a:	f3ef 8310 	mrs	r3, PRIMASK
2000017e:	b672      	cpsid	i
20000180:	e8d0 1fcf 	ldaexb	r1, [r0]
20000184:	2201      	movs	r2, #1
20000186:	2900      	cmp	r1, #0
20000188:	d1fa      	bne.n	20000180 <mutex_enter_block_until+0x20>
2000018a:	e8c0 2f41 	strexb	r1, r2, [r0]
2000018e:	2900      	cmp	r1, #0
20000190:	d1f6      	bne.n	20000180 <mutex_enter_block_until+0x20>
20000192:	f3bf 8f5f 	dmb	sy
20000196:	f994 2004 	ldrsb.w	r2, [r4, #4]
2000019a:	2a00      	cmp	r2, #0
2000019c:	db1e      	blt.n	200001dc <mutex_enter_block_until+0x7c>
2000019e:	f895 c000 	ldrb.w	ip, [r5]
200001a2:	6822      	ldr	r2, [r4, #0]
200001a4:	fa5f fc8c 	uxtb.w	ip, ip
200001a8:	e8c2 8f8f 	stlb	r8, [r2]
200001ac:	bf20      	wfe
200001ae:	f383 8810 	msr	PRIMASK, r3
200001b2:	782b      	ldrb	r3, [r5, #0]
200001b4:	4563      	cmp	r3, ip
200001b6:	d00a      	beq.n	200001ce <mutex_enter_block_until+0x6e>
200001b8:	6a73      	ldr	r3, [r6, #36]	@ 0x24
200001ba:	459a      	cmp	sl, r3
200001bc:	d8dc      	bhi.n	20000178 <mutex_enter_block_until+0x18>
200001be:	6ab2      	ldr	r2, [r6, #40]	@ 0x28
200001c0:	454a      	cmp	r2, r9
200001c2:	d201      	bcs.n	200001c8 <mutex_enter_block_until+0x68>
200001c4:	459a      	cmp	sl, r3
200001c6:	d0d7      	beq.n	20000178 <mutex_enter_block_until+0x18>
200001c8:	2000      	movs	r0, #0
200001ca:	e8bd 87f0 	ldmia.w	sp!, {r4, r5, r6, r7, r8, r9, sl, pc}
200001ce:	4648      	mov	r0, r9
200001d0:	4651      	mov	r1, sl
200001d2:	f000 fe19 	bl	20000e08 <__best_effort_wfe_or_timeout_veneer>
200001d6:	2800      	cmp	r0, #0
200001d8:	d0ce      	beq.n	20000178 <mutex_enter_block_until+0x18>
200001da:	e7f5      	b.n	200001c8 <mutex_enter_block_until+0x68>
200001dc:	2200      	movs	r2, #0
200001de:	6821      	ldr	r1, [r4, #0]
200001e0:	7127      	strb	r7, [r4, #4]
200001e2:	e8c1 2f8f 	stlb	r2, [r1]
200001e6:	f383 8810 	msr	PRIMASK, r3
200001ea:	2001      	movs	r0, #1
200001ec:	e8bd 87f0 	ldmia.w	sp!, {r4, r5, r6, r7, r8, r9, sl, pc}
200001f0:	20001826 	.word	0x20001826
200001f4:	400b0000 	.word	0x400b0000

200001f8 <mutex_try_enter_block_until>:
200001f8:	b530      	push	{r4, r5, lr}
200001fa:	4601      	mov	r1, r0
200001fc:	6804      	ldr	r4, [r0, #0]
200001fe:	f3ef 8c10 	mrs	ip, PRIMASK
20000202:	b672      	cpsid	i
20000204:	e8d4 efcf 	ldaexb	lr, [r4]
20000208:	2501      	movs	r5, #1
2000020a:	f1be 0f00 	cmp.w	lr, #0
2000020e:	d1f9      	bne.n	20000204 <mutex_try_enter_block_until+0xc>
20000210:	e8c4 5f4e 	strexb	lr, r5, [r4]
20000214:	f1be 0f00 	cmp.w	lr, #0
20000218:	d1f4      	bne.n	20000204 <mutex_try_enter_block_until+0xc>
2000021a:	f3bf 8f5f 	dmb	sy
2000021e:	f990 4004 	ldrsb.w	r4, [r0, #4]
20000222:	2c00      	cmp	r4, #0
20000224:	db11      	blt.n	2000024a <mutex_try_enter_block_until+0x52>
20000226:	2100      	movs	r1, #0
20000228:	6805      	ldr	r5, [r0, #0]
2000022a:	e8c5 1f8f 	stlb	r1, [r5]
2000022e:	f38c 8810 	msr	PRIMASK, ip
20000232:	f04f 4c50 	mov.w	ip, #3489660928	@ 0xd0000000
20000236:	f99c c000 	ldrsb.w	ip, [ip]
2000023a:	45a4      	cmp	ip, r4
2000023c:	d101      	bne.n	20000242 <mutex_try_enter_block_until+0x4a>
2000023e:	4608      	mov	r0, r1
20000240:	bd30      	pop	{r4, r5, pc}
20000242:	e8bd 4030 	ldmia.w	sp!, {r4, r5, lr}
20000246:	f7ff bf8b 	b.w	20000160 <mutex_enter_block_until>
2000024a:	f04f 4050 	mov.w	r0, #3489660928	@ 0xd0000000
2000024e:	6800      	ldr	r0, [r0, #0]
20000250:	2300      	movs	r3, #0
20000252:	680a      	ldr	r2, [r1, #0]
20000254:	7108      	strb	r0, [r1, #4]
20000256:	e8c2 3f8f 	stlb	r3, [r2]
2000025a:	f38c 8810 	msr	PRIMASK, ip
2000025e:	2001      	movs	r0, #1
20000260:	bd30      	pop	{r4, r5, pc}
20000262:	bf00      	nop

20000264 <mutex_enter_timeout_ms>:
20000264:	b570      	push	{r4, r5, r6, lr}
20000266:	4605      	mov	r5, r0
20000268:	460c      	mov	r4, r1
2000026a:	f000 fdd1 	bl	20000e10 <__time_us_64_veneer>
2000026e:	4602      	mov	r2, r0
20000270:	460b      	mov	r3, r1
20000272:	f44f 707a 	mov.w	r0, #1000	@ 0x3e8
20000276:	f04f 3eff 	mov.w	lr, #4294967295	@ 0xffffffff
2000027a:	f06f 4c00 	mvn.w	ip, #2147483648	@ 0x80000000
2000027e:	fbe4 2300 	umlal	r2, r3, r4, r0
20000282:	4596      	cmp	lr, r2
20000284:	eb7c 0103 	sbcs.w	r1, ip, r3
20000288:	bf38      	it	cc
2000028a:	4672      	movcc	r2, lr
2000028c:	4628      	mov	r0, r5
2000028e:	e8bd 4070 	ldmia.w	sp!, {r4, r5, r6, lr}
20000292:	bf38      	it	cc
20000294:	4663      	movcc	r3, ip
20000296:	f7ff bf63 	b.w	20000160 <mutex_enter_block_until>
2000029a:	bf00      	nop

2000029c <mutex_exit>:
2000029c:	6803      	ldr	r3, [r0, #0]
2000029e:	f3ef 8110 	mrs	r1, PRIMASK
200002a2:	b672      	cpsid	i
200002a4:	e8d3 cfcf 	ldaexb	ip, [r3]
200002a8:	2201      	movs	r2, #1
200002aa:	f1bc 0f00 	cmp.w	ip, #0
200002ae:	d1f9      	bne.n	200002a4 <mutex_exit+0x8>
200002b0:	e8c3 2f4c 	strexb	ip, r2, [r3]
200002b4:	f1bc 0f00 	cmp.w	ip, #0
200002b8:	d1f4      	bne.n	200002a4 <mutex_exit+0x8>
200002ba:	f3bf 8f5f 	dmb	sy
200002be:	f04f 0cff 	mov.w	ip, #255	@ 0xff
200002c2:	4a07      	ldr	r2, [pc, #28]	@ (200002e0 <mutex_exit+0x44>)
200002c4:	f880 c004 	strb.w	ip, [r0, #4]
200002c8:	7813      	ldrb	r3, [r2, #0]
200002ca:	3301      	adds	r3, #1
200002cc:	b2db      	uxtb	r3, r3
200002ce:	7013      	strb	r3, [r2, #0]
200002d0:	2300      	movs	r3, #0
200002d2:	6802      	ldr	r2, [r0, #0]
200002d4:	e8c2 3f8f 	stlb	r3, [r2]
200002d8:	f381 8810 	msr	PRIMASK, r1
200002dc:	bf40      	sev
200002de:	4770      	bx	lr
200002e0:	20001826 	.word	0x20001826

200002e4 <reset_non_control_endpoints>:
200002e4:	2100      	movs	r1, #0
200002e6:	b508      	push	{r3, lr}
200002e8:	4b13      	ldr	r3, [pc, #76]	@ (20000338 <reset_non_control_endpoints+0x54>)
200002ea:	f44f 7270 	mov.w	r2, #960	@ 0x3c0
200002ee:	6099      	str	r1, [r3, #8]
200002f0:	4812      	ldr	r0, [pc, #72]	@ (2000033c <reset_non_control_endpoints+0x58>)
200002f2:	60d9      	str	r1, [r3, #12]
200002f4:	6119      	str	r1, [r3, #16]
200002f6:	6159      	str	r1, [r3, #20]
200002f8:	6199      	str	r1, [r3, #24]
200002fa:	61d9      	str	r1, [r3, #28]
200002fc:	6219      	str	r1, [r3, #32]
200002fe:	6259      	str	r1, [r3, #36]	@ 0x24
20000300:	6299      	str	r1, [r3, #40]	@ 0x28
20000302:	62d9      	str	r1, [r3, #44]	@ 0x2c
20000304:	6319      	str	r1, [r3, #48]	@ 0x30
20000306:	6359      	str	r1, [r3, #52]	@ 0x34
20000308:	6399      	str	r1, [r3, #56]	@ 0x38
2000030a:	63d9      	str	r1, [r3, #60]	@ 0x3c
2000030c:	6419      	str	r1, [r3, #64]	@ 0x40
2000030e:	6459      	str	r1, [r3, #68]	@ 0x44
20000310:	6499      	str	r1, [r3, #72]	@ 0x48
20000312:	64d9      	str	r1, [r3, #76]	@ 0x4c
20000314:	6519      	str	r1, [r3, #80]	@ 0x50
20000316:	6559      	str	r1, [r3, #84]	@ 0x54
20000318:	6599      	str	r1, [r3, #88]	@ 0x58
2000031a:	65d9      	str	r1, [r3, #92]	@ 0x5c
2000031c:	6619      	str	r1, [r3, #96]	@ 0x60
2000031e:	6659      	str	r1, [r3, #100]	@ 0x64
20000320:	6699      	str	r1, [r3, #104]	@ 0x68
20000322:	66d9      	str	r1, [r3, #108]	@ 0x6c
20000324:	6719      	str	r1, [r3, #112]	@ 0x70
20000326:	6759      	str	r1, [r3, #116]	@ 0x74
20000328:	6799      	str	r1, [r3, #120]	@ 0x78
2000032a:	67d9      	str	r1, [r3, #124]	@ 0x7c
2000032c:	f000 fd68 	bl	20000e00 <__memset_veneer>
20000330:	4b03      	ldr	r3, [pc, #12]	@ (20000340 <reset_non_control_endpoints+0x5c>)
20000332:	4a04      	ldr	r2, [pc, #16]	@ (20000344 <reset_non_control_endpoints+0x60>)
20000334:	601a      	str	r2, [r3, #0]
20000336:	bd08      	pop	{r3, pc}
20000338:	50100000 	.word	0x50100000
2000033c:	20001408 	.word	0x20001408
20000340:	200017d0 	.word	0x200017d0
20000344:	50100180 	.word	0x50100180

20000348 <hw_handle_buff_status>:
20000348:	e92d 4ff0 	stmdb	sp!, {r4, r5, r6, r7, r8, r9, sl, fp, lr}
2000034c:	4b20      	ldr	r3, [pc, #128]	@ (200003d0 <hw_handle_buff_status+0x88>)
2000034e:	b085      	sub	sp, #20
20000350:	6d9e      	ldr	r6, [r3, #88]	@ 0x58
20000352:	b30e      	cbz	r6, 20000398 <hw_handle_buff_status+0x50>
20000354:	2400      	movs	r4, #0
20000356:	2501      	movs	r5, #1
20000358:	4f1e      	ldr	r7, [pc, #120]	@ (200003d4 <hw_handle_buff_status+0x8c>)
2000035a:	e001      	b.n	20000360 <hw_handle_buff_status+0x18>
2000035c:	2c20      	cmp	r4, #32
2000035e:	d01b      	beq.n	20000398 <hw_handle_buff_status+0x50>
20000360:	ea06 0305 	and.w	r3, r6, r5
20000364:	1c62      	adds	r2, r4, #1
20000366:	4621      	mov	r1, r4
20000368:	46aa      	mov	sl, r5
2000036a:	b2d4      	uxtb	r4, r2
2000036c:	006d      	lsls	r5, r5, #1
2000036e:	2b00      	cmp	r3, #0
20000370:	d0f4      	beq.n	2000035c <hw_handle_buff_status+0x14>
20000372:	2302      	movs	r3, #2
20000374:	f004 0801 	and.w	r8, r4, #1
20000378:	ea4f 0951 	mov.w	r9, r1, lsr #1
2000037c:	fb13 8b09 	smlabb	fp, r3, r9, r8
20000380:	4b15      	ldr	r3, [pc, #84]	@ (200003d8 <hw_handle_buff_status+0x90>)
20000382:	eb07 1b4b 	add.w	fp, r7, fp, lsl #5
20000386:	4658      	mov	r0, fp
20000388:	f8c3 a058 	str.w	sl, [r3, #88]	@ 0x58
2000038c:	f000 fc0a 	bl	20000ba4 <hw_endpoint_xfer_continue>
20000390:	b928      	cbnz	r0, 2000039e <hw_handle_buff_status+0x56>
20000392:	ea36 060a 	bics.w	r6, r6, sl
20000396:	d1e1      	bne.n	2000035c <hw_handle_buff_status+0x14>
20000398:	b005      	add	sp, #20
2000039a:	e8bd 8ff0 	ldmia.w	sp!, {r4, r5, r6, r7, r8, r9, sl, fp, pc}
2000039e:	f44f 62e0 	mov.w	r2, #1792	@ 0x700
200003a2:	f8ad 2004 	strh.w	r2, [sp, #4]
200003a6:	2200      	movs	r2, #0
200003a8:	eb08 0349 	add.w	r3, r8, r9, lsl #1
200003ac:	eb07 1343 	add.w	r3, r7, r3, lsl #5
200003b0:	f88d 2009 	strb.w	r2, [sp, #9]
200003b4:	789a      	ldrb	r2, [r3, #2]
200003b6:	8adb      	ldrh	r3, [r3, #22]
200003b8:	a801      	add	r0, sp, #4
200003ba:	2101      	movs	r1, #1
200003bc:	f88d 2008 	strb.w	r2, [sp, #8]
200003c0:	9303      	str	r3, [sp, #12]
200003c2:	f000 fc0d 	bl	20000be0 <dcd_event_handler>
200003c6:	4658      	mov	r0, fp
200003c8:	f000 fb92 	bl	20000af0 <hw_endpoint_reset_transfer>
200003cc:	e7e1      	b.n	20000392 <hw_handle_buff_status+0x4a>
200003ce:	bf00      	nop
200003d0:	50110000 	.word	0x50110000
200003d4:	200013c8 	.word	0x200013c8
200003d8:	50113000 	.word	0x50113000

200003dc <dcd_rp2040_irq>:
200003dc:	b5f0      	push	{r4, r5, r6, r7, lr}
200003de:	4bb2      	ldr	r3, [pc, #712]	@ (200006a8 <dcd_rp2040_irq+0x2cc>)
200003e0:	b085      	sub	sp, #20
200003e2:	f8d3 5098 	ldr.w	r5, [r3, #152]	@ 0x98
200003e6:	f415 3600 	ands.w	r6, r5, #131072	@ 0x20000
200003ea:	d074      	beq.n	200004d6 <dcd_rp2040_irq+0xfa>
200003ec:	4baf      	ldr	r3, [pc, #700]	@ (200006ac <dcd_rp2040_irq+0x2d0>)
200003ee:	4cb0      	ldr	r4, [pc, #704]	@ (200006b0 <dcd_rp2040_irq+0x2d4>)
200003f0:	6a99      	ldr	r1, [r3, #40]	@ 0x28
200003f2:	f894 303b 	ldrb.w	r3, [r4, #59]	@ 0x3b
200003f6:	4aaf      	ldr	r2, [pc, #700]	@ (200006b4 <dcd_rp2040_irq+0x2d8>)
200003f8:	2b02      	cmp	r3, #2
200003fa:	6011      	str	r1, [r2, #0]
200003fc:	f000 80f9 	beq.w	200005f2 <dcd_rp2040_irq+0x216>
20000400:	2600      	movs	r6, #0
20000402:	f894 307b 	ldrb.w	r3, [r4, #123]	@ 0x7b
20000406:	2b02      	cmp	r3, #2
20000408:	f000 81d4 	beq.w	200007b4 <dcd_rp2040_irq+0x3d8>
2000040c:	f894 30bb 	ldrb.w	r3, [r4, #187]	@ 0xbb
20000410:	2b02      	cmp	r3, #2
20000412:	f000 81c5 	beq.w	200007a0 <dcd_rp2040_irq+0x3c4>
20000416:	f894 30fb 	ldrb.w	r3, [r4, #251]	@ 0xfb
2000041a:	2b02      	cmp	r3, #2
2000041c:	f000 81b6 	beq.w	2000078c <dcd_rp2040_irq+0x3b0>
20000420:	f894 313b 	ldrb.w	r3, [r4, #315]	@ 0x13b
20000424:	2b02      	cmp	r3, #2
20000426:	f000 81a6 	beq.w	20000776 <dcd_rp2040_irq+0x39a>
2000042a:	f894 317b 	ldrb.w	r3, [r4, #379]	@ 0x17b
2000042e:	2b02      	cmp	r3, #2
20000430:	f000 8196 	beq.w	20000760 <dcd_rp2040_irq+0x384>
20000434:	f894 31bb 	ldrb.w	r3, [r4, #443]	@ 0x1bb
20000438:	2b02      	cmp	r3, #2
2000043a:	f000 8186 	beq.w	2000074a <dcd_rp2040_irq+0x36e>
2000043e:	f894 31fb 	ldrb.w	r3, [r4, #507]	@ 0x1fb
20000442:	2b02      	cmp	r3, #2
20000444:	f000 8176 	beq.w	20000734 <dcd_rp2040_irq+0x358>
20000448:	f894 323b 	ldrb.w	r3, [r4, #571]	@ 0x23b
2000044c:	2b02      	cmp	r3, #2
2000044e:	f000 8165 	beq.w	2000071c <dcd_rp2040_irq+0x340>
20000452:	f894 327b 	ldrb.w	r3, [r4, #635]	@ 0x27b
20000456:	2b02      	cmp	r3, #2
20000458:	f000 8154 	beq.w	20000704 <dcd_rp2040_irq+0x328>
2000045c:	f894 32bb 	ldrb.w	r3, [r4, #699]	@ 0x2bb
20000460:	2b02      	cmp	r3, #2
20000462:	f000 8143 	beq.w	200006ec <dcd_rp2040_irq+0x310>
20000466:	f894 32fb 	ldrb.w	r3, [r4, #763]	@ 0x2fb
2000046a:	2b02      	cmp	r3, #2
2000046c:	f000 8132 	beq.w	200006d4 <dcd_rp2040_irq+0x2f8>
20000470:	f894 333b 	ldrb.w	r3, [r4, #827]	@ 0x33b
20000474:	2b02      	cmp	r3, #2
20000476:	f000 810a 	beq.w	2000068e <dcd_rp2040_irq+0x2b2>
2000047a:	f894 337b 	ldrb.w	r3, [r4, #891]	@ 0x37b
2000047e:	2b02      	cmp	r3, #2
20000480:	f000 80c9 	beq.w	20000616 <dcd_rp2040_irq+0x23a>
20000484:	f894 33bb 	ldrb.w	r3, [r4, #955]	@ 0x3bb
20000488:	2b02      	cmp	r3, #2
2000048a:	f000 80ec 	beq.w	20000666 <dcd_rp2040_irq+0x28a>
2000048e:	f894 33fb 	ldrb.w	r3, [r4, #1019]	@ 0x3fb
20000492:	2b02      	cmp	r3, #2
20000494:	f000 80d6 	beq.w	20000644 <dcd_rp2040_irq+0x268>
20000498:	b93e      	cbnz	r6, 200004aa <dcd_rp2040_irq+0xce>
2000049a:	4b87      	ldr	r3, [pc, #540]	@ (200006b8 <dcd_rp2040_irq+0x2dc>)
2000049c:	781b      	ldrb	r3, [r3, #0]
2000049e:	b923      	cbnz	r3, 200004aa <dcd_rp2040_irq+0xce>
200004a0:	f44f 3200 	mov.w	r2, #131072	@ 0x20000
200004a4:	4b85      	ldr	r3, [pc, #532]	@ (200006bc <dcd_rp2040_irq+0x2e0>)
200004a6:	f8c3 2090 	str.w	r2, [r3, #144]	@ 0x90
200004aa:	f44f 7240 	mov.w	r2, #768	@ 0x300
200004ae:	4b7e      	ldr	r3, [pc, #504]	@ (200006a8 <dcd_rp2040_irq+0x2cc>)
200004b0:	2101      	movs	r1, #1
200004b2:	6c9b      	ldr	r3, [r3, #72]	@ 0x48
200004b4:	a801      	add	r0, sp, #4
200004b6:	f3c3 030a 	ubfx	r3, r3, #0, #11
200004ba:	f8ad 2004 	strh.w	r2, [sp, #4]
200004be:	9302      	str	r3, [sp, #8]
200004c0:	f000 fb8e 	bl	20000be0 <dcd_event_handler>
200004c4:	06ea      	lsls	r2, r5, #27
200004c6:	f44f 3600 	mov.w	r6, #131072	@ 0x20000
200004ca:	4c7d      	ldr	r4, [pc, #500]	@ (200006c0 <dcd_rp2040_irq+0x2e4>)
200004cc:	d507      	bpl.n	200004de <dcd_rp2040_irq+0x102>
200004ce:	f7ff ff3b 	bl	20000348 <hw_handle_buff_status>
200004d2:	4626      	mov	r6, r4
200004d4:	e003      	b.n	200004de <dcd_rp2040_irq+0x102>
200004d6:	06ea      	lsls	r2, r5, #27
200004d8:	f04f 0410 	mov.w	r4, #16
200004dc:	d4f7      	bmi.n	200004ce <dcd_rp2040_irq+0xf2>
200004de:	03eb      	lsls	r3, r5, #15
200004e0:	d532      	bpl.n	20000548 <dcd_rp2040_irq+0x16c>
200004e2:	4c73      	ldr	r4, [pc, #460]	@ (200006b0 <dcd_rp2040_irq+0x2d4>)
200004e4:	f446 3680 	orr.w	r6, r6, #65536	@ 0x10000
200004e8:	7ea3      	ldrb	r3, [r4, #26]
200004ea:	b19b      	cbz	r3, 20000514 <dcd_rp2040_irq+0x138>
200004ec:	2102      	movs	r1, #2
200004ee:	4b75      	ldr	r3, [pc, #468]	@ (200006c4 <dcd_rp2040_irq+0x2e8>)
200004f0:	4a6d      	ldr	r2, [pc, #436]	@ (200006a8 <dcd_rp2040_irq+0x2cc>)
200004f2:	6619      	str	r1, [r3, #96]	@ 0x60
200004f4:	6e53      	ldr	r3, [r2, #100]	@ 0x64
200004f6:	079f      	lsls	r7, r3, #30
200004f8:	d5fc      	bpl.n	200004f4 <dcd_rp2040_irq+0x118>
200004fa:	f44f 5240 	mov.w	r2, #12288	@ 0x3000
200004fe:	2100      	movs	r1, #0
20000500:	486b      	ldr	r0, [pc, #428]	@ (200006b0 <dcd_rp2040_irq+0x2d4>)
20000502:	f000 fafb 	bl	20000afc <_hw_endpoint_buffer_control_update32>
20000506:	486a      	ldr	r0, [pc, #424]	@ (200006b0 <dcd_rp2040_irq+0x2d4>)
20000508:	f000 faf2 	bl	20000af0 <hw_endpoint_reset_transfer>
2000050c:	2202      	movs	r2, #2
2000050e:	4b6b      	ldr	r3, [pc, #428]	@ (200006bc <dcd_rp2040_irq+0x2e0>)
20000510:	665a      	str	r2, [r3, #100]	@ 0x64
20000512:	661a      	str	r2, [r3, #96]	@ 0x60
20000514:	2301      	movs	r3, #1
20000516:	f894 203a 	ldrb.w	r2, [r4, #58]	@ 0x3a
2000051a:	70e3      	strb	r3, [r4, #3]
2000051c:	b9fa      	cbnz	r2, 2000055e <dcd_rp2040_irq+0x182>
2000051e:	2301      	movs	r3, #1
20000520:	f44f 61c0 	mov.w	r1, #1536	@ 0x600
20000524:	4a68      	ldr	r2, [pc, #416]	@ (200006c8 <dcd_rp2040_irq+0x2ec>)
20000526:	f884 3023 	strb.w	r3, [r4, #35]	@ 0x23
2000052a:	f8ad 1004 	strh.w	r1, [sp, #4]
2000052e:	e892 0003 	ldmia.w	r2, {r0, r1}
20000532:	aa04      	add	r2, sp, #16
20000534:	e902 0003 	stmdb	r2, {r0, r1}
20000538:	4619      	mov	r1, r3
2000053a:	a801      	add	r0, sp, #4
2000053c:	f000 fb50 	bl	20000be0 <dcd_event_handler>
20000540:	f44f 3200 	mov.w	r2, #131072	@ 0x20000
20000544:	4b5d      	ldr	r3, [pc, #372]	@ (200006bc <dcd_rp2040_irq+0x2e0>)
20000546:	651a      	str	r2, [r3, #80]	@ 0x50
20000548:	04e9      	lsls	r1, r5, #19
2000054a:	d41d      	bmi.n	20000588 <dcd_rp2040_irq+0x1ac>
2000054c:	046a      	lsls	r2, r5, #17
2000054e:	d432      	bmi.n	200005b6 <dcd_rp2040_irq+0x1da>
20000550:	042b      	lsls	r3, r5, #16
20000552:	d43f      	bmi.n	200005d4 <dcd_rp2040_irq+0x1f8>
20000554:	42ae      	cmp	r6, r5
20000556:	f040 81a5 	bne.w	200008a4 <dcd_rp2040_irq+0x4c8>
2000055a:	b005      	add	sp, #20
2000055c:	bdf0      	pop	{r4, r5, r6, r7, pc}
2000055e:	4a59      	ldr	r2, [pc, #356]	@ (200006c4 <dcd_rp2040_irq+0x2e8>)
20000560:	6613      	str	r3, [r2, #96]	@ 0x60
20000562:	f5a2 5200 	sub.w	r2, r2, #8192	@ 0x2000
20000566:	6e53      	ldr	r3, [r2, #100]	@ 0x64
20000568:	07d8      	lsls	r0, r3, #31
2000056a:	d5fc      	bpl.n	20000566 <dcd_rp2040_irq+0x18a>
2000056c:	f44f 5240 	mov.w	r2, #12288	@ 0x3000
20000570:	2100      	movs	r1, #0
20000572:	4856      	ldr	r0, [pc, #344]	@ (200006cc <dcd_rp2040_irq+0x2f0>)
20000574:	f000 fac2 	bl	20000afc <_hw_endpoint_buffer_control_update32>
20000578:	4854      	ldr	r0, [pc, #336]	@ (200006cc <dcd_rp2040_irq+0x2f0>)
2000057a:	f000 fab9 	bl	20000af0 <hw_endpoint_reset_transfer>
2000057e:	2201      	movs	r2, #1
20000580:	4b4e      	ldr	r3, [pc, #312]	@ (200006bc <dcd_rp2040_irq+0x2e0>)
20000582:	665a      	str	r2, [r3, #100]	@ 0x64
20000584:	661a      	str	r2, [r3, #96]	@ 0x60
20000586:	e7ca      	b.n	2000051e <dcd_rp2040_irq+0x142>
20000588:	2400      	movs	r4, #0
2000058a:	4b47      	ldr	r3, [pc, #284]	@ (200006a8 <dcd_rp2040_irq+0x2cc>)
2000058c:	f446 5680 	orr.w	r6, r6, #4096	@ 0x1000
20000590:	601c      	str	r4, [r3, #0]
20000592:	f7ff fea7 	bl	200002e4 <reset_non_control_endpoints>
20000596:	f44f 7380 	mov.w	r3, #256	@ 0x100
2000059a:	2101      	movs	r1, #1
2000059c:	a801      	add	r0, sp, #4
2000059e:	f8ad 3004 	strh.w	r3, [sp, #4]
200005a2:	f88d 4008 	strb.w	r4, [sp, #8]
200005a6:	f000 fb1b 	bl	20000be0 <dcd_event_handler>
200005aa:	f44f 2200 	mov.w	r2, #524288	@ 0x80000
200005ae:	4b43      	ldr	r3, [pc, #268]	@ (200006bc <dcd_rp2040_irq+0x2e0>)
200005b0:	651a      	str	r2, [r3, #80]	@ 0x50
200005b2:	046a      	lsls	r2, r5, #17
200005b4:	d5cc      	bpl.n	20000550 <dcd_rp2040_irq+0x174>
200005b6:	f44f 6380 	mov.w	r3, #1024	@ 0x400
200005ba:	2101      	movs	r1, #1
200005bc:	a801      	add	r0, sp, #4
200005be:	f8ad 3004 	strh.w	r3, [sp, #4]
200005c2:	f000 fb0d 	bl	20000be0 <dcd_event_handler>
200005c6:	2210      	movs	r2, #16
200005c8:	4b3c      	ldr	r3, [pc, #240]	@ (200006bc <dcd_rp2040_irq+0x2e0>)
200005ca:	f446 4680 	orr.w	r6, r6, #16384	@ 0x4000
200005ce:	651a      	str	r2, [r3, #80]	@ 0x50
200005d0:	042b      	lsls	r3, r5, #16
200005d2:	d5bf      	bpl.n	20000554 <dcd_rp2040_irq+0x178>
200005d4:	f44f 63a0 	mov.w	r3, #1280	@ 0x500
200005d8:	2101      	movs	r1, #1
200005da:	a801      	add	r0, sp, #4
200005dc:	f8ad 3004 	strh.w	r3, [sp, #4]
200005e0:	f000 fafe 	bl	20000be0 <dcd_event_handler>
200005e4:	f44f 6200 	mov.w	r2, #2048	@ 0x800
200005e8:	4b34      	ldr	r3, [pc, #208]	@ (200006bc <dcd_rp2040_irq+0x2e0>)
200005ea:	f446 4600 	orr.w	r6, r6, #32768	@ 0x8000
200005ee:	651a      	str	r2, [r3, #80]	@ 0x50
200005f0:	e7b0      	b.n	20000554 <dcd_rp2040_irq+0x178>
200005f2:	f894 603a 	ldrb.w	r6, [r4, #58]	@ 0x3a
200005f6:	2e00      	cmp	r6, #0
200005f8:	f43f af03 	beq.w	20000402 <dcd_rp2040_irq+0x26>
200005fc:	f894 303c 	ldrb.w	r3, [r4, #60]	@ 0x3c
20000600:	2b00      	cmp	r3, #0
20000602:	f43f aefe 	beq.w	20000402 <dcd_rp2040_irq+0x26>
20000606:	2300      	movs	r3, #0
20000608:	f104 0020 	add.w	r0, r4, #32
2000060c:	f884 303c 	strb.w	r3, [r4, #60]	@ 0x3c
20000610:	f000 fa96 	bl	20000b40 <hw_endpoint_start_next_buffer>
20000614:	e6f5      	b.n	20000402 <dcd_rp2040_irq+0x26>
20000616:	f894 737a 	ldrb.w	r7, [r4, #890]	@ 0x37a
2000061a:	2f00      	cmp	r7, #0
2000061c:	f43f af32 	beq.w	20000484 <dcd_rp2040_irq+0xa8>
20000620:	f894 337c 	ldrb.w	r3, [r4, #892]	@ 0x37c
20000624:	2b00      	cmp	r3, #0
20000626:	f040 8136 	bne.w	20000896 <dcd_rp2040_irq+0x4ba>
2000062a:	f894 33bb 	ldrb.w	r3, [r4, #955]	@ 0x3bb
2000062e:	2b02      	cmp	r3, #2
20000630:	d123      	bne.n	2000067a <dcd_rp2040_irq+0x29e>
20000632:	f894 33ba 	ldrb.w	r3, [r4, #954]	@ 0x3ba
20000636:	b9db      	cbnz	r3, 20000670 <dcd_rp2040_irq+0x294>
20000638:	f894 33fb 	ldrb.w	r3, [r4, #1019]	@ 0x3fb
2000063c:	2b02      	cmp	r3, #2
2000063e:	f47f af34 	bne.w	200004aa <dcd_rp2040_irq+0xce>
20000642:	463e      	mov	r6, r7
20000644:	f894 33fa 	ldrb.w	r3, [r4, #1018]	@ 0x3fa
20000648:	2b00      	cmp	r3, #0
2000064a:	f43f af25 	beq.w	20000498 <dcd_rp2040_irq+0xbc>
2000064e:	f894 33fc 	ldrb.w	r3, [r4, #1020]	@ 0x3fc
20000652:	2b00      	cmp	r3, #0
20000654:	f43f af29 	beq.w	200004aa <dcd_rp2040_irq+0xce>
20000658:	2300      	movs	r3, #0
2000065a:	481d      	ldr	r0, [pc, #116]	@ (200006d0 <dcd_rp2040_irq+0x2f4>)
2000065c:	f884 33fc 	strb.w	r3, [r4, #1020]	@ 0x3fc
20000660:	f000 fa6e 	bl	20000b40 <hw_endpoint_start_next_buffer>
20000664:	e721      	b.n	200004aa <dcd_rp2040_irq+0xce>
20000666:	f894 33ba 	ldrb.w	r3, [r4, #954]	@ 0x3ba
2000066a:	2b00      	cmp	r3, #0
2000066c:	f43f af0f 	beq.w	2000048e <dcd_rp2040_irq+0xb2>
20000670:	f894 33bc 	ldrb.w	r3, [r4, #956]	@ 0x3bc
20000674:	2b00      	cmp	r3, #0
20000676:	f040 80a7 	bne.w	200007c8 <dcd_rp2040_irq+0x3ec>
2000067a:	f894 33fb 	ldrb.w	r3, [r4, #1019]	@ 0x3fb
2000067e:	2b02      	cmp	r3, #2
20000680:	f47f af13 	bne.w	200004aa <dcd_rp2040_irq+0xce>
20000684:	f894 33fa 	ldrb.w	r3, [r4, #1018]	@ 0x3fa
20000688:	2b00      	cmp	r3, #0
2000068a:	d1e0      	bne.n	2000064e <dcd_rp2040_irq+0x272>
2000068c:	e70d      	b.n	200004aa <dcd_rp2040_irq+0xce>
2000068e:	f894 733a 	ldrb.w	r7, [r4, #826]	@ 0x33a
20000692:	2f00      	cmp	r7, #0
20000694:	f43f aef1 	beq.w	2000047a <dcd_rp2040_irq+0x9e>
20000698:	f894 333c 	ldrb.w	r3, [r4, #828]	@ 0x33c
2000069c:	2b00      	cmp	r3, #0
2000069e:	f040 80f2 	bne.w	20000886 <dcd_rp2040_irq+0x4aa>
200006a2:	463e      	mov	r6, r7
200006a4:	e6e9      	b.n	2000047a <dcd_rp2040_irq+0x9e>
200006a6:	bf00      	nop
200006a8:	50110000 	.word	0x50110000
200006ac:	400b0000 	.word	0x400b0000
200006b0:	200013c8 	.word	0x200013c8
200006b4:	200013c0 	.word	0x200013c0
200006b8:	20001822 	.word	0x20001822
200006bc:	50113000 	.word	0x50113000
200006c0:	00020010 	.word	0x00020010
200006c4:	50112000 	.word	0x50112000
200006c8:	50100000 	.word	0x50100000
200006cc:	200013e8 	.word	0x200013e8
200006d0:	200017a8 	.word	0x200017a8
200006d4:	f894 72fa 	ldrb.w	r7, [r4, #762]	@ 0x2fa
200006d8:	2f00      	cmp	r7, #0
200006da:	f43f aec9 	beq.w	20000470 <dcd_rp2040_irq+0x94>
200006de:	f894 32fc 	ldrb.w	r3, [r4, #764]	@ 0x2fc
200006e2:	2b00      	cmp	r3, #0
200006e4:	f040 80c7 	bne.w	20000876 <dcd_rp2040_irq+0x49a>
200006e8:	463e      	mov	r6, r7
200006ea:	e6c1      	b.n	20000470 <dcd_rp2040_irq+0x94>
200006ec:	f894 72ba 	ldrb.w	r7, [r4, #698]	@ 0x2ba
200006f0:	2f00      	cmp	r7, #0
200006f2:	f43f aeb8 	beq.w	20000466 <dcd_rp2040_irq+0x8a>
200006f6:	f894 32bc 	ldrb.w	r3, [r4, #700]	@ 0x2bc
200006fa:	2b00      	cmp	r3, #0
200006fc:	f040 80b3 	bne.w	20000866 <dcd_rp2040_irq+0x48a>
20000700:	463e      	mov	r6, r7
20000702:	e6b0      	b.n	20000466 <dcd_rp2040_irq+0x8a>
20000704:	f894 727a 	ldrb.w	r7, [r4, #634]	@ 0x27a
20000708:	2f00      	cmp	r7, #0
2000070a:	f43f aea7 	beq.w	2000045c <dcd_rp2040_irq+0x80>
2000070e:	f894 327c 	ldrb.w	r3, [r4, #636]	@ 0x27c
20000712:	2b00      	cmp	r3, #0
20000714:	f040 809f 	bne.w	20000856 <dcd_rp2040_irq+0x47a>
20000718:	463e      	mov	r6, r7
2000071a:	e69f      	b.n	2000045c <dcd_rp2040_irq+0x80>
2000071c:	f894 723a 	ldrb.w	r7, [r4, #570]	@ 0x23a
20000720:	2f00      	cmp	r7, #0
20000722:	f43f ae96 	beq.w	20000452 <dcd_rp2040_irq+0x76>
20000726:	f894 323c 	ldrb.w	r3, [r4, #572]	@ 0x23c
2000072a:	2b00      	cmp	r3, #0
2000072c:	f040 808b 	bne.w	20000846 <dcd_rp2040_irq+0x46a>
20000730:	463e      	mov	r6, r7
20000732:	e68e      	b.n	20000452 <dcd_rp2040_irq+0x76>
20000734:	f894 71fa 	ldrb.w	r7, [r4, #506]	@ 0x1fa
20000738:	2f00      	cmp	r7, #0
2000073a:	f43f ae85 	beq.w	20000448 <dcd_rp2040_irq+0x6c>
2000073e:	f894 31fc 	ldrb.w	r3, [r4, #508]	@ 0x1fc
20000742:	2b00      	cmp	r3, #0
20000744:	d177      	bne.n	20000836 <dcd_rp2040_irq+0x45a>
20000746:	463e      	mov	r6, r7
20000748:	e67e      	b.n	20000448 <dcd_rp2040_irq+0x6c>
2000074a:	f894 71ba 	ldrb.w	r7, [r4, #442]	@ 0x1ba
2000074e:	2f00      	cmp	r7, #0
20000750:	f43f ae75 	beq.w	2000043e <dcd_rp2040_irq+0x62>
20000754:	f894 31bc 	ldrb.w	r3, [r4, #444]	@ 0x1bc
20000758:	2b00      	cmp	r3, #0
2000075a:	d164      	bne.n	20000826 <dcd_rp2040_irq+0x44a>
2000075c:	463e      	mov	r6, r7
2000075e:	e66e      	b.n	2000043e <dcd_rp2040_irq+0x62>
20000760:	f894 717a 	ldrb.w	r7, [r4, #378]	@ 0x17a
20000764:	2f00      	cmp	r7, #0
20000766:	f43f ae65 	beq.w	20000434 <dcd_rp2040_irq+0x58>
2000076a:	f894 317c 	ldrb.w	r3, [r4, #380]	@ 0x17c
2000076e:	2b00      	cmp	r3, #0
20000770:	d151      	bne.n	20000816 <dcd_rp2040_irq+0x43a>
20000772:	463e      	mov	r6, r7
20000774:	e65e      	b.n	20000434 <dcd_rp2040_irq+0x58>
20000776:	f894 713a 	ldrb.w	r7, [r4, #314]	@ 0x13a
2000077a:	2f00      	cmp	r7, #0
2000077c:	f43f ae55 	beq.w	2000042a <dcd_rp2040_irq+0x4e>
20000780:	f894 313c 	ldrb.w	r3, [r4, #316]	@ 0x13c
20000784:	2b00      	cmp	r3, #0
20000786:	d13e      	bne.n	20000806 <dcd_rp2040_irq+0x42a>
20000788:	463e      	mov	r6, r7
2000078a:	e64e      	b.n	2000042a <dcd_rp2040_irq+0x4e>
2000078c:	f894 70fa 	ldrb.w	r7, [r4, #250]	@ 0xfa
20000790:	2f00      	cmp	r7, #0
20000792:	f43f ae45 	beq.w	20000420 <dcd_rp2040_irq+0x44>
20000796:	f894 30fc 	ldrb.w	r3, [r4, #252]	@ 0xfc
2000079a:	bb63      	cbnz	r3, 200007f6 <dcd_rp2040_irq+0x41a>
2000079c:	463e      	mov	r6, r7
2000079e:	e63f      	b.n	20000420 <dcd_rp2040_irq+0x44>
200007a0:	f894 70ba 	ldrb.w	r7, [r4, #186]	@ 0xba
200007a4:	2f00      	cmp	r7, #0
200007a6:	f43f ae36 	beq.w	20000416 <dcd_rp2040_irq+0x3a>
200007aa:	f894 30bc 	ldrb.w	r3, [r4, #188]	@ 0xbc
200007ae:	b9d3      	cbnz	r3, 200007e6 <dcd_rp2040_irq+0x40a>
200007b0:	463e      	mov	r6, r7
200007b2:	e630      	b.n	20000416 <dcd_rp2040_irq+0x3a>
200007b4:	f894 707a 	ldrb.w	r7, [r4, #122]	@ 0x7a
200007b8:	2f00      	cmp	r7, #0
200007ba:	f43f ae27 	beq.w	2000040c <dcd_rp2040_irq+0x30>
200007be:	f894 307c 	ldrb.w	r3, [r4, #124]	@ 0x7c
200007c2:	b943      	cbnz	r3, 200007d6 <dcd_rp2040_irq+0x3fa>
200007c4:	463e      	mov	r6, r7
200007c6:	e621      	b.n	2000040c <dcd_rp2040_irq+0x30>
200007c8:	2300      	movs	r3, #0
200007ca:	4839      	ldr	r0, [pc, #228]	@ (200008b0 <dcd_rp2040_irq+0x4d4>)
200007cc:	f884 33bc 	strb.w	r3, [r4, #956]	@ 0x3bc
200007d0:	f000 f9b6 	bl	20000b40 <hw_endpoint_start_next_buffer>
200007d4:	e751      	b.n	2000067a <dcd_rp2040_irq+0x29e>
200007d6:	2300      	movs	r3, #0
200007d8:	4836      	ldr	r0, [pc, #216]	@ (200008b4 <dcd_rp2040_irq+0x4d8>)
200007da:	f884 307c 	strb.w	r3, [r4, #124]	@ 0x7c
200007de:	463e      	mov	r6, r7
200007e0:	f000 f9ae 	bl	20000b40 <hw_endpoint_start_next_buffer>
200007e4:	e612      	b.n	2000040c <dcd_rp2040_irq+0x30>
200007e6:	2300      	movs	r3, #0
200007e8:	4833      	ldr	r0, [pc, #204]	@ (200008b8 <dcd_rp2040_irq+0x4dc>)
200007ea:	f884 30bc 	strb.w	r3, [r4, #188]	@ 0xbc
200007ee:	463e      	mov	r6, r7
200007f0:	f000 f9a6 	bl	20000b40 <hw_endpoint_start_next_buffer>
200007f4:	e60f      	b.n	20000416 <dcd_rp2040_irq+0x3a>
200007f6:	2300      	movs	r3, #0
200007f8:	4830      	ldr	r0, [pc, #192]	@ (200008bc <dcd_rp2040_irq+0x4e0>)
200007fa:	f884 30fc 	strb.w	r3, [r4, #252]	@ 0xfc
200007fe:	463e      	mov	r6, r7
20000800:	f000 f99e 	bl	20000b40 <hw_endpoint_start_next_buffer>
20000804:	e60c      	b.n	20000420 <dcd_rp2040_irq+0x44>
20000806:	2300      	movs	r3, #0
20000808:	482d      	ldr	r0, [pc, #180]	@ (200008c0 <dcd_rp2040_irq+0x4e4>)
2000080a:	f884 313c 	strb.w	r3, [r4, #316]	@ 0x13c
2000080e:	463e      	mov	r6, r7
20000810:	f000 f996 	bl	20000b40 <hw_endpoint_start_next_buffer>
20000814:	e609      	b.n	2000042a <dcd_rp2040_irq+0x4e>
20000816:	2300      	movs	r3, #0
20000818:	482a      	ldr	r0, [pc, #168]	@ (200008c4 <dcd_rp2040_irq+0x4e8>)
2000081a:	f884 317c 	strb.w	r3, [r4, #380]	@ 0x17c
2000081e:	463e      	mov	r6, r7
20000820:	f000 f98e 	bl	20000b40 <hw_endpoint_start_next_buffer>
20000824:	e606      	b.n	20000434 <dcd_rp2040_irq+0x58>
20000826:	2300      	movs	r3, #0
20000828:	4827      	ldr	r0, [pc, #156]	@ (200008c8 <dcd_rp2040_irq+0x4ec>)
2000082a:	f884 31bc 	strb.w	r3, [r4, #444]	@ 0x1bc
2000082e:	463e      	mov	r6, r7
20000830:	f000 f986 	bl	20000b40 <hw_endpoint_start_next_buffer>
20000834:	e603      	b.n	2000043e <dcd_rp2040_irq+0x62>
20000836:	2300      	movs	r3, #0
20000838:	4824      	ldr	r0, [pc, #144]	@ (200008cc <dcd_rp2040_irq+0x4f0>)
2000083a:	f884 31fc 	strb.w	r3, [r4, #508]	@ 0x1fc
2000083e:	463e      	mov	r6, r7
20000840:	f000 f97e 	bl	20000b40 <hw_endpoint_start_next_buffer>
20000844:	e600      	b.n	20000448 <dcd_rp2040_irq+0x6c>
20000846:	2300      	movs	r3, #0
20000848:	4821      	ldr	r0, [pc, #132]	@ (200008d0 <dcd_rp2040_irq+0x4f4>)
2000084a:	f884 323c 	strb.w	r3, [r4, #572]	@ 0x23c
2000084e:	463e      	mov	r6, r7
20000850:	f000 f976 	bl	20000b40 <hw_endpoint_start_next_buffer>
20000854:	e5fd      	b.n	20000452 <dcd_rp2040_irq+0x76>
20000856:	2300      	movs	r3, #0
20000858:	481e      	ldr	r0, [pc, #120]	@ (200008d4 <dcd_rp2040_irq+0x4f8>)
2000085a:	f884 327c 	strb.w	r3, [r4, #636]	@ 0x27c
2000085e:	463e      	mov	r6, r7
20000860:	f000 f96e 	bl	20000b40 <hw_endpoint_start_next_buffer>
20000864:	e5fa      	b.n	2000045c <dcd_rp2040_irq+0x80>
20000866:	2300      	movs	r3, #0
20000868:	481b      	ldr	r0, [pc, #108]	@ (200008d8 <dcd_rp2040_irq+0x4fc>)
2000086a:	f884 32bc 	strb.w	r3, [r4, #700]	@ 0x2bc
2000086e:	463e      	mov	r6, r7
20000870:	f000 f966 	bl	20000b40 <hw_endpoint_start_next_buffer>
20000874:	e5f7      	b.n	20000466 <dcd_rp2040_irq+0x8a>
20000876:	2300      	movs	r3, #0
20000878:	4818      	ldr	r0, [pc, #96]	@ (200008dc <dcd_rp2040_irq+0x500>)
2000087a:	f884 32fc 	strb.w	r3, [r4, #764]	@ 0x2fc
2000087e:	463e      	mov	r6, r7
20000880:	f000 f95e 	bl	20000b40 <hw_endpoint_start_next_buffer>
20000884:	e5f4      	b.n	20000470 <dcd_rp2040_irq+0x94>
20000886:	2300      	movs	r3, #0
20000888:	4815      	ldr	r0, [pc, #84]	@ (200008e0 <dcd_rp2040_irq+0x504>)
2000088a:	f884 333c 	strb.w	r3, [r4, #828]	@ 0x33c
2000088e:	463e      	mov	r6, r7
20000890:	f000 f956 	bl	20000b40 <hw_endpoint_start_next_buffer>
20000894:	e5f1      	b.n	2000047a <dcd_rp2040_irq+0x9e>
20000896:	2300      	movs	r3, #0
20000898:	4812      	ldr	r0, [pc, #72]	@ (200008e4 <dcd_rp2040_irq+0x508>)
2000089a:	f884 337c 	strb.w	r3, [r4, #892]	@ 0x37c
2000089e:	f000 f94f 	bl	20000b40 <hw_endpoint_start_next_buffer>
200008a2:	e6c2      	b.n	2000062a <dcd_rp2040_irq+0x24e>
200008a4:	4810      	ldr	r0, [pc, #64]	@ (200008e8 <dcd_rp2040_irq+0x50c>)
200008a6:	ea86 0105 	eor.w	r1, r6, r5
200008aa:	f000 faa5 	bl	20000df8 <__panic_veneer>
200008ae:	bf00      	nop
200008b0:	20001768 	.word	0x20001768
200008b4:	20001428 	.word	0x20001428
200008b8:	20001468 	.word	0x20001468
200008bc:	200014a8 	.word	0x200014a8
200008c0:	200014e8 	.word	0x200014e8
200008c4:	20001528 	.word	0x20001528
200008c8:	20001568 	.word	0x20001568
200008cc:	200015a8 	.word	0x200015a8
200008d0:	200015e8 	.word	0x200015e8
200008d4:	20001628 	.word	0x20001628
200008d8:	20001668 	.word	0x20001668
200008dc:	200016a8 	.word	0x200016a8
200008e0:	200016e8 	.word	0x200016e8
200008e4:	20001728 	.word	0x20001728
200008e8:	10004114 	.word	0x10004114

200008ec <prepare_ep_buffer>:
200008ec:	e92d 43f0 	stmdb	sp!, {r4, r5, r6, r7, r8, r9, lr}
200008f0:	8a82      	ldrh	r2, [r0, #20]
200008f2:	8b04      	ldrh	r4, [r0, #24]
200008f4:	4603      	mov	r3, r0
200008f6:	4294      	cmp	r4, r2
200008f8:	78c0      	ldrb	r0, [r0, #3]
200008fa:	bf28      	it	cs
200008fc:	4614      	movcs	r4, r2
200008fe:	1e05      	subs	r5, r0, #0
20000900:	bf18      	it	ne
20000902:	2501      	movne	r5, #1
20000904:	f080 0001 	eor.w	r0, r0, #1
20000908:	1b12      	subs	r2, r2, r4
2000090a:	785e      	ldrb	r6, [r3, #1]
2000090c:	70d8      	strb	r0, [r3, #3]
2000090e:	b292      	uxth	r2, r2
20000910:	f444 6080 	orr.w	r0, r4, #1024	@ 0x400
20000914:	829a      	strh	r2, [r3, #20]
20000916:	ea40 3045 	orr.w	r0, r0, r5, lsl #13
2000091a:	bb06      	cbnz	r6, 2000095e <prepare_ep_buffer+0x72>
2000091c:	68dd      	ldr	r5, [r3, #12]
2000091e:	f104 38ff 	add.w	r8, r4, #4294967295	@ 0xffffffff
20000922:	eb05 1c81 	add.w	ip, r5, r1, lsl #6
20000926:	691d      	ldr	r5, [r3, #16]
20000928:	b1ac      	cbz	r4, 20000956 <prepare_ep_buffer+0x6a>
2000092a:	f1b8 0f05 	cmp.w	r8, #5
2000092e:	f105 0201 	add.w	r2, r5, #1
20000932:	d903      	bls.n	2000093c <prepare_ep_buffer+0x50>
20000934:	ebac 0702 	sub.w	r7, ip, r2
20000938:	2f02      	cmp	r7, #2
2000093a:	d817      	bhi.n	2000096c <prepare_ep_buffer+0x80>
2000093c:	f10c 3cff 	add.w	ip, ip, #4294967295	@ 0xffffffff
20000940:	4425      	add	r5, r4
20000942:	e000      	b.n	20000946 <prepare_ep_buffer+0x5a>
20000944:	3201      	adds	r2, #1
20000946:	f812 6c01 	ldrb.w	r6, [r2, #-1]
2000094a:	42aa      	cmp	r2, r5
2000094c:	f80c 6f01 	strb.w	r6, [ip, #1]!
20000950:	d1f8      	bne.n	20000944 <prepare_ep_buffer+0x58>
20000952:	691d      	ldr	r5, [r3, #16]
20000954:	8a9a      	ldrh	r2, [r3, #20]
20000956:	4425      	add	r5, r4
20000958:	611d      	str	r5, [r3, #16]
2000095a:	f440 4000 	orr.w	r0, r0, #32768	@ 0x8000
2000095e:	b90a      	cbnz	r2, 20000964 <prepare_ep_buffer+0x78>
20000960:	f440 4080 	orr.w	r0, r0, #16384	@ 0x4000
20000964:	b101      	cbz	r1, 20000968 <prepare_ep_buffer+0x7c>
20000966:	0400      	lsls	r0, r0, #16
20000968:	e8bd 83f0 	ldmia.w	sp!, {r4, r5, r6, r7, r8, r9, pc}
2000096c:	462f      	mov	r7, r5
2000096e:	46e6      	mov	lr, ip
20000970:	4632      	mov	r2, r6
20000972:	1f26      	subs	r6, r4, #4
20000974:	08b6      	lsrs	r6, r6, #2
20000976:	3601      	adds	r6, #1
20000978:	f857 9b04 	ldr.w	r9, [r7], #4
2000097c:	3201      	adds	r2, #1
2000097e:	4296      	cmp	r6, r2
20000980:	f84e 9b04 	str.w	r9, [lr], #4
20000984:	d8f8      	bhi.n	20000978 <prepare_ep_buffer+0x8c>
20000986:	ebb4 0f86 	cmp.w	r4, r6, lsl #2
2000098a:	eba8 0286 	sub.w	r2, r8, r6, lsl #2
2000098e:	eb05 0e86 	add.w	lr, r5, r6, lsl #2
20000992:	eb0c 0786 	add.w	r7, ip, r6, lsl #2
20000996:	d0dc      	beq.n	20000952 <prepare_ep_buffer+0x66>
20000998:	f815 5026 	ldrb.w	r5, [r5, r6, lsl #2]
2000099c:	f80c 5026 	strb.w	r5, [ip, r6, lsl #2]
200009a0:	2a00      	cmp	r2, #0
200009a2:	d0d6      	beq.n	20000952 <prepare_ep_buffer+0x66>
200009a4:	f89e 5001 	ldrb.w	r5, [lr, #1]
200009a8:	2a01      	cmp	r2, #1
200009aa:	707d      	strb	r5, [r7, #1]
200009ac:	d0d1      	beq.n	20000952 <prepare_ep_buffer+0x66>
200009ae:	f89e 2002 	ldrb.w	r2, [lr, #2]
200009b2:	70ba      	strb	r2, [r7, #2]
200009b4:	691d      	ldr	r5, [r3, #16]
200009b6:	8a9a      	ldrh	r2, [r3, #20]
200009b8:	e7cd      	b.n	20000956 <prepare_ep_buffer+0x6a>
200009ba:	bf00      	nop

200009bc <sync_ep_buffer>:
200009bc:	6883      	ldr	r3, [r0, #8]
200009be:	4602      	mov	r2, r0
200009c0:	6818      	ldr	r0, [r3, #0]
200009c2:	b101      	cbz	r1, 200009c6 <sync_ep_buffer+0xa>
200009c4:	0c00      	lsrs	r0, r0, #16
200009c6:	7853      	ldrb	r3, [r2, #1]
200009c8:	f3c0 0009 	ubfx	r0, r0, #0, #10
200009cc:	b313      	cbz	r3, 20000a14 <sync_ep_buffer+0x58>
200009ce:	b5f0      	push	{r4, r5, r6, r7, lr}
200009d0:	e9d2 5403 	ldrd	r5, r4, [r2, #12]
200009d4:	018f      	lsls	r7, r1, #6
200009d6:	eb05 1381 	add.w	r3, r5, r1, lsl #6
200009da:	1e46      	subs	r6, r0, #1
200009dc:	b178      	cbz	r0, 200009fe <sync_ep_buffer+0x42>
200009de:	2e05      	cmp	r6, #5
200009e0:	d904      	bls.n	200009ec <sync_ep_buffer+0x30>
200009e2:	3701      	adds	r7, #1
200009e4:	443d      	add	r5, r7
200009e6:	1b65      	subs	r5, r4, r5
200009e8:	2d02      	cmp	r5, #2
200009ea:	d81c      	bhi.n	20000a26 <sync_ep_buffer+0x6a>
200009ec:	1e61      	subs	r1, r4, #1
200009ee:	181d      	adds	r5, r3, r0
200009f0:	f813 4b01 	ldrb.w	r4, [r3], #1
200009f4:	429d      	cmp	r5, r3
200009f6:	f801 4f01 	strb.w	r4, [r1, #1]!
200009fa:	d1f9      	bne.n	200009f0 <sync_ep_buffer+0x34>
200009fc:	6914      	ldr	r4, [r2, #16]
200009fe:	8ad3      	ldrh	r3, [r2, #22]
20000a00:	4404      	add	r4, r0
20000a02:	4403      	add	r3, r0
20000a04:	82d3      	strh	r3, [r2, #22]
20000a06:	8b13      	ldrh	r3, [r2, #24]
20000a08:	6114      	str	r4, [r2, #16]
20000a0a:	4283      	cmp	r3, r0
20000a0c:	bf84      	itt	hi
20000a0e:	2300      	movhi	r3, #0
20000a10:	8293      	strhhi	r3, [r2, #20]
20000a12:	bdf0      	pop	{r4, r5, r6, r7, pc}
20000a14:	8ad3      	ldrh	r3, [r2, #22]
20000a16:	4403      	add	r3, r0
20000a18:	82d3      	strh	r3, [r2, #22]
20000a1a:	8b13      	ldrh	r3, [r2, #24]
20000a1c:	4283      	cmp	r3, r0
20000a1e:	bf84      	itt	hi
20000a20:	2300      	movhi	r3, #0
20000a22:	8293      	strhhi	r3, [r2, #20]
20000a24:	4770      	bx	lr
20000a26:	469e      	mov	lr, r3
20000a28:	4625      	mov	r5, r4
20000a2a:	2100      	movs	r1, #0
20000a2c:	f1a0 0c04 	sub.w	ip, r0, #4
20000a30:	ea4f 0c9c 	mov.w	ip, ip, lsr #2
20000a34:	f10c 0c01 	add.w	ip, ip, #1
20000a38:	f85e 7b04 	ldr.w	r7, [lr], #4
20000a3c:	3101      	adds	r1, #1
20000a3e:	4561      	cmp	r1, ip
20000a40:	f845 7b04 	str.w	r7, [r5], #4
20000a44:	d3f8      	bcc.n	20000a38 <sync_ep_buffer+0x7c>
20000a46:	ebb0 0f8c 	cmp.w	r0, ip, lsl #2
20000a4a:	eba6 068c 	sub.w	r6, r6, ip, lsl #2
20000a4e:	eb03 058c 	add.w	r5, r3, ip, lsl #2
20000a52:	eb04 018c 	add.w	r1, r4, ip, lsl #2
20000a56:	d0d1      	beq.n	200009fc <sync_ep_buffer+0x40>
20000a58:	f813 302c 	ldrb.w	r3, [r3, ip, lsl #2]
20000a5c:	f804 302c 	strb.w	r3, [r4, ip, lsl #2]
20000a60:	2e00      	cmp	r6, #0
20000a62:	d0cb      	beq.n	200009fc <sync_ep_buffer+0x40>
20000a64:	786b      	ldrb	r3, [r5, #1]
20000a66:	2e01      	cmp	r6, #1
20000a68:	704b      	strb	r3, [r1, #1]
20000a6a:	d0c7      	beq.n	200009fc <sync_ep_buffer+0x40>
20000a6c:	78ab      	ldrb	r3, [r5, #2]
20000a6e:	708b      	strb	r3, [r1, #2]
20000a70:	6914      	ldr	r4, [r2, #16]
20000a72:	e7c4      	b.n	200009fe <sync_ep_buffer+0x42>

20000a74 <_hw_endpoint_xfer_sync>:
20000a74:	b510      	push	{r4, lr}
20000a76:	4604      	mov	r4, r0
20000a78:	6883      	ldr	r3, [r0, #8]
20000a7a:	2100      	movs	r1, #0
20000a7c:	681b      	ldr	r3, [r3, #0]
20000a7e:	f7ff ff9d 	bl	200009bc <sync_ep_buffer>
20000a82:	6863      	ldr	r3, [r4, #4]
20000a84:	681b      	ldr	r3, [r3, #0]
20000a86:	005b      	lsls	r3, r3, #1
20000a88:	d502      	bpl.n	20000a90 <_hw_endpoint_xfer_sync+0x1c>
20000a8a:	8b23      	ldrh	r3, [r4, #24]
20000a8c:	4283      	cmp	r3, r0
20000a8e:	d000      	beq.n	20000a92 <_hw_endpoint_xfer_sync+0x1e>
20000a90:	bd10      	pop	{r4, pc}
20000a92:	4620      	mov	r0, r4
20000a94:	e8bd 4010 	ldmia.w	sp!, {r4, lr}
20000a98:	2101      	movs	r1, #1
20000a9a:	f7ff bf8f 	b.w	200009bc <sync_ep_buffer>
20000a9e:	bf00      	nop

20000aa0 <e15_is_bulkin_ep>:
20000aa0:	4b08      	ldr	r3, [pc, #32]	@ (20000ac4 <e15_is_bulkin_ep+0x24>)
20000aa2:	6c1b      	ldr	r3, [r3, #64]	@ 0x40
20000aa4:	f013 0302 	ands.w	r3, r3, #2
20000aa8:	d102      	bne.n	20000ab0 <e15_is_bulkin_ep+0x10>
20000aaa:	7882      	ldrb	r2, [r0, #2]
20000aac:	09d2      	lsrs	r2, r2, #7
20000aae:	d101      	bne.n	20000ab4 <e15_is_bulkin_ep+0x14>
20000ab0:	2000      	movs	r0, #0
20000ab2:	4770      	bx	lr
20000ab4:	7ec0      	ldrb	r0, [r0, #27]
20000ab6:	f1a0 0002 	sub.w	r0, r0, #2
20000aba:	fab0 f080 	clz	r0, r0
20000abe:	0940      	lsrs	r0, r0, #5
20000ac0:	4770      	bx	lr
20000ac2:	bf00      	nop
20000ac4:	50110000 	.word	0x50110000

20000ac8 <e15_is_critical_frame_period>:
20000ac8:	b508      	push	{r3, lr}
20000aca:	f7ff ffe9 	bl	20000aa0 <e15_is_bulkin_ep>
20000ace:	b150      	cbz	r0, 20000ae6 <e15_is_critical_frame_period+0x1e>
20000ad0:	4a05      	ldr	r2, [pc, #20]	@ (20000ae8 <e15_is_critical_frame_period+0x20>)
20000ad2:	4b06      	ldr	r3, [pc, #24]	@ (20000aec <e15_is_critical_frame_period+0x24>)
20000ad4:	6a90      	ldr	r0, [r2, #40]	@ 0x28
20000ad6:	681b      	ldr	r3, [r3, #0]
20000ad8:	f5a0 7048 	sub.w	r0, r0, #800	@ 0x320
20000adc:	1ac0      	subs	r0, r0, r3
20000ade:	28c6      	cmp	r0, #198	@ 0xc6
20000ae0:	bf8c      	ite	hi
20000ae2:	2000      	movhi	r0, #0
20000ae4:	2001      	movls	r0, #1
20000ae6:	bd08      	pop	{r3, pc}
20000ae8:	400b0000 	.word	0x400b0000
20000aec:	200013c0 	.word	0x200013c0

20000af0 <hw_endpoint_reset_transfer>:
20000af0:	2300      	movs	r3, #0
20000af2:	e9c0 3304 	strd	r3, r3, [r0, #16]
20000af6:	7683      	strb	r3, [r0, #26]
20000af8:	4770      	bx	lr
20000afa:	bf00      	nop

20000afc <_hw_endpoint_buffer_control_update32>:
20000afc:	b510      	push	{r4, lr}
20000afe:	6883      	ldr	r3, [r0, #8]
20000b00:	b109      	cbz	r1, 20000b06 <_hw_endpoint_buffer_control_update32+0xa>
20000b02:	681c      	ldr	r4, [r3, #0]
20000b04:	4021      	ands	r1, r4
20000b06:	b182      	cbz	r2, 20000b2a <_hw_endpoint_buffer_control_update32+0x2e>
20000b08:	4311      	orrs	r1, r2
20000b0a:	0552      	lsls	r2, r2, #21
20000b0c:	d50d      	bpl.n	20000b2a <_hw_endpoint_buffer_control_update32+0x2e>
20000b0e:	681a      	ldr	r2, [r3, #0]
20000b10:	0554      	lsls	r4, r2, #21
20000b12:	d40c      	bmi.n	20000b2e <_hw_endpoint_buffer_control_update32+0x32>
20000b14:	4a08      	ldr	r2, [pc, #32]	@ (20000b38 <_hw_endpoint_buffer_control_update32+0x3c>)
20000b16:	f421 6480 	bic.w	r4, r1, #1024	@ 0x400
20000b1a:	601c      	str	r4, [r3, #0]
20000b1c:	6c12      	ldr	r2, [r2, #64]	@ 0x40
20000b1e:	0792      	lsls	r2, r2, #30
20000b20:	d403      	bmi.n	20000b2a <_hw_endpoint_buffer_control_update32+0x2e>
20000b22:	230c      	movs	r3, #12
20000b24:	3b03      	subs	r3, #3
20000b26:	d2fd      	bcs.n	20000b24 <_hw_endpoint_buffer_control_update32+0x28>
20000b28:	6883      	ldr	r3, [r0, #8]
20000b2a:	6019      	str	r1, [r3, #0]
20000b2c:	bd10      	pop	{r4, pc}
20000b2e:	7881      	ldrb	r1, [r0, #2]
20000b30:	4802      	ldr	r0, [pc, #8]	@ (20000b3c <_hw_endpoint_buffer_control_update32+0x40>)
20000b32:	f000 f961 	bl	20000df8 <__panic_veneer>
20000b36:	bf00      	nop
20000b38:	50110000 	.word	0x50110000
20000b3c:	10004128 	.word	0x10004128

20000b40 <hw_endpoint_start_next_buffer>:
20000b40:	b530      	push	{r4, r5, lr}
20000b42:	6843      	ldr	r3, [r0, #4]
20000b44:	2100      	movs	r1, #0
20000b46:	b083      	sub	sp, #12
20000b48:	4604      	mov	r4, r0
20000b4a:	681d      	ldr	r5, [r3, #0]
20000b4c:	f7ff fece 	bl	200008ec <prepare_ep_buffer>
20000b50:	4b13      	ldr	r3, [pc, #76]	@ (20000ba0 <hw_endpoint_start_next_buffer+0x60>)
20000b52:	f440 5280 	orr.w	r2, r0, #4096	@ 0x1000
20000b56:	6c1b      	ldr	r3, [r3, #64]	@ 0x40
20000b58:	f013 0f02 	tst.w	r3, #2
20000b5c:	78a3      	ldrb	r3, [r4, #2]
20000b5e:	d00e      	beq.n	20000b7e <hw_endpoint_start_next_buffer+0x3e>
20000b60:	065b      	lsls	r3, r3, #25
20000b62:	d00e      	beq.n	20000b82 <hw_endpoint_start_next_buffer+0x42>
20000b64:	f025 45a0 	bic.w	r5, r5, #1342177280	@ 0x50000000
20000b68:	f045 5500 	orr.w	r5, r5, #536870912	@ 0x20000000
20000b6c:	2100      	movs	r1, #0
20000b6e:	4620      	mov	r0, r4
20000b70:	6863      	ldr	r3, [r4, #4]
20000b72:	601d      	str	r5, [r3, #0]
20000b74:	b003      	add	sp, #12
20000b76:	e8bd 4030 	ldmia.w	sp!, {r4, r5, lr}
20000b7a:	f7ff bfbf 	b.w	20000afc <_hw_endpoint_buffer_control_update32>
20000b7e:	09db      	lsrs	r3, r3, #7
20000b80:	d0f0      	beq.n	20000b64 <hw_endpoint_start_next_buffer+0x24>
20000b82:	8aa3      	ldrh	r3, [r4, #20]
20000b84:	2b00      	cmp	r3, #0
20000b86:	d0ed      	beq.n	20000b64 <hw_endpoint_start_next_buffer+0x24>
20000b88:	2101      	movs	r1, #1
20000b8a:	4620      	mov	r0, r4
20000b8c:	9201      	str	r2, [sp, #4]
20000b8e:	f7ff fead 	bl	200008ec <prepare_ep_buffer>
20000b92:	9a01      	ldr	r2, [sp, #4]
20000b94:	f025 5500 	bic.w	r5, r5, #536870912	@ 0x20000000
20000b98:	4302      	orrs	r2, r0
20000b9a:	f045 45a0 	orr.w	r5, r5, #1342177280	@ 0x50000000
20000b9e:	e7e5      	b.n	20000b6c <hw_endpoint_start_next_buffer+0x2c>
20000ba0:	50110000 	.word	0x50110000

20000ba4 <hw_endpoint_xfer_continue>:
20000ba4:	b538      	push	{r3, r4, r5, lr}
20000ba6:	7e85      	ldrb	r5, [r0, #26]
20000ba8:	4604      	mov	r4, r0
20000baa:	b195      	cbz	r5, 20000bd2 <hw_endpoint_xfer_continue+0x2e>
20000bac:	f7ff ff62 	bl	20000a74 <_hw_endpoint_xfer_sync>
20000bb0:	8aa3      	ldrh	r3, [r4, #20]
20000bb2:	b90b      	cbnz	r3, 20000bb8 <hw_endpoint_xfer_continue+0x14>
20000bb4:	4628      	mov	r0, r5
20000bb6:	bd38      	pop	{r3, r4, r5, pc}
20000bb8:	4620      	mov	r0, r4
20000bba:	f7ff ff85 	bl	20000ac8 <e15_is_critical_frame_period>
20000bbe:	b120      	cbz	r0, 20000bca <hw_endpoint_xfer_continue+0x26>
20000bc0:	2301      	movs	r3, #1
20000bc2:	7723      	strb	r3, [r4, #28]
20000bc4:	2500      	movs	r5, #0
20000bc6:	4628      	mov	r0, r5
20000bc8:	bd38      	pop	{r3, r4, r5, pc}
20000bca:	4620      	mov	r0, r4
20000bcc:	f7ff ffb8 	bl	20000b40 <hw_endpoint_start_next_buffer>
20000bd0:	e7f8      	b.n	20000bc4 <hw_endpoint_xfer_continue+0x20>
20000bd2:	7881      	ldrb	r1, [r0, #2]
20000bd4:	4801      	ldr	r0, [pc, #4]	@ (20000bdc <hw_endpoint_xfer_continue+0x38>)
20000bd6:	f000 f90f 	bl	20000df8 <__panic_veneer>
20000bda:	bf00      	nop
20000bdc:	10004148 	.word	0x10004148

20000be0 <dcd_event_handler>:
20000be0:	e92d 43f0 	stmdb	sp!, {r4, r5, r6, r7, r8, r9, lr}
20000be4:	7843      	ldrb	r3, [r0, #1]
20000be6:	4604      	mov	r4, r0
20000be8:	3b02      	subs	r3, #2
20000bea:	460d      	mov	r5, r1
20000bec:	b085      	sub	sp, #20
20000bee:	2b04      	cmp	r3, #4
20000bf0:	d813      	bhi.n	20000c1a <dcd_event_handler+0x3a>
20000bf2:	e8df f003 	tbb	[pc, r3]
20000bf6:	4803      	.short	0x4803
20000bf8:	7067      	.short	0x7067
20000bfa:	42          	.byte	0x42
20000bfb:	00          	.byte	0x00
20000bfc:	2100      	movs	r1, #0
20000bfe:	4b78      	ldr	r3, [pc, #480]	@ (20000de0 <dcd_event_handler+0x200>)
20000c00:	781a      	ldrb	r2, [r3, #0]
20000c02:	f022 0201 	bic.w	r2, r2, #1
20000c06:	701a      	strb	r2, [r3, #0]
20000c08:	781a      	ldrb	r2, [r3, #0]
20000c0a:	f022 0202 	bic.w	r2, r2, #2
20000c0e:	701a      	strb	r2, [r3, #0]
20000c10:	7059      	strb	r1, [r3, #1]
20000c12:	781a      	ldrb	r2, [r3, #0]
20000c14:	f361 0282 	bfi	r2, r1, #2, #1
20000c18:	701a      	strb	r2, [r3, #0]
20000c1a:	4b72      	ldr	r3, [pc, #456]	@ (20000de4 <dcd_event_handler+0x204>)
20000c1c:	681e      	ldr	r6, [r3, #0]
20000c1e:	6973      	ldr	r3, [r6, #20]
20000c20:	f3ef 8210 	mrs	r2, PRIMASK
20000c24:	b672      	cpsid	i
20000c26:	e8d3 0fcf 	ldaexb	r0, [r3]
20000c2a:	2101      	movs	r1, #1
20000c2c:	2800      	cmp	r0, #0
20000c2e:	d1fa      	bne.n	20000c26 <dcd_event_handler+0x46>
20000c30:	e8c3 1f40 	strexb	r0, r1, [r3]
20000c34:	2800      	cmp	r0, #0
20000c36:	d1f6      	bne.n	20000c26 <dcd_event_handler+0x46>
20000c38:	f3bf 8f5f 	dmb	sy
20000c3c:	61b2      	str	r2, [r6, #24]
20000c3e:	4621      	mov	r1, r4
20000c40:	4630      	mov	r0, r6
20000c42:	f000 f8ed 	bl	20000e20 <__tu_fifo_write_veneer>
20000c46:	2300      	movs	r3, #0
20000c48:	6972      	ldr	r2, [r6, #20]
20000c4a:	e8c2 3f8f 	stlb	r3, [r2]
20000c4e:	69b3      	ldr	r3, [r6, #24]
20000c50:	f383 8810 	msr	PRIMASK, r3
20000c54:	b948      	cbnz	r0, 20000c6a <dcd_event_handler+0x8a>
20000c56:	f04f 23e0 	mov.w	r3, #3758153728	@ 0xe000e000
20000c5a:	f8d3 3df0 	ldr.w	r3, [r3, #3568]	@ 0xdf0
20000c5e:	07db      	lsls	r3, r3, #31
20000c60:	d508      	bpl.n	20000c74 <dcd_event_handler+0x94>
20000c62:	be00      	bkpt	0x0000
20000c64:	b005      	add	sp, #20
20000c66:	e8bd 83f0 	ldmia.w	sp!, {r4, r5, r6, r7, r8, r9, pc}
20000c6a:	462a      	mov	r2, r5
20000c6c:	7861      	ldrb	r1, [r4, #1]
20000c6e:	7820      	ldrb	r0, [r4, #0]
20000c70:	f000 f8d2 	bl	20000e18 <__tud_event_hook_cb_veneer>
20000c74:	b005      	add	sp, #20
20000c76:	e8bd 83f0 	ldmia.w	sp!, {r4, r5, r6, r7, r8, r9, pc}
20000c7a:	4a5b      	ldr	r2, [pc, #364]	@ (20000de8 <dcd_event_handler+0x208>)
20000c7c:	7813      	ldrb	r3, [r2, #0]
20000c7e:	3301      	adds	r3, #1
20000c80:	b2db      	uxtb	r3, r3
20000c82:	7013      	strb	r3, [r2, #0]
20000c84:	e7c9      	b.n	20000c1a <dcd_event_handler+0x3a>
20000c86:	f04f 0900 	mov.w	r9, #0
20000c8a:	4e58      	ldr	r6, [pc, #352]	@ (20000dec <dcd_event_handler+0x20c>)
20000c8c:	464b      	mov	r3, r9
20000c8e:	7831      	ldrb	r1, [r6, #0]
20000c90:	f8df 8160 	ldr.w	r8, [pc, #352]	@ 20000df4 <dcd_event_handler+0x214>
20000c94:	4f56      	ldr	r7, [pc, #344]	@ (20000df0 <dcd_event_handler+0x210>)
20000c96:	e00f      	b.n	20000cb8 <dcd_event_handler+0xd8>
20000c98:	683a      	ldr	r2, [r7, #0]
20000c9a:	eb12 1343 	adds.w	r3, r2, r3, lsl #5
20000c9e:	d005      	beq.n	20000cac <dcd_event_handler+0xcc>
20000ca0:	69db      	ldr	r3, [r3, #28]
20000ca2:	b11b      	cbz	r3, 20000cac <dcd_event_handler+0xcc>
20000ca4:	6861      	ldr	r1, [r4, #4]
20000ca6:	7820      	ldrb	r0, [r4, #0]
20000ca8:	4798      	blx	r3
20000caa:	7831      	ldrb	r1, [r6, #0]
20000cac:	f109 0901 	add.w	r9, r9, #1
20000cb0:	fa5f f389 	uxtb.w	r3, r9
20000cb4:	428b      	cmp	r3, r1
20000cb6:	d817      	bhi.n	20000ce8 <dcd_event_handler+0x108>
20000cb8:	4299      	cmp	r1, r3
20000cba:	d8ed      	bhi.n	20000c98 <dcd_event_handler+0xb8>
20000cbc:	1a5b      	subs	r3, r3, r1
20000cbe:	eb08 1343 	add.w	r3, r8, r3, lsl #5
20000cc2:	e7ed      	b.n	20000ca0 <dcd_event_handler+0xc0>
20000cc4:	4b46      	ldr	r3, [pc, #280]	@ (20000de0 <dcd_event_handler+0x200>)
20000cc6:	781a      	ldrb	r2, [r3, #0]
20000cc8:	07d7      	lsls	r7, r2, #31
20000cca:	d5d3      	bpl.n	20000c74 <dcd_event_handler+0x94>
20000ccc:	781a      	ldrb	r2, [r3, #0]
20000cce:	f042 0204 	orr.w	r2, r2, #4
20000cd2:	701a      	strb	r2, [r3, #0]
20000cd4:	e7a1      	b.n	20000c1a <dcd_event_handler+0x3a>
20000cd6:	4b42      	ldr	r3, [pc, #264]	@ (20000de0 <dcd_event_handler+0x200>)
20000cd8:	781a      	ldrb	r2, [r3, #0]
20000cda:	07d6      	lsls	r6, r2, #31
20000cdc:	d5ca      	bpl.n	20000c74 <dcd_event_handler+0x94>
20000cde:	781a      	ldrb	r2, [r3, #0]
20000ce0:	f022 0204 	bic.w	r2, r2, #4
20000ce4:	701a      	strb	r2, [r3, #0]
20000ce6:	e798      	b.n	20000c1a <dcd_event_handler+0x3a>
20000ce8:	4e3d      	ldr	r6, [pc, #244]	@ (20000de0 <dcd_event_handler+0x200>)
20000cea:	7833      	ldrb	r3, [r6, #0]
20000cec:	0758      	lsls	r0, r3, #29
20000cee:	d437      	bmi.n	20000d60 <dcd_event_handler+0x180>
20000cf0:	78f3      	ldrb	r3, [r6, #3]
20000cf2:	07da      	lsls	r2, r3, #31
20000cf4:	d5be      	bpl.n	20000c74 <dcd_event_handler+0x94>
20000cf6:	2303      	movs	r3, #3
20000cf8:	2700      	movs	r7, #0
20000cfa:	4a3a      	ldr	r2, [pc, #232]	@ (20000de4 <dcd_event_handler+0x204>)
20000cfc:	7821      	ldrb	r1, [r4, #0]
20000cfe:	6816      	ldr	r6, [r2, #0]
20000d00:	6862      	ldr	r2, [r4, #4]
20000d02:	f88d 1004 	strb.w	r1, [sp, #4]
20000d06:	f88d 3005 	strb.w	r3, [sp, #5]
20000d0a:	6973      	ldr	r3, [r6, #20]
20000d0c:	f8cd 7006 	str.w	r7, [sp, #6]
20000d10:	f8cd 700a 	str.w	r7, [sp, #10]
20000d14:	f8ad 700e 	strh.w	r7, [sp, #14]
20000d18:	9202      	str	r2, [sp, #8]
20000d1a:	f3ef 8210 	mrs	r2, PRIMASK
20000d1e:	b672      	cpsid	i
20000d20:	e8d3 0fcf 	ldaexb	r0, [r3]
20000d24:	2101      	movs	r1, #1
20000d26:	2800      	cmp	r0, #0
20000d28:	d1fa      	bne.n	20000d20 <dcd_event_handler+0x140>
20000d2a:	e8c3 1f40 	strexb	r0, r1, [r3]
20000d2e:	2800      	cmp	r0, #0
20000d30:	d1f6      	bne.n	20000d20 <dcd_event_handler+0x140>
20000d32:	f3bf 8f5f 	dmb	sy
20000d36:	4630      	mov	r0, r6
20000d38:	61b2      	str	r2, [r6, #24]
20000d3a:	a901      	add	r1, sp, #4
20000d3c:	f000 f870 	bl	20000e20 <__tu_fifo_write_veneer>
20000d40:	6973      	ldr	r3, [r6, #20]
20000d42:	e8c3 7f8f 	stlb	r7, [r3]
20000d46:	69b3      	ldr	r3, [r6, #24]
20000d48:	f383 8810 	msr	PRIMASK, r3
20000d4c:	2800      	cmp	r0, #0
20000d4e:	d082      	beq.n	20000c56 <dcd_event_handler+0x76>
20000d50:	462a      	mov	r2, r5
20000d52:	f89d 1005 	ldrb.w	r1, [sp, #5]
20000d56:	f89d 0004 	ldrb.w	r0, [sp, #4]
20000d5a:	f000 f85d 	bl	20000e18 <__tud_event_hook_cb_veneer>
20000d5e:	e789      	b.n	20000c74 <dcd_event_handler+0x94>
20000d60:	7833      	ldrb	r3, [r6, #0]
20000d62:	f04f 0800 	mov.w	r8, #0
20000d66:	f023 0304 	bic.w	r3, r3, #4
20000d6a:	7033      	strb	r3, [r6, #0]
20000d6c:	2305      	movs	r3, #5
20000d6e:	4a1d      	ldr	r2, [pc, #116]	@ (20000de4 <dcd_event_handler+0x204>)
20000d70:	f88d 3005 	strb.w	r3, [sp, #5]
20000d74:	6817      	ldr	r7, [r2, #0]
20000d76:	7822      	ldrb	r2, [r4, #0]
20000d78:	f8ad 800e 	strh.w	r8, [sp, #14]
20000d7c:	f88d 2004 	strb.w	r2, [sp, #4]
20000d80:	697b      	ldr	r3, [r7, #20]
20000d82:	f8cd 8006 	str.w	r8, [sp, #6]
20000d86:	f8cd 800a 	str.w	r8, [sp, #10]
20000d8a:	f3ef 8210 	mrs	r2, PRIMASK
20000d8e:	b672      	cpsid	i
20000d90:	e8d3 0fcf 	ldaexb	r0, [r3]
20000d94:	2101      	movs	r1, #1
20000d96:	2800      	cmp	r0, #0
20000d98:	d1fa      	bne.n	20000d90 <dcd_event_handler+0x1b0>
20000d9a:	e8c3 1f40 	strexb	r0, r1, [r3]
20000d9e:	2800      	cmp	r0, #0
20000da0:	d1f6      	bne.n	20000d90 <dcd_event_handler+0x1b0>
20000da2:	f3bf 8f5f 	dmb	sy
20000da6:	4638      	mov	r0, r7
20000da8:	61ba      	str	r2, [r7, #24]
20000daa:	a901      	add	r1, sp, #4
20000dac:	f000 f838 	bl	20000e20 <__tu_fifo_write_veneer>
20000db0:	697b      	ldr	r3, [r7, #20]
20000db2:	e8c3 8f8f 	stlb	r8, [r3]
20000db6:	69bb      	ldr	r3, [r7, #24]
20000db8:	f383 8810 	msr	PRIMASK, r3
20000dbc:	b938      	cbnz	r0, 20000dce <dcd_event_handler+0x1ee>
20000dbe:	f04f 23e0 	mov.w	r3, #3758153728	@ 0xe000e000
20000dc2:	f8d3 3df0 	ldr.w	r3, [r3, #3568]	@ 0xdf0
20000dc6:	07d9      	lsls	r1, r3, #31
20000dc8:	d592      	bpl.n	20000cf0 <dcd_event_handler+0x110>
20000dca:	be00      	bkpt	0x0000
20000dcc:	e790      	b.n	20000cf0 <dcd_event_handler+0x110>
20000dce:	462a      	mov	r2, r5
20000dd0:	f89d 1005 	ldrb.w	r1, [sp, #5]
20000dd4:	f89d 0004 	ldrb.w	r0, [sp, #4]
20000dd8:	f000 f81e 	bl	20000e18 <__tud_event_hook_cb_veneer>
20000ddc:	e788      	b.n	20000cf0 <dcd_event_handler+0x110>
20000dde:	bf00      	nop
20000de0:	20001240 	.word	0x20001240
20000de4:	20001298 	.word	0x20001298
20000de8:	20001823 	.word	0x20001823
20000dec:	20001821 	.word	0x20001821
20000df0:	20001138 	.word	0x20001138
20000df4:	1000434c 	.word	0x1000434c

20000df8 <__panic_veneer>:
20000df8:	f85f f000 	ldr.w	pc, [pc]	@ 20000dfc <__panic_veneer+0x4>
20000dfc:	10000291 	.word	0x10000291

20000e00 <__memset_veneer>:
20000e00:	f85f f000 	ldr.w	pc, [pc]	@ 20000e04 <__memset_veneer+0x4>
20000e04:	10003d9d 	.word	0x10003d9d

20000e08 <__best_effort_wfe_or_timeout_veneer>:
20000e08:	f85f f000 	ldr.w	pc, [pc]	@ 20000e0c <__best_effort_wfe_or_timeout_veneer+0x4>
20000e0c:	10000efd 	.word	0x10000efd

20000e10 <__time_us_64_veneer>:
20000e10:	f85f f000 	ldr.w	pc, [pc]	@ 20000e14 <__time_us_64_veneer+0x4>
20000e14:	10000ffd 	.word	0x10000ffd

20000e18 <__tud_event_hook_cb_veneer>:
20000e18:	f85f f000 	ldr.w	pc, [pc]	@ 20000e1c <__tud_event_hook_cb_veneer+0x4>
20000e1c:	10002591 	.word	0x10002591

20000e20 <__tu_fifo_write_veneer>:
20000e20:	f85f f000 	ldr.w	pc, [pc]	@ 20000e24 <__tu_fifo_write_veneer+0x4>
20000e24:	10003b31 	.word	0x10003b31

20000e28 <striped_spin_lock_num>:
20000e28:	00000010                                ....

20000e2c <irq_handler_chain_slots>:
20000e2c:	00000000 	.word	0x00000000
20000e30:	00010000 	.word	0x00010000
	...
20000e3c:	00020000 	.word	0x00020000
	...
20000e48:	00030000 	.word	0x00030000
	...
20000e54:	00040000 	.word	0x00040000
	...
20000e60:	00050000 	.word	0x00050000
	...
20000e6c:	00ff0000 	.word	0x00ff0000
20000e70:	00000000 	.word	0x00000000

20000e74 <irq_handler_chain_first_slot>:
20000e74:	b501      	push	{r0, lr}
20000e76:	6848      	ldr	r0, [r1, #4]
20000e78:	3101      	adds	r1, #1
20000e7a:	468e      	mov	lr, r1
20000e7c:	4700      	bx	r0

20000e7e <irq_handler_chain_remove_tail>:
20000e7e:	4670      	mov	r0, lr
20000e80:	3809      	subs	r0, #9
20000e82:	4901      	ldr	r1, [pc, #4]	@ (20000e88 <irq_handler_chain_remove_tail+0xa>)
20000e84:	4788      	blx	r1
20000e86:	bd01      	pop	{r0, pc}
20000e88:	100006f5 	.word	0x100006f5

20000e8c <default_alarm_pool>:
	...
20000ea0:	20000fb0                                ... 

20000ea4 <stdio_usb>:
20000ea4:	10001c59 10001c05 10001b7d 10001aed     Y.......}.......
20000eb4:	00000000 00000100                       ........

20000ebc <_usbd_qdef>:
20000ebc:	2000129c 000c0010 00000000 00000000     ... ............
	...

20000ed8 <_usbd_rhport>:
20000ed8:	000000ff                                ....

20000edc <print_mutex>:
	...
