
/Users/anarojas/Desktop/Sistemas Embebidos 2026/SE1_P5_Eq3_1_CICLOS/build/SE1_P5_Eq3_1_CICLOS.elf:     file format elf32-littlearm

Sections:
Idx Name          Size      VMA       LMA       File off  Algn
  0 .text         00005f64  10000000  10000000  00001000  2**3
                  CONTENTS, ALLOC, LOAD, READONLY, CODE
  1 .rodata       0000040c  10005f68  10005f68  00006f68  2**3
                  CONTENTS, ALLOC, LOAD, READONLY, DATA
  2 .ARM.exidx    00000008  10006374  10006374  00007374  2**2
                  CONTENTS, ALLOC, LOAD, READONLY, DATA
  3 .binary_info  00000024  1000637c  1000637c  0000737c  2**2
                  CONTENTS, ALLOC, LOAD, READONLY, DATA
  4 .psram_load   00000000  11000000  11000000  00009838  2**0
                  CONTENTS
  5 .psram_noload 00000000  11000000  11000000  00009838  2**0
                  CONTENTS
  6 .xip_ram      00000000  13ffc000  13ffc000  00009838  2**0
                  CONTENTS
  7 .ram_vector_table 00000110  20000000  20000000  0000a000  2**2
                  ALLOC
  8 .uninitialized_data 00000000  20000110  20000110  00009838  2**0
                  CONTENTS
  9 .data         00001484  20000110  100063a0  00008110  2**3
                  CONTENTS, ALLOC, LOAD, READONLY, CODE
 10 .tdata        00000000  20001594  20001594  00009838  2**0
                  CONTENTS, ALLOC, LOAD, DATA, THREAD_LOCAL
 11 .tbss         00000000  20001594  20001594  00000000  2**0
                  ALLOC, THREAD_LOCAL
 12 .tbss_space   00000000  20001594  20001594  00009838  2**0
                  CONTENTS
 13 .bss          00000970  20001598  10007824  0000a598  2**3
                  ALLOC
 14 .tls0         00000000  20001f08  20001f08  00009838  2**0
                  CONTENTS
 15 .tls1         00000000  20001f08  20001f08  00009838  2**0
                  CONTENTS
 16 .persistent_data 00000000  20001f08  20001f08  00009838  2**0
                  CONTENTS
 17 .dummy_pre_heap 00000000  20001f08  20001f08  00009838  2**0
                  CONTENTS
 18 .heap         00000800  20001f08  20001f08  0000a000  2**2
                  ALLOC, READONLY
 19 .scratch_x    00000000  20080000  20080000  00009838  2**0
                  CONTENTS
 20 .scratch_y    00000000  20081000  20081000  00009838  2**0
                  CONTENTS
 21 .stack_dummy  00000800  20081000  20081000  0000a000  2**5
                  ALLOC, READONLY
 22 .flash_end    00000014  10007824  10007824  00009824  2**2
                  CONTENTS, ALLOC, LOAD, READONLY, DATA
 23 .debug_info   0003297c  00000000  00000000  00009838  2**0
                  CONTENTS, READONLY, DEBUGGING, OCTETS
 24 .debug_abbrev 000088dc  00000000  00000000  0003c1b4  2**0
                  CONTENTS, READONLY, DEBUGGING, OCTETS
 25 .debug_loclists 0001820f  00000000  00000000  00044a90  2**0
                  CONTENTS, READONLY, DEBUGGING, OCTETS
 26 .debug_aranges 00001290  00000000  00000000  0005cca0  2**3
                  CONTENTS, READONLY, DEBUGGING, OCTETS
 27 .debug_rnglists 000044e5  00000000  00000000  0005df30  2**0
                  CONTENTS, READONLY, DEBUGGING, OCTETS
 28 .debug_line   00020ba3  00000000  00000000  00062415  2**0
                  CONTENTS, READONLY, DEBUGGING, OCTETS
 29 .debug_str    0000960c  00000000  00000000  00082fb8  2**0
                  CONTENTS, READONLY, DEBUGGING, OCTETS
 30 .comment      00000044  00000000  00000000  0008c5c4  2**0
                  CONTENTS, READONLY
 31 .ARM.attributes 00000036  00000000  00000000  0008c608  2**0
                  CONTENTS, READONLY
 32 .debug_frame  00003110  00000000  00000000  0008c640  2**2
                  CONTENTS, READONLY, DEBUGGING, OCTETS
 33 .debug_line_str 00000314  00000000  00000000  0008f750  2**0
                  CONTENTS, READONLY, DEBUGGING, OCTETS

/Users/anarojas/Desktop/Sistemas Embebidos 2026/SE1_P5_Eq3_1_CICLOS/build/SE1_P5_Eq3_1_CICLOS.elf:     file format elf32-littlearm


Disassembly of section .text:

10000000 <__VECTOR_TABLE>:
10000000:	20082000 	.word	0x20082000
10000004:	1000015b 	.word	0x1000015b
10000008:	1000011b 	.word	0x1000011b
1000000c:	1000011d 	.word	0x1000011d
10000010:	10000111 	.word	0x10000111
10000014:	10000111 	.word	0x10000111
10000018:	10000111 	.word	0x10000111
1000001c:	10000111 	.word	0x10000111
10000020:	10000119 	.word	0x10000119
10000024:	10000119 	.word	0x10000119
10000028:	10000119 	.word	0x10000119
1000002c:	1000011f 	.word	0x1000011f
10000030:	10000111 	.word	0x10000111
10000034:	10000119 	.word	0x10000119
10000038:	10000121 	.word	0x10000121
1000003c:	10000123 	.word	0x10000123
10000040:	10000111 	.word	0x10000111
10000044:	10000111 	.word	0x10000111
10000048:	10000111 	.word	0x10000111
1000004c:	10000111 	.word	0x10000111
10000050:	10000111 	.word	0x10000111
10000054:	10000111 	.word	0x10000111
10000058:	10000111 	.word	0x10000111
1000005c:	10000111 	.word	0x10000111
10000060:	10000111 	.word	0x10000111
10000064:	10000111 	.word	0x10000111
10000068:	10000111 	.word	0x10000111
1000006c:	10000111 	.word	0x10000111
10000070:	10000111 	.word	0x10000111
10000074:	10000111 	.word	0x10000111
10000078:	10000111 	.word	0x10000111
1000007c:	10000111 	.word	0x10000111
10000080:	10000111 	.word	0x10000111
10000084:	10000111 	.word	0x10000111
10000088:	10000111 	.word	0x10000111
1000008c:	10000111 	.word	0x10000111
10000090:	10000111 	.word	0x10000111
10000094:	10000111 	.word	0x10000111
10000098:	10000111 	.word	0x10000111
1000009c:	10000111 	.word	0x10000111
100000a0:	10000111 	.word	0x10000111
100000a4:	10000111 	.word	0x10000111
100000a8:	10000111 	.word	0x10000111
100000ac:	10000111 	.word	0x10000111
100000b0:	10000111 	.word	0x10000111
100000b4:	10000111 	.word	0x10000111
100000b8:	10000111 	.word	0x10000111
100000bc:	10000111 	.word	0x10000111
100000c0:	10000111 	.word	0x10000111
100000c4:	10000111 	.word	0x10000111
100000c8:	10000111 	.word	0x10000111
100000cc:	10000111 	.word	0x10000111
100000d0:	10000111 	.word	0x10000111
100000d4:	10000111 	.word	0x10000111
100000d8:	10000111 	.word	0x10000111
100000dc:	10000111 	.word	0x10000111
100000e0:	10000111 	.word	0x10000111
100000e4:	10000111 	.word	0x10000111
100000e8:	10000111 	.word	0x10000111
100000ec:	10000111 	.word	0x10000111
100000f0:	10000111 	.word	0x10000111
100000f4:	10000111 	.word	0x10000111
100000f8:	10000111 	.word	0x10000111
100000fc:	10000111 	.word	0x10000111
10000100:	10000111 	.word	0x10000111
10000104:	10000111 	.word	0x10000111
10000108:	10000111 	.word	0x10000111
1000010c:	10000111 	.word	0x10000111

10000110 <__unhandled_user_irq>:
10000110:	f3ef 8005 	mrs	r0, IPSR
10000114:	3810      	subs	r0, #16

10000116 <unhandled_user_irq_num_in_r0>:
10000116:	be00      	bkpt	0x0000

10000118 <isr_invalid>:
10000118:	be00      	bkpt	0x0000

1000011a <isr_nmi>:
1000011a:	be00      	bkpt	0x0000

1000011c <isr_hardfault>:
1000011c:	be00      	bkpt	0x0000

1000011e <isr_svcall>:
1000011e:	be00      	bkpt	0x0000

10000120 <isr_pendsv>:
10000120:	be00      	bkpt	0x0000

10000122 <isr_systick>:
10000122:	be00      	bkpt	0x0000

10000124 <__default_isrs_end>:
10000124:	7188ebf2 	.word	0x7188ebf2
10000128:	1000637c 	.word	0x1000637c
1000012c:	100063a0 	.word	0x100063a0
10000130:	1000019c 	.word	0x1000019c
10000134:	e71aa390 	.word	0xe71aa390

10000138 <__binary_info_header_end>:
10000138:	ffffded3 	.word	0xffffded3
1000013c:	10210142 	.word	0x10210142
10000140:	000001ff 	.word	0x000001ff
10000144:	000076ec 	.word	0x000076ec
10000148:	ab123579 	.word	0xab123579

1000014c <_entry_point>:
1000014c:	2000      	movs	r0, #0

1000014e <_enter_vtable_in_r0>:
1000014e:	491e      	ldr	r1, [pc, #120]	@ (100001c8 <data_cpy_table+0x2c>)
10000150:	6008      	str	r0, [r1, #0]
10000152:	c806      	ldmia	r0!, {r1, r2}
10000154:	f381 8808 	msr	MSP, r1
10000158:	4710      	bx	r2

1000015a <_reset_handler>:
1000015a:	f04f 4050 	mov.w	r0, #3489660928	@ 0xd0000000
1000015e:	6800      	ldr	r0, [r0, #0]
10000160:	b108      	cbz	r0, 10000166 <hold_non_core0_in_bootrom+0x4>

10000162 <hold_non_core0_in_bootrom>:
10000162:	2000      	movs	r0, #0
10000164:	e7f3      	b.n	1000014e <_enter_vtable_in_r0>
10000166:	a40d      	add	r4, pc, #52	@ (adr r4, 1000019c <data_cpy_table>)
10000168:	cc0e      	ldmia	r4!, {r1, r2, r3}
1000016a:	2900      	cmp	r1, #0
1000016c:	d002      	beq.n	10000174 <hold_non_core0_in_bootrom+0x12>
1000016e:	f000 f812 	bl	10000196 <data_cpy>
10000172:	e7f9      	b.n	10000168 <hold_non_core0_in_bootrom+0x6>
10000174:	4915      	ldr	r1, [pc, #84]	@ (100001cc <data_cpy_table+0x30>)
10000176:	4a16      	ldr	r2, [pc, #88]	@ (100001d0 <data_cpy_table+0x34>)
10000178:	2000      	movs	r0, #0
1000017a:	e000      	b.n	1000017e <bss_fill_test>

1000017c <bss_fill_loop>:
1000017c:	c101      	stmia	r1!, {r0}

1000017e <bss_fill_test>:
1000017e:	4291      	cmp	r1, r2
10000180:	d1fc      	bne.n	1000017c <bss_fill_loop>

10000182 <platform_entry>:
10000182:	4914      	ldr	r1, [pc, #80]	@ (100001d4 <data_cpy_table+0x38>)
10000184:	4788      	blx	r1
10000186:	4914      	ldr	r1, [pc, #80]	@ (100001d8 <data_cpy_table+0x3c>)
10000188:	4788      	blx	r1
1000018a:	4914      	ldr	r1, [pc, #80]	@ (100001dc <data_cpy_table+0x40>)
1000018c:	4788      	blx	r1
1000018e:	be00      	bkpt	0x0000
10000190:	e7fd      	b.n	1000018e <platform_entry+0xc>

10000192 <data_cpy_loop>:
10000192:	c901      	ldmia	r1!, {r0}
10000194:	c201      	stmia	r2!, {r0}

10000196 <data_cpy>:
10000196:	429a      	cmp	r2, r3
10000198:	d3fb      	bcc.n	10000192 <data_cpy_loop>

1000019a <data_cpy_done>:
1000019a:	4770      	bx	lr

1000019c <data_cpy_table>:
1000019c:	100063a0 	.word	0x100063a0
100001a0:	20000110 	.word	0x20000110
100001a4:	20001594 	.word	0x20001594
100001a8:	10007824 	.word	0x10007824
100001ac:	20080000 	.word	0x20080000
100001b0:	20080000 	.word	0x20080000
100001b4:	10007824 	.word	0x10007824
100001b8:	20081000 	.word	0x20081000
100001bc:	20081000 	.word	0x20081000
100001c0:	00000000 	.word	0x00000000
100001c4:	4770      	bx	lr
100001c6:	0000      	.short	0x0000
100001c8:	e000ed08 	.word	0xe000ed08
100001cc:	20001594 	.word	0x20001594
100001d0:	20001f08 	.word	0x20001f08
100001d4:	1000363d 	.word	0x1000363d
100001d8:	10000275 	.word	0x10000275
100001dc:	10003635 	.word	0x10003635

100001e0 <sig_isr>:
100001e0:	e92d 43f8 	stmdb	sp!, {r3, r4, r5, r6, r7, r8, r9, lr}
100001e4:	481d      	ldr	r0, [pc, #116]	@ (1000025c <sig_isr+0x7c>)
100001e6:	460c      	mov	r4, r1
100001e8:	f001 fa38 	bl	1000165c <timer_time_us_64>
100001ec:	260e      	movs	r6, #14
100001ee:	4602      	mov	r2, r0
100001f0:	460b      	mov	r3, r1
100001f2:	2001      	movs	r0, #1
100001f4:	ec40 6040 	gpioc_bit_out_put r6, r0
100001f8:	0725      	lsls	r5, r4, #28
100001fa:	d506      	bpl.n	1000020a <sig_isr+0x2a>
100001fc:	4918      	ldr	r1, [pc, #96]	@ (10000260 <sig_isr+0x80>)
100001fe:	e9d1 6700 	ldrd	r6, r7, [r1]
10000202:	433e      	orrs	r6, r7
10000204:	d11c      	bne.n	10000240 <sig_isr+0x60>
10000206:	e9c1 2300 	strd	r2, r3, [r1]
1000020a:	0761      	lsls	r1, r4, #29
1000020c:	d511      	bpl.n	10000232 <sig_isr+0x52>
1000020e:	4815      	ldr	r0, [pc, #84]	@ (10000264 <sig_isr+0x84>)
10000210:	4913      	ldr	r1, [pc, #76]	@ (10000260 <sig_isr+0x80>)
10000212:	e9c0 2300 	strd	r2, r3, [r0]
10000216:	e9d1 2300 	ldrd	r2, r3, [r1]
1000021a:	431a      	orrs	r2, r3
1000021c:	d009      	beq.n	10000232 <sig_isr+0x52>
1000021e:	e9d0 6700 	ldrd	r6, r7, [r0]
10000222:	e9d1 0100 	ldrd	r0, r1, [r1]
10000226:	4c10      	ldr	r4, [pc, #64]	@ (10000268 <sig_isr+0x88>)
10000228:	1a32      	subs	r2, r6, r0
1000022a:	eb67 0301 	sbc.w	r3, r7, r1
1000022e:	e9c4 2300 	strd	r2, r3, [r4]
10000232:	230e      	movs	r3, #14
10000234:	f04f 0200 	mov.w	r2, #0
10000238:	ec42 3040 	gpioc_bit_out_put r3, r2
1000023c:	e8bd 83f8 	ldmia.w	sp!, {r3, r4, r5, r6, r7, r8, r9, pc}
10000240:	e9d1 8900 	ldrd	r8, r9, [r1]
10000244:	f8df c028 	ldr.w	ip, [pc, #40]	@ 10000270 <sig_isr+0x90>
10000248:	ebb2 0608 	subs.w	r6, r2, r8
1000024c:	4d07      	ldr	r5, [pc, #28]	@ (1000026c <sig_isr+0x8c>)
1000024e:	eb63 0709 	sbc.w	r7, r3, r9
10000252:	e9cc 6700 	strd	r6, r7, [ip]
10000256:	7028      	strb	r0, [r5, #0]
10000258:	e7d5      	b.n	10000206 <sig_isr+0x26>
1000025a:	bf00      	nop
1000025c:	400b8000 	.word	0x400b8000
10000260:	20001800 	.word	0x20001800
10000264:	200017f8 	.word	0x200017f8
10000268:	20001668 	.word	0x20001668
1000026c:	20001f04 	.word	0x20001f04
10000270:	20001598 	.word	0x20001598

10000274 <main>:
10000274:	e92d 4ff0 	stmdb	sp!, {r4, r5, r6, r7, r8, r9, sl, fp, lr}
10000278:	ed2d 8b04 	vpush	{d8-d9}
1000027c:	b087      	sub	sp, #28
1000027e:	f003 fb01 	bl	10003884 <stdio_init_all>
10000282:	2003      	movs	r0, #3
10000284:	f001 fb1a 	bl	100018bc <tick_stop>
10000288:	2101      	movs	r1, #1
1000028a:	2003      	movs	r0, #3
1000028c:	f001 fb0a 	bl	100018a4 <tick_start>
10000290:	2004      	movs	r0, #4
10000292:	f001 fa6f 	bl	10001774 <clock_get_hz>
10000296:	4603      	mov	r3, r0
10000298:	200e      	movs	r0, #14
1000029a:	ee08 3a90 	vmov	s17, r3
1000029e:	f000 f9bf 	bl	10000620 <gpio_init>
100002a2:	230e      	movs	r3, #14
100002a4:	f04f 0201 	mov.w	r2, #1
100002a8:	ec42 3044 	gpioc_bit_oe_put r3, r2
100002ac:	f04f 0500 	mov.w	r5, #0
100002b0:	ec45 3040 	gpioc_bit_out_put r3, r5
100002b4:	200f      	movs	r0, #15
100002b6:	f000 f9b3 	bl	10000620 <gpio_init>
100002ba:	240f      	movs	r4, #15
100002bc:	ec45 4044 	gpioc_bit_oe_put r4, r5
100002c0:	2200      	movs	r2, #0
100002c2:	4620      	mov	r0, r4
100002c4:	4611      	mov	r1, r2
100002c6:	f000 f92b 	bl	10000520 <gpio_set_pulls>
100002ca:	4620      	mov	r0, r4
100002cc:	2201      	movs	r2, #1
100002ce:	210c      	movs	r1, #12
100002d0:	4b22      	ldr	r3, [pc, #136]	@ (1000035c <main+0xe8>)
100002d2:	f000 f939 	bl	10000548 <gpio_set_irq_enabled_with_callback>
100002d6:	f04f 0b00 	mov.w	fp, #0
100002da:	ed9f 9a21 	vldr	s18, [pc, #132]	@ 10000360 <main+0xec>
100002de:	eef8 8a68 	vcvt.f32.u32	s17, s17
100002e2:	4c20      	ldr	r4, [pc, #128]	@ (10000364 <main+0xf0>)
100002e4:	f8df a088 	ldr.w	sl, [pc, #136]	@ 10000370 <main+0xfc>
100002e8:	4d1f      	ldr	r5, [pc, #124]	@ (10000368 <main+0xf4>)
100002ea:	7823      	ldrb	r3, [r4, #0]
100002ec:	2b00      	cmp	r3, #0
100002ee:	d0fc      	beq.n	100002ea <main+0x76>
100002f0:	e9da 6700 	ldrd	r6, r7, [sl]
100002f4:	e9d5 8900 	ldrd	r8, r9, [r5]
100002f8:	ea56 0307 	orrs.w	r3, r6, r7
100002fc:	f884 b000 	strb.w	fp, [r4]
10000300:	d0f3      	beq.n	100002ea <main+0x76>
10000302:	4639      	mov	r1, r7
10000304:	4630      	mov	r0, r6
10000306:	f001 fe5e 	bl	10001fc6 <__wrap___aeabi_ul2f>
1000030a:	4603      	mov	r3, r0
1000030c:	4649      	mov	r1, r9
1000030e:	4640      	mov	r0, r8
10000310:	ee08 3a10 	vmov	s16, r3
10000314:	f001 fe57 	bl	10001fc6 <__wrap___aeabi_ul2f>
10000318:	ee07 0a10 	vmov	s14, r0
1000031c:	eec7 7a08 	vdiv.f32	s15, s14, s16
10000320:	ee67 7a89 	vmul.f32	s15, s15, s18
10000324:	ee17 0a90 	vmov	r0, s15
10000328:	f005 fdce 	bl	10005ec8 <____aeabi_f2d_veneer>
1000032c:	eec8 7a88 	vdiv.f32	s15, s17, s16
10000330:	4602      	mov	r2, r0
10000332:	460b      	mov	r3, r1
10000334:	ee17 0a90 	vmov	r0, s15
10000338:	e9cd 2304 	strd	r2, r3, [sp, #16]
1000033c:	e9cd 8902 	strd	r8, r9, [sp, #8]
10000340:	f005 fdc2 	bl	10005ec8 <____aeabi_f2d_veneer>
10000344:	4632      	mov	r2, r6
10000346:	e9cd 0100 	strd	r0, r1, [sp]
1000034a:	463b      	mov	r3, r7
1000034c:	4807      	ldr	r0, [pc, #28]	@ (1000036c <main+0xf8>)
1000034e:	f003 fb5f 	bl	10003a10 <__wrap_printf>
10000352:	20c8      	movs	r0, #200	@ 0xc8
10000354:	f001 f8b8 	bl	100014c8 <sleep_ms>
10000358:	e7c7      	b.n	100002ea <main+0x76>
1000035a:	bf00      	nop
1000035c:	100001e1 	.word	0x100001e1
10000360:	42c80000 	.word	0x42c80000
10000364:	20001f04 	.word	0x20001f04
10000368:	20001668 	.word	0x20001668
1000036c:	10005f68 	.word	0x10005f68
10000370:	20001598 	.word	0x20001598

10000374 <gpio_default_irq_handler>:
10000374:	f04f 4150 	mov.w	r1, #3489660928	@ 0xd0000000
10000378:	e92d 4ff8 	stmdb	sp!, {r3, r4, r5, r6, r7, r8, r9, sl, fp, lr}
1000037c:	4a64      	ldr	r2, [pc, #400]	@ (10000510 <gpio_default_irq_handler+0x19c>)
1000037e:	f8d1 a000 	ldr.w	sl, [r1]
10000382:	4b64      	ldr	r3, [pc, #400]	@ (10000514 <gpio_default_irq_handler+0x1a0>)
10000384:	f852 702a 	ldr.w	r7, [r2, sl, lsl #2]
10000388:	eb0a 02ca 	add.w	r2, sl, sl, lsl #3
1000038c:	eb03 08c2 	add.w	r8, r3, r2, lsl #3
10000390:	b34f      	cbz	r7, 100003e6 <gpio_default_irq_handler+0x72>
10000392:	2600      	movs	r6, #0
10000394:	f8df b180 	ldr.w	fp, [pc, #384]	@ 10000518 <gpio_default_irq_handler+0x1a4>
10000398:	f8df 9180 	ldr.w	r9, [pc, #384]	@ 1000051c <gpio_default_irq_handler+0x1a8>
1000039c:	08f3      	lsrs	r3, r6, #3
1000039e:	330c      	adds	r3, #12
100003a0:	f858 4023 	ldr.w	r4, [r8, r3, lsl #2]
100003a4:	4635      	mov	r5, r6
100003a6:	3608      	adds	r6, #8
100003a8:	b1cc      	cbz	r4, 100003de <gpio_default_irq_handler+0x6a>
100003aa:	f014 010f 	ands.w	r1, r4, #15
100003ae:	d010      	beq.n	100003d2 <gpio_default_irq_handler+0x5e>
100003b0:	f85b 202a 	ldr.w	r2, [fp, sl, lsl #2]
100003b4:	f005 0307 	and.w	r3, r5, #7
100003b8:	40ea      	lsrs	r2, r5
100003ba:	08e8      	lsrs	r0, r5, #3
100003bc:	009b      	lsls	r3, r3, #2
100003be:	07d2      	lsls	r2, r2, #31
100003c0:	fa01 f303 	lsl.w	r3, r1, r3
100003c4:	f100 0c8c 	add.w	ip, r0, #140	@ 0x8c
100003c8:	d403      	bmi.n	100003d2 <gpio_default_irq_handler+0x5e>
100003ca:	4628      	mov	r0, r5
100003cc:	f849 302c 	str.w	r3, [r9, ip, lsl #2]
100003d0:	47b8      	blx	r7
100003d2:	0924      	lsrs	r4, r4, #4
100003d4:	f105 0501 	add.w	r5, r5, #1
100003d8:	d001      	beq.n	100003de <gpio_default_irq_handler+0x6a>
100003da:	42b5      	cmp	r5, r6
100003dc:	d3e5      	bcc.n	100003aa <gpio_default_irq_handler+0x36>
100003de:	2e20      	cmp	r6, #32
100003e0:	d1dc      	bne.n	1000039c <gpio_default_irq_handler+0x28>
100003e2:	e8bd 8ff8 	ldmia.w	sp!, {r3, r4, r5, r6, r7, r8, r9, sl, fp, pc}
100003e6:	484c      	ldr	r0, [pc, #304]	@ (10000518 <gpio_default_irq_handler+0x1a4>)
100003e8:	08f9      	lsrs	r1, r7, #3
100003ea:	f101 030c 	add.w	r3, r1, #12
100003ee:	f858 3023 	ldr.w	r3, [r8, r3, lsl #2]
100003f2:	463a      	mov	r2, r7
100003f4:	3708      	adds	r7, #8
100003f6:	2b00      	cmp	r3, #0
100003f8:	d071      	beq.n	100004de <gpio_default_irq_handler+0x16a>
100003fa:	f013 050f 	ands.w	r5, r3, #15
100003fe:	d008      	beq.n	10000412 <gpio_default_irq_handler+0x9e>
10000400:	f850 402a 	ldr.w	r4, [r0, sl, lsl #2]
10000404:	40d4      	lsrs	r4, r2
10000406:	07e4      	lsls	r4, r4, #31
10000408:	d403      	bmi.n	10000412 <gpio_default_irq_handler+0x9e>
1000040a:	4c44      	ldr	r4, [pc, #272]	@ (1000051c <gpio_default_irq_handler+0x1a8>)
1000040c:	318c      	adds	r1, #140	@ 0x8c
1000040e:	f844 5021 	str.w	r5, [r4, r1, lsl #2]
10000412:	0919      	lsrs	r1, r3, #4
10000414:	d063      	beq.n	100004de <gpio_default_irq_handler+0x16a>
10000416:	f011 010f 	ands.w	r1, r1, #15
1000041a:	d00b      	beq.n	10000434 <gpio_default_irq_handler+0xc0>
1000041c:	f850 402a 	ldr.w	r4, [r0, sl, lsl #2]
10000420:	1c55      	adds	r5, r2, #1
10000422:	40ec      	lsrs	r4, r5
10000424:	07e6      	lsls	r6, r4, #31
10000426:	d405      	bmi.n	10000434 <gpio_default_irq_handler+0xc0>
10000428:	08ec      	lsrs	r4, r5, #3
1000042a:	4d3c      	ldr	r5, [pc, #240]	@ (1000051c <gpio_default_irq_handler+0x1a8>)
1000042c:	0109      	lsls	r1, r1, #4
1000042e:	348c      	adds	r4, #140	@ 0x8c
10000430:	f845 1024 	str.w	r1, [r5, r4, lsl #2]
10000434:	0a19      	lsrs	r1, r3, #8
10000436:	d052      	beq.n	100004de <gpio_default_irq_handler+0x16a>
10000438:	f011 010f 	ands.w	r1, r1, #15
1000043c:	d00b      	beq.n	10000456 <gpio_default_irq_handler+0xe2>
1000043e:	f850 402a 	ldr.w	r4, [r0, sl, lsl #2]
10000442:	1c95      	adds	r5, r2, #2
10000444:	40ec      	lsrs	r4, r5
10000446:	07e4      	lsls	r4, r4, #31
10000448:	d405      	bmi.n	10000456 <gpio_default_irq_handler+0xe2>
1000044a:	08ec      	lsrs	r4, r5, #3
1000044c:	4d33      	ldr	r5, [pc, #204]	@ (1000051c <gpio_default_irq_handler+0x1a8>)
1000044e:	0209      	lsls	r1, r1, #8
10000450:	348c      	adds	r4, #140	@ 0x8c
10000452:	f845 1024 	str.w	r1, [r5, r4, lsl #2]
10000456:	0b19      	lsrs	r1, r3, #12
10000458:	d041      	beq.n	100004de <gpio_default_irq_handler+0x16a>
1000045a:	f011 010f 	ands.w	r1, r1, #15
1000045e:	d005      	beq.n	1000046c <gpio_default_irq_handler+0xf8>
10000460:	f850 402a 	ldr.w	r4, [r0, sl, lsl #2]
10000464:	1cd5      	adds	r5, r2, #3
10000466:	40ec      	lsrs	r4, r5
10000468:	07e6      	lsls	r6, r4, #31
1000046a:	d53c      	bpl.n	100004e6 <gpio_default_irq_handler+0x172>
1000046c:	0c19      	lsrs	r1, r3, #16
1000046e:	d036      	beq.n	100004de <gpio_default_irq_handler+0x16a>
10000470:	f011 010f 	ands.w	r1, r1, #15
10000474:	d006      	beq.n	10000484 <gpio_default_irq_handler+0x110>
10000476:	4c28      	ldr	r4, [pc, #160]	@ (10000518 <gpio_default_irq_handler+0x1a4>)
10000478:	f854 502a 	ldr.w	r5, [r4, sl, lsl #2]
1000047c:	1d14      	adds	r4, r2, #4
1000047e:	40e5      	lsrs	r5, r4
10000480:	07ed      	lsls	r5, r5, #31
10000482:	d537      	bpl.n	100004f4 <gpio_default_irq_handler+0x180>
10000484:	0d19      	lsrs	r1, r3, #20
10000486:	d02a      	beq.n	100004de <gpio_default_irq_handler+0x16a>
10000488:	f011 010f 	ands.w	r1, r1, #15
1000048c:	d006      	beq.n	1000049c <gpio_default_irq_handler+0x128>
1000048e:	4c22      	ldr	r4, [pc, #136]	@ (10000518 <gpio_default_irq_handler+0x1a4>)
10000490:	f854 502a 	ldr.w	r5, [r4, sl, lsl #2]
10000494:	1d54      	adds	r4, r2, #5
10000496:	40e5      	lsrs	r5, r4
10000498:	07ee      	lsls	r6, r5, #31
1000049a:	d532      	bpl.n	10000502 <gpio_default_irq_handler+0x18e>
1000049c:	0e19      	lsrs	r1, r3, #24
1000049e:	d01e      	beq.n	100004de <gpio_default_irq_handler+0x16a>
100004a0:	f011 010f 	ands.w	r1, r1, #15
100004a4:	d00c      	beq.n	100004c0 <gpio_default_irq_handler+0x14c>
100004a6:	4c1c      	ldr	r4, [pc, #112]	@ (10000518 <gpio_default_irq_handler+0x1a4>)
100004a8:	f854 502a 	ldr.w	r5, [r4, sl, lsl #2]
100004ac:	1d94      	adds	r4, r2, #6
100004ae:	40e5      	lsrs	r5, r4
100004b0:	07ed      	lsls	r5, r5, #31
100004b2:	d405      	bmi.n	100004c0 <gpio_default_irq_handler+0x14c>
100004b4:	4d19      	ldr	r5, [pc, #100]	@ (1000051c <gpio_default_irq_handler+0x1a8>)
100004b6:	08e4      	lsrs	r4, r4, #3
100004b8:	0609      	lsls	r1, r1, #24
100004ba:	348c      	adds	r4, #140	@ 0x8c
100004bc:	f845 1024 	str.w	r1, [r5, r4, lsl #2]
100004c0:	0f1b      	lsrs	r3, r3, #28
100004c2:	f102 0207 	add.w	r2, r2, #7
100004c6:	d00a      	beq.n	100004de <gpio_default_irq_handler+0x16a>
100004c8:	f850 102a 	ldr.w	r1, [r0, sl, lsl #2]
100004cc:	40d1      	lsrs	r1, r2
100004ce:	07c9      	lsls	r1, r1, #31
100004d0:	d405      	bmi.n	100004de <gpio_default_irq_handler+0x16a>
100004d2:	4912      	ldr	r1, [pc, #72]	@ (1000051c <gpio_default_irq_handler+0x1a8>)
100004d4:	08d2      	lsrs	r2, r2, #3
100004d6:	071b      	lsls	r3, r3, #28
100004d8:	328c      	adds	r2, #140	@ 0x8c
100004da:	f841 3022 	str.w	r3, [r1, r2, lsl #2]
100004de:	2f20      	cmp	r7, #32
100004e0:	d182      	bne.n	100003e8 <gpio_default_irq_handler+0x74>
100004e2:	e8bd 8ff8 	ldmia.w	sp!, {r3, r4, r5, r6, r7, r8, r9, sl, fp, pc}
100004e6:	08ec      	lsrs	r4, r5, #3
100004e8:	4d0c      	ldr	r5, [pc, #48]	@ (1000051c <gpio_default_irq_handler+0x1a8>)
100004ea:	0309      	lsls	r1, r1, #12
100004ec:	348c      	adds	r4, #140	@ 0x8c
100004ee:	f845 1024 	str.w	r1, [r5, r4, lsl #2]
100004f2:	e7bb      	b.n	1000046c <gpio_default_irq_handler+0xf8>
100004f4:	4d09      	ldr	r5, [pc, #36]	@ (1000051c <gpio_default_irq_handler+0x1a8>)
100004f6:	08e4      	lsrs	r4, r4, #3
100004f8:	0409      	lsls	r1, r1, #16
100004fa:	348c      	adds	r4, #140	@ 0x8c
100004fc:	f845 1024 	str.w	r1, [r5, r4, lsl #2]
10000500:	e7c0      	b.n	10000484 <gpio_default_irq_handler+0x110>
10000502:	4d06      	ldr	r5, [pc, #24]	@ (1000051c <gpio_default_irq_handler+0x1a8>)
10000504:	08e4      	lsrs	r4, r4, #3
10000506:	0509      	lsls	r1, r1, #20
10000508:	348c      	adds	r4, #140	@ 0x8c
1000050a:	f845 1024 	str.w	r1, [r5, r4, lsl #2]
1000050e:	e7c5      	b.n	1000049c <gpio_default_irq_handler+0x128>
10000510:	20001a2c 	.word	0x20001a2c
10000514:	40028248 	.word	0x40028248
10000518:	20001ed4 	.word	0x20001ed4
1000051c:	40028000 	.word	0x40028000

10000520 <gpio_set_pulls>:
10000520:	b410      	push	{r4}
10000522:	4c08      	ldr	r4, [pc, #32]	@ (10000544 <gpio_set_pulls+0x24>)
10000524:	00c9      	lsls	r1, r1, #3
10000526:	ea41 0182 	orr.w	r1, r1, r2, lsl #2
1000052a:	f854 2020 	ldr.w	r2, [r4, r0, lsl #2]
1000052e:	eb04 0380 	add.w	r3, r4, r0, lsl #2
10000532:	4051      	eors	r1, r2
10000534:	f503 5380 	add.w	r3, r3, #4096	@ 0x1000
10000538:	f001 010c 	and.w	r1, r1, #12
1000053c:	f85d 4b04 	ldr.w	r4, [sp], #4
10000540:	6019      	str	r1, [r3, #0]
10000542:	4770      	bx	lr
10000544:	40038004 	.word	0x40038004

10000548 <gpio_set_irq_enabled_with_callback>:
10000548:	e92d 47f0 	stmdb	sp!, {r4, r5, r6, r7, r8, r9, sl, lr}
1000054c:	f04f 4850 	mov.w	r8, #3489660928	@ 0xd0000000
10000550:	461f      	mov	r7, r3
10000552:	f000 0307 	and.w	r3, r0, #7
10000556:	08c4      	lsrs	r4, r0, #3
10000558:	009b      	lsls	r3, r3, #2
1000055a:	f8d8 5000 	ldr.w	r5, [r8]
1000055e:	fa01 f603 	lsl.w	r6, r1, r3
10000562:	ea4f 0984 	mov.w	r9, r4, lsl #2
10000566:	b9b2      	cbnz	r2, 10000596 <gpio_set_irq_enabled_with_callback+0x4e>
10000568:	4b28      	ldr	r3, [pc, #160]	@ (1000060c <gpio_set_irq_enabled_with_callback+0xc4>)
1000056a:	4929      	ldr	r1, [pc, #164]	@ (10000610 <gpio_set_irq_enabled_with_callback+0xc8>)
1000056c:	eb05 05c5 	add.w	r5, r5, r5, lsl #3
10000570:	348c      	adds	r4, #140	@ 0x8c
10000572:	eb09 09c5 	add.w	r9, r9, r5, lsl #3
10000576:	f841 6024 	str.w	r6, [r1, r4, lsl #2]
1000057a:	f843 6009 	str.w	r6, [r3, r9]
1000057e:	f8d8 4000 	ldr.w	r4, [r8]
10000582:	f8df a098 	ldr.w	sl, [pc, #152]	@ 1000061c <gpio_set_irq_enabled_with_callback+0xd4>
10000586:	f85a 3024 	ldr.w	r3, [sl, r4, lsl #2]
1000058a:	b303      	cbz	r3, 100005ce <gpio_set_irq_enabled_with_callback+0x86>
1000058c:	b3a7      	cbz	r7, 100005f8 <gpio_set_irq_enabled_with_callback+0xb0>
1000058e:	f84a 7024 	str.w	r7, [sl, r4, lsl #2]
10000592:	e8bd 87f0 	ldmia.w	sp!, {r4, r5, r6, r7, r8, r9, sl, pc}
10000596:	f8df a084 	ldr.w	sl, [pc, #132]	@ 1000061c <gpio_set_irq_enabled_with_callback+0xd4>
1000059a:	f85a 2025 	ldr.w	r2, [sl, r5, lsl #2]
1000059e:	b302      	cbz	r2, 100005e2 <gpio_set_irq_enabled_with_callback+0x9a>
100005a0:	b37f      	cbz	r7, 10000602 <gpio_set_irq_enabled_with_callback+0xba>
100005a2:	f04f 4350 	mov.w	r3, #3489660928	@ 0xd0000000
100005a6:	f84a 7025 	str.w	r7, [sl, r5, lsl #2]
100005aa:	681d      	ldr	r5, [r3, #0]
100005ac:	4b19      	ldr	r3, [pc, #100]	@ (10000614 <gpio_set_irq_enabled_with_callback+0xcc>)
100005ae:	eb05 05c5 	add.w	r5, r5, r5, lsl #3
100005b2:	eb09 05c5 	add.w	r5, r9, r5, lsl #3
100005b6:	4a16      	ldr	r2, [pc, #88]	@ (10000610 <gpio_set_irq_enabled_with_callback+0xc8>)
100005b8:	348c      	adds	r4, #140	@ 0x8c
100005ba:	442b      	add	r3, r5
100005bc:	f842 6024 	str.w	r6, [r2, r4, lsl #2]
100005c0:	2101      	movs	r1, #1
100005c2:	601e      	str	r6, [r3, #0]
100005c4:	2015      	movs	r0, #21
100005c6:	e8bd 47f0 	ldmia.w	sp!, {r4, r5, r6, r7, r8, r9, sl, lr}
100005ca:	f000 b92f 	b.w	1000082c <irq_set_enabled>
100005ce:	2f00      	cmp	r7, #0
100005d0:	d0df      	beq.n	10000592 <gpio_set_irq_enabled_with_callback+0x4a>
100005d2:	f84a 7024 	str.w	r7, [sl, r4, lsl #2]
100005d6:	2015      	movs	r0, #21
100005d8:	e8bd 47f0 	ldmia.w	sp!, {r4, r5, r6, r7, r8, r9, sl, lr}
100005dc:	490e      	ldr	r1, [pc, #56]	@ (10000618 <gpio_set_irq_enabled_with_callback+0xd0>)
100005de:	f000 b995 	b.w	1000090c <irq_add_shared_handler>
100005e2:	2f00      	cmp	r7, #0
100005e4:	d0e2      	beq.n	100005ac <gpio_set_irq_enabled_with_callback+0x64>
100005e6:	2015      	movs	r0, #21
100005e8:	490b      	ldr	r1, [pc, #44]	@ (10000618 <gpio_set_irq_enabled_with_callback+0xd0>)
100005ea:	f84a 7025 	str.w	r7, [sl, r5, lsl #2]
100005ee:	f000 f98d 	bl	1000090c <irq_add_shared_handler>
100005f2:	f8d8 5000 	ldr.w	r5, [r8]
100005f6:	e7d9      	b.n	100005ac <gpio_set_irq_enabled_with_callback+0x64>
100005f8:	2015      	movs	r0, #21
100005fa:	4907      	ldr	r1, [pc, #28]	@ (10000618 <gpio_set_irq_enabled_with_callback+0xd0>)
100005fc:	f000 fa66 	bl	10000acc <irq_remove_handler>
10000600:	e7c5      	b.n	1000058e <gpio_set_irq_enabled_with_callback+0x46>
10000602:	2015      	movs	r0, #21
10000604:	4904      	ldr	r1, [pc, #16]	@ (10000618 <gpio_set_irq_enabled_with_callback+0xd0>)
10000606:	f000 fa61 	bl	10000acc <irq_remove_handler>
1000060a:	e7ca      	b.n	100005a2 <gpio_set_irq_enabled_with_callback+0x5a>
1000060c:	4002b248 	.word	0x4002b248
10000610:	40028000 	.word	0x40028000
10000614:	4002a248 	.word	0x4002a248
10000618:	10000375 	.word	0x10000375
1000061c:	20001a2c 	.word	0x20001a2c

10000620 <gpio_init>:
10000620:	b430      	push	{r4, r5}
10000622:	f04f 0300 	mov.w	r3, #0
10000626:	ec43 0044 	gpioc_bit_oe_put r0, r3
1000062a:	ec43 0040 	gpioc_bit_out_put r0, r3
1000062e:	2505      	movs	r5, #5
10000630:	f44f 7480 	mov.w	r4, #256	@ 0x100
10000634:	4b0b      	ldr	r3, [pc, #44]	@ (10000664 <gpio_init+0x44>)
10000636:	00c2      	lsls	r2, r0, #3
10000638:	f853 1020 	ldr.w	r1, [r3, r0, lsl #2]
1000063c:	eb03 0080 	add.w	r0, r3, r0, lsl #2
10000640:	f081 0140 	eor.w	r1, r1, #64	@ 0x40
10000644:	f102 4380 	add.w	r3, r2, #1073741824	@ 0x40000000
10000648:	f503 3320 	add.w	r3, r3, #163840	@ 0x28000
1000064c:	f001 02c0 	and.w	r2, r1, #192	@ 0xc0
10000650:	f500 5180 	add.w	r1, r0, #4096	@ 0x1000
10000654:	f500 5040 	add.w	r0, r0, #12288	@ 0x3000
10000658:	600a      	str	r2, [r1, #0]
1000065a:	605d      	str	r5, [r3, #4]
1000065c:	6004      	str	r4, [r0, #0]
1000065e:	bc30      	pop	{r4, r5}
10000660:	4770      	bx	lr
10000662:	bf00      	nop
10000664:	40038004 	.word	0x40038004

10000668 <panic>:
10000668:	b40f      	push	{r0, r1, r2, r3}
1000066a:	b500      	push	{lr}
1000066c:	b083      	sub	sp, #12
1000066e:	9c04      	ldr	r4, [sp, #16]
10000670:	4807      	ldr	r0, [pc, #28]	@ (10000690 <panic+0x28>)
10000672:	f003 f94b 	bl	1000390c <__wrap_puts>
10000676:	b13c      	cbz	r4, 10000688 <panic+0x20>
10000678:	a905      	add	r1, sp, #20
1000067a:	4620      	mov	r0, r4
1000067c:	9101      	str	r1, [sp, #4]
1000067e:	f002 ffbd 	bl	100035fc <weak_raw_vprintf>
10000682:	4804      	ldr	r0, [pc, #16]	@ (10000694 <panic+0x2c>)
10000684:	f003 f942 	bl	1000390c <__wrap_puts>
10000688:	2001      	movs	r0, #1
1000068a:	f002 ffcf 	bl	1000362c <_exit>
1000068e:	bf00      	nop
10000690:	10005fb0 	.word	0x10005fb0
10000694:	10005fac 	.word	0x10005fac

10000698 <hw_claim_or_assert>:
10000698:	b570      	push	{r4, r5, r6, lr}
1000069a:	4686      	mov	lr, r0
1000069c:	f3ef 8510 	mrs	r5, PRIMASK
100006a0:	b672      	cpsid	i
100006a2:	4c12      	ldr	r4, [pc, #72]	@ (100006ec <hw_claim_or_assert+0x54>)
100006a4:	e8d4 6fcf 	ldaexb	r6, [r4]
100006a8:	2001      	movs	r0, #1
100006aa:	2e00      	cmp	r6, #0
100006ac:	d1fa      	bne.n	100006a4 <hw_claim_or_assert+0xc>
100006ae:	e8c4 0f46 	strexb	r6, r0, [r4]
100006b2:	2e00      	cmp	r6, #0
100006b4:	d1f6      	bne.n	100006a4 <hw_claim_or_assert+0xc>
100006b6:	f3bf 8f5f 	dmb	sy
100006ba:	f04f 0c01 	mov.w	ip, #1
100006be:	08c8      	lsrs	r0, r1, #3
100006c0:	f001 0307 	and.w	r3, r1, #7
100006c4:	fa0c f303 	lsl.w	r3, ip, r3
100006c8:	f81e c000 	ldrb.w	ip, [lr, r0]
100006cc:	ea1c 0603 	ands.w	r6, ip, r3
100006d0:	d108      	bne.n	100006e4 <hw_claim_or_assert+0x4c>
100006d2:	ea4c 0c03 	orr.w	ip, ip, r3
100006d6:	f80e c000 	strb.w	ip, [lr, r0]
100006da:	e8c4 6f8f 	stlb	r6, [r4]
100006de:	f385 8810 	msr	PRIMASK, r5
100006e2:	bd70      	pop	{r4, r5, r6, pc}
100006e4:	4610      	mov	r0, r2
100006e6:	f7ff ffbf 	bl	10000668 <panic>
100006ea:	bf00      	nop
100006ec:	200018ef 	.word	0x200018ef

100006f0 <hw_claim_unused_from_range>:
100006f0:	b5f8      	push	{r3, r4, r5, r6, r7, lr}
100006f2:	f3ef 8510 	mrs	r5, PRIMASK
100006f6:	b672      	cpsid	i
100006f8:	4c23      	ldr	r4, [pc, #140]	@ (10000788 <hw_claim_unused_from_range+0x98>)
100006fa:	e8d4 7fcf 	ldaexb	r7, [r4]
100006fe:	2601      	movs	r6, #1
10000700:	2f00      	cmp	r7, #0
10000702:	d1fa      	bne.n	100006fa <hw_claim_unused_from_range+0xa>
10000704:	e8c4 6f47 	strexb	r7, r6, [r4]
10000708:	2f00      	cmp	r7, #0
1000070a:	d1f6      	bne.n	100006fa <hw_claim_unused_from_range+0xa>
1000070c:	f3bf 8f5f 	dmb	sy
10000710:	429a      	cmp	r2, r3
10000712:	d827      	bhi.n	10000764 <hw_claim_unused_from_range+0x74>
10000714:	2601      	movs	r6, #1
10000716:	08d7      	lsrs	r7, r2, #3
10000718:	f810 e007 	ldrb.w	lr, [r0, r7]
1000071c:	f002 0c07 	and.w	ip, r2, #7
10000720:	fa06 fc0c 	lsl.w	ip, r6, ip
10000724:	ea1e 0f0c 	tst.w	lr, ip
10000728:	eb00 07d2 	add.w	r7, r0, r2, lsr #3
1000072c:	d10d      	bne.n	1000074a <hw_claim_unused_from_range+0x5a>
1000072e:	e025      	b.n	1000077c <hw_claim_unused_from_range+0x8c>
10000730:	ea4f 0ed2 	mov.w	lr, r2, lsr #3
10000734:	f810 e00e 	ldrb.w	lr, [r0, lr]
10000738:	f002 0c07 	and.w	ip, r2, #7
1000073c:	fa06 fc0c 	lsl.w	ip, r6, ip
10000740:	ea1e 0f0c 	tst.w	lr, ip
10000744:	eb00 07d2 	add.w	r7, r0, r2, lsr #3
10000748:	d018      	beq.n	1000077c <hw_claim_unused_from_range+0x8c>
1000074a:	3201      	adds	r2, #1
1000074c:	4293      	cmp	r3, r2
1000074e:	d2ef      	bcs.n	10000730 <hw_claim_unused_from_range+0x40>
10000750:	f04f 30ff 	mov.w	r0, #4294967295	@ 0xffffffff
10000754:	2300      	movs	r3, #0
10000756:	e8c4 3f8f 	stlb	r3, [r4]
1000075a:	f385 8810 	msr	PRIMASK, r5
1000075e:	4298      	cmp	r0, r3
10000760:	db07      	blt.n	10000772 <hw_claim_unused_from_range+0x82>
10000762:	bdf8      	pop	{r3, r4, r5, r6, r7, pc}
10000764:	2300      	movs	r3, #0
10000766:	e8c4 3f8f 	stlb	r3, [r4]
1000076a:	f385 8810 	msr	PRIMASK, r5
1000076e:	f04f 30ff 	mov.w	r0, #4294967295	@ 0xffffffff
10000772:	2900      	cmp	r1, #0
10000774:	d0f5      	beq.n	10000762 <hw_claim_unused_from_range+0x72>
10000776:	9806      	ldr	r0, [sp, #24]
10000778:	f7ff ff76 	bl	10000668 <panic>
1000077c:	ea4e 0e0c 	orr.w	lr, lr, ip
10000780:	4610      	mov	r0, r2
10000782:	f887 e000 	strb.w	lr, [r7]
10000786:	e7e5      	b.n	10000754 <hw_claim_unused_from_range+0x64>
10000788:	200018ef 	.word	0x200018ef

1000078c <next_striped_spin_lock_num>:
1000078c:	4a04      	ldr	r2, [pc, #16]	@ (100007a0 <next_striped_spin_lock_num+0x14>)
1000078e:	7810      	ldrb	r0, [r2, #0]
10000790:	1c43      	adds	r3, r0, #1
10000792:	b2db      	uxtb	r3, r3
10000794:	2b18      	cmp	r3, #24
10000796:	bf28      	it	cs
10000798:	2310      	movcs	r3, #16
1000079a:	7013      	strb	r3, [r2, #0]
1000079c:	4770      	bx	lr
1000079e:	bf00      	nop
100007a0:	200014d8 	.word	0x200014d8

100007a4 <spin_lock_claim_unused>:
100007a4:	b510      	push	{r4, lr}
100007a6:	4c05      	ldr	r4, [pc, #20]	@ (100007bc <spin_lock_claim_unused+0x18>)
100007a8:	b082      	sub	sp, #8
100007aa:	4601      	mov	r1, r0
100007ac:	231f      	movs	r3, #31
100007ae:	2218      	movs	r2, #24
100007b0:	9400      	str	r4, [sp, #0]
100007b2:	4803      	ldr	r0, [pc, #12]	@ (100007c0 <spin_lock_claim_unused+0x1c>)
100007b4:	f7ff ff9c 	bl	100006f0 <hw_claim_unused_from_range>
100007b8:	b002      	add	sp, #8
100007ba:	bd10      	pop	{r4, pc}
100007bc:	10005fc0 	.word	0x10005fc0
100007c0:	20001a3c 	.word	0x20001a3c

100007c4 <spinlock_set_extexclall>:
100007c4:	f04f 22e0 	mov.w	r2, #3758153728	@ 0xe000e000
100007c8:	6893      	ldr	r3, [r2, #8]
100007ca:	f043 5300 	orr.w	r3, r3, #536870912	@ 0x20000000
100007ce:	6093      	str	r3, [r2, #8]
100007d0:	4770      	bx	lr
100007d2:	bf00      	nop

100007d4 <spin_locks_reset>:
100007d4:	2100      	movs	r1, #0
100007d6:	4b04      	ldr	r3, [pc, #16]	@ (100007e8 <spin_locks_reset+0x14>)
100007d8:	f103 0220 	add.w	r2, r3, #32
100007dc:	e8c3 1f8f 	stlb	r1, [r3]
100007e0:	3301      	adds	r3, #1
100007e2:	4293      	cmp	r3, r2
100007e4:	d1fa      	bne.n	100007dc <spin_locks_reset+0x8>
100007e6:	4770      	bx	lr
100007e8:	200018e4 	.word	0x200018e4

100007ec <runtime_init_per_core_irq_priorities>:
100007ec:	f04f 23e0 	mov.w	r3, #3758153728	@ 0xe000e000
100007f0:	f04f 3280 	mov.w	r2, #2155905152	@ 0x80808080
100007f4:	f8c3 2400 	str.w	r2, [r3, #1024]	@ 0x400
100007f8:	f8c3 2404 	str.w	r2, [r3, #1028]	@ 0x404
100007fc:	f8c3 2408 	str.w	r2, [r3, #1032]	@ 0x408
10000800:	f8c3 240c 	str.w	r2, [r3, #1036]	@ 0x40c
10000804:	f8c3 2410 	str.w	r2, [r3, #1040]	@ 0x410
10000808:	f8c3 2414 	str.w	r2, [r3, #1044]	@ 0x414
1000080c:	f8c3 2418 	str.w	r2, [r3, #1048]	@ 0x418
10000810:	f8c3 241c 	str.w	r2, [r3, #1052]	@ 0x41c
10000814:	f8c3 2420 	str.w	r2, [r3, #1056]	@ 0x420
10000818:	f8c3 2424 	str.w	r2, [r3, #1060]	@ 0x424
1000081c:	f8c3 2428 	str.w	r2, [r3, #1064]	@ 0x428
10000820:	f8c3 242c 	str.w	r2, [r3, #1068]	@ 0x42c
10000824:	f8c3 2430 	str.w	r2, [r3, #1072]	@ 0x430
10000828:	b662      	cpsie	i
1000082a:	4770      	bx	lr

1000082c <irq_set_enabled>:
1000082c:	2301      	movs	r3, #1
1000082e:	f000 021f 	and.w	r2, r0, #31
10000832:	4093      	lsls	r3, r2
10000834:	0940      	lsrs	r0, r0, #5
10000836:	b141      	cbz	r1, 1000084a <irq_set_enabled+0x1e>
10000838:	0080      	lsls	r0, r0, #2
1000083a:	f100 4060 	add.w	r0, r0, #3758096384	@ 0xe0000000
1000083e:	f500 4061 	add.w	r0, r0, #57600	@ 0xe100
10000842:	f8c0 3180 	str.w	r3, [r0, #384]	@ 0x180
10000846:	6003      	str	r3, [r0, #0]
10000848:	4770      	bx	lr
1000084a:	4a02      	ldr	r2, [pc, #8]	@ (10000854 <irq_set_enabled+0x28>)
1000084c:	3020      	adds	r0, #32
1000084e:	f842 3020 	str.w	r3, [r2, r0, lsl #2]
10000852:	4770      	bx	lr
10000854:	e000e100 	.word	0xe000e100

10000858 <irq_is_enabled>:
10000858:	2301      	movs	r3, #1
1000085a:	4a06      	ldr	r2, [pc, #24]	@ (10000874 <irq_is_enabled+0x1c>)
1000085c:	0941      	lsrs	r1, r0, #5
1000085e:	f852 2021 	ldr.w	r2, [r2, r1, lsl #2]
10000862:	f000 001f 	and.w	r0, r0, #31
10000866:	4083      	lsls	r3, r0
10000868:	4213      	tst	r3, r2
1000086a:	bf14      	ite	ne
1000086c:	2001      	movne	r0, #1
1000086e:	2000      	moveq	r0, #0
10000870:	4770      	bx	lr
10000872:	bf00      	nop
10000874:	e000e100 	.word	0xe000e100

10000878 <irq_set_pending>:
10000878:	2201      	movs	r2, #1
1000087a:	0943      	lsrs	r3, r0, #5
1000087c:	4903      	ldr	r1, [pc, #12]	@ (1000088c <irq_set_pending+0x14>)
1000087e:	f000 001f 	and.w	r0, r0, #31
10000882:	4082      	lsls	r2, r0
10000884:	3340      	adds	r3, #64	@ 0x40
10000886:	f841 2023 	str.w	r2, [r1, r3, lsl #2]
1000088a:	4770      	bx	lr
1000088c:	e000e100 	.word	0xe000e100

10000890 <irq_has_shared_handler>:
10000890:	4a05      	ldr	r2, [pc, #20]	@ (100008a8 <irq_has_shared_handler+0x18>)
10000892:	3010      	adds	r0, #16
10000894:	6892      	ldr	r2, [r2, #8]
10000896:	4b05      	ldr	r3, [pc, #20]	@ (100008ac <irq_has_shared_handler+0x1c>)
10000898:	f852 0020 	ldr.w	r0, [r2, r0, lsl #2]
1000089c:	1ac0      	subs	r0, r0, r3
1000089e:	2847      	cmp	r0, #71	@ 0x47
100008a0:	bf8c      	ite	hi
100008a2:	2000      	movhi	r0, #0
100008a4:	2001      	movls	r0, #1
100008a6:	4770      	bx	lr
100008a8:	e000ed00 	.word	0xe000ed00
100008ac:	200014dc 	.word	0x200014dc

100008b0 <irq_set_exclusive_handler>:
100008b0:	b510      	push	{r4, lr}
100008b2:	f3ef 8c10 	mrs	ip, PRIMASK
100008b6:	b672      	cpsid	i
100008b8:	4b11      	ldr	r3, [pc, #68]	@ (10000900 <irq_set_exclusive_handler+0x50>)
100008ba:	e8d3 4fcf 	ldaexb	r4, [r3]
100008be:	2201      	movs	r2, #1
100008c0:	2c00      	cmp	r4, #0
100008c2:	d1fa      	bne.n	100008ba <irq_set_exclusive_handler+0xa>
100008c4:	e8c3 2f44 	strexb	r4, r2, [r3]
100008c8:	2c00      	cmp	r4, #0
100008ca:	d1f6      	bne.n	100008ba <irq_set_exclusive_handler+0xa>
100008cc:	f3bf 8f5f 	dmb	sy
100008d0:	4a0c      	ldr	r2, [pc, #48]	@ (10000904 <irq_set_exclusive_handler+0x54>)
100008d2:	3010      	adds	r0, #16
100008d4:	6892      	ldr	r2, [r2, #8]
100008d6:	4c0c      	ldr	r4, [pc, #48]	@ (10000908 <irq_set_exclusive_handler+0x58>)
100008d8:	f852 2020 	ldr.w	r2, [r2, r0, lsl #2]
100008dc:	42a2      	cmp	r2, r4
100008de:	d001      	beq.n	100008e4 <irq_set_exclusive_handler+0x34>
100008e0:	4291      	cmp	r1, r2
100008e2:	d10b      	bne.n	100008fc <irq_set_exclusive_handler+0x4c>
100008e4:	4a07      	ldr	r2, [pc, #28]	@ (10000904 <irq_set_exclusive_handler+0x54>)
100008e6:	6892      	ldr	r2, [r2, #8]
100008e8:	f842 1020 	str.w	r1, [r2, r0, lsl #2]
100008ec:	f3bf 8f5f 	dmb	sy
100008f0:	2200      	movs	r2, #0
100008f2:	e8c3 2f8f 	stlb	r2, [r3]
100008f6:	f38c 8810 	msr	PRIMASK, ip
100008fa:	bd10      	pop	{r4, pc}
100008fc:	f001 f858 	bl	100019b0 <hard_assertion_failure>
10000900:	200018ed 	.word	0x200018ed
10000904:	e000ed00 	.word	0xe000ed00
10000908:	10000111 	.word	0x10000111

1000090c <irq_add_shared_handler>:
1000090c:	e92d 4ff0 	stmdb	sp!, {r4, r5, r6, r7, r8, r9, sl, fp, lr}
10000910:	460b      	mov	r3, r1
10000912:	b083      	sub	sp, #12
10000914:	f3ef 8a10 	mrs	sl, PRIMASK
10000918:	b672      	cpsid	i
1000091a:	f8df 91ac 	ldr.w	r9, [pc, #428]	@ 10000ac8 <irq_add_shared_handler+0x1bc>
1000091e:	e8d9 4fcf 	ldaexb	r4, [r9]
10000922:	2101      	movs	r1, #1
10000924:	2c00      	cmp	r4, #0
10000926:	d1fa      	bne.n	1000091e <irq_add_shared_handler+0x12>
10000928:	e8c9 1f44 	strexb	r4, r1, [r9]
1000092c:	2c00      	cmp	r4, #0
1000092e:	d1f6      	bne.n	1000091e <irq_add_shared_handler+0x12>
10000930:	f3bf 8f5f 	dmb	sy
10000934:	495d      	ldr	r1, [pc, #372]	@ (10000aac <irq_add_shared_handler+0x1a0>)
10000936:	f991 8000 	ldrsb.w	r8, [r1]
1000093a:	f1b8 0f00 	cmp.w	r8, #0
1000093e:	f2c0 80b2 	blt.w	10000aa6 <irq_add_shared_handler+0x19a>
10000942:	4c5b      	ldr	r4, [pc, #364]	@ (10000ab0 <irq_add_shared_handler+0x1a4>)
10000944:	eb08 0748 	add.w	r7, r8, r8, lsl #1
10000948:	eb04 0587 	add.w	r5, r4, r7, lsl #2
1000094c:	79ae      	ldrb	r6, [r5, #6]
1000094e:	3010      	adds	r0, #16
10000950:	700e      	strb	r6, [r1, #0]
10000952:	4958      	ldr	r1, [pc, #352]	@ (10000ab4 <irq_add_shared_handler+0x1a8>)
10000954:	ea4f 0648 	mov.w	r6, r8, lsl #1
10000958:	6889      	ldr	r1, [r1, #8]
1000095a:	9600      	str	r6, [sp, #0]
1000095c:	f851 1020 	ldr.w	r1, [r1, r0, lsl #2]
10000960:	00bf      	lsls	r7, r7, #2
10000962:	1b0e      	subs	r6, r1, r4
10000964:	2e47      	cmp	r6, #71	@ 0x47
10000966:	d834      	bhi.n	100009d2 <irq_add_shared_handler+0xc6>
10000968:	f021 0e01 	bic.w	lr, r1, #1
1000096c:	f89e 6007 	ldrb.w	r6, [lr, #7]
10000970:	4296      	cmp	r6, r2
10000972:	d809      	bhi.n	10000988 <irq_add_shared_handler+0x7c>
10000974:	e071      	b.n	10000a5a <irq_add_shared_handler+0x14e>
10000976:	eb0c 064c 	add.w	r6, ip, ip, lsl #1
1000097a:	eb04 0686 	add.w	r6, r4, r6, lsl #2
1000097e:	f896 b007 	ldrb.w	fp, [r6, #7]
10000982:	4593      	cmp	fp, r2
10000984:	d94e      	bls.n	10000a24 <irq_add_shared_handler+0x118>
10000986:	46b6      	mov	lr, r6
10000988:	f99e c006 	ldrsb.w	ip, [lr, #6]
1000098c:	f1bc 0f00 	cmp.w	ip, #0
10000990:	daf1      	bge.n	10000976 <irq_add_shared_handler+0x6a>
10000992:	f64b 5601 	movw	r6, #48385	@ 0xbd01
10000996:	f10e 0b04 	add.w	fp, lr, #4
1000099a:	3d04      	subs	r5, #4
1000099c:	eba5 050b 	sub.w	r5, r5, fp
100009a0:	f3c5 054a 	ubfx	r5, r5, #1, #11
100009a4:	ea6f 45c5 	mvn.w	r5, r5, lsl #19
100009a8:	9f00      	ldr	r7, [sp, #0]
100009aa:	ea6f 45d5 	mvn.w	r5, r5, lsr #19
100009ae:	4447      	add	r7, r8
100009b0:	46bb      	mov	fp, r7
100009b2:	f88e 8006 	strb.w	r8, [lr, #6]
100009b6:	f8df 810c 	ldr.w	r8, [pc, #268]	@ 10000ac4 <irq_add_shared_handler+0x1b8>
100009ba:	eb04 0787 	add.w	r7, r4, r7, lsl #2
100009be:	f8ae 5004 	strh.w	r5, [lr, #4]
100009c2:	f844 802b 	str.w	r8, [r4, fp, lsl #2]
100009c6:	80be      	strh	r6, [r7, #4]
100009c8:	f887 c006 	strb.w	ip, [r7, #6]
100009cc:	71fa      	strb	r2, [r7, #7]
100009ce:	60bb      	str	r3, [r7, #8]
100009d0:	e01a      	b.n	10000a08 <irq_add_shared_handler+0xfc>
100009d2:	4e39      	ldr	r6, [pc, #228]	@ (10000ab8 <irq_add_shared_handler+0x1ac>)
100009d4:	42b1      	cmp	r1, r6
100009d6:	d166      	bne.n	10000aa6 <irq_add_shared_handler+0x19a>
100009d8:	60ab      	str	r3, [r5, #8]
100009da:	4b38      	ldr	r3, [pc, #224]	@ (10000abc <irq_add_shared_handler+0x1b0>)
100009dc:	71ea      	strb	r2, [r5, #7]
100009de:	1cba      	adds	r2, r7, #2
100009e0:	4422      	add	r2, r4
100009e2:	3b04      	subs	r3, #4
100009e4:	1a9b      	subs	r3, r3, r2
100009e6:	f3c3 034a 	ubfx	r3, r3, #1, #11
100009ea:	ea6f 43c3 	mvn.w	r3, r3, lsl #19
100009ee:	f44f 4221 	mov.w	r2, #41216	@ 0xa100
100009f2:	ea6f 43d3 	mvn.w	r3, r3, lsr #19
100009f6:	53e2      	strh	r2, [r4, r7]
100009f8:	806b      	strh	r3, [r5, #2]
100009fa:	22ff      	movs	r2, #255	@ 0xff
100009fc:	f64b 5301 	movw	r3, #48385	@ 0xbd01
10000a00:	71aa      	strb	r2, [r5, #6]
10000a02:	80ab      	strh	r3, [r5, #4]
10000a04:	f045 0101 	orr.w	r1, r5, #1
10000a08:	4b2a      	ldr	r3, [pc, #168]	@ (10000ab4 <irq_add_shared_handler+0x1a8>)
10000a0a:	689b      	ldr	r3, [r3, #8]
10000a0c:	f843 1020 	str.w	r1, [r3, r0, lsl #2]
10000a10:	f3bf 8f5f 	dmb	sy
10000a14:	2300      	movs	r3, #0
10000a16:	e8c9 3f8f 	stlb	r3, [r9]
10000a1a:	f38a 8810 	msr	PRIMASK, sl
10000a1e:	b003      	add	sp, #12
10000a20:	e8bd 8ff0 	ldmia.w	sp!, {r4, r5, r6, r7, r8, r9, sl, fp, pc}
10000a24:	46f3      	mov	fp, lr
10000a26:	f83b 6f04 	ldrh.w	r6, [fp, #4]!
10000a2a:	0576      	lsls	r6, r6, #21
10000a2c:	d40f      	bmi.n	10000a4e <irq_add_shared_handler+0x142>
10000a2e:	1576      	asrs	r6, r6, #21
10000a30:	3602      	adds	r6, #2
10000a32:	eb0b 0646 	add.w	r6, fp, r6, lsl #1
10000a36:	9601      	str	r6, [sp, #4]
10000a38:	f06f 0607 	mvn.w	r6, #7
10000a3c:	1bf6      	subs	r6, r6, r7
10000a3e:	9f01      	ldr	r7, [sp, #4]
10000a40:	1b36      	subs	r6, r6, r4
10000a42:	443e      	add	r6, r7
10000a44:	f3c6 064a 	ubfx	r6, r6, #1, #11
10000a48:	f446 4660 	orr.w	r6, r6, #57344	@ 0xe000
10000a4c:	e7a5      	b.n	1000099a <irq_add_shared_handler+0x8e>
10000a4e:	f506 16ff 	add.w	r6, r6, #2088960	@ 0x1fe000
10000a52:	f506 56ff 	add.w	r6, r6, #8160	@ 0x1fe0
10000a56:	361f      	adds	r6, #31
10000a58:	e7e9      	b.n	10000a2e <irq_add_shared_handler+0x122>
10000a5a:	60ab      	str	r3, [r5, #8]
10000a5c:	f06f 0307 	mvn.w	r3, #7
10000a60:	71ea      	strb	r2, [r5, #7]
10000a62:	f44f 4221 	mov.w	r2, #41216	@ 0xa100
10000a66:	1bdb      	subs	r3, r3, r7
10000a68:	1b1b      	subs	r3, r3, r4
10000a6a:	4473      	add	r3, lr
10000a6c:	53e2      	strh	r2, [r4, r7]
10000a6e:	f3c3 024a 	ubfx	r2, r3, #1, #11
10000a72:	4b12      	ldr	r3, [pc, #72]	@ (10000abc <irq_add_shared_handler+0x1b0>)
10000a74:	4e12      	ldr	r6, [pc, #72]	@ (10000ac0 <irq_add_shared_handler+0x1b4>)
10000a76:	3702      	adds	r7, #2
10000a78:	4427      	add	r7, r4
10000a7a:	3b04      	subs	r3, #4
10000a7c:	4332      	orrs	r2, r6
10000a7e:	1bdb      	subs	r3, r3, r7
10000a80:	80aa      	strh	r2, [r5, #4]
10000a82:	f3c3 034a 	ubfx	r3, r3, #1, #11
10000a86:	4a0f      	ldr	r2, [pc, #60]	@ (10000ac4 <irq_add_shared_handler+0x1b8>)
10000a88:	4333      	orrs	r3, r6
10000a8a:	806b      	strh	r3, [r5, #2]
10000a8c:	f64a 21aa 	movw	r1, #43690	@ 0xaaaa
10000a90:	4673      	mov	r3, lr
10000a92:	1b1b      	subs	r3, r3, r4
10000a94:	415b      	adcs	r3, r3
10000a96:	4359      	muls	r1, r3
10000a98:	0d09      	lsrs	r1, r1, #20
10000a9a:	71a9      	strb	r1, [r5, #6]
10000a9c:	f8ce 2000 	str.w	r2, [lr]
10000aa0:	f045 0101 	orr.w	r1, r5, #1
10000aa4:	e7b0      	b.n	10000a08 <irq_add_shared_handler+0xfc>
10000aa6:	f000 ff83 	bl	100019b0 <hard_assertion_failure>
10000aaa:	bf00      	nop
10000aac:	20001f00 	.word	0x20001f00
10000ab0:	200014dc 	.word	0x200014dc
10000ab4:	e000ed00 	.word	0xe000ed00
10000ab8:	10000111 	.word	0x10000111
10000abc:	20001524 	.word	0x20001524
10000ac0:	ffffe000 	.word	0xffffe000
10000ac4:	47804801 	.word	0x47804801
10000ac8:	200018ed 	.word	0x200018ed

10000acc <irq_remove_handler>:
10000acc:	e92d 4ff8 	stmdb	sp!, {r3, r4, r5, r6, r7, r8, r9, sl, fp, lr}
10000ad0:	f3ef 8710 	mrs	r7, PRIMASK
10000ad4:	b672      	cpsid	i
10000ad6:	4c73      	ldr	r4, [pc, #460]	@ (10000ca4 <irq_remove_handler+0x1d8>)
10000ad8:	e8d4 2fcf 	ldaexb	r2, [r4]
10000adc:	2301      	movs	r3, #1
10000ade:	2a00      	cmp	r2, #0
10000ae0:	d1fa      	bne.n	10000ad8 <irq_remove_handler+0xc>
10000ae2:	e8c4 3f42 	strexb	r2, r3, [r4]
10000ae6:	2a00      	cmp	r2, #0
10000ae8:	d1f6      	bne.n	10000ad8 <irq_remove_handler+0xc>
10000aea:	f3bf 8f5f 	dmb	sy
10000aee:	4b6e      	ldr	r3, [pc, #440]	@ (10000ca8 <irq_remove_handler+0x1dc>)
10000af0:	f100 0e10 	add.w	lr, r0, #16
10000af4:	689b      	ldr	r3, [r3, #8]
10000af6:	f8df b1c0 	ldr.w	fp, [pc, #448]	@ 10000cb8 <irq_remove_handler+0x1ec>
10000afa:	f853 202e 	ldr.w	r2, [r3, lr, lsl #2]
10000afe:	455a      	cmp	r2, fp
10000b00:	d03c      	beq.n	10000b7c <irq_remove_handler+0xb0>
10000b02:	428a      	cmp	r2, r1
10000b04:	d047      	beq.n	10000b96 <irq_remove_handler+0xca>
10000b06:	4d69      	ldr	r5, [pc, #420]	@ (10000cac <irq_remove_handler+0x1e0>)
10000b08:	1b53      	subs	r3, r2, r5
10000b0a:	2b47      	cmp	r3, #71	@ 0x47
10000b0c:	d836      	bhi.n	10000b7c <irq_remove_handler+0xb0>
10000b0e:	f04f 0c01 	mov.w	ip, #1
10000b12:	0946      	lsrs	r6, r0, #5
10000b14:	00b6      	lsls	r6, r6, #2
10000b16:	f106 4660 	add.w	r6, r6, #3758096384	@ 0xe0000000
10000b1a:	f506 4661 	add.w	r6, r6, #57600	@ 0xe100
10000b1e:	f000 031f 	and.w	r3, r0, #31
10000b22:	fa0c f003 	lsl.w	r0, ip, r3
10000b26:	6833      	ldr	r3, [r6, #0]
10000b28:	f8c6 0080 	str.w	r0, [r6, #128]	@ 0x80
10000b2c:	ea00 0803 	and.w	r8, r0, r3
10000b30:	f3bf 8f5f 	dmb	sy
10000b34:	f3ef 8305 	mrs	r3, IPSR
10000b38:	b2db      	uxtb	r3, r3
10000b3a:	4699      	mov	r9, r3
10000b3c:	b36b      	cbz	r3, 10000b9a <irq_remove_handler+0xce>
10000b3e:	459e      	cmp	lr, r3
10000b40:	f040 80ad 	bne.w	10000c9e <irq_remove_handler+0x1d2>
10000b44:	f022 0c01 	bic.w	ip, r2, #1
10000b48:	f8dc a008 	ldr.w	sl, [ip, #8]
10000b4c:	4551      	cmp	r1, sl
10000b4e:	d109      	bne.n	10000b64 <irq_remove_handler+0x98>
10000b50:	e08f      	b.n	10000c72 <irq_remove_handler+0x1a6>
10000b52:	eb03 0343 	add.w	r3, r3, r3, lsl #1
10000b56:	eb05 0383 	add.w	r3, r5, r3, lsl #2
10000b5a:	f8d3 a008 	ldr.w	sl, [r3, #8]
10000b5e:	4551      	cmp	r1, sl
10000b60:	d02c      	beq.n	10000bbc <irq_remove_handler+0xf0>
10000b62:	469c      	mov	ip, r3
10000b64:	f99c 3006 	ldrsb.w	r3, [ip, #6]
10000b68:	2b00      	cmp	r3, #0
10000b6a:	daf2      	bge.n	10000b52 <irq_remove_handler+0x86>
10000b6c:	4551      	cmp	r1, sl
10000b6e:	d063      	beq.n	10000c38 <irq_remove_handler+0x16c>
10000b70:	f1b8 0f00 	cmp.w	r8, #0
10000b74:	d01f      	beq.n	10000bb6 <irq_remove_handler+0xea>
10000b76:	f8c6 0180 	str.w	r0, [r6, #384]	@ 0x180
10000b7a:	6030      	str	r0, [r6, #0]
10000b7c:	4b4a      	ldr	r3, [pc, #296]	@ (10000ca8 <irq_remove_handler+0x1dc>)
10000b7e:	689b      	ldr	r3, [r3, #8]
10000b80:	f843 202e 	str.w	r2, [r3, lr, lsl #2]
10000b84:	f3bf 8f5f 	dmb	sy
10000b88:	2300      	movs	r3, #0
10000b8a:	e8c4 3f8f 	stlb	r3, [r4]
10000b8e:	f387 8810 	msr	PRIMASK, r7
10000b92:	e8bd 8ff8 	ldmia.w	sp!, {r3, r4, r5, r6, r7, r8, r9, sl, fp, pc}
10000b96:	465a      	mov	r2, fp
10000b98:	e7f0      	b.n	10000b7c <irq_remove_handler+0xb0>
10000b9a:	f022 0c01 	bic.w	ip, r2, #1
10000b9e:	f8dc a008 	ldr.w	sl, [ip, #8]
10000ba2:	4551      	cmp	r1, sl
10000ba4:	d1de      	bne.n	10000b64 <irq_remove_handler+0x98>
10000ba6:	f99c a006 	ldrsb.w	sl, [ip, #6]
10000baa:	4663      	mov	r3, ip
10000bac:	f1ba 0f00 	cmp.w	sl, #0
10000bb0:	da09      	bge.n	10000bc6 <irq_remove_handler+0xfa>
10000bb2:	465a      	mov	r2, fp
10000bb4:	e04b      	b.n	10000c4e <irq_remove_handler+0x182>
10000bb6:	f8c6 0080 	str.w	r0, [r6, #128]	@ 0x80
10000bba:	e7df      	b.n	10000b7c <irq_remove_handler+0xb0>
10000bbc:	f993 a006 	ldrsb.w	sl, [r3, #6]
10000bc0:	f1ba 0f00 	cmp.w	sl, #0
10000bc4:	db39      	blt.n	10000c3a <irq_remove_handler+0x16e>
10000bc6:	eb0a 094a 	add.w	r9, sl, sl, lsl #1
10000bca:	eb05 0989 	add.w	r9, r5, r9, lsl #2
10000bce:	f8d9 1008 	ldr.w	r1, [r9, #8]
10000bd2:	ea4f 0c4a 	mov.w	ip, sl, lsl #1
10000bd6:	6099      	str	r1, [r3, #8]
10000bd8:	f899 1007 	ldrb.w	r1, [r9, #7]
10000bdc:	71d9      	strb	r1, [r3, #7]
10000bde:	f999 1006 	ldrsb.w	r1, [r9, #6]
10000be2:	2900      	cmp	r1, #0
10000be4:	7199      	strb	r1, [r3, #6]
10000be6:	db41      	blt.n	10000c6c <irq_remove_handler+0x1a0>
10000be8:	f8b9 1004 	ldrh.w	r1, [r9, #4]
10000bec:	0549      	lsls	r1, r1, #21
10000bee:	d504      	bpl.n	10000bfa <irq_remove_handler+0x12e>
10000bf0:	f501 11ff 	add.w	r1, r1, #2088960	@ 0x1fe000
10000bf4:	f501 51ff 	add.w	r1, r1, #8160	@ 0x1fe0
10000bf8:	311f      	adds	r1, #31
10000bfa:	1549      	asrs	r1, r1, #21
10000bfc:	f101 0902 	add.w	r9, r1, #2
10000c00:	f04f 0b04 	mov.w	fp, #4
10000c04:	210c      	movs	r1, #12
10000c06:	fb11 b10a 	smlabb	r1, r1, sl, fp
10000c0a:	eb01 0149 	add.w	r1, r1, r9, lsl #1
10000c0e:	f06f 0907 	mvn.w	r9, #7
10000c12:	4429      	add	r1, r5
10000c14:	eba9 0903 	sub.w	r9, r9, r3
10000c18:	4449      	add	r1, r9
10000c1a:	f3c1 014a 	ubfx	r1, r1, #1, #11
10000c1e:	f441 4160 	orr.w	r1, r1, #57344	@ 0xe000
10000c22:	8099      	strh	r1, [r3, #4]
10000c24:	4b22      	ldr	r3, [pc, #136]	@ (10000cb0 <irq_remove_handler+0x1e4>)
10000c26:	44d4      	add	ip, sl
10000c28:	7819      	ldrb	r1, [r3, #0]
10000c2a:	eb05 0c8c 	add.w	ip, r5, ip, lsl #2
10000c2e:	f883 a000 	strb.w	sl, [r3]
10000c32:	f88c 1006 	strb.w	r1, [ip, #6]
10000c36:	e79b      	b.n	10000b70 <irq_remove_handler+0xa4>
10000c38:	4663      	mov	r3, ip
10000c3a:	f1b9 0f00 	cmp.w	r9, #0
10000c3e:	d11e      	bne.n	10000c7e <irq_remove_handler+0x1b2>
10000c40:	21ff      	movs	r1, #255	@ 0xff
10000c42:	f88c 1006 	strb.w	r1, [ip, #6]
10000c46:	f64b 5101 	movw	r1, #48385	@ 0xbd01
10000c4a:	f8ac 1004 	strh.w	r1, [ip, #4]
10000c4e:	f8df 9060 	ldr.w	r9, [pc, #96]	@ 10000cb0 <irq_remove_handler+0x1e4>
10000c52:	f64a 21aa 	movw	r1, #43690	@ 0xaaaa
10000c56:	f899 a000 	ldrb.w	sl, [r9]
10000c5a:	f883 a006 	strb.w	sl, [r3, #6]
10000c5e:	1b5b      	subs	r3, r3, r5
10000c60:	415b      	adcs	r3, r3
10000c62:	4359      	muls	r1, r3
10000c64:	0d09      	lsrs	r1, r1, #20
10000c66:	f889 1000 	strb.w	r1, [r9]
10000c6a:	e781      	b.n	10000b70 <irq_remove_handler+0xa4>
10000c6c:	f64b 5101 	movw	r1, #48385	@ 0xbd01
10000c70:	e7d7      	b.n	10000c22 <irq_remove_handler+0x156>
10000c72:	f99c a006 	ldrsb.w	sl, [ip, #6]
10000c76:	4663      	mov	r3, ip
10000c78:	f1ba 0f00 	cmp.w	sl, #0
10000c7c:	daa3      	bge.n	10000bc6 <irq_remove_handler+0xfa>
10000c7e:	490d      	ldr	r1, [pc, #52]	@ (10000cb4 <irq_remove_handler+0x1e8>)
10000c80:	f8df c038 	ldr.w	ip, [pc, #56]	@ 10000cbc <irq_remove_handler+0x1f0>
10000c84:	1ac9      	subs	r1, r1, r3
10000c86:	3908      	subs	r1, #8
10000c88:	f3c1 350a 	ubfx	r5, r1, #12, #11
10000c8c:	ea6f 5505 	mvn.w	r5, r5, lsl #20
10000c90:	ea6f 5515 	mvn.w	r5, r5, lsr #20
10000c94:	ea4c 0151 	orr.w	r1, ip, r1, lsr #1
10000c98:	80d9      	strh	r1, [r3, #6]
10000c9a:	809d      	strh	r5, [r3, #4]
10000c9c:	e768      	b.n	10000b70 <irq_remove_handler+0xa4>
10000c9e:	f000 fe87 	bl	100019b0 <hard_assertion_failure>
10000ca2:	bf00      	nop
10000ca4:	200018ed 	.word	0x200018ed
10000ca8:	e000ed00 	.word	0xe000ed00
10000cac:	200014dc 	.word	0x200014dc
10000cb0:	20001f00 	.word	0x20001f00
10000cb4:	2000152e 	.word	0x2000152e
10000cb8:	10000111 	.word	0x10000111
10000cbc:	fffff800 	.word	0xfffff800

10000cc0 <irq_add_tail_to_free_list>:
10000cc0:	b5f0      	push	{r4, r5, r6, r7, lr}
10000cc2:	f3ef 8505 	mrs	r5, IPSR
10000cc6:	b2ed      	uxtb	r5, r5
10000cc8:	f3ef 8c10 	mrs	ip, PRIMASK
10000ccc:	b672      	cpsid	i
10000cce:	492c      	ldr	r1, [pc, #176]	@ (10000d80 <irq_add_tail_to_free_list+0xc0>)
10000cd0:	e8d1 2fcf 	ldaexb	r2, [r1]
10000cd4:	2301      	movs	r3, #1
10000cd6:	2a00      	cmp	r2, #0
10000cd8:	d1fa      	bne.n	10000cd0 <irq_add_tail_to_free_list+0x10>
10000cda:	e8c1 3f42 	strexb	r2, r3, [r1]
10000cde:	2a00      	cmp	r2, #0
10000ce0:	d1f6      	bne.n	10000cd0 <irq_add_tail_to_free_list+0x10>
10000ce2:	f3bf 8f5f 	dmb	sy
10000ce6:	4e27      	ldr	r6, [pc, #156]	@ (10000d84 <irq_add_tail_to_free_list+0xc4>)
10000ce8:	f040 0e01 	orr.w	lr, r0, #1
10000cec:	68b4      	ldr	r4, [r6, #8]
10000cee:	f64a 23aa 	movw	r3, #43690	@ 0xaaaa
10000cf2:	f854 7025 	ldr.w	r7, [r4, r5, lsl #2]
10000cf6:	4a24      	ldr	r2, [pc, #144]	@ (10000d88 <irq_add_tail_to_free_list+0xc8>)
10000cf8:	4604      	mov	r4, r0
10000cfa:	1aa4      	subs	r4, r4, r2
10000cfc:	4164      	adcs	r4, r4
10000cfe:	4363      	muls	r3, r4
10000d00:	0d1b      	lsrs	r3, r3, #20
10000d02:	4577      	cmp	r7, lr
10000d04:	b25b      	sxtb	r3, r3
10000d06:	d023      	beq.n	10000d50 <irq_add_tail_to_free_list+0x90>
10000d08:	f992 4006 	ldrsb.w	r4, [r2, #6]
10000d0c:	429c      	cmp	r4, r3
10000d0e:	d024      	beq.n	10000d5a <irq_add_tail_to_free_list+0x9a>
10000d10:	f992 4012 	ldrsb.w	r4, [r2, #18]
10000d14:	429c      	cmp	r4, r3
10000d16:	d02b      	beq.n	10000d70 <irq_add_tail_to_free_list+0xb0>
10000d18:	f992 401e 	ldrsb.w	r4, [r2, #30]
10000d1c:	429c      	cmp	r4, r3
10000d1e:	d029      	beq.n	10000d74 <irq_add_tail_to_free_list+0xb4>
10000d20:	f992 402a 	ldrsb.w	r4, [r2, #42]	@ 0x2a
10000d24:	429c      	cmp	r4, r3
10000d26:	d027      	beq.n	10000d78 <irq_add_tail_to_free_list+0xb8>
10000d28:	f992 4036 	ldrsb.w	r4, [r2, #54]	@ 0x36
10000d2c:	429c      	cmp	r4, r3
10000d2e:	d025      	beq.n	10000d7c <irq_add_tail_to_free_list+0xbc>
10000d30:	f992 4042 	ldrsb.w	r4, [r2, #66]	@ 0x42
10000d34:	429c      	cmp	r4, r3
10000d36:	bf08      	it	eq
10000d38:	2405      	moveq	r4, #5
10000d3a:	d00f      	beq.n	10000d5c <irq_add_tail_to_free_list+0x9c>
10000d3c:	4a13      	ldr	r2, [pc, #76]	@ (10000d8c <irq_add_tail_to_free_list+0xcc>)
10000d3e:	2400      	movs	r4, #0
10000d40:	7815      	ldrb	r5, [r2, #0]
10000d42:	7013      	strb	r3, [r2, #0]
10000d44:	7185      	strb	r5, [r0, #6]
10000d46:	e8c1 4f8f 	stlb	r4, [r1]
10000d4a:	f38c 8810 	msr	PRIMASK, ip
10000d4e:	bdf0      	pop	{r4, r5, r6, r7, pc}
10000d50:	68b2      	ldr	r2, [r6, #8]
10000d52:	4c0f      	ldr	r4, [pc, #60]	@ (10000d90 <irq_add_tail_to_free_list+0xd0>)
10000d54:	f842 4025 	str.w	r4, [r2, r5, lsl #2]
10000d58:	e7f0      	b.n	10000d3c <irq_add_tail_to_free_list+0x7c>
10000d5a:	2400      	movs	r4, #0
10000d5c:	eb04 0444 	add.w	r4, r4, r4, lsl #1
10000d60:	eb02 0284 	add.w	r2, r2, r4, lsl #2
10000d64:	24ff      	movs	r4, #255	@ 0xff
10000d66:	7194      	strb	r4, [r2, #6]
10000d68:	f64b 5401 	movw	r4, #48385	@ 0xbd01
10000d6c:	8094      	strh	r4, [r2, #4]
10000d6e:	e7e5      	b.n	10000d3c <irq_add_tail_to_free_list+0x7c>
10000d70:	2401      	movs	r4, #1
10000d72:	e7f3      	b.n	10000d5c <irq_add_tail_to_free_list+0x9c>
10000d74:	2402      	movs	r4, #2
10000d76:	e7f1      	b.n	10000d5c <irq_add_tail_to_free_list+0x9c>
10000d78:	2403      	movs	r4, #3
10000d7a:	e7ef      	b.n	10000d5c <irq_add_tail_to_free_list+0x9c>
10000d7c:	2404      	movs	r4, #4
10000d7e:	e7ed      	b.n	10000d5c <irq_add_tail_to_free_list+0x9c>
10000d80:	200018ed 	.word	0x200018ed
10000d84:	e000ed00 	.word	0xe000ed00
10000d88:	200014dc 	.word	0x200014dc
10000d8c:	20001f00 	.word	0x20001f00
10000d90:	10000111 	.word	0x10000111

10000d94 <user_irq_claim_unused>:
10000d94:	b510      	push	{r4, lr}
10000d96:	4c07      	ldr	r4, [pc, #28]	@ (10000db4 <user_irq_claim_unused+0x20>)
10000d98:	b082      	sub	sp, #8
10000d9a:	4601      	mov	r1, r0
10000d9c:	2305      	movs	r3, #5
10000d9e:	2200      	movs	r2, #0
10000da0:	9400      	str	r4, [sp, #0]
10000da2:	4805      	ldr	r0, [pc, #20]	@ (10000db8 <user_irq_claim_unused+0x24>)
10000da4:	f7ff fca4 	bl	100006f0 <hw_claim_unused_from_range>
10000da8:	2800      	cmp	r0, #0
10000daa:	bfa8      	it	ge
10000dac:	f1c0 0033 	rsbge	r0, r0, #51	@ 0x33
10000db0:	b002      	add	sp, #8
10000db2:	bd10      	pop	{r4, pc}
10000db4:	10005fdc 	.word	0x10005fdc
10000db8:	20001f06 	.word	0x20001f06

10000dbc <lock_init>:
10000dbc:	4b01      	ldr	r3, [pc, #4]	@ (10000dc4 <lock_init+0x8>)
10000dbe:	440b      	add	r3, r1
10000dc0:	6003      	str	r3, [r0, #0]
10000dc2:	4770      	bx	lr
10000dc4:	200018e4 	.word	0x200018e4

10000dc8 <runtime_init_mutex>:
10000dc8:	b570      	push	{r4, r5, r6, lr}
10000dca:	4c10      	ldr	r4, [pc, #64]	@ (10000e0c <runtime_init_mutex+0x44>)
10000dcc:	4d10      	ldr	r5, [pc, #64]	@ (10000e10 <runtime_init_mutex+0x48>)
10000dce:	42ac      	cmp	r4, r5
10000dd0:	d20e      	bcs.n	10000df0 <runtime_init_mutex+0x28>
10000dd2:	26ff      	movs	r6, #255	@ 0xff
10000dd4:	6823      	ldr	r3, [r4, #0]
10000dd6:	b163      	cbz	r3, 10000df2 <runtime_init_mutex+0x2a>
10000dd8:	f7ff fcd8 	bl	1000078c <next_striped_spin_lock_num>
10000ddc:	4601      	mov	r1, r0
10000dde:	4620      	mov	r0, r4
10000de0:	f7ff ffec 	bl	10000dbc <lock_init>
10000de4:	80a6      	strh	r6, [r4, #4]
10000de6:	f3bf 8f5f 	dmb	sy
10000dea:	3408      	adds	r4, #8
10000dec:	42ac      	cmp	r4, r5
10000dee:	d3f1      	bcc.n	10000dd4 <runtime_init_mutex+0xc>
10000df0:	bd70      	pop	{r4, r5, r6, pc}
10000df2:	f7ff fccb 	bl	1000078c <next_striped_spin_lock_num>
10000df6:	4601      	mov	r1, r0
10000df8:	4620      	mov	r0, r4
10000dfa:	f7ff ffdf 	bl	10000dbc <lock_init>
10000dfe:	7126      	strb	r6, [r4, #4]
10000e00:	f3bf 8f5f 	dmb	sy
10000e04:	3408      	adds	r4, #8
10000e06:	42ac      	cmp	r4, r5
10000e08:	d3e4      	bcc.n	10000dd4 <runtime_init_mutex+0xc>
10000e0a:	bd70      	pop	{r4, r5, r6, pc}
10000e0c:	2000158c 	.word	0x2000158c
10000e10:	20001594 	.word	0x20001594

10000e14 <mutex_init>:
10000e14:	b510      	push	{r4, lr}
10000e16:	4604      	mov	r4, r0
10000e18:	f7ff fcb8 	bl	1000078c <next_striped_spin_lock_num>
10000e1c:	4601      	mov	r1, r0
10000e1e:	4620      	mov	r0, r4
10000e20:	f7ff ffcc 	bl	10000dbc <lock_init>
10000e24:	23ff      	movs	r3, #255	@ 0xff
10000e26:	7123      	strb	r3, [r4, #4]
10000e28:	f3bf 8f5f 	dmb	sy
10000e2c:	bd10      	pop	{r4, pc}
10000e2e:	bf00      	nop

10000e30 <critical_section_init>:
10000e30:	b510      	push	{r4, lr}
10000e32:	4604      	mov	r4, r0
10000e34:	2001      	movs	r0, #1
10000e36:	f7ff fcb5 	bl	100007a4 <spin_lock_claim_unused>
10000e3a:	4b03      	ldr	r3, [pc, #12]	@ (10000e48 <critical_section_init+0x18>)
10000e3c:	4403      	add	r3, r0
10000e3e:	6023      	str	r3, [r4, #0]
10000e40:	f3bf 8f5f 	dmb	sy
10000e44:	bd10      	pop	{r4, pc}
10000e46:	bf00      	nop
10000e48:	200018e4 	.word	0x200018e4

10000e4c <critical_section_init_with_lock_num>:
10000e4c:	4b02      	ldr	r3, [pc, #8]	@ (10000e58 <critical_section_init_with_lock_num+0xc>)
10000e4e:	440b      	add	r3, r1
10000e50:	6003      	str	r3, [r0, #0]
10000e52:	f3bf 8f5f 	dmb	sy
10000e56:	4770      	bx	lr
10000e58:	200018e4 	.word	0x200018e4

10000e5c <sleep_until_callback>:
10000e5c:	bf40      	sev
10000e5e:	2000      	movs	r0, #0
10000e60:	2100      	movs	r1, #0
10000e62:	4770      	bx	lr

10000e64 <alarm_pool_irq_handler>:
10000e64:	e92d 4ff0 	stmdb	sp!, {r4, r5, r6, r7, r8, r9, sl, fp, lr}
10000e68:	b087      	sub	sp, #28
10000e6a:	f3ef 8305 	mrs	r3, IPSR
10000e6e:	b2db      	uxtb	r3, r3
10000e70:	3b10      	subs	r3, #16
10000e72:	089a      	lsrs	r2, r3, #2
10000e74:	bf16      	itet	ne
10000e76:	498e      	ldrne	r1, [pc, #568]	@ (100010b0 <alarm_pool_irq_handler+0x24c>)
10000e78:	498e      	ldreq	r1, [pc, #568]	@ (100010b4 <alarm_pool_irq_handler+0x250>)
10000e7a:	2201      	movne	r2, #1
10000e7c:	460d      	mov	r5, r1
10000e7e:	9105      	str	r1, [sp, #20]
10000e80:	2101      	movs	r1, #1
10000e82:	f003 0303 	and.w	r3, r3, #3
10000e86:	fa01 f803 	lsl.w	r8, r1, r3
10000e8a:	46c3      	mov	fp, r8
10000e8c:	488a      	ldr	r0, [pc, #552]	@ (100010b8 <alarm_pool_irq_handler+0x254>)
10000e8e:	eb03 0282 	add.w	r2, r3, r2, lsl #2
10000e92:	f850 4022 	ldr.w	r4, [r0, r2, lsl #2]
10000e96:	f505 5241 	add.w	r2, r5, #12352	@ 0x3040
10000e9a:	0098      	lsls	r0, r3, #2
10000e9c:	9003      	str	r0, [sp, #12]
10000e9e:	f104 0a08 	add.w	sl, r4, #8
10000ea2:	f8c2 8004 	str.w	r8, [r2, #4]
10000ea6:	9401      	str	r4, [sp, #4]
10000ea8:	9b01      	ldr	r3, [sp, #4]
10000eaa:	f9b3 6008 	ldrsh.w	r6, [r3, #8]
10000eae:	f8c5 b03c 	str.w	fp, [r5, #60]	@ 0x3c
10000eb2:	2e00      	cmp	r6, #0
10000eb4:	da76      	bge.n	10000fa4 <alarm_pool_irq_handler+0x140>
10000eb6:	889b      	ldrh	r3, [r3, #4]
10000eb8:	041b      	lsls	r3, r3, #16
10000eba:	f100 8128 	bmi.w	1000110e <alarm_pool_irq_handler+0x2aa>
10000ebe:	9c01      	ldr	r4, [sp, #4]
10000ec0:	6923      	ldr	r3, [r4, #16]
10000ec2:	f3ef 8210 	mrs	r2, PRIMASK
10000ec6:	b672      	cpsid	i
10000ec8:	e8d3 0fcf 	ldaexb	r0, [r3]
10000ecc:	2101      	movs	r1, #1
10000ece:	2800      	cmp	r0, #0
10000ed0:	d1fa      	bne.n	10000ec8 <alarm_pool_irq_handler+0x64>
10000ed2:	e8c3 1f40 	strexb	r0, r1, [r3]
10000ed6:	2800      	cmp	r0, #0
10000ed8:	d1f6      	bne.n	10000ec8 <alarm_pool_irq_handler+0x64>
10000eda:	f3bf 8f5f 	dmb	sy
10000ede:	f64f 76ff 	movw	r6, #65535	@ 0xffff
10000ee2:	88a0      	ldrh	r0, [r4, #4]
10000ee4:	2100      	movs	r1, #0
10000ee6:	6923      	ldr	r3, [r4, #16]
10000ee8:	b200      	sxth	r0, r0
10000eea:	80a6      	strh	r6, [r4, #4]
10000eec:	e8c3 1f8f 	stlb	r1, [r3]
10000ef0:	f382 8810 	msr	PRIMASK, r2
10000ef4:	4288      	cmp	r0, r1
10000ef6:	db2b      	blt.n	10000f50 <alarm_pool_irq_handler+0xec>
10000ef8:	46a6      	mov	lr, r4
10000efa:	6967      	ldr	r7, [r4, #20]
10000efc:	46a8      	mov	r8, r5
10000efe:	4604      	mov	r4, r0
10000f00:	f9be 3008 	ldrsh.w	r3, [lr, #8]
10000f04:	eb04 0644 	add.w	r6, r4, r4, lsl #1
10000f08:	eb07 02c6 	add.w	r2, r7, r6, lsl #3
10000f0c:	2b00      	cmp	r3, #0
10000f0e:	46d4      	mov	ip, sl
10000f10:	e9d2 5002 	ldrd	r5, r0, [r2, #8]
10000f14:	db13      	blt.n	10000f3e <alarm_pool_irq_handler+0xda>
10000f16:	46f1      	mov	r9, lr
10000f18:	9402      	str	r4, [sp, #8]
10000f1a:	e004      	b.n	10000f26 <alarm_pool_irq_handler+0xc2>
10000f1c:	f937 303e 	ldrsh.w	r3, [r7, lr, lsl #3]
10000f20:	4694      	mov	ip, r2
10000f22:	2b00      	cmp	r3, #0
10000f24:	db09      	blt.n	10000f3a <alarm_pool_irq_handler+0xd6>
10000f26:	eb03 0e43 	add.w	lr, r3, r3, lsl #1
10000f2a:	eb07 02ce 	add.w	r2, r7, lr, lsl #3
10000f2e:	e9d2 4102 	ldrd	r4, r1, [r2, #8]
10000f32:	42a5      	cmp	r5, r4
10000f34:	eb70 0101 	sbcs.w	r1, r0, r1
10000f38:	daf0      	bge.n	10000f1c <alarm_pool_irq_handler+0xb8>
10000f3a:	46ce      	mov	lr, r9
10000f3c:	9c02      	ldr	r4, [sp, #8]
10000f3e:	f8ac 4000 	strh.w	r4, [ip]
10000f42:	f937 4036 	ldrsh.w	r4, [r7, r6, lsl #3]
10000f46:	f827 3036 	strh.w	r3, [r7, r6, lsl #3]
10000f4a:	2c00      	cmp	r4, #0
10000f4c:	dad8      	bge.n	10000f00 <alarm_pool_irq_handler+0x9c>
10000f4e:	4645      	mov	r5, r8
10000f50:	9b01      	ldr	r3, [sp, #4]
10000f52:	f9b3 3008 	ldrsh.w	r3, [r3, #8]
10000f56:	2b00      	cmp	r3, #0
10000f58:	f2c0 80d9 	blt.w	1000110e <alarm_pool_irq_handler+0x2aa>
10000f5c:	9a01      	ldr	r2, [sp, #4]
10000f5e:	eb03 0343 	add.w	r3, r3, r3, lsl #1
10000f62:	6952      	ldr	r2, [r2, #20]
10000f64:	6aa9      	ldr	r1, [r5, #40]	@ 0x28
10000f66:	eb02 03c3 	add.w	r3, r2, r3, lsl #3
10000f6a:	9a03      	ldr	r2, [sp, #12]
10000f6c:	689e      	ldr	r6, [r3, #8]
10000f6e:	18a8      	adds	r0, r5, r2
10000f70:	6902      	ldr	r2, [r0, #16]
10000f72:	eba6 0c01 	sub.w	ip, r6, r1
10000f76:	1a52      	subs	r2, r2, r1
10000f78:	4594      	cmp	ip, r2
10000f7a:	68df      	ldr	r7, [r3, #12]
10000f7c:	d303      	bcc.n	10000f86 <alarm_pool_irq_handler+0x122>
10000f7e:	6a2b      	ldr	r3, [r5, #32]
10000f80:	ea13 0f0b 	tst.w	r3, fp
10000f84:	d100      	bne.n	10000f88 <alarm_pool_irq_handler+0x124>
10000f86:	6106      	str	r6, [r0, #16]
10000f88:	9b01      	ldr	r3, [sp, #4]
10000f8a:	799b      	ldrb	r3, [r3, #6]
10000f8c:	2b00      	cmp	r3, #0
10000f8e:	d14d      	bne.n	1000102c <alarm_pool_irq_handler+0x1c8>
10000f90:	4628      	mov	r0, r5
10000f92:	f000 fb63 	bl	1000165c <timer_time_us_64>
10000f96:	42b0      	cmp	r0, r6
10000f98:	41b9      	sbcs	r1, r7
10000f9a:	da85      	bge.n	10000ea8 <alarm_pool_irq_handler+0x44>
10000f9c:	bf40      	sev
10000f9e:	b007      	add	sp, #28
10000fa0:	e8bd 8ff0 	ldmia.w	sp!, {r4, r5, r6, r7, r8, r9, sl, fp, pc}
10000fa4:	f8d3 8014 	ldr.w	r8, [r3, #20]
10000fa8:	eb06 0946 	add.w	r9, r6, r6, lsl #1
10000fac:	eb08 07c9 	add.w	r7, r8, r9, lsl #3
10000fb0:	68bb      	ldr	r3, [r7, #8]
10000fb2:	4628      	mov	r0, r5
10000fb4:	68fc      	ldr	r4, [r7, #12]
10000fb6:	9302      	str	r3, [sp, #8]
10000fb8:	f000 fb50 	bl	1000165c <timer_time_us_64>
10000fbc:	9b02      	ldr	r3, [sp, #8]
10000fbe:	4298      	cmp	r0, r3
10000fc0:	41a1      	sbcs	r1, r4
10000fc2:	db2d      	blt.n	10001020 <alarm_pool_irq_handler+0x1bc>
10000fc4:	e9d7 3104 	ldrd	r3, r1, [r7, #16]
10000fc8:	2b02      	cmp	r3, #2
10000fca:	d077      	beq.n	100010bc <alarm_pool_irq_handler+0x258>
10000fcc:	9801      	ldr	r0, [sp, #4]
10000fce:	887a      	ldrh	r2, [r7, #2]
10000fd0:	f9b0 0008 	ldrsh.w	r0, [r0, #8]
10000fd4:	b292      	uxth	r2, r2
10000fd6:	ea42 4000 	orr.w	r0, r2, r0, lsl #16
10000fda:	4798      	blx	r3
10000fdc:	4602      	mov	r2, r0
10000fde:	460b      	mov	r3, r1
10000fe0:	ea52 0103 	orrs.w	r1, r2, r3
10000fe4:	d070      	beq.n	100010c8 <alarm_pool_irq_handler+0x264>
10000fe6:	2b00      	cmp	r3, #0
10000fe8:	f280 80b0 	bge.w	1000114c <alarm_pool_irq_handler+0x2e8>
10000fec:	9902      	ldr	r1, [sp, #8]
10000fee:	ebb1 0e02 	subs.w	lr, r1, r2
10000ff2:	eb64 0c03 	sbc.w	ip, r4, r3
10000ff6:	f938 3039 	ldrsh.w	r3, [r8, r9, lsl #3]
10000ffa:	e9c7 ec02 	strd	lr, ip, [r7, #8]
10000ffe:	2b00      	cmp	r3, #0
10001000:	db0e      	blt.n	10001020 <alarm_pool_irq_handler+0x1bc>
10001002:	9a01      	ldr	r2, [sp, #4]
10001004:	6950      	ldr	r0, [r2, #20]
10001006:	eb03 0243 	add.w	r2, r3, r3, lsl #1
1000100a:	eb00 02c2 	add.w	r2, r0, r2, lsl #3
1000100e:	e9d2 7102 	ldrd	r7, r1, [r2, #8]
10001012:	45be      	cmp	lr, r7
10001014:	eb7c 0401 	sbcs.w	r4, ip, r1
10001018:	ea4f 0243 	mov.w	r2, r3, lsl #1
1000101c:	f280 80a2 	bge.w	10001164 <alarm_pool_irq_handler+0x300>
10001020:	9b01      	ldr	r3, [sp, #4]
10001022:	889b      	ldrh	r3, [r3, #4]
10001024:	0418      	lsls	r0, r3, #16
10001026:	f57f af4a 	bpl.w	10000ebe <alarm_pool_irq_handler+0x5a>
1000102a:	e791      	b.n	10000f50 <alarm_pool_irq_handler+0xec>
1000102c:	f04f 0e00 	mov.w	lr, #0
10001030:	9801      	ldr	r0, [sp, #4]
10001032:	f880 e006 	strb.w	lr, [r0, #6]
10001036:	f9b0 3008 	ldrsh.w	r3, [r0, #8]
1000103a:	46d4      	mov	ip, sl
1000103c:	1c59      	adds	r1, r3, #1
1000103e:	d0a7      	beq.n	10000f90 <alarm_pool_irq_handler+0x12c>
10001040:	f8cd b008 	str.w	fp, [sp, #8]
10001044:	9504      	str	r5, [sp, #16]
10001046:	e002      	b.n	1000104e <alarm_pool_irq_handler+0x1ea>
10001048:	1c5a      	adds	r2, r3, #1
1000104a:	46ac      	mov	ip, r5
1000104c:	d02c      	beq.n	100010a8 <alarm_pool_irq_handler+0x244>
1000104e:	6942      	ldr	r2, [r0, #20]
10001050:	eb03 0143 	add.w	r1, r3, r3, lsl #1
10001054:	eb02 05c1 	add.w	r5, r2, r1, lsl #3
10001058:	f8b5 8002 	ldrh.w	r8, [r5, #2]
1000105c:	461c      	mov	r4, r3
1000105e:	f418 4f00 	tst.w	r8, #32768	@ 0x8000
10001062:	f932 3031 	ldrsh.w	r3, [r2, r1, lsl #3]
10001066:	d0ef      	beq.n	10001048 <alarm_pool_irq_handler+0x1e4>
10001068:	6905      	ldr	r5, [r0, #16]
1000106a:	f8ac 3000 	strh.w	r3, [ip]
1000106e:	f3ef 8810 	mrs	r8, PRIMASK
10001072:	b672      	cpsid	i
10001074:	e8d5 bfcf 	ldaexb	fp, [r5]
10001078:	f05f 0901 	movs.w	r9, #1
1000107c:	f1bb 0f00 	cmp.w	fp, #0
10001080:	d1f8      	bne.n	10001074 <alarm_pool_irq_handler+0x210>
10001082:	e8c5 9f4b 	strexb	fp, r9, [r5]
10001086:	f1bb 0f00 	cmp.w	fp, #0
1000108a:	d1f3      	bne.n	10001074 <alarm_pool_irq_handler+0x210>
1000108c:	f3bf 8f5f 	dmb	sy
10001090:	f8b0 9002 	ldrh.w	r9, [r0, #2]
10001094:	6905      	ldr	r5, [r0, #16]
10001096:	f822 9031 	strh.w	r9, [r2, r1, lsl #3]
1000109a:	8044      	strh	r4, [r0, #2]
1000109c:	e8c5 ef8f 	stlb	lr, [r5]
100010a0:	f388 8810 	msr	PRIMASK, r8
100010a4:	1c5a      	adds	r2, r3, #1
100010a6:	d1d2      	bne.n	1000104e <alarm_pool_irq_handler+0x1ea>
100010a8:	f8dd b008 	ldr.w	fp, [sp, #8]
100010ac:	9d04      	ldr	r5, [sp, #16]
100010ae:	e76f      	b.n	10000f90 <alarm_pool_irq_handler+0x12c>
100010b0:	400b8000 	.word	0x400b8000
100010b4:	400b0000 	.word	0x400b0000
100010b8:	20001eb4 	.word	0x20001eb4
100010bc:	4608      	mov	r0, r1
100010be:	690b      	ldr	r3, [r1, #16]
100010c0:	9104      	str	r1, [sp, #16]
100010c2:	4798      	blx	r3
100010c4:	2800      	cmp	r0, #0
100010c6:	d136      	bne.n	10001136 <alarm_pool_irq_handler+0x2d2>
100010c8:	f838 3039 	ldrh.w	r3, [r8, r9, lsl #3]
100010cc:	9c01      	ldr	r4, [sp, #4]
100010ce:	8123      	strh	r3, [r4, #8]
100010d0:	6923      	ldr	r3, [r4, #16]
100010d2:	f3ef 8210 	mrs	r2, PRIMASK
100010d6:	b672      	cpsid	i
100010d8:	e8d3 0fcf 	ldaexb	r0, [r3]
100010dc:	2101      	movs	r1, #1
100010de:	2800      	cmp	r0, #0
100010e0:	d1fa      	bne.n	100010d8 <alarm_pool_irq_handler+0x274>
100010e2:	e8c3 1f40 	strexb	r0, r1, [r3]
100010e6:	2800      	cmp	r0, #0
100010e8:	d1f6      	bne.n	100010d8 <alarm_pool_irq_handler+0x274>
100010ea:	f3bf 8f5f 	dmb	sy
100010ee:	8863      	ldrh	r3, [r4, #2]
100010f0:	6921      	ldr	r1, [r4, #16]
100010f2:	f828 3039 	strh.w	r3, [r8, r9, lsl #3]
100010f6:	2300      	movs	r3, #0
100010f8:	8066      	strh	r6, [r4, #2]
100010fa:	e8c1 3f8f 	stlb	r3, [r1]
100010fe:	f382 8810 	msr	PRIMASK, r2
10001102:	9b01      	ldr	r3, [sp, #4]
10001104:	889b      	ldrh	r3, [r3, #4]
10001106:	0418      	lsls	r0, r3, #16
10001108:	f57f aed9 	bpl.w	10000ebe <alarm_pool_irq_handler+0x5a>
1000110c:	e720      	b.n	10000f50 <alarm_pool_irq_handler+0xec>
1000110e:	9d05      	ldr	r5, [sp, #20]
10001110:	46d8      	mov	r8, fp
10001112:	4628      	mov	r0, r5
10001114:	f000 faa2 	bl	1000165c <timer_time_us_64>
10001118:	9c03      	ldr	r4, [sp, #12]
1000111a:	6aab      	ldr	r3, [r5, #40]	@ 0x28
1000111c:	442c      	add	r4, r5
1000111e:	6921      	ldr	r1, [r4, #16]
10001120:	f100 4000 	add.w	r0, r0, #2147483648	@ 0x80000000
10001124:	1ac9      	subs	r1, r1, r3
10001126:	1ac3      	subs	r3, r0, r3
10001128:	428b      	cmp	r3, r1
1000112a:	d208      	bcs.n	1000113e <alarm_pool_irq_handler+0x2da>
1000112c:	6120      	str	r0, [r4, #16]
1000112e:	bf40      	sev
10001130:	b007      	add	sp, #28
10001132:	e8bd 8ff0 	ldmia.w	sp!, {r4, r5, r6, r7, r8, r9, sl, fp, pc}
10001136:	9904      	ldr	r1, [sp, #16]
10001138:	e9d1 2300 	ldrd	r2, r3, [r1]
1000113c:	e750      	b.n	10000fe0 <alarm_pool_irq_handler+0x17c>
1000113e:	6a2b      	ldr	r3, [r5, #32]
10001140:	ea13 0f08 	tst.w	r3, r8
10001144:	f47f af2a 	bne.w	10000f9c <alarm_pool_irq_handler+0x138>
10001148:	6120      	str	r0, [r4, #16]
1000114a:	e7f0      	b.n	1000112e <alarm_pool_irq_handler+0x2ca>
1000114c:	4628      	mov	r0, r5
1000114e:	9304      	str	r3, [sp, #16]
10001150:	9202      	str	r2, [sp, #8]
10001152:	f000 fa83 	bl	1000165c <timer_time_us_64>
10001156:	9a02      	ldr	r2, [sp, #8]
10001158:	9b04      	ldr	r3, [sp, #16]
1000115a:	eb10 0e02 	adds.w	lr, r0, r2
1000115e:	eb43 0c01 	adc.w	ip, r3, r1
10001162:	e748      	b.n	10000ff6 <alarm_pool_irq_handler+0x192>
10001164:	9c01      	ldr	r4, [sp, #4]
10001166:	9502      	str	r5, [sp, #8]
10001168:	f824 3f08 	strh.w	r3, [r4, #8]!
1000116c:	4625      	mov	r5, r4
1000116e:	e00b      	b.n	10001188 <alarm_pool_irq_handler+0x324>
10001170:	f930 3032 	ldrsh.w	r3, [r0, r2, lsl #3]
10001174:	4625      	mov	r5, r4
10001176:	2b00      	cmp	r3, #0
10001178:	db0d      	blt.n	10001196 <alarm_pool_irq_handler+0x332>
1000117a:	eb03 0243 	add.w	r2, r3, r3, lsl #1
1000117e:	eb00 02c2 	add.w	r2, r0, r2, lsl #3
10001182:	e9d2 7102 	ldrd	r7, r1, [r2, #8]
10001186:	005a      	lsls	r2, r3, #1
10001188:	45be      	cmp	lr, r7
1000118a:	441a      	add	r2, r3
1000118c:	eb7c 0101 	sbcs.w	r1, ip, r1
10001190:	eb00 04c2 	add.w	r4, r0, r2, lsl #3
10001194:	daec      	bge.n	10001170 <alarm_pool_irq_handler+0x30c>
10001196:	462a      	mov	r2, r5
10001198:	f828 3039 	strh.w	r3, [r8, r9, lsl #3]
1000119c:	9b01      	ldr	r3, [sp, #4]
1000119e:	8016      	strh	r6, [r2, #0]
100011a0:	889b      	ldrh	r3, [r3, #4]
100011a2:	9d02      	ldr	r5, [sp, #8]
100011a4:	0418      	lsls	r0, r3, #16
100011a6:	f57f ae8a 	bpl.w	10000ebe <alarm_pool_irq_handler+0x5a>
100011aa:	e6d1      	b.n	10000f50 <alarm_pool_irq_handler+0xec>

100011ac <runtime_init_default_alarm_pool>:
100011ac:	e92d 4ff8 	stmdb	sp!, {r3, r4, r5, r6, r7, r8, r9, sl, fp, lr}
100011b0:	4c32      	ldr	r4, [pc, #200]	@ (1000127c <runtime_init_default_alarm_pool+0xd0>)
100011b2:	6925      	ldr	r5, [r4, #16]
100011b4:	b10d      	cbz	r5, 100011ba <runtime_init_default_alarm_pool+0xe>
100011b6:	e8bd 8ff8 	ldmia.w	sp!, {r3, r4, r5, r6, r7, r8, r9, sl, fp, pc}
100011ba:	f8df 80d8 	ldr.w	r8, [pc, #216]	@ 10001294 <runtime_init_default_alarm_pool+0xe8>
100011be:	2103      	movs	r1, #3
100011c0:	4640      	mov	r0, r8
100011c2:	f000 fa39 	bl	10001638 <timer_hardware_alarm_claim>
100011c6:	2603      	movs	r6, #3
100011c8:	f8c4 800c 	str.w	r8, [r4, #12]
100011cc:	f7ff fade 	bl	1000078c <next_striped_spin_lock_num>
100011d0:	f04f 4c50 	mov.w	ip, #3489660928	@ 0xd0000000
100011d4:	4b2a      	ldr	r3, [pc, #168]	@ (10001280 <runtime_init_default_alarm_pool+0xd4>)
100011d6:	7026      	strb	r6, [r4, #0]
100011d8:	4403      	add	r3, r0
100011da:	6123      	str	r3, [r4, #16]
100011dc:	f8dc 3000 	ldr.w	r3, [ip]
100011e0:	210f      	movs	r1, #15
100011e2:	7063      	strb	r3, [r4, #1]
100011e4:	6963      	ldr	r3, [r4, #20]
100011e6:	8061      	strh	r1, [r4, #2]
100011e8:	831d      	strh	r5, [r3, #24]
100011ea:	f04f 0504 	mov.w	r5, #4
100011ee:	f8a3 5078 	strh.w	r5, [r3, #120]	@ 0x78
100011f2:	f04f 0505 	mov.w	r5, #5
100011f6:	f8a3 5090 	strh.w	r5, [r3, #144]	@ 0x90
100011fa:	f04f 0506 	mov.w	r5, #6
100011fe:	f8a3 50a8 	strh.w	r5, [r3, #168]	@ 0xa8
10001202:	f04f 0507 	mov.w	r5, #7
10001206:	210e      	movs	r1, #14
10001208:	f64f 72ff 	movw	r2, #65535	@ 0xffff
1000120c:	f8a3 50c0 	strh.w	r5, [r3, #192]	@ 0xc0
10001210:	2708      	movs	r7, #8
10001212:	f04f 0e0a 	mov.w	lr, #10
10001216:	f04f 0c0c 	mov.w	ip, #12
1000121a:	f04f 0901 	mov.w	r9, #1
1000121e:	200d      	movs	r0, #13
10001220:	f04f 0b02 	mov.w	fp, #2
10001224:	f04f 0a09 	mov.w	sl, #9
10001228:	f04f 050b 	mov.w	r5, #11
1000122c:	f8a3 1168 	strh.w	r1, [r3, #360]	@ 0x168
10001230:	4914      	ldr	r1, [pc, #80]	@ (10001284 <runtime_init_default_alarm_pool+0xd8>)
10001232:	80a2      	strh	r2, [r4, #4]
10001234:	f8a3 e108 	strh.w	lr, [r3, #264]	@ 0x108
10001238:	f8a3 c138 	strh.w	ip, [r3, #312]	@ 0x138
1000123c:	f8a3 0150 	strh.w	r0, [r3, #336]	@ 0x150
10001240:	60a1      	str	r1, [r4, #8]
10001242:	f8a3 b048 	strh.w	fp, [r3, #72]	@ 0x48
10001246:	801a      	strh	r2, [r3, #0]
10001248:	f8a3 a0f0 	strh.w	sl, [r3, #240]	@ 0xf0
1000124c:	f8a3 5120 	strh.w	r5, [r3, #288]	@ 0x120
10001250:	f8a3 9030 	strh.w	r9, [r3, #48]	@ 0x30
10001254:	f8a3 6060 	strh.w	r6, [r3, #96]	@ 0x60
10001258:	f8a3 70d8 	strh.w	r7, [r3, #216]	@ 0xd8
1000125c:	4b0a      	ldr	r3, [pc, #40]	@ (10001288 <runtime_init_default_alarm_pool+0xdc>)
1000125e:	4630      	mov	r0, r6
10001260:	490a      	ldr	r1, [pc, #40]	@ (1000128c <runtime_init_default_alarm_pool+0xe0>)
10001262:	f8c8 7020 	str.w	r7, [r8, #32]
10001266:	60dc      	str	r4, [r3, #12]
10001268:	f7ff fb22 	bl	100008b0 <irq_set_exclusive_handler>
1000126c:	4649      	mov	r1, r9
1000126e:	4630      	mov	r0, r6
10001270:	f7ff fadc 	bl	1000082c <irq_set_enabled>
10001274:	4b06      	ldr	r3, [pc, #24]	@ (10001290 <runtime_init_default_alarm_pool+0xe4>)
10001276:	641f      	str	r7, [r3, #64]	@ 0x40
10001278:	e8bd 8ff8 	ldmia.w	sp!, {r3, r4, r5, r6, r7, r8, r9, sl, fp, pc}
1000127c:	2000153c 	.word	0x2000153c
10001280:	200018e4 	.word	0x200018e4
10001284:	0010ffff 	.word	0x0010ffff
10001288:	20001eb4 	.word	0x20001eb4
1000128c:	10000e65 	.word	0x10000e65
10001290:	400b2000 	.word	0x400b2000
10001294:	400b0000 	.word	0x400b0000

10001298 <alarm_pool_get_default>:
10001298:	4800      	ldr	r0, [pc, #0]	@ (1000129c <alarm_pool_get_default+0x4>)
1000129a:	4770      	bx	lr
1000129c:	2000153c 	.word	0x2000153c

100012a0 <alarm_pool_add_alarm_at>:
100012a0:	b5f8      	push	{r3, r4, r5, r6, r7, lr}
100012a2:	f89d 7020 	ldrb.w	r7, [sp, #32]
100012a6:	4604      	mov	r4, r0
100012a8:	4616      	mov	r6, r2
100012aa:	461d      	mov	r5, r3
100012ac:	b937      	cbnz	r7, 100012bc <alarm_pool_add_alarm_at+0x1c>
100012ae:	f000 f9dd 	bl	1000166c <time_us_64>
100012b2:	4286      	cmp	r6, r0
100012b4:	eb65 0101 	sbc.w	r1, r5, r1
100012b8:	2900      	cmp	r1, #0
100012ba:	db5c      	blt.n	10001376 <alarm_pool_add_alarm_at+0xd6>
100012bc:	6923      	ldr	r3, [r4, #16]
100012be:	f3ef 8710 	mrs	r7, PRIMASK
100012c2:	b672      	cpsid	i
100012c4:	e8d3 1fcf 	ldaexb	r1, [r3]
100012c8:	2201      	movs	r2, #1
100012ca:	2900      	cmp	r1, #0
100012cc:	d1fa      	bne.n	100012c4 <alarm_pool_add_alarm_at+0x24>
100012ce:	e8c3 2f41 	strexb	r1, r2, [r3]
100012d2:	2900      	cmp	r1, #0
100012d4:	d1f6      	bne.n	100012c4 <alarm_pool_add_alarm_at+0x24>
100012d6:	f3bf 8f5f 	dmb	sy
100012da:	f9b4 c002 	ldrsh.w	ip, [r4, #2]
100012de:	6963      	ldr	r3, [r4, #20]
100012e0:	eb0c 014c 	add.w	r1, ip, ip, lsl #1
100012e4:	f1bc 0f00 	cmp.w	ip, #0
100012e8:	ea4f 02c1 	mov.w	r2, r1, lsl #3
100012ec:	eb03 01c1 	add.w	r1, r3, r1, lsl #3
100012f0:	db38      	blt.n	10001364 <alarm_pool_add_alarm_at+0xc4>
100012f2:	5a98      	ldrh	r0, [r3, r2]
100012f4:	f04f 0e00 	mov.w	lr, #0
100012f8:	8060      	strh	r0, [r4, #2]
100012fa:	6920      	ldr	r0, [r4, #16]
100012fc:	e8c0 ef8f 	stlb	lr, [r0]
10001300:	f387 8810 	msr	PRIMASK, r7
10001304:	9806      	ldr	r0, [sp, #24]
10001306:	e9c1 6502 	strd	r6, r5, [r1, #8]
1000130a:	6108      	str	r0, [r1, #16]
1000130c:	9807      	ldr	r0, [sp, #28]
1000130e:	6148      	str	r0, [r1, #20]
10001310:	8848      	ldrh	r0, [r1, #2]
10001312:	3001      	adds	r0, #1
10001314:	f3c0 000e 	ubfx	r0, r0, #0, #15
10001318:	2801      	cmp	r0, #1
1000131a:	bf38      	it	cc
1000131c:	2001      	movcc	r0, #1
1000131e:	8048      	strh	r0, [r1, #2]
10001320:	ea40 400c 	orr.w	r0, r0, ip, lsl #16
10001324:	6921      	ldr	r1, [r4, #16]
10001326:	f3ef 8510 	mrs	r5, PRIMASK
1000132a:	b672      	cpsid	i
1000132c:	e8d1 7fcf 	ldaexb	r7, [r1]
10001330:	2601      	movs	r6, #1
10001332:	2f00      	cmp	r7, #0
10001334:	d1fa      	bne.n	1000132c <alarm_pool_add_alarm_at+0x8c>
10001336:	e8c1 6f47 	strexb	r7, r6, [r1]
1000133a:	2f00      	cmp	r7, #0
1000133c:	d1f6      	bne.n	1000132c <alarm_pool_add_alarm_at+0x8c>
1000133e:	f3bf 8f5f 	dmb	sy
10001342:	88a1      	ldrh	r1, [r4, #4]
10001344:	5299      	strh	r1, [r3, r2]
10001346:	f8a4 c004 	strh.w	ip, [r4, #4]
1000134a:	6923      	ldr	r3, [r4, #16]
1000134c:	e8c3 ef8f 	stlb	lr, [r3]
10001350:	f385 8810 	msr	PRIMASK, r5
10001354:	2201      	movs	r2, #1
10001356:	68e3      	ldr	r3, [r4, #12]
10001358:	7821      	ldrb	r1, [r4, #0]
1000135a:	f503 5301 	add.w	r3, r3, #8256	@ 0x2040
1000135e:	408a      	lsls	r2, r1
10001360:	605a      	str	r2, [r3, #4]
10001362:	bdf8      	pop	{r3, r4, r5, r6, r7, pc}
10001364:	2300      	movs	r3, #0
10001366:	6922      	ldr	r2, [r4, #16]
10001368:	e8c2 3f8f 	stlb	r3, [r2]
1000136c:	f387 8810 	msr	PRIMASK, r7
10001370:	f04f 30ff 	mov.w	r0, #4294967295	@ 0xffffffff
10001374:	bdf8      	pop	{r3, r4, r5, r6, r7, pc}
10001376:	4638      	mov	r0, r7
10001378:	bdf8      	pop	{r3, r4, r5, r6, r7, pc}
1000137a:	bf00      	nop

1000137c <alarm_pool_add_alarm_at_force_in_context>:
1000137c:	4601      	mov	r1, r0
1000137e:	b5f0      	push	{r4, r5, r6, r7, lr}
10001380:	6900      	ldr	r0, [r0, #16]
10001382:	f3ef 8710 	mrs	r7, PRIMASK
10001386:	b672      	cpsid	i
10001388:	e8d0 5fcf 	ldaexb	r5, [r0]
1000138c:	2401      	movs	r4, #1
1000138e:	2d00      	cmp	r5, #0
10001390:	d1fa      	bne.n	10001388 <alarm_pool_add_alarm_at_force_in_context+0xc>
10001392:	e8c0 4f45 	strexb	r5, r4, [r0]
10001396:	2d00      	cmp	r5, #0
10001398:	d1f6      	bne.n	10001388 <alarm_pool_add_alarm_at_force_in_context+0xc>
1000139a:	f3bf 8f5f 	dmb	sy
1000139e:	f9b1 e002 	ldrsh.w	lr, [r1, #2]
100013a2:	694c      	ldr	r4, [r1, #20]
100013a4:	eb0e 0c4e 	add.w	ip, lr, lr, lsl #1
100013a8:	f1be 0f00 	cmp.w	lr, #0
100013ac:	ea4f 05cc 	mov.w	r5, ip, lsl #3
100013b0:	eb04 0ccc 	add.w	ip, r4, ip, lsl #3
100013b4:	db3d      	blt.n	10001432 <alarm_pool_add_alarm_at_force_in_context+0xb6>
100013b6:	5b60      	ldrh	r0, [r4, r5]
100013b8:	2600      	movs	r6, #0
100013ba:	8048      	strh	r0, [r1, #2]
100013bc:	6908      	ldr	r0, [r1, #16]
100013be:	e8c0 6f8f 	stlb	r6, [r0]
100013c2:	f387 8810 	msr	PRIMASK, r7
100013c6:	f8bc 0002 	ldrh.w	r0, [ip, #2]
100013ca:	e9cc 2302 	strd	r2, r3, [ip, #8]
100013ce:	3001      	adds	r0, #1
100013d0:	f3c0 000e 	ubfx	r0, r0, #0, #15
100013d4:	2801      	cmp	r0, #1
100013d6:	bf38      	it	cc
100013d8:	2001      	movcc	r0, #1
100013da:	9b05      	ldr	r3, [sp, #20]
100013dc:	f8ac 0002 	strh.w	r0, [ip, #2]
100013e0:	f8cc 3010 	str.w	r3, [ip, #16]
100013e4:	9b06      	ldr	r3, [sp, #24]
100013e6:	ea40 400e 	orr.w	r0, r0, lr, lsl #16
100013ea:	f8cc 3014 	str.w	r3, [ip, #20]
100013ee:	690b      	ldr	r3, [r1, #16]
100013f0:	f3ef 8210 	mrs	r2, PRIMASK
100013f4:	b672      	cpsid	i
100013f6:	e8d3 cfcf 	ldaexb	ip, [r3]
100013fa:	2701      	movs	r7, #1
100013fc:	f1bc 0f00 	cmp.w	ip, #0
10001400:	d1f9      	bne.n	100013f6 <alarm_pool_add_alarm_at_force_in_context+0x7a>
10001402:	e8c3 7f4c 	strexb	ip, r7, [r3]
10001406:	f1bc 0f00 	cmp.w	ip, #0
1000140a:	d1f4      	bne.n	100013f6 <alarm_pool_add_alarm_at_force_in_context+0x7a>
1000140c:	f3bf 8f5f 	dmb	sy
10001410:	888b      	ldrh	r3, [r1, #4]
10001412:	5363      	strh	r3, [r4, r5]
10001414:	f8a1 e004 	strh.w	lr, [r1, #4]
10001418:	690b      	ldr	r3, [r1, #16]
1000141a:	e8c3 6f8f 	stlb	r6, [r3]
1000141e:	f382 8810 	msr	PRIMASK, r2
10001422:	2201      	movs	r2, #1
10001424:	68cb      	ldr	r3, [r1, #12]
10001426:	7809      	ldrb	r1, [r1, #0]
10001428:	f503 5301 	add.w	r3, r3, #8256	@ 0x2040
1000142c:	408a      	lsls	r2, r1
1000142e:	605a      	str	r2, [r3, #4]
10001430:	bdf0      	pop	{r4, r5, r6, r7, pc}
10001432:	2300      	movs	r3, #0
10001434:	690a      	ldr	r2, [r1, #16]
10001436:	e8c2 3f8f 	stlb	r3, [r2]
1000143a:	f387 8810 	msr	PRIMASK, r7
1000143e:	f04f 30ff 	mov.w	r0, #4294967295	@ 0xffffffff
10001442:	bdf0      	pop	{r4, r5, r6, r7, pc}

10001444 <alarm_pool_cancel_alarm>:
10001444:	4603      	mov	r3, r0
10001446:	8940      	ldrh	r0, [r0, #10]
10001448:	ebb0 4f21 	cmp.w	r0, r1, asr #16
1000144c:	dd37      	ble.n	100014be <alarm_pool_cancel_alarm+0x7a>
1000144e:	6958      	ldr	r0, [r3, #20]
10001450:	140a      	asrs	r2, r1, #16
10001452:	eb02 0242 	add.w	r2, r2, r2, lsl #1
10001456:	b510      	push	{r4, lr}
10001458:	eb00 00c2 	add.w	r0, r0, r2, lsl #3
1000145c:	691c      	ldr	r4, [r3, #16]
1000145e:	f3ef 8c10 	mrs	ip, PRIMASK
10001462:	b672      	cpsid	i
10001464:	e8d4 efcf 	ldaexb	lr, [r4]
10001468:	2201      	movs	r2, #1
1000146a:	f1be 0f00 	cmp.w	lr, #0
1000146e:	d1f9      	bne.n	10001464 <alarm_pool_cancel_alarm+0x20>
10001470:	e8c4 2f4e 	strexb	lr, r2, [r4]
10001474:	f1be 0f00 	cmp.w	lr, #0
10001478:	d1f4      	bne.n	10001464 <alarm_pool_cancel_alarm+0x20>
1000147a:	f3bf 8f5f 	dmb	sy
1000147e:	8842      	ldrh	r2, [r0, #2]
10001480:	b289      	uxth	r1, r1
10001482:	b292      	uxth	r2, r2
10001484:	428a      	cmp	r2, r1
10001486:	d007      	beq.n	10001498 <alarm_pool_cancel_alarm+0x54>
10001488:	2200      	movs	r2, #0
1000148a:	691b      	ldr	r3, [r3, #16]
1000148c:	e8c3 2f8f 	stlb	r2, [r3]
10001490:	f38c 8810 	msr	PRIMASK, ip
10001494:	2000      	movs	r0, #0
10001496:	bd10      	pop	{r4, pc}
10001498:	f442 4200 	orr.w	r2, r2, #32768	@ 0x8000
1000149c:	8042      	strh	r2, [r0, #2]
1000149e:	2101      	movs	r1, #1
100014a0:	2200      	movs	r2, #0
100014a2:	6918      	ldr	r0, [r3, #16]
100014a4:	7199      	strb	r1, [r3, #6]
100014a6:	e8c0 2f8f 	stlb	r2, [r0]
100014aa:	f38c 8810 	msr	PRIMASK, ip
100014ae:	781c      	ldrb	r4, [r3, #0]
100014b0:	68da      	ldr	r2, [r3, #12]
100014b2:	4608      	mov	r0, r1
100014b4:	f502 5301 	add.w	r3, r2, #8256	@ 0x2040
100014b8:	40a1      	lsls	r1, r4
100014ba:	6059      	str	r1, [r3, #4]
100014bc:	bd10      	pop	{r4, pc}
100014be:	2000      	movs	r0, #0
100014c0:	4770      	bx	lr
100014c2:	bf00      	nop

100014c4 <alarm_pool_core_num>:
100014c4:	7840      	ldrb	r0, [r0, #1]
100014c6:	4770      	bx	lr

100014c8 <sleep_ms>:
100014c8:	b5f0      	push	{r4, r5, r6, r7, lr}
100014ca:	b083      	sub	sp, #12
100014cc:	4606      	mov	r6, r0
100014ce:	f000 f8cd 	bl	1000166c <time_us_64>
100014d2:	f44f 737a 	mov.w	r3, #1000	@ 0x3e8
100014d6:	4604      	mov	r4, r0
100014d8:	f04f 30ff 	mov.w	r0, #4294967295	@ 0xffffffff
100014dc:	f06f 4200 	mvn.w	r2, #2147483648	@ 0x80000000
100014e0:	fbe6 4103 	umlal	r4, r1, r6, r3
100014e4:	42a0      	cmp	r0, r4
100014e6:	eb72 0301 	sbcs.w	r3, r2, r1
100014ea:	bf3a      	itte	cc
100014ec:	4604      	movcc	r4, r0
100014ee:	4615      	movcc	r5, r2
100014f0:	460d      	movcs	r5, r1
100014f2:	1fa7      	subs	r7, r4, #6
100014f4:	f145 36ff 	adc.w	r6, r5, #4294967295	@ 0xffffffff
100014f8:	42bc      	cmp	r4, r7
100014fa:	eb75 0306 	sbcs.w	r3, r5, r6
100014fe:	bf3c      	itt	cc
10001500:	2700      	movcc	r7, #0
10001502:	463e      	movcc	r6, r7
10001504:	f000 f8b2 	bl	1000166c <time_us_64>
10001508:	1a38      	subs	r0, r7, r0
1000150a:	eb66 0101 	sbc.w	r1, r6, r1
1000150e:	2801      	cmp	r0, #1
10001510:	f171 0100 	sbcs.w	r1, r1, #0
10001514:	da06      	bge.n	10001524 <sleep_ms+0x5c>
10001516:	4620      	mov	r0, r4
10001518:	4629      	mov	r1, r5
1000151a:	b003      	add	sp, #12
1000151c:	e8bd 40f0 	ldmia.w	sp!, {r4, r5, r6, r7, lr}
10001520:	f000 b8ae 	b.w	10001680 <busy_wait_until>
10001524:	f000 f8a2 	bl	1000166c <time_us_64>
10001528:	4287      	cmp	r7, r0
1000152a:	eb66 0101 	sbc.w	r1, r6, r1
1000152e:	2900      	cmp	r1, #0
10001530:	db0a      	blt.n	10001548 <sleep_ms+0x80>
10001532:	2100      	movs	r1, #0
10001534:	4b0a      	ldr	r3, [pc, #40]	@ (10001560 <sleep_ms+0x98>)
10001536:	463a      	mov	r2, r7
10001538:	9300      	str	r3, [sp, #0]
1000153a:	480a      	ldr	r0, [pc, #40]	@ (10001564 <sleep_ms+0x9c>)
1000153c:	4633      	mov	r3, r6
1000153e:	9101      	str	r1, [sp, #4]
10001540:	f7ff ff1c 	bl	1000137c <alarm_pool_add_alarm_at_force_in_context>
10001544:	2800      	cmp	r0, #0
10001546:	dbe6      	blt.n	10001516 <sleep_ms+0x4e>
10001548:	4a07      	ldr	r2, [pc, #28]	@ (10001568 <sleep_ms+0xa0>)
1000154a:	6a53      	ldr	r3, [r2, #36]	@ 0x24
1000154c:	429e      	cmp	r6, r3
1000154e:	d804      	bhi.n	1000155a <sleep_ms+0x92>
10001550:	6a91      	ldr	r1, [r2, #40]	@ 0x28
10001552:	42b9      	cmp	r1, r7
10001554:	d2df      	bcs.n	10001516 <sleep_ms+0x4e>
10001556:	429e      	cmp	r6, r3
10001558:	d1dd      	bne.n	10001516 <sleep_ms+0x4e>
1000155a:	bf20      	wfe
1000155c:	e7f5      	b.n	1000154a <sleep_ms+0x82>
1000155e:	bf00      	nop
10001560:	10000e5d 	.word	0x10000e5d
10001564:	2000153c 	.word	0x2000153c
10001568:	400b0000 	.word	0x400b0000

1000156c <best_effort_wfe_or_timeout>:
1000156c:	e92d 43f0 	stmdb	sp!, {r4, r5, r6, r7, r8, r9, lr}
10001570:	4605      	mov	r5, r0
10001572:	460c      	mov	r4, r1
10001574:	b083      	sub	sp, #12
10001576:	f3ef 8605 	mrs	r6, IPSR
1000157a:	b2f6      	uxtb	r6, r6
1000157c:	b166      	cbz	r6, 10001598 <best_effort_wfe_or_timeout+0x2c>
1000157e:	4b2b      	ldr	r3, [pc, #172]	@ (1000162c <best_effort_wfe_or_timeout+0xc0>)
10001580:	6a58      	ldr	r0, [r3, #36]	@ 0x24
10001582:	42a0      	cmp	r0, r4
10001584:	d325      	bcc.n	100015d2 <best_effort_wfe_or_timeout+0x66>
10001586:	6a9b      	ldr	r3, [r3, #40]	@ 0x28
10001588:	42ab      	cmp	r3, r5
1000158a:	d22b      	bcs.n	100015e4 <best_effort_wfe_or_timeout+0x78>
1000158c:	1b00      	subs	r0, r0, r4
1000158e:	bf18      	it	ne
10001590:	2001      	movne	r0, #1
10001592:	b003      	add	sp, #12
10001594:	e8bd 83f0 	ldmia.w	sp!, {r4, r5, r6, r7, r8, r9, pc}
10001598:	4f25      	ldr	r7, [pc, #148]	@ (10001630 <best_effort_wfe_or_timeout+0xc4>)
1000159a:	f8d7 900c 	ldr.w	r9, [r7, #12]
1000159e:	f897 8000 	ldrb.w	r8, [r7]
100015a2:	4648      	mov	r0, r9
100015a4:	f000 f85a 	bl	1000165c <timer_time_us_64>
100015a8:	f108 0804 	add.w	r8, r8, #4
100015ac:	f859 3028 	ldr.w	r3, [r9, r8, lsl #2]
100015b0:	1a1b      	subs	r3, r3, r0
100015b2:	1a28      	subs	r0, r5, r0
100015b4:	eb64 0101 	sbc.w	r1, r4, r1
100015b8:	4298      	cmp	r0, r3
100015ba:	f171 0100 	sbcs.w	r1, r1, #0
100015be:	db15      	blt.n	100015ec <best_effort_wfe_or_timeout+0x80>
100015c0:	4b1a      	ldr	r3, [pc, #104]	@ (1000162c <best_effort_wfe_or_timeout+0xc0>)
100015c2:	6a5a      	ldr	r2, [r3, #36]	@ 0x24
100015c4:	42a2      	cmp	r2, r4
100015c6:	d208      	bcs.n	100015da <best_effort_wfe_or_timeout+0x6e>
100015c8:	bf20      	wfe
100015ca:	4b18      	ldr	r3, [pc, #96]	@ (1000162c <best_effort_wfe_or_timeout+0xc0>)
100015cc:	6a58      	ldr	r0, [r3, #36]	@ 0x24
100015ce:	42a0      	cmp	r0, r4
100015d0:	d2d9      	bcs.n	10001586 <best_effort_wfe_or_timeout+0x1a>
100015d2:	2000      	movs	r0, #0
100015d4:	b003      	add	sp, #12
100015d6:	e8bd 83f0 	ldmia.w	sp!, {r4, r5, r6, r7, r8, r9, pc}
100015da:	6a9b      	ldr	r3, [r3, #40]	@ 0x28
100015dc:	42ab      	cmp	r3, r5
100015de:	d201      	bcs.n	100015e4 <best_effort_wfe_or_timeout+0x78>
100015e0:	42a2      	cmp	r2, r4
100015e2:	d0f1      	beq.n	100015c8 <best_effort_wfe_or_timeout+0x5c>
100015e4:	2001      	movs	r0, #1
100015e6:	b003      	add	sp, #12
100015e8:	e8bd 83f0 	ldmia.w	sp!, {r4, r5, r6, r7, r8, r9, pc}
100015ec:	f000 f83e 	bl	1000166c <time_us_64>
100015f0:	4285      	cmp	r5, r0
100015f2:	eb64 0101 	sbc.w	r1, r4, r1
100015f6:	2900      	cmp	r1, #0
100015f8:	dbc1      	blt.n	1000157e <best_effort_wfe_or_timeout+0x12>
100015fa:	4b0e      	ldr	r3, [pc, #56]	@ (10001634 <best_effort_wfe_or_timeout+0xc8>)
100015fc:	4638      	mov	r0, r7
100015fe:	e9cd 3600 	strd	r3, r6, [sp]
10001602:	462a      	mov	r2, r5
10001604:	4623      	mov	r3, r4
10001606:	f7ff feb9 	bl	1000137c <alarm_pool_add_alarm_at_force_in_context>
1000160a:	1e01      	subs	r1, r0, #0
1000160c:	ddb7      	ble.n	1000157e <best_effort_wfe_or_timeout+0x12>
1000160e:	4b07      	ldr	r3, [pc, #28]	@ (1000162c <best_effort_wfe_or_timeout+0xc0>)
10001610:	6a5a      	ldr	r2, [r3, #36]	@ 0x24
10001612:	42a2      	cmp	r2, r4
10001614:	d304      	bcc.n	10001620 <best_effort_wfe_or_timeout+0xb4>
10001616:	6a9b      	ldr	r3, [r3, #40]	@ 0x28
10001618:	42ab      	cmp	r3, r5
1000161a:	d202      	bcs.n	10001622 <best_effort_wfe_or_timeout+0xb6>
1000161c:	42a2      	cmp	r2, r4
1000161e:	d100      	bne.n	10001622 <best_effort_wfe_or_timeout+0xb6>
10001620:	bf20      	wfe
10001622:	4803      	ldr	r0, [pc, #12]	@ (10001630 <best_effort_wfe_or_timeout+0xc4>)
10001624:	f7ff ff0e 	bl	10001444 <alarm_pool_cancel_alarm>
10001628:	e7a9      	b.n	1000157e <best_effort_wfe_or_timeout+0x12>
1000162a:	bf00      	nop
1000162c:	400b0000 	.word	0x400b0000
10001630:	2000153c 	.word	0x2000153c
10001634:	10000e5d 	.word	0x10000e5d

10001638 <timer_hardware_alarm_claim>:
10001638:	b410      	push	{r4}
1000163a:	4b05      	ldr	r3, [pc, #20]	@ (10001650 <timer_hardware_alarm_claim+0x18>)
1000163c:	4c05      	ldr	r4, [pc, #20]	@ (10001654 <timer_hardware_alarm_claim+0x1c>)
1000163e:	4a06      	ldr	r2, [pc, #24]	@ (10001658 <timer_hardware_alarm_claim+0x20>)
10001640:	42a0      	cmp	r0, r4
10001642:	bf14      	ite	ne
10001644:	4618      	movne	r0, r3
10001646:	1c58      	addeq	r0, r3, #1
10001648:	f85d 4b04 	ldr.w	r4, [sp], #4
1000164c:	f7ff b824 	b.w	10000698 <hw_claim_or_assert>
10001650:	20001a40 	.word	0x20001a40
10001654:	400b8000 	.word	0x400b8000
10001658:	10005ff8 	.word	0x10005ff8

1000165c <timer_time_us_64>:
1000165c:	4603      	mov	r3, r0
1000165e:	6a41      	ldr	r1, [r0, #36]	@ 0x24
10001660:	460a      	mov	r2, r1
10001662:	6a98      	ldr	r0, [r3, #40]	@ 0x28
10001664:	6a59      	ldr	r1, [r3, #36]	@ 0x24
10001666:	428a      	cmp	r2, r1
10001668:	d1fa      	bne.n	10001660 <timer_time_us_64+0x4>
1000166a:	4770      	bx	lr

1000166c <time_us_64>:
1000166c:	4b03      	ldr	r3, [pc, #12]	@ (1000167c <time_us_64+0x10>)
1000166e:	6a59      	ldr	r1, [r3, #36]	@ 0x24
10001670:	460a      	mov	r2, r1
10001672:	6a98      	ldr	r0, [r3, #40]	@ 0x28
10001674:	6a59      	ldr	r1, [r3, #36]	@ 0x24
10001676:	4291      	cmp	r1, r2
10001678:	d1fa      	bne.n	10001670 <time_us_64+0x4>
1000167a:	4770      	bx	lr
1000167c:	400b0000 	.word	0x400b0000

10001680 <busy_wait_until>:
10001680:	4a07      	ldr	r2, [pc, #28]	@ (100016a0 <busy_wait_until+0x20>)
10001682:	6a53      	ldr	r3, [r2, #36]	@ 0x24
10001684:	4299      	cmp	r1, r3
10001686:	d8fc      	bhi.n	10001682 <busy_wait_until+0x2>
10001688:	4299      	cmp	r1, r3
1000168a:	d107      	bne.n	1000169c <busy_wait_until+0x1c>
1000168c:	4b04      	ldr	r3, [pc, #16]	@ (100016a0 <busy_wait_until+0x20>)
1000168e:	e002      	b.n	10001696 <busy_wait_until+0x16>
10001690:	6a5a      	ldr	r2, [r3, #36]	@ 0x24
10001692:	4291      	cmp	r1, r2
10001694:	d102      	bne.n	1000169c <busy_wait_until+0x1c>
10001696:	6a9a      	ldr	r2, [r3, #40]	@ 0x28
10001698:	4282      	cmp	r2, r0
1000169a:	d3f9      	bcc.n	10001690 <busy_wait_until+0x10>
1000169c:	4770      	bx	lr
1000169e:	bf00      	nop
100016a0:	400b0000 	.word	0x400b0000

100016a4 <clock_configure_undivided>:
100016a4:	eb00 0c40 	add.w	ip, r0, r0, lsl #1
100016a8:	ea4f 0c8c 	mov.w	ip, ip, lsl #2
100016ac:	f10c 4c80 	add.w	ip, ip, #1073741824	@ 0x40000000
100016b0:	f50c 3c80 	add.w	ip, ip, #65536	@ 0x10000
100016b4:	b5f0      	push	{r4, r5, r6, r7, lr}
100016b6:	4616      	mov	r6, r2
100016b8:	f8dc 2004 	ldr.w	r2, [ip, #4]
100016bc:	1f05      	subs	r5, r0, #4
100016be:	f5b2 3f80 	cmp.w	r2, #65536	@ 0x10000
100016c2:	bf38      	it	cc
100016c4:	f44f 3280 	movcc.w	r2, #65536	@ 0x10000
100016c8:	b2ed      	uxtb	r5, r5
100016ca:	bf38      	it	cc
100016cc:	f8cc 2004 	strcc.w	r2, [ip, #4]
100016d0:	2d01      	cmp	r5, #1
100016d2:	d92a      	bls.n	1000172a <clock_configure_undivided+0x86>
100016d4:	f44f 6700 	mov.w	r7, #2048	@ 0x800
100016d8:	4c25      	ldr	r4, [pc, #148]	@ (10001770 <clock_configure_undivided+0xcc>)
100016da:	f50c 5240 	add.w	r2, ip, #12288	@ 0x3000
100016de:	6017      	str	r7, [r2, #0]
100016e0:	f854 2020 	ldr.w	r2, [r4, r0, lsl #2]
100016e4:	b9b2      	cbnz	r2, 10001714 <clock_configure_undivided+0x70>
100016e6:	f8dc 2000 	ldr.w	r2, [ip]
100016ea:	2d01      	cmp	r5, #1
100016ec:	ea82 1246 	eor.w	r2, r2, r6, lsl #5
100016f0:	f002 02e0 	and.w	r2, r2, #224	@ 0xe0
100016f4:	f50c 5680 	add.w	r6, ip, #4096	@ 0x1000
100016f8:	6032      	str	r2, [r6, #0]
100016fa:	d92a      	bls.n	10001752 <clock_configure_undivided+0xae>
100016fc:	f44f 6100 	mov.w	r1, #2048	@ 0x800
10001700:	f844 3020 	str.w	r3, [r4, r0, lsl #2]
10001704:	f44f 3380 	mov.w	r3, #65536	@ 0x10000
10001708:	f50c 5200 	add.w	r2, ip, #8192	@ 0x2000
1000170c:	6011      	str	r1, [r2, #0]
1000170e:	f8cc 3004 	str.w	r3, [ip, #4]
10001712:	bdf0      	pop	{r4, r5, r6, r7, pc}
10001714:	6967      	ldr	r7, [r4, #20]
10001716:	fbb7 fef2 	udiv	lr, r7, r2
1000171a:	f10e 0e01 	add.w	lr, lr, #1
1000171e:	eb0e 0e4e 	add.w	lr, lr, lr, lsl #1
10001722:	f1be 0e03 	subs.w	lr, lr, #3
10001726:	d2fc      	bcs.n	10001722 <clock_configure_undivided+0x7e>
10001728:	e7dd      	b.n	100016e6 <clock_configure_undivided+0x42>
1000172a:	2901      	cmp	r1, #1
1000172c:	d1d2      	bne.n	100016d4 <clock_configure_undivided+0x30>
1000172e:	2403      	movs	r4, #3
10001730:	f50c 5240 	add.w	r2, ip, #12288	@ 0x3000
10001734:	6014      	str	r4, [r2, #0]
10001736:	f8dc 2008 	ldr.w	r2, [ip, #8]
1000173a:	07d2      	lsls	r2, r2, #31
1000173c:	d5fb      	bpl.n	10001736 <clock_configure_undivided+0x92>
1000173e:	f8dc 2000 	ldr.w	r2, [ip]
10001742:	4c0b      	ldr	r4, [pc, #44]	@ (10001770 <clock_configure_undivided+0xcc>)
10001744:	ea82 1246 	eor.w	r2, r2, r6, lsl #5
10001748:	f002 02e0 	and.w	r2, r2, #224	@ 0xe0
1000174c:	f50c 5680 	add.w	r6, ip, #4096	@ 0x1000
10001750:	6032      	str	r2, [r6, #0]
10001752:	2201      	movs	r2, #1
10001754:	f8dc 5000 	ldr.w	r5, [ip]
10001758:	404d      	eors	r5, r1
1000175a:	f005 0503 	and.w	r5, r5, #3
1000175e:	6035      	str	r5, [r6, #0]
10001760:	fa02 f101 	lsl.w	r1, r2, r1
10001764:	f8dc 2008 	ldr.w	r2, [ip, #8]
10001768:	420a      	tst	r2, r1
1000176a:	d0fb      	beq.n	10001764 <clock_configure_undivided+0xc0>
1000176c:	e7c6      	b.n	100016fc <clock_configure_undivided+0x58>
1000176e:	bf00      	nop
10001770:	20001a44 	.word	0x20001a44

10001774 <clock_get_hz>:
10001774:	4b01      	ldr	r3, [pc, #4]	@ (1000177c <clock_get_hz+0x8>)
10001776:	f853 0020 	ldr.w	r0, [r3, r0, lsl #2]
1000177a:	4770      	bx	lr
1000177c:	20001a44 	.word	0x20001a44

10001780 <pll_init>:
10001780:	b470      	push	{r4, r5, r6}
10001782:	9d03      	ldr	r5, [sp, #12]
10001784:	6804      	ldr	r4, [r0, #0]
10001786:	032d      	lsls	r5, r5, #12
10001788:	ea45 4503 	orr.w	r5, r5, r3, lsl #16
1000178c:	4b1b      	ldr	r3, [pc, #108]	@ (100017fc <pll_init+0x7c>)
1000178e:	2c00      	cmp	r4, #0
10001790:	fbb3 f3f1 	udiv	r3, r3, r1
10001794:	fbb2 f6f3 	udiv	r6, r2, r3
10001798:	db1f      	blt.n	100017da <pll_init+0x5a>
1000179a:	4a19      	ldr	r2, [pc, #100]	@ (10001800 <pll_init+0x80>)
1000179c:	4b19      	ldr	r3, [pc, #100]	@ (10001804 <pll_init+0x84>)
1000179e:	4290      	cmp	r0, r2
100017a0:	bf14      	ite	ne
100017a2:	f44f 4280 	movne.w	r2, #16384	@ 0x4000
100017a6:	f44f 4200 	moveq.w	r2, #32768	@ 0x8000
100017aa:	4c17      	ldr	r4, [pc, #92]	@ (10001808 <pll_init+0x88>)
100017ac:	601a      	str	r2, [r3, #0]
100017ae:	f503 5380 	add.w	r3, r3, #4096	@ 0x1000
100017b2:	601a      	str	r2, [r3, #0]
100017b4:	68a3      	ldr	r3, [r4, #8]
100017b6:	ea32 0303 	bics.w	r3, r2, r3
100017ba:	d1fb      	bne.n	100017b4 <pll_init+0x34>
100017bc:	2221      	movs	r2, #33	@ 0x21
100017be:	f500 5340 	add.w	r3, r0, #12288	@ 0x3000
100017c2:	3304      	adds	r3, #4
100017c4:	6001      	str	r1, [r0, #0]
100017c6:	6086      	str	r6, [r0, #8]
100017c8:	601a      	str	r2, [r3, #0]
100017ca:	6802      	ldr	r2, [r0, #0]
100017cc:	2a00      	cmp	r2, #0
100017ce:	dafc      	bge.n	100017ca <pll_init+0x4a>
100017d0:	2208      	movs	r2, #8
100017d2:	60c5      	str	r5, [r0, #12]
100017d4:	601a      	str	r2, [r3, #0]
100017d6:	bc70      	pop	{r4, r5, r6}
100017d8:	4770      	bx	lr
100017da:	6803      	ldr	r3, [r0, #0]
100017dc:	f003 033f 	and.w	r3, r3, #63	@ 0x3f
100017e0:	428b      	cmp	r3, r1
100017e2:	d1da      	bne.n	1000179a <pll_init+0x1a>
100017e4:	6883      	ldr	r3, [r0, #8]
100017e6:	f3c3 030b 	ubfx	r3, r3, #0, #12
100017ea:	42b3      	cmp	r3, r6
100017ec:	d1d5      	bne.n	1000179a <pll_init+0x1a>
100017ee:	68c3      	ldr	r3, [r0, #12]
100017f0:	f403 23ee 	and.w	r3, r3, #487424	@ 0x77000
100017f4:	42ab      	cmp	r3, r5
100017f6:	d1d0      	bne.n	1000179a <pll_init+0x1a>
100017f8:	e7ed      	b.n	100017d6 <pll_init+0x56>
100017fa:	bf00      	nop
100017fc:	00b71b00 	.word	0x00b71b00
10001800:	40058000 	.word	0x40058000
10001804:	40022000 	.word	0x40022000
10001808:	40020000 	.word	0x40020000

1000180c <watchdog_reboot>:
1000180c:	b430      	push	{r4, r5}
1000180e:	f04f 4480 	mov.w	r4, #1073741824	@ 0x40000000
10001812:	4b1c      	ldr	r3, [pc, #112]	@ (10001884 <watchdog_reboot+0x78>)
10001814:	601c      	str	r4, [r3, #0]
10001816:	b1e0      	cbz	r0, 10001852 <watchdog_reboot+0x46>
10001818:	4c1b      	ldr	r4, [pc, #108]	@ (10001888 <watchdog_reboot+0x7c>)
1000181a:	f5a3 5340 	sub.w	r3, r3, #12288	@ 0x3000
1000181e:	61dc      	str	r4, [r3, #28]
10001820:	4c1a      	ldr	r4, [pc, #104]	@ (1000188c <watchdog_reboot+0x80>)
10001822:	f040 0001 	orr.w	r0, r0, #1
10001826:	4044      	eors	r4, r0
10001828:	621c      	str	r4, [r3, #32]
1000182a:	6259      	str	r1, [r3, #36]	@ 0x24
1000182c:	6298      	str	r0, [r3, #40]	@ 0x28
1000182e:	f04f 4580 	mov.w	r5, #1073741824	@ 0x40000000
10001832:	f04f 61e0 	mov.w	r1, #117440512	@ 0x7000000
10001836:	4b13      	ldr	r3, [pc, #76]	@ (10001884 <watchdog_reboot+0x78>)
10001838:	4815      	ldr	r0, [pc, #84]	@ (10001890 <watchdog_reboot+0x84>)
1000183a:	4c16      	ldr	r4, [pc, #88]	@ (10001894 <watchdog_reboot+0x88>)
1000183c:	601d      	str	r5, [r3, #0]
1000183e:	6084      	str	r4, [r0, #8]
10001840:	6019      	str	r1, [r3, #0]
10001842:	b94a      	cbnz	r2, 10001858 <watchdog_reboot+0x4c>
10001844:	bc30      	pop	{r4, r5}
10001846:	f04f 4200 	mov.w	r2, #2147483648	@ 0x80000000
1000184a:	f5a3 5380 	sub.w	r3, r3, #4096	@ 0x1000
1000184e:	601a      	str	r2, [r3, #0]
10001850:	4770      	bx	lr
10001852:	4b11      	ldr	r3, [pc, #68]	@ (10001898 <watchdog_reboot+0x8c>)
10001854:	61d8      	str	r0, [r3, #28]
10001856:	e7ea      	b.n	1000182e <watchdog_reboot+0x22>
10001858:	f44f 737a 	mov.w	r3, #1000	@ 0x3e8
1000185c:	fb03 f202 	mul.w	r2, r3, r2
10001860:	f1b2 7f80 	cmp.w	r2, #16777216	@ 0x1000000
10001864:	bf2a      	itet	cs
10001866:	f06f 437f 	mvncs.w	r3, #4278190080	@ 0xff000000
1000186a:	4613      	movcc	r3, r2
1000186c:	461a      	movcs	r2, r3
1000186e:	f04f 4180 	mov.w	r1, #1073741824	@ 0x40000000
10001872:	4c0a      	ldr	r4, [pc, #40]	@ (1000189c <watchdog_reboot+0x90>)
10001874:	4808      	ldr	r0, [pc, #32]	@ (10001898 <watchdog_reboot+0x8c>)
10001876:	6023      	str	r3, [r4, #0]
10001878:	4b09      	ldr	r3, [pc, #36]	@ (100018a0 <watchdog_reboot+0x94>)
1000187a:	6042      	str	r2, [r0, #4]
1000187c:	bc30      	pop	{r4, r5}
1000187e:	6019      	str	r1, [r3, #0]
10001880:	4770      	bx	lr
10001882:	bf00      	nop
10001884:	400db000 	.word	0x400db000
10001888:	b007c0d3 	.word	0xb007c0d3
1000188c:	4ff83f2d 	.word	0x4ff83f2d
10001890:	4001a000 	.word	0x4001a000
10001894:	01fffff3 	.word	0x01fffff3
10001898:	400d8000 	.word	0x400d8000
1000189c:	20001ea4 	.word	0x20001ea4
100018a0:	400da000 	.word	0x400da000

100018a4 <tick_start>:
100018a4:	2301      	movs	r3, #1
100018a6:	eb00 0040 	add.w	r0, r0, r0, lsl #1
100018aa:	0080      	lsls	r0, r0, #2
100018ac:	f100 4080 	add.w	r0, r0, #1073741824	@ 0x40000000
100018b0:	f500 1084 	add.w	r0, r0, #1081344	@ 0x108000
100018b4:	6041      	str	r1, [r0, #4]
100018b6:	6003      	str	r3, [r0, #0]
100018b8:	4770      	bx	lr
100018ba:	bf00      	nop

100018bc <tick_stop>:
100018bc:	2201      	movs	r2, #1
100018be:	4b03      	ldr	r3, [pc, #12]	@ (100018cc <tick_stop+0x10>)
100018c0:	eb00 0040 	add.w	r0, r0, r0, lsl #1
100018c4:	0080      	lsls	r0, r0, #2
100018c6:	4403      	add	r3, r0
100018c8:	601a      	str	r2, [r3, #0]
100018ca:	4770      	bx	lr
100018cc:	4010b000 	.word	0x4010b000

100018d0 <rom_reboot.constprop.0.isra.0>:
100018d0:	2300      	movs	r3, #0
100018d2:	b570      	push	{r4, r5, r6, lr}
100018d4:	8adb      	ldrh	r3, [r3, #22]
100018d6:	4604      	mov	r4, r0
100018d8:	460d      	mov	r5, r1
100018da:	4616      	mov	r6, r2
100018dc:	2200      	movs	r2, #0
100018de:	e842 f200 	tt	r2, r2
100018e2:	0252      	lsls	r2, r2, #9
100018e4:	bf54      	ite	pl
100018e6:	2110      	movpl	r1, #16
100018e8:	2104      	movmi	r1, #4
100018ea:	f244 2052 	movw	r0, #16978	@ 0x4252
100018ee:	4798      	blx	r3
100018f0:	4686      	mov	lr, r0
100018f2:	4633      	mov	r3, r6
100018f4:	462a      	mov	r2, r5
100018f6:	4620      	mov	r0, r4
100018f8:	46f4      	mov	ip, lr
100018fa:	e8bd 4070 	ldmia.w	sp!, {r4, r5, r6, lr}
100018fe:	210a      	movs	r1, #10
10001900:	4760      	bx	ip
10001902:	bf00      	nop

10001904 <rom_func_lookup>:
10001904:	2300      	movs	r3, #0
10001906:	8adb      	ldrh	r3, [r3, #22]
10001908:	2200      	movs	r2, #0
1000190a:	e842 f200 	tt	r2, r2
1000190e:	0252      	lsls	r2, r2, #9
10001910:	d401      	bmi.n	10001916 <rom_func_lookup+0x12>
10001912:	2110      	movs	r1, #16
10001914:	4718      	bx	r3
10001916:	2104      	movs	r1, #4
10001918:	4718      	bx	r3
1000191a:	bf00      	nop

1000191c <rom_reset_usb_boot_extra>:
1000191c:	b508      	push	{r3, lr}
1000191e:	4613      	mov	r3, r2
10001920:	1e02      	subs	r2, r0, #0
10001922:	db02      	blt.n	1000192a <rom_reset_usb_boot_extra+0xe>
10001924:	b15b      	cbz	r3, 1000193e <rom_reset_usb_boot_extra+0x22>
10001926:	f041 0130 	orr.w	r1, r1, #48	@ 0x30
1000192a:	068b      	lsls	r3, r1, #26
1000192c:	d503      	bpl.n	10001936 <rom_reset_usb_boot_extra+0x1a>
1000192e:	2300      	movs	r3, #0
10001930:	7cdb      	ldrb	r3, [r3, #19]
10001932:	2b02      	cmp	r3, #2
10001934:	d006      	beq.n	10001944 <rom_reset_usb_boot_extra+0x28>
10001936:	f44f 7081 	mov.w	r0, #258	@ 0x102
1000193a:	f7ff ffc9 	bl	100018d0 <rom_reboot.constprop.0.isra.0>
1000193e:	f041 0120 	orr.w	r1, r1, #32
10001942:	e7f2      	b.n	1000192a <rom_reset_usb_boot_extra+0xe>
10001944:	f44f 7091 	mov.w	r0, #290	@ 0x122
10001948:	f7ff ffc2 	bl	100018d0 <rom_reboot.constprop.0.isra.0>

1000194c <runtime_init_bootrom_locking_enable>:
1000194c:	4a03      	ldr	r2, [pc, #12]	@ (1000195c <runtime_init_bootrom_locking_enable+0x10>)
1000194e:	f8d2 3828 	ldr.w	r3, [r2, #2088]	@ 0x828
10001952:	2b00      	cmp	r3, #0
10001954:	d0fb      	beq.n	1000194e <runtime_init_bootrom_locking_enable+0x2>
10001956:	f3bf 8f5f 	dmb	sy
1000195a:	4770      	bx	lr
1000195c:	400e0000 	.word	0x400e0000

10001960 <runtime_init_boot_locks_reset>:
10001960:	2100      	movs	r1, #0
10001962:	4b04      	ldr	r3, [pc, #16]	@ (10001974 <runtime_init_boot_locks_reset+0x14>)
10001964:	4a04      	ldr	r2, [pc, #16]	@ (10001978 <runtime_init_boot_locks_reset+0x18>)
10001966:	f3bf 8f5f 	dmb	sy
1000196a:	f843 1b04 	str.w	r1, [r3], #4
1000196e:	4293      	cmp	r3, r2
10001970:	d1f9      	bne.n	10001966 <runtime_init_boot_locks_reset+0x6>
10001972:	4770      	bx	lr
10001974:	400e080c 	.word	0x400e080c
10001978:	400e082c 	.word	0x400e082c

1000197c <xosc_init>:
1000197c:	b410      	push	{r4}
1000197e:	f44f 708d 	mov.w	r0, #282	@ 0x11a
10001982:	f44f 642a 	mov.w	r4, #2720	@ 0xaa0
10001986:	4a06      	ldr	r2, [pc, #24]	@ (100019a0 <xosc_init+0x24>)
10001988:	4b06      	ldr	r3, [pc, #24]	@ (100019a4 <xosc_init+0x28>)
1000198a:	4907      	ldr	r1, [pc, #28]	@ (100019a8 <xosc_init+0x2c>)
1000198c:	6014      	str	r4, [r2, #0]
1000198e:	60d0      	str	r0, [r2, #12]
10001990:	6019      	str	r1, [r3, #0]
10001992:	6853      	ldr	r3, [r2, #4]
10001994:	2b00      	cmp	r3, #0
10001996:	dafc      	bge.n	10001992 <xosc_init+0x16>
10001998:	f85d 4b04 	ldr.w	r4, [sp], #4
1000199c:	4770      	bx	lr
1000199e:	bf00      	nop
100019a0:	40048000 	.word	0x40048000
100019a4:	4004a000 	.word	0x4004a000
100019a8:	00fab000 	.word	0x00fab000

100019ac <first_per_core_initializer>:
100019ac:	4770      	bx	lr
100019ae:	bf00      	nop

100019b0 <hard_assertion_failure>:
100019b0:	b508      	push	{r3, lr}
100019b2:	4801      	ldr	r0, [pc, #4]	@ (100019b8 <hard_assertion_failure+0x8>)
100019b4:	f7fe fe58 	bl	10000668 <panic>
100019b8:	1000601c 	.word	0x1000601c

100019bc <runtime_run_initializers>:
100019bc:	b538      	push	{r3, r4, r5, lr}
100019be:	4c05      	ldr	r4, [pc, #20]	@ (100019d4 <runtime_run_initializers+0x18>)
100019c0:	4d05      	ldr	r5, [pc, #20]	@ (100019d8 <runtime_run_initializers+0x1c>)
100019c2:	42ac      	cmp	r4, r5
100019c4:	d204      	bcs.n	100019d0 <runtime_run_initializers+0x14>
100019c6:	f854 3b04 	ldr.w	r3, [r4], #4
100019ca:	4798      	blx	r3
100019cc:	42ac      	cmp	r4, r5
100019ce:	d3fa      	bcc.n	100019c6 <runtime_run_initializers+0xa>
100019d0:	bd38      	pop	{r3, r4, r5, pc}
100019d2:	bf00      	nop
100019d4:	10005f20 	.word	0x10005f20
100019d8:	10005f60 	.word	0x10005f60

100019dc <runtime_init_early_resets>:
100019dc:	b410      	push	{r4}
100019de:	4807      	ldr	r0, [pc, #28]	@ (100019fc <runtime_init_early_resets+0x20>)
100019e0:	4c07      	ldr	r4, [pc, #28]	@ (10001a00 <runtime_init_early_resets+0x24>)
100019e2:	4b08      	ldr	r3, [pc, #32]	@ (10001a04 <runtime_init_early_resets+0x28>)
100019e4:	4a08      	ldr	r2, [pc, #32]	@ (10001a08 <runtime_init_early_resets+0x2c>)
100019e6:	4909      	ldr	r1, [pc, #36]	@ (10001a0c <runtime_init_early_resets+0x30>)
100019e8:	6004      	str	r4, [r0, #0]
100019ea:	601a      	str	r2, [r3, #0]
100019ec:	688b      	ldr	r3, [r1, #8]
100019ee:	ea32 0303 	bics.w	r3, r2, r3
100019f2:	d1fb      	bne.n	100019ec <runtime_init_early_resets+0x10>
100019f4:	f85d 4b04 	ldr.w	r4, [sp], #4
100019f8:	4770      	bx	lr
100019fa:	bf00      	nop
100019fc:	40022000 	.word	0x40022000
10001a00:	efef3b7f 	.word	0xefef3b7f
10001a04:	40023000 	.word	0x40023000
10001a08:	03f3fff6 	.word	0x03f3fff6
10001a0c:	40020000 	.word	0x40020000

10001a10 <runtime_init_usb_power_down>:
10001a10:	4b04      	ldr	r3, [pc, #16]	@ (10001a24 <runtime_init_usb_power_down+0x14>)
10001a12:	6cdb      	ldr	r3, [r3, #76]	@ 0x4c
10001a14:	f5b3 4f00 	cmp.w	r3, #32768	@ 0x8000
10001a18:	d103      	bne.n	10001a22 <runtime_init_usb_power_down+0x12>
10001a1a:	f44f 2280 	mov.w	r2, #262144	@ 0x40000
10001a1e:	4b02      	ldr	r3, [pc, #8]	@ (10001a28 <runtime_init_usb_power_down+0x18>)
10001a20:	64da      	str	r2, [r3, #76]	@ 0x4c
10001a22:	4770      	bx	lr
10001a24:	50110000 	.word	0x50110000
10001a28:	50112000 	.word	0x50112000

10001a2c <runtime_init_per_core_enable_coprocessors>:
10001a2c:	f04f 22e0 	mov.w	r2, #3758153728	@ 0xe000e000
10001a30:	4b04      	ldr	r3, [pc, #16]	@ (10001a44 <runtime_init_per_core_enable_coprocessors+0x18>)
10001a32:	f8d2 1d88 	ldr.w	r1, [r2, #3464]	@ 0xd88
10001a36:	430b      	orrs	r3, r1
10001a38:	f8c2 3d88 	str.w	r3, [r2, #3464]	@ 0xd88
10001a3c:	ee10 0430 	dcp_rcmp r0
10001a40:	4770      	bx	lr
10001a42:	bf00      	nop
10001a44:	00300303 	.word	0x00300303

10001a48 <runtime_init_post_clock_resets>:
10001a48:	f06f 4160 	mvn.w	r1, #3758096384	@ 0xe0000000
10001a4c:	4b04      	ldr	r3, [pc, #16]	@ (10001a60 <runtime_init_post_clock_resets+0x18>)
10001a4e:	4a05      	ldr	r2, [pc, #20]	@ (10001a64 <runtime_init_post_clock_resets+0x1c>)
10001a50:	6019      	str	r1, [r3, #0]
10001a52:	6893      	ldr	r3, [r2, #8]
10001a54:	43db      	mvns	r3, r3
10001a56:	f033 4360 	bics.w	r3, r3, #3758096384	@ 0xe0000000
10001a5a:	d1fa      	bne.n	10001a52 <runtime_init_post_clock_resets+0xa>
10001a5c:	4770      	bx	lr
10001a5e:	bf00      	nop
10001a60:	40023000 	.word	0x40023000
10001a64:	40020000 	.word	0x40020000

10001a68 <runtime_init_bootrom_reset>:
10001a68:	b510      	push	{r4, lr}
10001a6a:	f245 2053 	movw	r0, #21075	@ 0x5253
10001a6e:	f7ff ff49 	bl	10001904 <rom_func_lookup>
10001a72:	e8bd 4010 	ldmia.w	sp!, {r4, lr}
10001a76:	4603      	mov	r3, r0
10001a78:	2004      	movs	r0, #4
10001a7a:	4718      	bx	r3

10001a7c <runtime_init_per_core_bootrom_reset>:
10001a7c:	b510      	push	{r4, lr}
10001a7e:	f245 2053 	movw	r0, #21075	@ 0x5253
10001a82:	f7ff ff3f 	bl	10001904 <rom_func_lookup>
10001a86:	e8bd 4010 	ldmia.w	sp!, {r4, lr}
10001a8a:	4603      	mov	r3, r0
10001a8c:	2001      	movs	r0, #1
10001a8e:	4718      	bx	r3

10001a90 <runtime_init_spin_locks_reset>:
10001a90:	f7fe bea0 	b.w	100007d4 <spin_locks_reset>

10001a94 <runtime_init_install_ram_vector_table>:
10001a94:	b538      	push	{r3, r4, r5, lr}
10001a96:	4913      	ldr	r1, [pc, #76]	@ (10001ae4 <runtime_init_install_ram_vector_table+0x50>)
10001a98:	4c13      	ldr	r4, [pc, #76]	@ (10001ae8 <runtime_init_install_ram_vector_table+0x54>)
10001a9a:	4d14      	ldr	r5, [pc, #80]	@ (10001aec <runtime_init_install_ram_vector_table+0x58>)
10001a9c:	1a64      	subs	r4, r4, r1
10001a9e:	08a4      	lsrs	r4, r4, #2
10001aa0:	2c44      	cmp	r4, #68	@ 0x44
10001aa2:	4622      	mov	r2, r4
10001aa4:	bf28      	it	cs
10001aa6:	2244      	movcs	r2, #68	@ 0x44
10001aa8:	4628      	mov	r0, r5
10001aaa:	0092      	lsls	r2, r2, #2
10001aac:	f004 f968 	bl	10005d80 <memcpy>
10001ab0:	2c43      	cmp	r4, #67	@ 0x43
10001ab2:	d814      	bhi.n	10001ade <runtime_init_install_ram_vector_table+0x4a>
10001ab4:	4a0e      	ldr	r2, [pc, #56]	@ (10001af0 <runtime_init_install_ram_vector_table+0x5c>)
10001ab6:	f1c4 0044 	rsb	r0, r4, #68	@ 0x44
10001aba:	d00e      	beq.n	10001ada <runtime_init_install_ram_vector_table+0x46>
10001abc:	eb05 0384 	add.w	r3, r5, r4, lsl #2
10001ac0:	0841      	lsrs	r1, r0, #1
10001ac2:	eb03 01c1 	add.w	r1, r3, r1, lsl #3
10001ac6:	e9c3 2200 	strd	r2, r2, [r3]
10001aca:	3308      	adds	r3, #8
10001acc:	4299      	cmp	r1, r3
10001ace:	d1fa      	bne.n	10001ac6 <runtime_init_install_ram_vector_table+0x32>
10001ad0:	07c3      	lsls	r3, r0, #31
10001ad2:	d504      	bpl.n	10001ade <runtime_init_install_ram_vector_table+0x4a>
10001ad4:	f020 0001 	bic.w	r0, r0, #1
10001ad8:	4404      	add	r4, r0
10001ada:	f845 2024 	str.w	r2, [r5, r4, lsl #2]
10001ade:	4b05      	ldr	r3, [pc, #20]	@ (10001af4 <runtime_init_install_ram_vector_table+0x60>)
10001ae0:	609d      	str	r5, [r3, #8]
10001ae2:	bd38      	pop	{r3, r4, r5, pc}
10001ae4:	10000000 	.word	0x10000000
10001ae8:	10000110 	.word	0x10000110
10001aec:	20000000 	.word	0x20000000
10001af0:	10000111 	.word	0x10000111
10001af4:	e000ed00 	.word	0xe000ed00

10001af8 <runtime_init_clocks>:
10001af8:	2300      	movs	r3, #0
10001afa:	b570      	push	{r4, r5, r6, lr}
10001afc:	4c2b      	ldr	r4, [pc, #172]	@ (10001bac <runtime_init_clocks+0xb4>)
10001afe:	b082      	sub	sp, #8
10001b00:	f8c4 3084 	str.w	r3, [r4, #132]	@ 0x84
10001b04:	f7ff ff3a 	bl	1000197c <xosc_init>
10001b08:	2201      	movs	r2, #1
10001b0a:	4b29      	ldr	r3, [pc, #164]	@ (10001bb0 <runtime_init_clocks+0xb8>)
10001b0c:	63da      	str	r2, [r3, #60]	@ 0x3c
10001b0e:	6c63      	ldr	r3, [r4, #68]	@ 0x44
10001b10:	2b01      	cmp	r3, #1
10001b12:	d1fc      	bne.n	10001b0e <runtime_init_clocks+0x16>
10001b14:	2103      	movs	r1, #3
10001b16:	4a26      	ldr	r2, [pc, #152]	@ (10001bb0 <runtime_init_clocks+0xb8>)
10001b18:	4b24      	ldr	r3, [pc, #144]	@ (10001bac <runtime_init_clocks+0xb4>)
10001b1a:	6311      	str	r1, [r2, #48]	@ 0x30
10001b1c:	6b9c      	ldr	r4, [r3, #56]	@ 0x38
10001b1e:	2c01      	cmp	r4, #1
10001b20:	d1fc      	bne.n	10001b1c <runtime_init_clocks+0x24>
10001b22:	2602      	movs	r6, #2
10001b24:	2505      	movs	r5, #5
10001b26:	4621      	mov	r1, r4
10001b28:	2305      	movs	r3, #5
10001b2a:	4a22      	ldr	r2, [pc, #136]	@ (10001bb4 <runtime_init_clocks+0xbc>)
10001b2c:	4822      	ldr	r0, [pc, #136]	@ (10001bb8 <runtime_init_clocks+0xc0>)
10001b2e:	9600      	str	r6, [sp, #0]
10001b30:	f7ff fe26 	bl	10001780 <pll_init>
10001b34:	4621      	mov	r1, r4
10001b36:	462b      	mov	r3, r5
10001b38:	4a20      	ldr	r2, [pc, #128]	@ (10001bbc <runtime_init_clocks+0xc4>)
10001b3a:	4821      	ldr	r0, [pc, #132]	@ (10001bc0 <runtime_init_clocks+0xc8>)
10001b3c:	9500      	str	r5, [sp, #0]
10001b3e:	f7ff fe1f 	bl	10001780 <pll_init>
10001b42:	2200      	movs	r2, #0
10001b44:	2004      	movs	r0, #4
10001b46:	4631      	mov	r1, r6
10001b48:	4b1e      	ldr	r3, [pc, #120]	@ (10001bc4 <runtime_init_clocks+0xcc>)
10001b4a:	f7ff fdab 	bl	100016a4 <clock_configure_undivided>
10001b4e:	4621      	mov	r1, r4
10001b50:	4628      	mov	r0, r5
10001b52:	2200      	movs	r2, #0
10001b54:	4b1c      	ldr	r3, [pc, #112]	@ (10001bc8 <runtime_init_clocks+0xd0>)
10001b56:	f7ff fda5 	bl	100016a4 <clock_configure_undivided>
10001b5a:	2200      	movs	r2, #0
10001b5c:	2008      	movs	r0, #8
10001b5e:	4611      	mov	r1, r2
10001b60:	4b1a      	ldr	r3, [pc, #104]	@ (10001bcc <runtime_init_clocks+0xd4>)
10001b62:	f7ff fd9f 	bl	100016a4 <clock_configure_undivided>
10001b66:	2200      	movs	r2, #0
10001b68:	2009      	movs	r0, #9
10001b6a:	4611      	mov	r1, r2
10001b6c:	4b17      	ldr	r3, [pc, #92]	@ (10001bcc <runtime_init_clocks+0xd4>)
10001b6e:	f7ff fd99 	bl	100016a4 <clock_configure_undivided>
10001b72:	2200      	movs	r2, #0
10001b74:	2006      	movs	r0, #6
10001b76:	4611      	mov	r1, r2
10001b78:	4b13      	ldr	r3, [pc, #76]	@ (10001bc8 <runtime_init_clocks+0xd0>)
10001b7a:	f7ff fd93 	bl	100016a4 <clock_configure_undivided>
10001b7e:	2200      	movs	r2, #0
10001b80:	4b11      	ldr	r3, [pc, #68]	@ (10001bc8 <runtime_init_clocks+0xd0>)
10001b82:	2007      	movs	r0, #7
10001b84:	4611      	mov	r1, r2
10001b86:	f7ff fd8d 	bl	100016a4 <clock_configure_undivided>
10001b8a:	2004      	movs	r0, #4
10001b8c:	f7ff fdf2 	bl	10001774 <clock_get_hz>
10001b90:	2400      	movs	r4, #0
10001b92:	4b0f      	ldr	r3, [pc, #60]	@ (10001bd0 <runtime_init_clocks+0xd8>)
10001b94:	fba3 3500 	umull	r3, r5, r3, r0
10001b98:	0cad      	lsrs	r5, r5, #18
10001b9a:	b2e0      	uxtb	r0, r4
10001b9c:	4629      	mov	r1, r5
10001b9e:	3401      	adds	r4, #1
10001ba0:	f7ff fe80 	bl	100018a4 <tick_start>
10001ba4:	2c06      	cmp	r4, #6
10001ba6:	d1f8      	bne.n	10001b9a <runtime_init_clocks+0xa2>
10001ba8:	b002      	add	sp, #8
10001baa:	bd70      	pop	{r4, r5, r6, pc}
10001bac:	40010000 	.word	0x40010000
10001bb0:	40013000 	.word	0x40013000
10001bb4:	59682f00 	.word	0x59682f00
10001bb8:	40050000 	.word	0x40050000
10001bbc:	47868c00 	.word	0x47868c00
10001bc0:	40058000 	.word	0x40058000
10001bc4:	00b71b00 	.word	0x00b71b00
10001bc8:	08f0d180 	.word	0x08f0d180
10001bcc:	02dc6c00 	.word	0x02dc6c00
10001bd0:	431bde83 	.word	0x431bde83

10001bd4 <generic_save_state>:
10001bd4:	b086      	sub	sp, #24
10001bd6:	b403      	push	{r0, r1}
10001bd8:	fc51 0408 	dcp_pxmd r0, r1
10001bdc:	e9cd 0102 	strd	r0, r1, [sp, #8]
10001be0:	fc51 0409 	dcp_pymd r0, r1
10001be4:	e9cd 0104 	strd	r0, r1, [sp, #16]
10001be8:	ec51 040a 	dcp_refd r0, r1
10001bec:	e9cd 0106 	strd	r0, r1, [sp, #24]
10001bf0:	bc03      	pop	{r0, r1}
10001bf2:	47f0      	blx	lr

10001bf4 <generic_restore_state>:
10001bf4:	e8bd 5000 	ldmia.w	sp!, {ip, lr}
10001bf8:	ec4e c400 	dcp_wxmd ip, lr
10001bfc:	e8bd 5000 	ldmia.w	sp!, {ip, lr}
10001c00:	ec4e c401 	dcp_wymd ip, lr
10001c04:	e8bd 5000 	ldmia.w	sp!, {ip, lr}
10001c08:	ec4e c402 	dcp_wefd ip, lr
10001c0c:	bd00      	pop	{pc}
10001c0e:	0000      	movs	r0, r0
10001c10:	b500      	push	{lr}
10001c12:	f7ff ffdf 	bl	10001bd4 <generic_save_state>
10001c16:	e002      	b.n	10001c1e <__wrap___aeabi_dadd+0x6>

10001c18 <__wrap___aeabi_dadd>:
10001c18:	fe10 f430 	dcp_pcmp APSR_nzcv
10001c1c:	d4f8      	bmi.n	10001c10 <generic_restore_state+0x1c>
10001c1e:	ec41 0410 	dcp_wxup r0, r1
10001c22:	ec43 2411 	dcp_wyup r2, r3
10001c26:	ee00 0401 	dcp_add0
10001c2a:	ee10 0401 	dcp_add1
10001c2e:	ee80 0420 	dcp_nrdd
10001c32:	ec51 0410 	dcp_rdda r0, r1
10001c36:	4770      	bx	lr
10001c38:	b500      	push	{lr}
10001c3a:	f7ff ffcb 	bl	10001bd4 <generic_save_state>
10001c3e:	e002      	b.n	10001c46 <__wrap___aeabi_dsub+0x6>

10001c40 <__wrap___aeabi_dsub>:
10001c40:	fe10 f430 	dcp_pcmp APSR_nzcv
10001c44:	d4f8      	bmi.n	10001c38 <__wrap___aeabi_dadd+0x20>
10001c46:	ec41 0410 	dcp_wxup r0, r1
10001c4a:	ec43 2411 	dcp_wyup r2, r3
10001c4e:	ee00 0401 	dcp_add0
10001c52:	ee10 0421 	dcp_sub1
10001c56:	ee80 0420 	dcp_nrdd
10001c5a:	ec51 0430 	dcp_rdds r0, r1
10001c5e:	4770      	bx	lr
10001c60:	b500      	push	{lr}
10001c62:	f7ff ffb7 	bl	10001bd4 <generic_save_state>
10001c66:	e002      	b.n	10001c6e <__wrap___aeabi_dmul+0x6>

10001c68 <__wrap___aeabi_dmul>:
10001c68:	fe10 f430 	dcp_pcmp APSR_nzcv
10001c6c:	d4f8      	bmi.n	10001c60 <__wrap___aeabi_dsub+0x20>
10001c6e:	b510      	push	{r4, lr}
10001c70:	ec41 0410 	dcp_wxup r0, r1
10001c74:	ec43 2411 	dcp_wyup r2, r3
10001c78:	ec51 0404 	dcp_rxms r0, r1, #0x0
10001c7c:	ec53 2405 	dcp_ryms r2, r3, #0x0
10001c80:	fba0 4c02 	umull	r4, ip, r0, r2
10001c84:	f05f 0e00 	movs.w	lr, #0
10001c88:	fbe0 ce03 	umlal	ip, lr, r0, r3
10001c8c:	fbe1 ce02 	umlal	ip, lr, r1, r2
10001c90:	ec4c 4420 	dcp_wxms r4, ip
10001c94:	2400      	movs	r4, #0
10001c96:	fbe1 e403 	umlal	lr, r4, r1, r3
10001c9a:	ec44 e430 	dcp_wxmo lr, r4
10001c9e:	ee80 0420 	dcp_nrdd
10001ca2:	ec51 0450 	dcp_rddm r0, r1
10001ca6:	bd10      	pop	{r4, pc}
10001ca8:	b500      	push	{lr}
10001caa:	f7ff ff93 	bl	10001bd4 <generic_save_state>
10001cae:	e002      	b.n	10001cb6 <__wrap___aeabi_ddiv+0x6>

10001cb0 <__wrap___aeabi_ddiv>:
10001cb0:	fe10 f430 	dcp_pcmp APSR_nzcv
10001cb4:	d4f8      	bmi.n	10001ca8 <__wrap___aeabi_dmul+0x40>
10001cb6:	ec41 0410 	dcp_wxup r0, r1
10001cba:	ec43 2411 	dcp_wyup r2, r3
10001cbe:	ec51 0421 	dcp_rymr r0, r1
10001cc2:	fba0 1201 	umull	r1, r2, r0, r1
10001cc6:	ea6f 0282 	mvn.w	r2, r2, lsl #2
10001cca:	fb52 0010 	smmlar	r0, r2, r0, r0
10001cce:	fb52 f212 	smmulr	r2, r2, r2
10001cd2:	fb52 0010 	smmlar	r0, r2, r0, r0
10001cd6:	eba0 7cd0 	sub.w	ip, r0, r0, lsr #31
10001cda:	ec53 2404 	dcp_rxms r2, r3, #0x0
10001cde:	fb5c f113 	smmulr	r1, ip, r3
10001ce2:	ec53 2415 	dcp_ryms r2, r3, #0x1
10001ce6:	fba1 2002 	umull	r2, r0, r1, r2
10001cea:	fb01 0003 	mla	r0, r1, r3, r0
10001cee:	ec53 2444 	dcp_rxms r2, r3, #0x4
10001cf2:	eba2 0000 	sub.w	r0, r2, r0
10001cf6:	fb50 f21c 	smmulr	r2, r0, ip
10001cfa:	ea4f 1311 	mov.w	r3, r1, lsr #4
10001cfe:	eb12 7001 	adds.w	r0, r2, r1, lsl #28
10001d02:	eb43 71e2 	adc.w	r1, r3, r2, asr #31
10001d06:	ea40 5051 	orr.w	r0, r0, r1, lsr #21
10001d0a:	ea20 5091 	bic.w	r0, r0, r1, lsr #22
10001d0e:	f020 0007 	bic.w	r0, r0, #7
10001d12:	ec53 2475 	dcp_ryms r2, r3, #0x7
10001d16:	fba0 3c02 	umull	r3, ip, r0, r2
10001d1a:	ec53 2475 	dcp_ryms r2, r3, #0x7
10001d1e:	fb00 cc03 	mla	ip, r0, r3, ip
10001d22:	fb01 cc02 	mla	ip, r1, r2, ip
10001d26:	ec53 2404 	dcp_rxms r2, r3, #0x0
10001d2a:	ebac 4c82 	sub.w	ip, ip, r2, lsl #18
10001d2e:	ea40 705c 	orr.w	r0, r0, ip, lsr #29
10001d32:	f1a0 0001 	sub.w	r0, r0, #1
10001d36:	ec41 0440 	dcp_wxdd r0, r1
10001d3a:	ee80 0420 	dcp_nrdd
10001d3e:	ec51 0470 	dcp_rddd r0, r1
10001d42:	4770      	bx	lr
10001d44:	b500      	push	{lr}
10001d46:	f7ff ff45 	bl	10001bd4 <generic_save_state>
10001d4a:	e002      	b.n	10001d52 <__wrap___aeabi_i2d+0x6>

10001d4c <__wrap___aeabi_i2d>:
10001d4c:	fe10 f430 	dcp_pcmp APSR_nzcv
10001d50:	d4f8      	bmi.n	10001d44 <__wrap___aeabi_ddiv+0x94>
10001d52:	ec40 0470 	dcp_wxic r0, r0
10001d56:	ee00 0401 	dcp_add0
10001d5a:	ee10 0421 	dcp_sub1
10001d5e:	ee80 0420 	dcp_nrdd
10001d62:	ec51 0430 	dcp_rdds r0, r1
10001d66:	4770      	bx	lr
10001d68:	b500      	push	{lr}
10001d6a:	f7ff ff33 	bl	10001bd4 <generic_save_state>
10001d6e:	e002      	b.n	10001d76 <__wrap___aeabi_ui2d+0x6>

10001d70 <__wrap___aeabi_ui2d>:
10001d70:	fe10 f430 	dcp_pcmp APSR_nzcv
10001d74:	d4f8      	bmi.n	10001d68 <__wrap___aeabi_i2d+0x1c>
10001d76:	ec40 0460 	dcp_wxuc r0, r0
10001d7a:	ee00 0401 	dcp_add0
10001d7e:	ee10 0421 	dcp_sub1
10001d82:	ee80 0420 	dcp_nrdd
10001d86:	ec51 0430 	dcp_rdds r0, r1
10001d8a:	4770      	bx	lr
10001d8c:	b500      	push	{lr}
10001d8e:	f7ff ff21 	bl	10001bd4 <generic_save_state>
10001d92:	e002      	b.n	10001d9a <double2int_z_entry>

10001d94 <__wrap___aeabi_d2iz>:
10001d94:	fe10 f430 	dcp_pcmp APSR_nzcv
10001d98:	d4f8      	bmi.n	10001d8c <__wrap___aeabi_ui2d+0x1c>

10001d9a <double2int_z_entry>:
10001d9a:	ec41 0480 	dcp_wxdc r0, r1
10001d9e:	ee00 0401 	dcp_add0
10001da2:	ee10 0401 	dcp_add1
10001da6:	ee80 0440 	dcp_ntdc
10001daa:	ee10 0413 	dcp_rdic r0
10001dae:	4770      	bx	lr
10001db0:	b500      	push	{lr}
10001db2:	f7ff ff0f 	bl	10001bd4 <generic_save_state>
10001db6:	e002      	b.n	10001dbe <double2uint_z_entry>

10001db8 <__wrap___aeabi_d2uiz>:
10001db8:	fe10 f430 	dcp_pcmp APSR_nzcv
10001dbc:	d4f8      	bmi.n	10001db0 <double2int_z_entry+0x16>

10001dbe <double2uint_z_entry>:
10001dbe:	ec41 0480 	dcp_wxdc r0, r1
10001dc2:	ee00 0401 	dcp_add0
10001dc6:	ee10 0401 	dcp_add1
10001dca:	ee80 0440 	dcp_ntdc
10001dce:	ee10 0433 	dcp_rduc r0
10001dd2:	4770      	bx	lr
10001dd4:	b500      	push	{lr}
10001dd6:	f7ff fefd 	bl	10001bd4 <generic_save_state>
10001dda:	e002      	b.n	10001de2 <__wrap___aeabi_dcmpun+0x6>

10001ddc <__wrap___aeabi_dcmpun>:
10001ddc:	fe10 f430 	dcp_pcmp APSR_nzcv
10001de0:	d4f8      	bmi.n	10001dd4 <double2uint_z_entry+0x16>
10001de2:	ec41 0410 	dcp_wxup r0, r1
10001de6:	ec43 2411 	dcp_wyup r2, r3
10001dea:	ee00 0401 	dcp_add0
10001dee:	ee10 0430 	dcp_rcmp r0
10001df2:	f3c0 7000 	ubfx	r0, r0, #28, #1
10001df6:	4770      	bx	lr
10001df8:	b500      	push	{lr}
10001dfa:	f7ff feeb 	bl	10001bd4 <generic_save_state>
10001dfe:	e002      	b.n	10001e06 <__wrap___aeabi_dcmplt+0x6>

10001e00 <__wrap___aeabi_dcmplt>:
10001e00:	fe10 f430 	dcp_pcmp APSR_nzcv
10001e04:	d4f8      	bmi.n	10001df8 <__wrap___aeabi_dcmpun+0x1c>
10001e06:	ec43 2410 	dcp_wxup r2, r3
10001e0a:	ec41 0411 	dcp_wyup r0, r1
10001e0e:	ee00 0401 	dcp_add0
10001e12:	ee10 f430 	dcp_rcmp APSR_nzcv
10001e16:	bf8c      	ite	hi
10001e18:	2001      	movhi	r0, #1
10001e1a:	2000      	movls	r0, #0
10001e1c:	4770      	bx	lr
10001e1e:	bf00      	nop
10001e20:	b500      	push	{lr}
10001e22:	f7ff fed7 	bl	10001bd4 <generic_save_state>
10001e26:	e002      	b.n	10001e2e <__wrap___aeabi_dcmpge+0x6>

10001e28 <__wrap___aeabi_dcmpge>:
10001e28:	fe10 f430 	dcp_pcmp APSR_nzcv
10001e2c:	d4f8      	bmi.n	10001e20 <__wrap___aeabi_dcmplt+0x20>
10001e2e:	ec41 0410 	dcp_wxup r0, r1
10001e32:	ec43 2411 	dcp_wyup r2, r3
10001e36:	ee00 0401 	dcp_add0
10001e3a:	ee10 f430 	dcp_rcmp APSR_nzcv
10001e3e:	bf2c      	ite	cs
10001e40:	2001      	movcs	r0, #1
10001e42:	2000      	movcc	r0, #0
10001e44:	4770      	bx	lr
10001e46:	bf00      	nop
10001e48:	b500      	push	{lr}
10001e4a:	f7ff fec3 	bl	10001bd4 <generic_save_state>
10001e4e:	e002      	b.n	10001e56 <__wrap___aeabi_dcmpgt+0x6>

10001e50 <__wrap___aeabi_dcmpgt>:
10001e50:	fe10 f430 	dcp_pcmp APSR_nzcv
10001e54:	d4f8      	bmi.n	10001e48 <__wrap___aeabi_dcmpge+0x20>
10001e56:	ec41 0410 	dcp_wxup r0, r1
10001e5a:	ec43 2411 	dcp_wyup r2, r3
10001e5e:	ee00 0401 	dcp_add0
10001e62:	ee10 f430 	dcp_rcmp APSR_nzcv
10001e66:	bf8c      	ite	hi
10001e68:	2001      	movhi	r0, #1
10001e6a:	2000      	movls	r0, #0
10001e6c:	4770      	bx	lr
10001e6e:	bf00      	nop

10001e70 <__wrap___aeabi_l2f>:
10001e70:	2200      	movs	r2, #0

10001e72 <fix642float>:
10001e72:	2900      	cmp	r1, #0
10001e74:	f280 80a8 	bge.w	10001fc8 <ufix642float>
10001e78:	4240      	negs	r0, r0
10001e7a:	eb61 0141 	sbc.w	r1, r1, r1, lsl #1
10001e7e:	b3b1      	cbz	r1, 10001eee <fix642float+0x7c>
10001e80:	fab1 f381 	clz	r3, r1
10001e84:	3b08      	subs	r3, #8
10001e86:	d416      	bmi.n	10001eb6 <fix642float+0x44>
10001e88:	4099      	lsls	r1, r3
10001e8a:	fa10 fc03 	lsls.w	ip, r0, r3
10001e8e:	f1c3 0320 	rsb	r3, r3, #32
10001e92:	fa20 f003 	lsr.w	r0, r0, r3
10001e96:	ea40 0001 	orr.w	r0, r0, r1
10001e9a:	eba2 0203 	sub.w	r2, r2, r3
10001e9e:	f1c2 0295 	rsb	r2, r2, #149	@ 0x95
10001ea2:	eb1c 0c0c 	adds.w	ip, ip, ip
10001ea6:	eb40 50c2 	adc.w	r0, r0, r2, lsl #23
10001eaa:	f040 4000 	orr.w	r0, r0, #2147483648	@ 0x80000000
10001eae:	d020      	beq.n	10001ef2 <fix642float+0x80>
10001eb0:	2afe      	cmp	r2, #254	@ 0xfe
10001eb2:	d216      	bcs.n	10001ee2 <fix642float+0x70>
10001eb4:	4770      	bx	lr
10001eb6:	f103 0321 	add.w	r3, r3, #33	@ 0x21
10001eba:	fa11 fc03 	lsls.w	ip, r1, r3
10001ebe:	ea5c 0c00 	orrs.w	ip, ip, r0
10001ec2:	f1c3 0321 	rsb	r3, r3, #33	@ 0x21
10001ec6:	fa21 f003 	lsr.w	r0, r1, r3
10001eca:	eba3 0202 	sub.w	r2, r3, r2
10001ece:	f102 02b5 	add.w	r2, r2, #181	@ 0xb5
10001ed2:	eb40 50c2 	adc.w	r0, r0, r2, lsl #23
10001ed6:	f040 4000 	orr.w	r0, r0, #2147483648	@ 0x80000000
10001eda:	d00a      	beq.n	10001ef2 <fix642float+0x80>
10001edc:	2afe      	cmp	r2, #254	@ 0xfe
10001ede:	bf38      	it	cc
10001ee0:	4770      	bxcc	lr
10001ee2:	f04f 4000 	mov.w	r0, #2147483648	@ 0x80000000
10001ee6:	bfa8      	it	ge
10001ee8:	f6cf 7080 	movtge	r0, #65408	@ 0xff80
10001eec:	4770      	bx	lr
10001eee:	4611      	mov	r1, r2
10001ef0:	e009      	b.n	10001f06 <fix2float_neg>
10001ef2:	bf28      	it	cs
10001ef4:	f020 0001 	biccs.w	r0, r0, #1
10001ef8:	2afe      	cmp	r2, #254	@ 0xfe
10001efa:	bf38      	it	cc
10001efc:	4770      	bxcc	lr
10001efe:	e7f0      	b.n	10001ee2 <fix642float+0x70>

10001f00 <fix2float>:
10001f00:	2800      	cmp	r0, #0
10001f02:	da32      	bge.n	10001f6a <ufix2float>
10001f04:	4240      	negs	r0, r0

10001f06 <fix2float_neg>:
10001f06:	fab0 f380 	clz	r3, r0
10001f0a:	3b08      	subs	r3, #8
10001f0c:	d40c      	bmi.n	10001f28 <fix2float_neg+0x22>
10001f0e:	4098      	lsls	r0, r3
10001f10:	eb01 0203 	add.w	r2, r1, r3
10001f14:	f1c2 0295 	rsb	r2, r2, #149	@ 0x95
10001f18:	eb00 50c2 	add.w	r0, r0, r2, lsl #23
10001f1c:	f040 4000 	orr.w	r0, r0, #2147483648	@ 0x80000000
10001f20:	2afe      	cmp	r2, #254	@ 0xfe
10001f22:	bf38      	it	cc
10001f24:	4770      	bxcc	lr
10001f26:	e013      	b.n	10001f50 <fix2float_neg+0x4a>
10001f28:	f103 0321 	add.w	r3, r3, #33	@ 0x21
10001f2c:	fa10 fc03 	lsls.w	ip, r0, r3
10001f30:	f1c3 0321 	rsb	r3, r3, #33	@ 0x21
10001f34:	fa20 f003 	lsr.w	r0, r0, r3
10001f38:	eba3 0201 	sub.w	r2, r3, r1
10001f3c:	f102 0295 	add.w	r2, r2, #149	@ 0x95
10001f40:	eb40 50c2 	adc.w	r0, r0, r2, lsl #23
10001f44:	f040 4000 	orr.w	r0, r0, #2147483648	@ 0x80000000
10001f48:	d008      	beq.n	10001f5c <fix2float_neg+0x56>
10001f4a:	2afe      	cmp	r2, #254	@ 0xfe
10001f4c:	bf38      	it	cc
10001f4e:	4770      	bxcc	lr
10001f50:	f04f 4000 	mov.w	r0, #2147483648	@ 0x80000000
10001f54:	bfa8      	it	ge
10001f56:	f040 40ff 	orrge.w	r0, r0, #2139095040	@ 0x7f800000
10001f5a:	4770      	bx	lr
10001f5c:	bf28      	it	cs
10001f5e:	f020 0001 	biccs.w	r0, r0, #1
10001f62:	2afe      	cmp	r2, #254	@ 0xfe
10001f64:	bf38      	it	cc
10001f66:	4770      	bxcc	lr
10001f68:	e7f2      	b.n	10001f50 <fix2float_neg+0x4a>

10001f6a <ufix2float>:
10001f6a:	b320      	cbz	r0, 10001fb6 <ufix2float+0x4c>
10001f6c:	fab0 f380 	clz	r3, r0
10001f70:	3b08      	subs	r3, #8
10001f72:	d40a      	bmi.n	10001f8a <ufix2float+0x20>
10001f74:	4098      	lsls	r0, r3
10001f76:	eb01 0203 	add.w	r2, r1, r3
10001f7a:	f1c2 0295 	rsb	r2, r2, #149	@ 0x95
10001f7e:	eb00 50c2 	add.w	r0, r0, r2, lsl #23
10001f82:	2afe      	cmp	r2, #254	@ 0xfe
10001f84:	bf38      	it	cc
10001f86:	4770      	bxcc	lr
10001f88:	e011      	b.n	10001fae <ufix2float+0x44>
10001f8a:	f103 0321 	add.w	r3, r3, #33	@ 0x21
10001f8e:	fa10 fc03 	lsls.w	ip, r0, r3
10001f92:	f1c3 0321 	rsb	r3, r3, #33	@ 0x21
10001f96:	fa20 f003 	lsr.w	r0, r0, r3
10001f9a:	eba3 0201 	sub.w	r2, r3, r1
10001f9e:	f102 0295 	add.w	r2, r2, #149	@ 0x95
10001fa2:	eb40 50c2 	adc.w	r0, r0, r2, lsl #23
10001fa6:	d007      	beq.n	10001fb8 <ufix2float+0x4e>
10001fa8:	2afe      	cmp	r2, #254	@ 0xfe
10001faa:	bf38      	it	cc
10001fac:	4770      	bxcc	lr
10001fae:	bfac      	ite	ge
10001fb0:	f04f 40ff 	movge.w	r0, #2139095040	@ 0x7f800000
10001fb4:	2000      	movlt	r0, #0
10001fb6:	4770      	bx	lr
10001fb8:	bf28      	it	cs
10001fba:	f020 0001 	biccs.w	r0, r0, #1
10001fbe:	2afe      	cmp	r2, #254	@ 0xfe
10001fc0:	bf38      	it	cc
10001fc2:	4770      	bxcc	lr
10001fc4:	e7f3      	b.n	10001fae <ufix2float+0x44>

10001fc6 <__wrap___aeabi_ul2f>:
10001fc6:	2200      	movs	r2, #0

10001fc8 <ufix642float>:
10001fc8:	b389      	cbz	r1, 1000202e <ufix642float+0x66>
10001fca:	fab1 f381 	clz	r3, r1
10001fce:	3b08      	subs	r3, #8
10001fd0:	d414      	bmi.n	10001ffc <ufix642float+0x34>
10001fd2:	4099      	lsls	r1, r3
10001fd4:	fa10 fc03 	lsls.w	ip, r0, r3
10001fd8:	f1c3 0320 	rsb	r3, r3, #32
10001fdc:	fa20 f003 	lsr.w	r0, r0, r3
10001fe0:	ea40 0001 	orr.w	r0, r0, r1
10001fe4:	eba2 0203 	sub.w	r2, r2, r3
10001fe8:	f1c2 0295 	rsb	r2, r2, #149	@ 0x95
10001fec:	eb1c 0c0c 	adds.w	ip, ip, ip
10001ff0:	eb40 50c2 	adc.w	r0, r0, r2, lsl #23
10001ff4:	d01d      	beq.n	10002032 <ufix642float+0x6a>
10001ff6:	2afe      	cmp	r2, #254	@ 0xfe
10001ff8:	d214      	bcs.n	10002024 <ufix642float+0x5c>
10001ffa:	4770      	bx	lr
10001ffc:	f103 0321 	add.w	r3, r3, #33	@ 0x21
10002000:	fa11 fc03 	lsls.w	ip, r1, r3
10002004:	ea5c 0c00 	orrs.w	ip, ip, r0
10002008:	f1c3 0321 	rsb	r3, r3, #33	@ 0x21
1000200c:	fa21 f003 	lsr.w	r0, r1, r3
10002010:	eba3 0202 	sub.w	r2, r3, r2
10002014:	f102 02b5 	add.w	r2, r2, #181	@ 0xb5
10002018:	eb40 50c2 	adc.w	r0, r0, r2, lsl #23
1000201c:	d009      	beq.n	10002032 <ufix642float+0x6a>
1000201e:	2afe      	cmp	r2, #254	@ 0xfe
10002020:	bf38      	it	cc
10002022:	4770      	bxcc	lr
10002024:	bfac      	ite	ge
10002026:	f04f 40ff 	movge.w	r0, #2139095040	@ 0x7f800000
1000202a:	2000      	movlt	r0, #0
1000202c:	4770      	bx	lr
1000202e:	4611      	mov	r1, r2
10002030:	e79b      	b.n	10001f6a <ufix2float>
10002032:	bf28      	it	cs
10002034:	f020 0001 	biccs.w	r0, r0, #1
10002038:	2afe      	cmp	r2, #254	@ 0xfe
1000203a:	bf38      	it	cc
1000203c:	4770      	bxcc	lr
1000203e:	e7f1      	b.n	10002024 <ufix642float+0x5c>

10002040 <_out_null>:
10002040:	4770      	bx	lr
10002042:	bf00      	nop

10002044 <_out_rev>:
10002044:	e92d 4ff0 	stmdb	sp!, {r4, r5, r6, r7, r8, r9, sl, fp, lr}
10002048:	b083      	sub	sp, #12
1000204a:	4699      	mov	r9, r3
1000204c:	e9dd ab0d 	ldrd	sl, fp, [sp, #52]	@ 0x34
10002050:	9b0f      	ldr	r3, [sp, #60]	@ 0x3c
10002052:	4688      	mov	r8, r1
10002054:	4611      	mov	r1, r2
10002056:	079a      	lsls	r2, r3, #30
10002058:	4607      	mov	r7, r0
1000205a:	d116      	bne.n	1000208a <_out_rev+0x46>
1000205c:	45da      	cmp	sl, fp
1000205e:	d23a      	bcs.n	100020d6 <_out_rev+0x92>
10002060:	460c      	mov	r4, r1
10002062:	460d      	mov	r5, r1
10002064:	ebab 060a 	sub.w	r6, fp, sl
10002068:	440e      	add	r6, r1
1000206a:	4622      	mov	r2, r4
1000206c:	464b      	mov	r3, r9
1000206e:	4641      	mov	r1, r8
10002070:	2020      	movs	r0, #32
10002072:	3401      	adds	r4, #1
10002074:	47b8      	blx	r7
10002076:	42b4      	cmp	r4, r6
10002078:	d1f7      	bne.n	1000206a <_out_rev+0x26>
1000207a:	4629      	mov	r1, r5
1000207c:	f1ba 0f00 	cmp.w	sl, #0
10002080:	d108      	bne.n	10002094 <_out_rev+0x50>
10002082:	4620      	mov	r0, r4
10002084:	b003      	add	sp, #12
10002086:	e8bd 8ff0 	ldmia.w	sp!, {r4, r5, r6, r7, r8, r9, sl, fp, pc}
1000208a:	460c      	mov	r4, r1
1000208c:	f1ba 0f00 	cmp.w	sl, #0
10002090:	d010      	beq.n	100020b4 <_out_rev+0x70>
10002092:	460e      	mov	r6, r1
10002094:	4655      	mov	r5, sl
10002096:	9b0c      	ldr	r3, [sp, #48]	@ 0x30
10002098:	442e      	add	r6, r5
1000209a:	449a      	add	sl, r3
1000209c:	9101      	str	r1, [sp, #4]
1000209e:	1b72      	subs	r2, r6, r5
100020a0:	464b      	mov	r3, r9
100020a2:	3d01      	subs	r5, #1
100020a4:	4641      	mov	r1, r8
100020a6:	f81a 0d01 	ldrb.w	r0, [sl, #-1]!
100020aa:	4634      	mov	r4, r6
100020ac:	47b8      	blx	r7
100020ae:	2d00      	cmp	r5, #0
100020b0:	d1f5      	bne.n	1000209e <_out_rev+0x5a>
100020b2:	9901      	ldr	r1, [sp, #4]
100020b4:	9b0f      	ldr	r3, [sp, #60]	@ 0x3c
100020b6:	079b      	lsls	r3, r3, #30
100020b8:	d5e3      	bpl.n	10002082 <_out_rev+0x3e>
100020ba:	1a65      	subs	r5, r4, r1
100020bc:	45ab      	cmp	fp, r5
100020be:	d9e0      	bls.n	10002082 <_out_rev+0x3e>
100020c0:	4622      	mov	r2, r4
100020c2:	464b      	mov	r3, r9
100020c4:	4641      	mov	r1, r8
100020c6:	2020      	movs	r0, #32
100020c8:	3501      	adds	r5, #1
100020ca:	47b8      	blx	r7
100020cc:	455d      	cmp	r5, fp
100020ce:	f104 0401 	add.w	r4, r4, #1
100020d2:	d3f5      	bcc.n	100020c0 <_out_rev+0x7c>
100020d4:	e7d5      	b.n	10002082 <_out_rev+0x3e>
100020d6:	f1ba 0f00 	cmp.w	sl, #0
100020da:	d1da      	bne.n	10002092 <_out_rev+0x4e>
100020dc:	460c      	mov	r4, r1
100020de:	e7d0      	b.n	10002082 <_out_rev+0x3e>

100020e0 <_ntoa_format>:
100020e0:	e92d 4ff0 	stmdb	sp!, {r4, r5, r6, r7, r8, r9, sl, fp, lr}
100020e4:	9f0f      	ldr	r7, [sp, #60]	@ 0x3c
100020e6:	f8dd e024 	ldr.w	lr, [sp, #36]	@ 0x24
100020ea:	f017 0f02 	tst.w	r7, #2
100020ee:	9c0a      	ldr	r4, [sp, #40]	@ 0x28
100020f0:	f89d 902c 	ldrb.w	r9, [sp, #44]	@ 0x2c
100020f4:	9d0e      	ldr	r5, [sp, #56]	@ 0x38
100020f6:	e9dd 860c 	ldrd	r8, r6, [sp, #48]	@ 0x30
100020fa:	d129      	bne.n	10002150 <_ntoa_format+0x70>
100020fc:	2d00      	cmp	r5, #0
100020fe:	d16f      	bne.n	100021e0 <_ntoa_format+0x100>
10002100:	42b4      	cmp	r4, r6
10002102:	d225      	bcs.n	10002150 <_ntoa_format+0x70>
10002104:	2c20      	cmp	r4, #32
10002106:	f007 0b01 	and.w	fp, r7, #1
1000210a:	f000 8112 	beq.w	10002332 <_ntoa_format+0x252>
1000210e:	f104 3cff 	add.w	ip, r4, #4294967295	@ 0xffffffff
10002112:	f04f 0a30 	mov.w	sl, #48	@ 0x30
10002116:	44f4      	add	ip, lr
10002118:	e001      	b.n	1000211e <_ntoa_format+0x3e>
1000211a:	2c20      	cmp	r4, #32
1000211c:	d07a      	beq.n	10002214 <_ntoa_format+0x134>
1000211e:	3401      	adds	r4, #1
10002120:	42a6      	cmp	r6, r4
10002122:	f80c af01 	strb.w	sl, [ip, #1]!
10002126:	d8f8      	bhi.n	1000211a <_ntoa_format+0x3a>
10002128:	f1bb 0f00 	cmp.w	fp, #0
1000212c:	d010      	beq.n	10002150 <_ntoa_format+0x70>
1000212e:	42ac      	cmp	r4, r5
10002130:	d20e      	bcs.n	10002150 <_ntoa_format+0x70>
10002132:	2c20      	cmp	r4, #32
10002134:	d074      	beq.n	10002220 <_ntoa_format+0x140>
10002136:	f104 3cff 	add.w	ip, r4, #4294967295	@ 0xffffffff
1000213a:	f04f 0a30 	mov.w	sl, #48	@ 0x30
1000213e:	44f4      	add	ip, lr
10002140:	e001      	b.n	10002146 <_ntoa_format+0x66>
10002142:	2c20      	cmp	r4, #32
10002144:	d029      	beq.n	1000219a <_ntoa_format+0xba>
10002146:	3401      	adds	r4, #1
10002148:	42ac      	cmp	r4, r5
1000214a:	f80c af01 	strb.w	sl, [ip, #1]!
1000214e:	d1f8      	bne.n	10002142 <_ntoa_format+0x62>
10002150:	f017 0f10 	tst.w	r7, #16
10002154:	d03a      	beq.n	100021cc <_ntoa_format+0xec>
10002156:	f417 6f80 	tst.w	r7, #1024	@ 0x400
1000215a:	d128      	bne.n	100021ae <_ntoa_format+0xce>
1000215c:	bb1c      	cbnz	r4, 100021a6 <_ntoa_format+0xc6>
1000215e:	f1b8 0f10 	cmp.w	r8, #16
10002162:	f000 80ca 	beq.w	100022fa <_ntoa_format+0x21a>
10002166:	f1b8 0f02 	cmp.w	r8, #2
1000216a:	f000 80d4 	beq.w	10002316 <_ntoa_format+0x236>
1000216e:	2430      	movs	r4, #48	@ 0x30
10002170:	f88e 4000 	strb.w	r4, [lr]
10002174:	2401      	movs	r4, #1
10002176:	f1b9 0f00 	cmp.w	r9, #0
1000217a:	d167      	bne.n	1000224c <_ntoa_format+0x16c>
1000217c:	077e      	lsls	r6, r7, #29
1000217e:	f140 80aa 	bpl.w	100022d6 <_ntoa_format+0x1f6>
10002182:	262b      	movs	r6, #43	@ 0x2b
10002184:	f80e 6004 	strb.w	r6, [lr, r4]
10002188:	3401      	adds	r4, #1
1000218a:	e9cd 570b 	strd	r5, r7, [sp, #44]	@ 0x2c
1000218e:	e9cd e409 	strd	lr, r4, [sp, #36]	@ 0x24
10002192:	e8bd 4ff0 	ldmia.w	sp!, {r4, r5, r6, r7, r8, r9, sl, fp, lr}
10002196:	f7ff bf55 	b.w	10002044 <_out_rev>
1000219a:	06fc      	lsls	r4, r7, #27
1000219c:	f140 8089 	bpl.w	100022b2 <_ntoa_format+0x1d2>
100021a0:	057c      	lsls	r4, r7, #21
100021a2:	d435      	bmi.n	10002210 <_ntoa_format+0x130>
100021a4:	2420      	movs	r4, #32
100021a6:	42a6      	cmp	r6, r4
100021a8:	d06a      	beq.n	10002280 <_ntoa_format+0x1a0>
100021aa:	42ac      	cmp	r4, r5
100021ac:	d068      	beq.n	10002280 <_ntoa_format+0x1a0>
100021ae:	f1b8 0f10 	cmp.w	r8, #16
100021b2:	f000 8087 	beq.w	100022c4 <_ntoa_format+0x1e4>
100021b6:	f1b8 0f02 	cmp.w	r8, #2
100021ba:	d05a      	beq.n	10002272 <_ntoa_format+0x192>
100021bc:	2c20      	cmp	r4, #32
100021be:	d0e4      	beq.n	1000218a <_ntoa_format+0xaa>
100021c0:	4626      	mov	r6, r4
100021c2:	3401      	adds	r4, #1
100021c4:	f04f 0c30 	mov.w	ip, #48	@ 0x30
100021c8:	f80e c006 	strb.w	ip, [lr, r6]
100021cc:	2c20      	cmp	r4, #32
100021ce:	d1d2      	bne.n	10002176 <_ntoa_format+0x96>
100021d0:	e9cd 570b 	strd	r5, r7, [sp, #44]	@ 0x2c
100021d4:	e9cd e409 	strd	lr, r4, [sp, #36]	@ 0x24
100021d8:	e8bd 4ff0 	ldmia.w	sp!, {r4, r5, r6, r7, r8, r9, sl, fp, lr}
100021dc:	f7ff bf32 	b.w	10002044 <_out_rev>
100021e0:	f017 0b01 	ands.w	fp, r7, #1
100021e4:	d03e      	beq.n	10002264 <_ntoa_format+0x184>
100021e6:	f1b9 0f00 	cmp.w	r9, #0
100021ea:	d147      	bne.n	1000227c <_ntoa_format+0x19c>
100021ec:	f017 0f0c 	tst.w	r7, #12
100021f0:	d144      	bne.n	1000227c <_ntoa_format+0x19c>
100021f2:	42b4      	cmp	r4, r6
100021f4:	d29b      	bcs.n	1000212e <_ntoa_format+0x4e>
100021f6:	2c20      	cmp	r4, #32
100021f8:	d189      	bne.n	1000210e <_ntoa_format+0x2e>
100021fa:	2d20      	cmp	r5, #32
100021fc:	d810      	bhi.n	10002220 <_ntoa_format+0x140>
100021fe:	06fc      	lsls	r4, r7, #27
10002200:	d557      	bpl.n	100022b2 <_ntoa_format+0x1d2>
10002202:	057c      	lsls	r4, r7, #21
10002204:	d455      	bmi.n	100022b2 <_ntoa_format+0x1d2>
10002206:	2e20      	cmp	r6, #32
10002208:	f000 80b9 	beq.w	1000237e <_ntoa_format+0x29e>
1000220c:	2d20      	cmp	r5, #32
1000220e:	d010      	beq.n	10002232 <_ntoa_format+0x152>
10002210:	2420      	movs	r4, #32
10002212:	e7cc      	b.n	100021ae <_ntoa_format+0xce>
10002214:	f1bb 0f00 	cmp.w	fp, #0
10002218:	f000 80a5 	beq.w	10002366 <_ntoa_format+0x286>
1000221c:	2d20      	cmp	r5, #32
1000221e:	d9bc      	bls.n	1000219a <_ntoa_format+0xba>
10002220:	06fc      	lsls	r4, r7, #27
10002222:	d546      	bpl.n	100022b2 <_ntoa_format+0x1d2>
10002224:	057c      	lsls	r4, r7, #21
10002226:	d444      	bmi.n	100022b2 <_ntoa_format+0x1d2>
10002228:	2e20      	cmp	r6, #32
1000222a:	f000 80a8 	beq.w	1000237e <_ntoa_format+0x29e>
1000222e:	2d20      	cmp	r5, #32
10002230:	d13f      	bne.n	100022b2 <_ntoa_format+0x1d2>
10002232:	462c      	mov	r4, r5
10002234:	261f      	movs	r6, #31
10002236:	f1b8 0f10 	cmp.w	r8, #16
1000223a:	d07f      	beq.n	1000233c <_ntoa_format+0x25c>
1000223c:	f1b8 0f02 	cmp.w	r8, #2
10002240:	d1c0      	bne.n	100021c4 <_ntoa_format+0xe4>
10002242:	f04f 0c62 	mov.w	ip, #98	@ 0x62
10002246:	f80e c006 	strb.w	ip, [lr, r6]
1000224a:	e7b7      	b.n	100021bc <_ntoa_format+0xdc>
1000224c:	262d      	movs	r6, #45	@ 0x2d
1000224e:	f80e 6004 	strb.w	r6, [lr, r4]
10002252:	3401      	adds	r4, #1
10002254:	e9cd 570b 	strd	r5, r7, [sp, #44]	@ 0x2c
10002258:	e9cd e409 	strd	lr, r4, [sp, #36]	@ 0x24
1000225c:	e8bd 4ff0 	ldmia.w	sp!, {r4, r5, r6, r7, r8, r9, sl, fp, lr}
10002260:	f7ff bef0 	b.w	10002044 <_out_rev>
10002264:	42b4      	cmp	r4, r6
10002266:	f4bf af73 	bcs.w	10002150 <_ntoa_format+0x70>
1000226a:	2c20      	cmp	r4, #32
1000226c:	f47f af4f 	bne.w	1000210e <_ntoa_format+0x2e>
10002270:	e7d6      	b.n	10002220 <_ntoa_format+0x140>
10002272:	2c20      	cmp	r4, #32
10002274:	d089      	beq.n	1000218a <_ntoa_format+0xaa>
10002276:	4626      	mov	r6, r4
10002278:	3401      	adds	r4, #1
1000227a:	e7e2      	b.n	10002242 <_ntoa_format+0x162>
1000227c:	3d01      	subs	r5, #1
1000227e:	e7b8      	b.n	100021f2 <_ntoa_format+0x112>
10002280:	1e66      	subs	r6, r4, #1
10002282:	d1d8      	bne.n	10002236 <_ntoa_format+0x156>
10002284:	f1b8 0f10 	cmp.w	r8, #16
10002288:	d064      	beq.n	10002354 <_ntoa_format+0x274>
1000228a:	f1b8 0f02 	cmp.w	r8, #2
1000228e:	f47f af6e 	bne.w	1000216e <_ntoa_format+0x8e>
10002292:	2662      	movs	r6, #98	@ 0x62
10002294:	f88e 6000 	strb.w	r6, [lr]
10002298:	2630      	movs	r6, #48	@ 0x30
1000229a:	4644      	mov	r4, r8
1000229c:	f88e 6001 	strb.w	r6, [lr, #1]
100022a0:	f1b9 0f00 	cmp.w	r9, #0
100022a4:	f43f af6a 	beq.w	1000217c <_ntoa_format+0x9c>
100022a8:	e7d0      	b.n	1000224c <_ntoa_format+0x16c>
100022aa:	f1b8 0f10 	cmp.w	r8, #16
100022ae:	f47f af6c 	bne.w	1000218a <_ntoa_format+0xaa>
100022b2:	2420      	movs	r4, #32
100022b4:	e9cd 570b 	strd	r5, r7, [sp, #44]	@ 0x2c
100022b8:	e9cd e409 	strd	lr, r4, [sp, #36]	@ 0x24
100022bc:	e8bd 4ff0 	ldmia.w	sp!, {r4, r5, r6, r7, r8, r9, sl, fp, lr}
100022c0:	f7ff bec0 	b.w	10002044 <_out_rev>
100022c4:	06be      	lsls	r6, r7, #26
100022c6:	d40e      	bmi.n	100022e6 <_ntoa_format+0x206>
100022c8:	2c20      	cmp	r4, #32
100022ca:	d0f2      	beq.n	100022b2 <_ntoa_format+0x1d2>
100022cc:	2678      	movs	r6, #120	@ 0x78
100022ce:	f80e 6004 	strb.w	r6, [lr, r4]
100022d2:	3401      	adds	r4, #1
100022d4:	e772      	b.n	100021bc <_ntoa_format+0xdc>
100022d6:	073e      	lsls	r6, r7, #28
100022d8:	f57f af57 	bpl.w	1000218a <_ntoa_format+0xaa>
100022dc:	2620      	movs	r6, #32
100022de:	f80e 6004 	strb.w	r6, [lr, r4]
100022e2:	3401      	adds	r4, #1
100022e4:	e751      	b.n	1000218a <_ntoa_format+0xaa>
100022e6:	2c20      	cmp	r4, #32
100022e8:	d0e3      	beq.n	100022b2 <_ntoa_format+0x1d2>
100022ea:	f04f 0c58 	mov.w	ip, #88	@ 0x58
100022ee:	eb0e 0604 	add.w	r6, lr, r4
100022f2:	f886 c000 	strb.w	ip, [r6]
100022f6:	3401      	adds	r4, #1
100022f8:	e760      	b.n	100021bc <_ntoa_format+0xdc>
100022fa:	06be      	lsls	r6, r7, #26
100022fc:	d517      	bpl.n	1000232e <_ntoa_format+0x24e>
100022fe:	2458      	movs	r4, #88	@ 0x58
10002300:	f88e 4000 	strb.w	r4, [lr]
10002304:	2430      	movs	r4, #48	@ 0x30
10002306:	f88e 4001 	strb.w	r4, [lr, #1]
1000230a:	2402      	movs	r4, #2
1000230c:	f1b9 0f00 	cmp.w	r9, #0
10002310:	f43f af34 	beq.w	1000217c <_ntoa_format+0x9c>
10002314:	e79a      	b.n	1000224c <_ntoa_format+0x16c>
10002316:	2462      	movs	r4, #98	@ 0x62
10002318:	f88e 4000 	strb.w	r4, [lr]
1000231c:	2430      	movs	r4, #48	@ 0x30
1000231e:	f88e 4001 	strb.w	r4, [lr, #1]
10002322:	2402      	movs	r4, #2
10002324:	f1b9 0f00 	cmp.w	r9, #0
10002328:	f43f af28 	beq.w	1000217c <_ntoa_format+0x9c>
1000232c:	e78e      	b.n	1000224c <_ntoa_format+0x16c>
1000232e:	2478      	movs	r4, #120	@ 0x78
10002330:	e7f2      	b.n	10002318 <_ntoa_format+0x238>
10002332:	f1bb 0f00 	cmp.w	fp, #0
10002336:	f47f af62 	bne.w	100021fe <_ntoa_format+0x11e>
1000233a:	e771      	b.n	10002220 <_ntoa_format+0x140>
1000233c:	f017 0f20 	tst.w	r7, #32
10002340:	bf0c      	ite	eq
10002342:	f04f 0c78 	moveq.w	ip, #120	@ 0x78
10002346:	f04f 0c58 	movne.w	ip, #88	@ 0x58
1000234a:	1ea6      	subs	r6, r4, #2
1000234c:	f80e c006 	strb.w	ip, [lr, r6]
10002350:	3c01      	subs	r4, #1
10002352:	e735      	b.n	100021c0 <_ntoa_format+0xe0>
10002354:	06bc      	lsls	r4, r7, #26
10002356:	d5ea      	bpl.n	1000232e <_ntoa_format+0x24e>
10002358:	2458      	movs	r4, #88	@ 0x58
1000235a:	f88e 4000 	strb.w	r4, [lr]
1000235e:	2430      	movs	r4, #48	@ 0x30
10002360:	f88e 4001 	strb.w	r4, [lr, #1]
10002364:	e7dd      	b.n	10002322 <_ntoa_format+0x242>
10002366:	f017 0f10 	tst.w	r7, #16
1000236a:	f43f af0e 	beq.w	1000218a <_ntoa_format+0xaa>
1000236e:	f417 6f80 	tst.w	r7, #1024	@ 0x400
10002372:	d19a      	bne.n	100022aa <_ntoa_format+0x1ca>
10002374:	2e20      	cmp	r6, #32
10002376:	f47f af18 	bne.w	100021aa <_ntoa_format+0xca>
1000237a:	261f      	movs	r6, #31
1000237c:	e75b      	b.n	10002236 <_ntoa_format+0x156>
1000237e:	4634      	mov	r4, r6
10002380:	261f      	movs	r6, #31
10002382:	e758      	b.n	10002236 <_ntoa_format+0x156>

10002384 <_out_char>:
10002384:	b900      	cbnz	r0, 10002388 <_out_char+0x4>
10002386:	4770      	bx	lr
10002388:	f001 ba7e 	b.w	10003888 <__wrap_putchar>

1000238c <_out_fct>:
1000238c:	b110      	cbz	r0, 10002394 <_out_fct+0x8>
1000238e:	e9d1 3100 	ldrd	r3, r1, [r1]
10002392:	4718      	bx	r3
10002394:	4770      	bx	lr
10002396:	bf00      	nop

10002398 <_etoa>:
10002398:	e92d 4ff0 	stmdb	sp!, {r4, r5, r6, r7, r8, r9, sl, fp, lr}
1000239c:	b09f      	sub	sp, #124	@ 0x7c
1000239e:	ed9d 7b28 	vldr	d7, [sp, #160]	@ 0xa0
100023a2:	e9dd a52a 	ldrd	sl, r5, [sp, #168]	@ 0xa8
100023a6:	ec58 7b17 	vmov	r7, r8, d7
100023aa:	4683      	mov	fp, r0
100023ac:	461e      	mov	r6, r3
100023ae:	910d      	str	r1, [sp, #52]	@ 0x34
100023b0:	9210      	str	r2, [sp, #64]	@ 0x40
100023b2:	4643      	mov	r3, r8
100023b4:	463a      	mov	r2, r7
100023b6:	4638      	mov	r0, r7
100023b8:	4641      	mov	r1, r8
100023ba:	ed8d 7b08 	vstr	d7, [sp, #32]
100023be:	9c2c      	ldr	r4, [sp, #176]	@ 0xb0
100023c0:	f7ff fd0c 	bl	10001ddc <__wrap___aeabi_dcmpun>
100023c4:	2800      	cmp	r0, #0
100023c6:	f040 80d8 	bne.w	1000257a <_etoa+0x1e2>
100023ca:	4638      	mov	r0, r7
100023cc:	4641      	mov	r1, r8
100023ce:	f04f 32ff 	mov.w	r2, #4294967295	@ 0xffffffff
100023d2:	4b75      	ldr	r3, [pc, #468]	@ (100025a8 <_etoa+0x210>)
100023d4:	f7ff fd3c 	bl	10001e50 <__wrap___aeabi_dcmpgt>
100023d8:	2800      	cmp	r0, #0
100023da:	f040 80ce 	bne.w	1000257a <_etoa+0x1e2>
100023de:	4638      	mov	r0, r7
100023e0:	4641      	mov	r1, r8
100023e2:	f04f 32ff 	mov.w	r2, #4294967295	@ 0xffffffff
100023e6:	f46f 1380 	mvn.w	r3, #1048576	@ 0x100000
100023ea:	f7ff fd09 	bl	10001e00 <__wrap___aeabi_dcmplt>
100023ee:	2800      	cmp	r0, #0
100023f0:	f040 80c3 	bne.w	1000257a <_etoa+0x1e2>
100023f4:	e9dd 7808 	ldrd	r7, r8, [sp, #32]
100023f8:	2200      	movs	r2, #0
100023fa:	4638      	mov	r0, r7
100023fc:	4641      	mov	r1, r8
100023fe:	2300      	movs	r3, #0
10002400:	f7ff fcfe 	bl	10001e00 <__wrap___aeabi_dcmplt>
10002404:	2800      	cmp	r0, #0
10002406:	f040 81c0 	bne.w	1000278a <_etoa+0x3f2>
1000240a:	e9cd 780a 	strd	r7, r8, [sp, #40]	@ 0x28
1000240e:	e9dd 230a 	ldrd	r2, r3, [sp, #40]	@ 0x28
10002412:	4690      	mov	r8, r2
10002414:	461f      	mov	r7, r3
10002416:	f414 6380 	ands.w	r3, r4, #1024	@ 0x400
1000241a:	bf08      	it	eq
1000241c:	f04f 0a06 	moveq.w	sl, #6
10002420:	9313      	str	r3, [sp, #76]	@ 0x4c
10002422:	f404 6200 	and.w	r2, r4, #2048	@ 0x800
10002426:	ea58 0307 	orrs.w	r3, r8, r7
1000242a:	9211      	str	r2, [sp, #68]	@ 0x44
1000242c:	f040 80c0 	bne.w	100025b0 <_etoa+0x218>
10002430:	2a00      	cmp	r2, #0
10002432:	f000 81a2 	beq.w	1000277a <_etoa+0x3e2>
10002436:	ed9f 7b5a 	vldr	d7, [pc, #360]	@ 100025a0 <_etoa+0x208>
1000243a:	2700      	movs	r7, #0
1000243c:	ed8d 7b0e 	vstr	d7, [sp, #56]	@ 0x38
10002440:	f04f 0900 	mov.w	r9, #0
10002444:	45ba      	cmp	sl, r7
10002446:	bfcc      	ite	gt
10002448:	ebaa 0a07 	subgt.w	sl, sl, r7
1000244c:	f04f 0a00 	movle.w	sl, #0
10002450:	464f      	mov	r7, r9
10002452:	bfc8      	it	gt
10002454:	f10a 3aff 	addgt.w	sl, sl, #4294967295	@ 0xffffffff
10002458:	f444 6480 	orr.w	r4, r4, #1024	@ 0x400
1000245c:	454d      	cmp	r5, r9
1000245e:	bf94      	ite	ls
10002460:	f04f 0800 	movls.w	r8, #0
10002464:	eba5 0809 	subhi.w	r8, r5, r9
10002468:	f014 0302 	ands.w	r3, r4, #2
1000246c:	9311      	str	r3, [sp, #68]	@ 0x44
1000246e:	d004      	beq.n	1000247a <_etoa+0xe2>
10002470:	f1b9 0f00 	cmp.w	r9, #0
10002474:	bf18      	it	ne
10002476:	f04f 0800 	movne.w	r8, #0
1000247a:	b13f      	cbz	r7, 1000248c <_etoa+0xf4>
1000247c:	e9dd 010a 	ldrd	r0, r1, [sp, #40]	@ 0x28
10002480:	e9dd 230e 	ldrd	r2, r3, [sp, #56]	@ 0x38
10002484:	f7ff fc14 	bl	10001cb0 <__wrap___aeabi_ddiv>
10002488:	e9cd 010a 	strd	r0, r1, [sp, #40]	@ 0x28
1000248c:	e9dd 0108 	ldrd	r0, r1, [sp, #32]
10002490:	2200      	movs	r2, #0
10002492:	2300      	movs	r3, #0
10002494:	f7ff fcb4 	bl	10001e00 <__wrap___aeabi_dcmplt>
10002498:	b130      	cbz	r0, 100024a8 <_etoa+0x110>
1000249a:	e9dd 010a 	ldrd	r0, r1, [sp, #40]	@ 0x28
1000249e:	4602      	mov	r2, r0
100024a0:	f101 4300 	add.w	r3, r1, #2147483648	@ 0x80000000
100024a4:	e9cd 230a 	strd	r2, r3, [sp, #40]	@ 0x28
100024a8:	ed9d 7b0a 	vldr	d7, [sp, #40]	@ 0x28
100024ac:	e9cd a802 	strd	sl, r8, [sp, #8]
100024b0:	f8dd a034 	ldr.w	sl, [sp, #52]	@ 0x34
100024b4:	f424 6300 	bic.w	r3, r4, #2048	@ 0x800
100024b8:	9304      	str	r3, [sp, #16]
100024ba:	ed8d 7b00 	vstr	d7, [sp]
100024be:	4633      	mov	r3, r6
100024c0:	4651      	mov	r1, sl
100024c2:	4658      	mov	r0, fp
100024c4:	9a10      	ldr	r2, [sp, #64]	@ 0x40
100024c6:	f000 f997 	bl	100027f8 <_ftoa>
100024ca:	4680      	mov	r8, r0
100024cc:	f1b9 0f00 	cmp.w	r9, #0
100024d0:	d04f      	beq.n	10002572 <_etoa+0x1da>
100024d2:	f014 0f20 	tst.w	r4, #32
100024d6:	4602      	mov	r2, r0
100024d8:	f100 0401 	add.w	r4, r0, #1
100024dc:	4633      	mov	r3, r6
100024de:	bf0c      	ite	eq
100024e0:	2065      	moveq	r0, #101	@ 0x65
100024e2:	2045      	movne	r0, #69	@ 0x45
100024e4:	4651      	mov	r1, sl
100024e6:	47d8      	blx	fp
100024e8:	f109 30ff 	add.w	r0, r9, #4294967295	@ 0xffffffff
100024ec:	ea87 7ce7 	eor.w	ip, r7, r7, asr #31
100024f0:	f10d 0958 	add.w	r9, sp, #88	@ 0x58
100024f4:	2200      	movs	r2, #0
100024f6:	464b      	mov	r3, r9
100024f8:	f8df 80b0 	ldr.w	r8, [pc, #176]	@ 100025ac <_etoa+0x214>
100024fc:	ebac 7ce7 	sub.w	ip, ip, r7, asr #31
10002500:	ea4f 7ed7 	mov.w	lr, r7, lsr #31
10002504:	e001      	b.n	1000250a <_etoa+0x172>
10002506:	2a20      	cmp	r2, #32
10002508:	d010      	beq.n	1000252c <_etoa+0x194>
1000250a:	46e2      	mov	sl, ip
1000250c:	fba8 710c 	umull	r7, r1, r8, ip
10002510:	08c9      	lsrs	r1, r1, #3
10002512:	eb01 0781 	add.w	r7, r1, r1, lsl #2
10002516:	ebac 0747 	sub.w	r7, ip, r7, lsl #1
1000251a:	3730      	adds	r7, #48	@ 0x30
1000251c:	f1ba 0f09 	cmp.w	sl, #9
10002520:	468c      	mov	ip, r1
10002522:	f102 0201 	add.w	r2, r2, #1
10002526:	f803 7b01 	strb.w	r7, [r3], #1
1000252a:	d8ec      	bhi.n	10002506 <_etoa+0x16e>
1000252c:	2305      	movs	r3, #5
1000252e:	9005      	str	r0, [sp, #20]
10002530:	9306      	str	r3, [sp, #24]
10002532:	2000      	movs	r0, #0
10002534:	230a      	movs	r3, #10
10002536:	9f0d      	ldr	r7, [sp, #52]	@ 0x34
10002538:	e9cd 3003 	strd	r3, r0, [sp, #12]
1000253c:	e9cd 2e01 	strd	r2, lr, [sp, #4]
10002540:	4633      	mov	r3, r6
10002542:	4622      	mov	r2, r4
10002544:	4639      	mov	r1, r7
10002546:	4658      	mov	r0, fp
10002548:	f8cd 9000 	str.w	r9, [sp]
1000254c:	f7ff fdc8 	bl	100020e0 <_ntoa_format>
10002550:	9b11      	ldr	r3, [sp, #68]	@ 0x44
10002552:	4680      	mov	r8, r0
10002554:	b16b      	cbz	r3, 10002572 <_etoa+0x1da>
10002556:	9b10      	ldr	r3, [sp, #64]	@ 0x40
10002558:	1ac4      	subs	r4, r0, r3
1000255a:	42a5      	cmp	r5, r4
1000255c:	d909      	bls.n	10002572 <_etoa+0x1da>
1000255e:	4642      	mov	r2, r8
10002560:	4633      	mov	r3, r6
10002562:	4639      	mov	r1, r7
10002564:	2020      	movs	r0, #32
10002566:	3401      	adds	r4, #1
10002568:	47d8      	blx	fp
1000256a:	42a5      	cmp	r5, r4
1000256c:	f108 0801 	add.w	r8, r8, #1
10002570:	d8f5      	bhi.n	1000255e <_etoa+0x1c6>
10002572:	4640      	mov	r0, r8
10002574:	b01f      	add	sp, #124	@ 0x7c
10002576:	e8bd 8ff0 	ldmia.w	sp!, {r4, r5, r6, r7, r8, r9, sl, fp, pc}
1000257a:	ed9d 7b08 	vldr	d7, [sp, #32]
1000257e:	4633      	mov	r3, r6
10002580:	4658      	mov	r0, fp
10002582:	9a10      	ldr	r2, [sp, #64]	@ 0x40
10002584:	990d      	ldr	r1, [sp, #52]	@ 0x34
10002586:	ed8d 7b28 	vstr	d7, [sp, #160]	@ 0xa0
1000258a:	e9cd 542b 	strd	r5, r4, [sp, #172]	@ 0xac
1000258e:	f8cd a0a8 	str.w	sl, [sp, #168]	@ 0xa8
10002592:	b01f      	add	sp, #124	@ 0x7c
10002594:	e8bd 4ff0 	ldmia.w	sp!, {r4, r5, r6, r7, r8, r9, sl, fp, lr}
10002598:	f000 b92e 	b.w	100027f8 <_ftoa>
1000259c:	f3af 8000 	nop.w
	...
100025a8:	7fefffff 	.word	0x7fefffff
100025ac:	cccccccd 	.word	0xcccccccd
100025b0:	f3c7 500a 	ubfx	r0, r7, #20, #11
100025b4:	f2a0 30ff 	subw	r0, r0, #1023	@ 0x3ff
100025b8:	f7ff fbc8 	bl	10001d4c <__wrap___aeabi_i2d>
100025bc:	a38a      	add	r3, pc, #552	@ (adr r3, 100027e8 <_etoa+0x450>)
100025be:	e9d3 2300 	ldrd	r2, r3, [r3]
100025c2:	f7ff fb51 	bl	10001c68 <__wrap___aeabi_dmul>
100025c6:	a38a      	add	r3, pc, #552	@ (adr r3, 100027f0 <_etoa+0x458>)
100025c8:	e9d3 2300 	ldrd	r2, r3, [r3]
100025cc:	f7ff fb24 	bl	10001c18 <__wrap___aeabi_dadd>
100025d0:	f3c7 0713 	ubfx	r7, r7, #0, #20
100025d4:	e9cd 010e 	strd	r0, r1, [sp, #56]	@ 0x38
100025d8:	f047 517f 	orr.w	r1, r7, #1069547520	@ 0x3fc00000
100025dc:	4640      	mov	r0, r8
100025de:	2200      	movs	r2, #0
100025e0:	4b7b      	ldr	r3, [pc, #492]	@ (100027d0 <_etoa+0x438>)
100025e2:	f441 1140 	orr.w	r1, r1, #3145728	@ 0x300000
100025e6:	f7ff fb2b 	bl	10001c40 <__wrap___aeabi_dsub>
100025ea:	a36b      	add	r3, pc, #428	@ (adr r3, 10002798 <_etoa+0x400>)
100025ec:	e9d3 2300 	ldrd	r2, r3, [r3]
100025f0:	f7ff fb3a 	bl	10001c68 <__wrap___aeabi_dmul>
100025f4:	4602      	mov	r2, r0
100025f6:	460b      	mov	r3, r1
100025f8:	e9dd 010e 	ldrd	r0, r1, [sp, #56]	@ 0x38
100025fc:	f7ff fb0c 	bl	10001c18 <__wrap___aeabi_dadd>
10002600:	f7ff fbc8 	bl	10001d94 <__wrap___aeabi_d2iz>
10002604:	4607      	mov	r7, r0
10002606:	f7ff fba1 	bl	10001d4c <__wrap___aeabi_i2d>
1000260a:	a365      	add	r3, pc, #404	@ (adr r3, 100027a0 <_etoa+0x408>)
1000260c:	e9d3 2300 	ldrd	r2, r3, [r3]
10002610:	4680      	mov	r8, r0
10002612:	4689      	mov	r9, r1
10002614:	f7ff fb28 	bl	10001c68 <__wrap___aeabi_dmul>
10002618:	2200      	movs	r2, #0
1000261a:	4b6e      	ldr	r3, [pc, #440]	@ (100027d4 <_etoa+0x43c>)
1000261c:	f7ff fafc 	bl	10001c18 <__wrap___aeabi_dadd>
10002620:	f7ff fbb8 	bl	10001d94 <__wrap___aeabi_d2iz>
10002624:	4603      	mov	r3, r0
10002626:	4649      	mov	r1, r9
10002628:	4640      	mov	r0, r8
1000262a:	9312      	str	r3, [sp, #72]	@ 0x48
1000262c:	a35e      	add	r3, pc, #376	@ (adr r3, 100027a8 <_etoa+0x410>)
1000262e:	e9d3 2300 	ldrd	r2, r3, [r3]
10002632:	f7ff fb19 	bl	10001c68 <__wrap___aeabi_dmul>
10002636:	4680      	mov	r8, r0
10002638:	9812      	ldr	r0, [sp, #72]	@ 0x48
1000263a:	4689      	mov	r9, r1
1000263c:	f7ff fb86 	bl	10001d4c <__wrap___aeabi_i2d>
10002640:	a35b      	add	r3, pc, #364	@ (adr r3, 100027b0 <_etoa+0x418>)
10002642:	e9d3 2300 	ldrd	r2, r3, [r3]
10002646:	f7ff fb0f 	bl	10001c68 <__wrap___aeabi_dmul>
1000264a:	4602      	mov	r2, r0
1000264c:	460b      	mov	r3, r1
1000264e:	4640      	mov	r0, r8
10002650:	4649      	mov	r1, r9
10002652:	f7ff faf5 	bl	10001c40 <__wrap___aeabi_dsub>
10002656:	4602      	mov	r2, r0
10002658:	460b      	mov	r3, r1
1000265a:	4680      	mov	r8, r0
1000265c:	4689      	mov	r9, r1
1000265e:	f7ff fb03 	bl	10001c68 <__wrap___aeabi_dmul>
10002662:	4642      	mov	r2, r8
10002664:	464b      	mov	r3, r9
10002666:	e9cd 010e 	strd	r0, r1, [sp, #56]	@ 0x38
1000266a:	4640      	mov	r0, r8
1000266c:	4649      	mov	r1, r9
1000266e:	f7ff fad3 	bl	10001c18 <__wrap___aeabi_dadd>
10002672:	2200      	movs	r2, #0
10002674:	e9cd 0114 	strd	r0, r1, [sp, #80]	@ 0x50
10002678:	e9dd 010e 	ldrd	r0, r1, [sp, #56]	@ 0x38
1000267c:	4b56      	ldr	r3, [pc, #344]	@ (100027d8 <_etoa+0x440>)
1000267e:	f7ff fb17 	bl	10001cb0 <__wrap___aeabi_ddiv>
10002682:	2200      	movs	r2, #0
10002684:	4b55      	ldr	r3, [pc, #340]	@ (100027dc <_etoa+0x444>)
10002686:	f7ff fac7 	bl	10001c18 <__wrap___aeabi_dadd>
1000268a:	4602      	mov	r2, r0
1000268c:	460b      	mov	r3, r1
1000268e:	e9dd 010e 	ldrd	r0, r1, [sp, #56]	@ 0x38
10002692:	f7ff fb0d 	bl	10001cb0 <__wrap___aeabi_ddiv>
10002696:	2200      	movs	r2, #0
10002698:	4b51      	ldr	r3, [pc, #324]	@ (100027e0 <_etoa+0x448>)
1000269a:	f7ff fabd 	bl	10001c18 <__wrap___aeabi_dadd>
1000269e:	4602      	mov	r2, r0
100026a0:	460b      	mov	r3, r1
100026a2:	e9dd 010e 	ldrd	r0, r1, [sp, #56]	@ 0x38
100026a6:	f7ff fb03 	bl	10001cb0 <__wrap___aeabi_ddiv>
100026aa:	4642      	mov	r2, r8
100026ac:	464b      	mov	r3, r9
100026ae:	4680      	mov	r8, r0
100026b0:	4689      	mov	r9, r1
100026b2:	2000      	movs	r0, #0
100026b4:	f04f 4180 	mov.w	r1, #1073741824	@ 0x40000000
100026b8:	f7ff fac2 	bl	10001c40 <__wrap___aeabi_dsub>
100026bc:	4602      	mov	r2, r0
100026be:	460b      	mov	r3, r1
100026c0:	4640      	mov	r0, r8
100026c2:	4649      	mov	r1, r9
100026c4:	f7ff faa8 	bl	10001c18 <__wrap___aeabi_dadd>
100026c8:	4602      	mov	r2, r0
100026ca:	460b      	mov	r3, r1
100026cc:	e9dd 0114 	ldrd	r0, r1, [sp, #80]	@ 0x50
100026d0:	f7ff faee 	bl	10001cb0 <__wrap___aeabi_ddiv>
100026d4:	2200      	movs	r2, #0
100026d6:	4b43      	ldr	r3, [pc, #268]	@ (100027e4 <_etoa+0x44c>)
100026d8:	f7ff fa9e 	bl	10001c18 <__wrap___aeabi_dadd>
100026dc:	9b12      	ldr	r3, [sp, #72]	@ 0x48
100026de:	2200      	movs	r2, #0
100026e0:	f203 3cff 	addw	ip, r3, #1023	@ 0x3ff
100026e4:	ea4f 530c 	mov.w	r3, ip, lsl #20
100026e8:	f7ff fabe 	bl	10001c68 <__wrap___aeabi_dmul>
100026ec:	4680      	mov	r8, r0
100026ee:	4689      	mov	r9, r1
100026f0:	e9dd 010a 	ldrd	r0, r1, [sp, #40]	@ 0x28
100026f4:	4642      	mov	r2, r8
100026f6:	464b      	mov	r3, r9
100026f8:	e9cd 890e 	strd	r8, r9, [sp, #56]	@ 0x38
100026fc:	f7ff fb80 	bl	10001e00 <__wrap___aeabi_dcmplt>
10002700:	bb68      	cbnz	r0, 1000275e <_etoa+0x3c6>
10002702:	4643      	mov	r3, r8
10002704:	4649      	mov	r1, r9
10002706:	f107 0263 	add.w	r2, r7, #99	@ 0x63
1000270a:	2ac6      	cmp	r2, #198	@ 0xc6
1000270c:	9a11      	ldr	r2, [sp, #68]	@ 0x44
1000270e:	bf8c      	ite	hi
10002710:	f04f 0905 	movhi.w	r9, #5
10002714:	f04f 0904 	movls.w	r9, #4
10002718:	2a00      	cmp	r2, #0
1000271a:	f43f ae9f 	beq.w	1000245c <_etoa+0xc4>
1000271e:	430b      	orrs	r3, r1
10002720:	f43f ae8e 	beq.w	10002440 <_etoa+0xa8>
10002724:	e9dd 010a 	ldrd	r0, r1, [sp, #40]	@ 0x28
10002728:	a323      	add	r3, pc, #140	@ (adr r3, 100027b8 <_etoa+0x420>)
1000272a:	e9d3 2300 	ldrd	r2, r3, [r3]
1000272e:	f7ff fb7b 	bl	10001e28 <__wrap___aeabi_dcmpge>
10002732:	b148      	cbz	r0, 10002748 <_etoa+0x3b0>
10002734:	e9dd 010a 	ldrd	r0, r1, [sp, #40]	@ 0x28
10002738:	a321      	add	r3, pc, #132	@ (adr r3, 100027c0 <_etoa+0x428>)
1000273a:	e9d3 2300 	ldrd	r2, r3, [r3]
1000273e:	f7ff fb5f 	bl	10001e00 <__wrap___aeabi_dcmplt>
10002742:	2800      	cmp	r0, #0
10002744:	f47f ae7c 	bne.w	10002440 <_etoa+0xa8>
10002748:	f1ba 0f00 	cmp.w	sl, #0
1000274c:	f43f ae86 	beq.w	1000245c <_etoa+0xc4>
10002750:	9b13      	ldr	r3, [sp, #76]	@ 0x4c
10002752:	2b00      	cmp	r3, #0
10002754:	f43f ae82 	beq.w	1000245c <_etoa+0xc4>
10002758:	f10a 3aff 	add.w	sl, sl, #4294967295	@ 0xffffffff
1000275c:	e67e      	b.n	1000245c <_etoa+0xc4>
1000275e:	2200      	movs	r2, #0
10002760:	4b1e      	ldr	r3, [pc, #120]	@ (100027dc <_etoa+0x444>)
10002762:	4640      	mov	r0, r8
10002764:	4649      	mov	r1, r9
10002766:	f7ff faa3 	bl	10001cb0 <__wrap___aeabi_ddiv>
1000276a:	460a      	mov	r2, r1
1000276c:	4601      	mov	r1, r0
1000276e:	4603      	mov	r3, r0
10002770:	e9cd 120e 	strd	r1, r2, [sp, #56]	@ 0x38
10002774:	3f01      	subs	r7, #1
10002776:	4611      	mov	r1, r2
10002778:	e7c5      	b.n	10002706 <_etoa+0x36e>
1000277a:	ed9f 7b13 	vldr	d7, [pc, #76]	@ 100027c8 <_etoa+0x430>
1000277e:	4617      	mov	r7, r2
10002780:	f04f 0904 	mov.w	r9, #4
10002784:	ed8d 7b0e 	vstr	d7, [sp, #56]	@ 0x38
10002788:	e668      	b.n	1000245c <_etoa+0xc4>
1000278a:	f108 4300 	add.w	r3, r8, #2147483648	@ 0x80000000
1000278e:	970a      	str	r7, [sp, #40]	@ 0x28
10002790:	930b      	str	r3, [sp, #44]	@ 0x2c
10002792:	e63c      	b.n	1000240e <_etoa+0x76>
10002794:	f3af 8000 	nop.w
10002798:	636f4361 	.word	0x636f4361
1000279c:	3fd287a7 	.word	0x3fd287a7
100027a0:	0979a371 	.word	0x0979a371
100027a4:	400a934f 	.word	0x400a934f
100027a8:	bbb55516 	.word	0xbbb55516
100027ac:	40026bb1 	.word	0x40026bb1
100027b0:	fefa39ef 	.word	0xfefa39ef
100027b4:	3fe62e42 	.word	0x3fe62e42
100027b8:	eb1c432d 	.word	0xeb1c432d
100027bc:	3f1a36e2 	.word	0x3f1a36e2
100027c0:	00000000 	.word	0x00000000
100027c4:	412e8480 	.word	0x412e8480
	...
100027d0:	3ff80000 	.word	0x3ff80000
100027d4:	3fe00000 	.word	0x3fe00000
100027d8:	402c0000 	.word	0x402c0000
100027dc:	40240000 	.word	0x40240000
100027e0:	40180000 	.word	0x40180000
100027e4:	3ff00000 	.word	0x3ff00000
100027e8:	509f79fb 	.word	0x509f79fb
100027ec:	3fd34413 	.word	0x3fd34413
100027f0:	8b60c8b3 	.word	0x8b60c8b3
100027f4:	3fc68a28 	.word	0x3fc68a28

100027f8 <_ftoa>:
100027f8:	e92d 4ff0 	stmdb	sp!, {r4, r5, r6, r7, r8, r9, sl, fp, lr}
100027fc:	b097      	sub	sp, #92	@ 0x5c
100027fe:	e9dd 8920 	ldrd	r8, r9, [sp, #128]	@ 0x80
10002802:	e9cd 0104 	strd	r0, r1, [sp, #16]
10002806:	e9dd 4b22 	ldrd	r4, fp, [sp, #136]	@ 0x88
1000280a:	e9cd 2306 	strd	r2, r3, [sp, #24]
1000280e:	4640      	mov	r0, r8
10002810:	4642      	mov	r2, r8
10002812:	464b      	mov	r3, r9
10002814:	4649      	mov	r1, r9
10002816:	f8dd a090 	ldr.w	sl, [sp, #144]	@ 0x90
1000281a:	f7ff fadf 	bl	10001ddc <__wrap___aeabi_dcmpun>
1000281e:	2800      	cmp	r0, #0
10002820:	f040 81c5 	bne.w	10002bae <_ftoa+0x3b6>
10002824:	4640      	mov	r0, r8
10002826:	4649      	mov	r1, r9
10002828:	f04f 32ff 	mov.w	r2, #4294967295	@ 0xffffffff
1000282c:	f46f 1380 	mvn.w	r3, #1048576	@ 0x100000
10002830:	f7ff fae6 	bl	10001e00 <__wrap___aeabi_dcmplt>
10002834:	2800      	cmp	r0, #0
10002836:	f040 811d 	bne.w	10002a74 <_ftoa+0x27c>
1000283a:	4640      	mov	r0, r8
1000283c:	4649      	mov	r1, r9
1000283e:	f04f 32ff 	mov.w	r2, #4294967295	@ 0xffffffff
10002842:	4bc1      	ldr	r3, [pc, #772]	@ (10002b48 <_ftoa+0x350>)
10002844:	f7ff fb04 	bl	10001e50 <__wrap___aeabi_dcmpgt>
10002848:	2800      	cmp	r0, #0
1000284a:	f040 80e3 	bne.w	10002a14 <_ftoa+0x21c>
1000284e:	a3b8      	add	r3, pc, #736	@ (adr r3, 10002b30 <_ftoa+0x338>)
10002850:	e9d3 2300 	ldrd	r2, r3, [r3]
10002854:	4640      	mov	r0, r8
10002856:	4649      	mov	r1, r9
10002858:	f7ff fafa 	bl	10001e50 <__wrap___aeabi_dcmpgt>
1000285c:	2800      	cmp	r0, #0
1000285e:	f040 80cb 	bne.w	100029f8 <_ftoa+0x200>
10002862:	a3b5      	add	r3, pc, #724	@ (adr r3, 10002b38 <_ftoa+0x340>)
10002864:	e9d3 2300 	ldrd	r2, r3, [r3]
10002868:	4640      	mov	r0, r8
1000286a:	4649      	mov	r1, r9
1000286c:	f7ff fac8 	bl	10001e00 <__wrap___aeabi_dcmplt>
10002870:	2800      	cmp	r0, #0
10002872:	f040 80c1 	bne.w	100029f8 <_ftoa+0x200>
10002876:	4640      	mov	r0, r8
10002878:	4649      	mov	r1, r9
1000287a:	2200      	movs	r2, #0
1000287c:	2300      	movs	r3, #0
1000287e:	f7ff fabf 	bl	10001e00 <__wrap___aeabi_dcmplt>
10002882:	2800      	cmp	r0, #0
10002884:	f040 80e0 	bne.w	10002a48 <_ftoa+0x250>
10002888:	f41a 6580 	ands.w	r5, sl, #1024	@ 0x400
1000288c:	900d      	str	r0, [sp, #52]	@ 0x34
1000288e:	f000 80e9 	beq.w	10002a64 <_ftoa+0x26c>
10002892:	2c09      	cmp	r4, #9
10002894:	f240 8196 	bls.w	10002bc4 <_ftoa+0x3cc>
10002898:	ab0e      	add	r3, sp, #56	@ 0x38
1000289a:	461a      	mov	r2, r3
1000289c:	930c      	str	r3, [sp, #48]	@ 0x30
1000289e:	2130      	movs	r1, #48	@ 0x30
100028a0:	2300      	movs	r3, #0
100028a2:	f1a4 0509 	sub.w	r5, r4, #9
100028a6:	3301      	adds	r3, #1
100028a8:	2b20      	cmp	r3, #32
100028aa:	f802 1b01 	strb.w	r1, [r2], #1
100028ae:	eba4 0603 	sub.w	r6, r4, r3
100028b2:	f000 813a 	beq.w	10002b2a <_ftoa+0x332>
100028b6:	42ab      	cmp	r3, r5
100028b8:	d1f5      	bne.n	100028a6 <_ftoa+0xae>
100028ba:	ed9f 7b9d 	vldr	d7, [pc, #628]	@ 10002b30 <_ftoa+0x338>
100028be:	ed8d 7b08 	vstr	d7, [sp, #32]
100028c2:	4649      	mov	r1, r9
100028c4:	4640      	mov	r0, r8
100028c6:	f7ff fa65 	bl	10001d94 <__wrap___aeabi_d2iz>
100028ca:	4604      	mov	r4, r0
100028cc:	f7ff fa3e 	bl	10001d4c <__wrap___aeabi_i2d>
100028d0:	4602      	mov	r2, r0
100028d2:	460b      	mov	r3, r1
100028d4:	4640      	mov	r0, r8
100028d6:	4649      	mov	r1, r9
100028d8:	f7ff f9b2 	bl	10001c40 <__wrap___aeabi_dsub>
100028dc:	e9dd 2308 	ldrd	r2, r3, [sp, #32]
100028e0:	f7ff f9c2 	bl	10001c68 <__wrap___aeabi_dmul>
100028e4:	4602      	mov	r2, r0
100028e6:	460b      	mov	r3, r1
100028e8:	e9cd 230a 	strd	r2, r3, [sp, #40]	@ 0x28
100028ec:	f7ff fa64 	bl	10001db8 <__wrap___aeabi_d2uiz>
100028f0:	4607      	mov	r7, r0
100028f2:	f7ff fa3d 	bl	10001d70 <__wrap___aeabi_ui2d>
100028f6:	4602      	mov	r2, r0
100028f8:	460b      	mov	r3, r1
100028fa:	e9dd 010a 	ldrd	r0, r1, [sp, #40]	@ 0x28
100028fe:	f7ff f99f 	bl	10001c40 <__wrap___aeabi_dsub>
10002902:	4602      	mov	r2, r0
10002904:	460b      	mov	r3, r1
10002906:	e9cd 230a 	strd	r2, r3, [sp, #40]	@ 0x28
1000290a:	2200      	movs	r2, #0
1000290c:	4b8f      	ldr	r3, [pc, #572]	@ (10002b4c <_ftoa+0x354>)
1000290e:	f7ff fa9f 	bl	10001e50 <__wrap___aeabi_dcmpgt>
10002912:	2800      	cmp	r0, #0
10002914:	f000 80db 	beq.w	10002ace <_ftoa+0x2d6>
10002918:	3701      	adds	r7, #1
1000291a:	4638      	mov	r0, r7
1000291c:	f7ff fa28 	bl	10001d70 <__wrap___aeabi_ui2d>
10002920:	e9dd 2308 	ldrd	r2, r3, [sp, #32]
10002924:	f7ff fa80 	bl	10001e28 <__wrap___aeabi_dcmpge>
10002928:	b108      	cbz	r0, 1000292e <_ftoa+0x136>
1000292a:	2700      	movs	r7, #0
1000292c:	3401      	adds	r4, #1
1000292e:	2e00      	cmp	r6, #0
10002930:	f040 80b1 	bne.w	10002a96 <_ftoa+0x29e>
10002934:	4620      	mov	r0, r4
10002936:	f7ff fa09 	bl	10001d4c <__wrap___aeabi_i2d>
1000293a:	4602      	mov	r2, r0
1000293c:	460b      	mov	r3, r1
1000293e:	4640      	mov	r0, r8
10002940:	4649      	mov	r1, r9
10002942:	f7ff f97d 	bl	10001c40 <__wrap___aeabi_dsub>
10002946:	2200      	movs	r2, #0
10002948:	4b80      	ldr	r3, [pc, #512]	@ (10002b4c <_ftoa+0x354>)
1000294a:	4606      	mov	r6, r0
1000294c:	460f      	mov	r7, r1
1000294e:	f7ff fa57 	bl	10001e00 <__wrap___aeabi_dcmplt>
10002952:	b940      	cbnz	r0, 10002966 <_ftoa+0x16e>
10002954:	4630      	mov	r0, r6
10002956:	4639      	mov	r1, r7
10002958:	2200      	movs	r2, #0
1000295a:	4b7c      	ldr	r3, [pc, #496]	@ (10002b4c <_ftoa+0x354>)
1000295c:	f7ff fa78 	bl	10001e50 <__wrap___aeabi_dcmpgt>
10002960:	2800      	cmp	r0, #0
10002962:	f000 8115 	beq.w	10002b90 <_ftoa+0x398>
10002966:	9b0c      	ldr	r3, [sp, #48]	@ 0x30
10002968:	1e69      	subs	r1, r5, #1
1000296a:	4879      	ldr	r0, [pc, #484]	@ (10002b50 <_ftoa+0x358>)
1000296c:	4419      	add	r1, r3
1000296e:	e010      	b.n	10002992 <_ftoa+0x19a>
10002970:	fb80 6204 	smull	r6, r2, r0, r4
10002974:	ebc3 03a2 	rsb	r3, r3, r2, asr #2
10002978:	eb03 0283 	add.w	r2, r3, r3, lsl #2
1000297c:	eba4 0442 	sub.w	r4, r4, r2, lsl #1
10002980:	f104 0230 	add.w	r2, r4, #48	@ 0x30
10002984:	3501      	adds	r5, #1
10002986:	461c      	mov	r4, r3
10002988:	f801 2f01 	strb.w	r2, [r1, #1]!
1000298c:	2b00      	cmp	r3, #0
1000298e:	f000 80ab 	beq.w	10002ae8 <_ftoa+0x2f0>
10002992:	2d20      	cmp	r5, #32
10002994:	ea4f 73e4 	mov.w	r3, r4, asr #31
10002998:	d1ea      	bne.n	10002970 <_ftoa+0x178>
1000299a:	f00a 0303 	and.w	r3, sl, #3
1000299e:	2b01      	cmp	r3, #1
100029a0:	d11c      	bne.n	100029dc <_ftoa+0x1e4>
100029a2:	f1bb 0f00 	cmp.w	fp, #0
100029a6:	d019      	beq.n	100029dc <_ftoa+0x1e4>
100029a8:	9b0d      	ldr	r3, [sp, #52]	@ 0x34
100029aa:	2b00      	cmp	r3, #0
100029ac:	f040 80f9 	bne.w	10002ba2 <_ftoa+0x3aa>
100029b0:	f01a 0f0c 	tst.w	sl, #12
100029b4:	f040 80f5 	bne.w	10002ba2 <_ftoa+0x3aa>
100029b8:	45ab      	cmp	fp, r5
100029ba:	f240 80d3 	bls.w	10002b64 <_ftoa+0x36c>
100029be:	2d20      	cmp	r5, #32
100029c0:	d00b      	beq.n	100029da <_ftoa+0x1e2>
100029c2:	2230      	movs	r2, #48	@ 0x30
100029c4:	990c      	ldr	r1, [sp, #48]	@ 0x30
100029c6:	1e6b      	subs	r3, r5, #1
100029c8:	440b      	add	r3, r1
100029ca:	3501      	adds	r5, #1
100029cc:	455d      	cmp	r5, fp
100029ce:	f803 2f01 	strb.w	r2, [r3, #1]!
100029d2:	f000 808d 	beq.w	10002af0 <_ftoa+0x2f8>
100029d6:	2d20      	cmp	r5, #32
100029d8:	d1f7      	bne.n	100029ca <_ftoa+0x1d2>
100029da:	2520      	movs	r5, #32
100029dc:	e9dd 2306 	ldrd	r2, r3, [sp, #24]
100029e0:	e9dd 0104 	ldrd	r0, r1, [sp, #16]
100029e4:	9c0c      	ldr	r4, [sp, #48]	@ 0x30
100029e6:	e9cd ba02 	strd	fp, sl, [sp, #8]
100029ea:	9501      	str	r5, [sp, #4]
100029ec:	9400      	str	r4, [sp, #0]
100029ee:	f7ff fb29 	bl	10002044 <_out_rev>
100029f2:	b017      	add	sp, #92	@ 0x5c
100029f4:	e8bd 8ff0 	ldmia.w	sp!, {r4, r5, r6, r7, r8, r9, sl, fp, pc}
100029f8:	e9cd 8920 	strd	r8, r9, [sp, #128]	@ 0x80
100029fc:	e9dd 2306 	ldrd	r2, r3, [sp, #24]
10002a00:	e9dd 0104 	ldrd	r0, r1, [sp, #16]
10002a04:	e9cd ba23 	strd	fp, sl, [sp, #140]	@ 0x8c
10002a08:	9422      	str	r4, [sp, #136]	@ 0x88
10002a0a:	b017      	add	sp, #92	@ 0x5c
10002a0c:	e8bd 4ff0 	ldmia.w	sp!, {r4, r5, r6, r7, r8, r9, sl, fp, lr}
10002a10:	f7ff bcc2 	b.w	10002398 <_etoa>
10002a14:	4d4f      	ldr	r5, [pc, #316]	@ (10002b54 <_ftoa+0x35c>)
10002a16:	f8cd a08c 	str.w	sl, [sp, #140]	@ 0x8c
10002a1a:	f00a 0a04 	and.w	sl, sl, #4
10002a1e:	f1ba 0f00 	cmp.w	sl, #0
10002a22:	4c4d      	ldr	r4, [pc, #308]	@ (10002b58 <_ftoa+0x360>)
10002a24:	bf18      	it	ne
10002a26:	462c      	movne	r4, r5
10002a28:	e9dd 2306 	ldrd	r2, r3, [sp, #24]
10002a2c:	e9dd 0104 	ldrd	r0, r1, [sp, #16]
10002a30:	9420      	str	r4, [sp, #128]	@ 0x80
10002a32:	bf0c      	ite	eq
10002a34:	2403      	moveq	r4, #3
10002a36:	2404      	movne	r4, #4
10002a38:	f8cd b088 	str.w	fp, [sp, #136]	@ 0x88
10002a3c:	9421      	str	r4, [sp, #132]	@ 0x84
10002a3e:	b017      	add	sp, #92	@ 0x5c
10002a40:	e8bd 4ff0 	ldmia.w	sp!, {r4, r5, r6, r7, r8, r9, sl, fp, lr}
10002a44:	f7ff bafe 	b.w	10002044 <_out_rev>
10002a48:	464b      	mov	r3, r9
10002a4a:	4642      	mov	r2, r8
10002a4c:	2000      	movs	r0, #0
10002a4e:	2100      	movs	r1, #0
10002a50:	f7ff f8f6 	bl	10001c40 <__wrap___aeabi_dsub>
10002a54:	2301      	movs	r3, #1
10002a56:	f41a 6580 	ands.w	r5, sl, #1024	@ 0x400
10002a5a:	4680      	mov	r8, r0
10002a5c:	4689      	mov	r9, r1
10002a5e:	930d      	str	r3, [sp, #52]	@ 0x34
10002a60:	f47f af17 	bne.w	10002892 <_ftoa+0x9a>
10002a64:	ed9f 7b36 	vldr	d7, [pc, #216]	@ 10002b40 <_ftoa+0x348>
10002a68:	ab0e      	add	r3, sp, #56	@ 0x38
10002a6a:	2606      	movs	r6, #6
10002a6c:	ed8d 7b08 	vstr	d7, [sp, #32]
10002a70:	930c      	str	r3, [sp, #48]	@ 0x30
10002a72:	e726      	b.n	100028c2 <_ftoa+0xca>
10002a74:	2404      	movs	r4, #4
10002a76:	e9dd 2306 	ldrd	r2, r3, [sp, #24]
10002a7a:	e9dd 0104 	ldrd	r0, r1, [sp, #16]
10002a7e:	4d37      	ldr	r5, [pc, #220]	@ (10002b5c <_ftoa+0x364>)
10002a80:	f8cd a08c 	str.w	sl, [sp, #140]	@ 0x8c
10002a84:	f8cd b088 	str.w	fp, [sp, #136]	@ 0x88
10002a88:	9520      	str	r5, [sp, #128]	@ 0x80
10002a8a:	9421      	str	r4, [sp, #132]	@ 0x84
10002a8c:	b017      	add	sp, #92	@ 0x5c
10002a8e:	e8bd 4ff0 	ldmia.w	sp!, {r4, r5, r6, r7, r8, r9, sl, fp, lr}
10002a92:	f7ff bad7 	b.w	10002044 <_out_rev>
10002a96:	9b0c      	ldr	r3, [sp, #48]	@ 0x30
10002a98:	1e68      	subs	r0, r5, #1
10002a9a:	f8df c0c4 	ldr.w	ip, [pc, #196]	@ 10002b60 <_ftoa+0x368>
10002a9e:	4418      	add	r0, r3
10002aa0:	e00d      	b.n	10002abe <_ftoa+0x2c6>
10002aa2:	fbac 2107 	umull	r2, r1, ip, r7
10002aa6:	08c9      	lsrs	r1, r1, #3
10002aa8:	eb01 0281 	add.w	r2, r1, r1, lsl #2
10002aac:	eba7 0242 	sub.w	r2, r7, r2, lsl #1
10002ab0:	3230      	adds	r2, #48	@ 0x30
10002ab2:	2f09      	cmp	r7, #9
10002ab4:	f800 2f01 	strb.w	r2, [r0, #1]!
10002ab8:	d927      	bls.n	10002b0a <_ftoa+0x312>
10002aba:	460f      	mov	r7, r1
10002abc:	461d      	mov	r5, r3
10002abe:	2d20      	cmp	r5, #32
10002ac0:	f105 0301 	add.w	r3, r5, #1
10002ac4:	f106 36ff 	add.w	r6, r6, #4294967295	@ 0xffffffff
10002ac8:	d1eb      	bne.n	10002aa2 <_ftoa+0x2aa>
10002aca:	2520      	movs	r5, #32
10002acc:	e74b      	b.n	10002966 <_ftoa+0x16e>
10002ace:	2200      	movs	r2, #0
10002ad0:	e9dd 010a 	ldrd	r0, r1, [sp, #40]	@ 0x28
10002ad4:	4b1d      	ldr	r3, [pc, #116]	@ (10002b4c <_ftoa+0x354>)
10002ad6:	f7ff f993 	bl	10001e00 <__wrap___aeabi_dcmplt>
10002ada:	2800      	cmp	r0, #0
10002adc:	f47f af27 	bne.w	1000292e <_ftoa+0x136>
10002ae0:	2f00      	cmp	r7, #0
10002ae2:	d15a      	bne.n	10002b9a <_ftoa+0x3a2>
10002ae4:	3701      	adds	r7, #1
10002ae6:	e722      	b.n	1000292e <_ftoa+0x136>
10002ae8:	f00a 0303 	and.w	r3, sl, #3
10002aec:	2b01      	cmp	r3, #1
10002aee:	d075      	beq.n	10002bdc <_ftoa+0x3e4>
10002af0:	2d20      	cmp	r5, #32
10002af2:	f43f af73 	beq.w	100029dc <_ftoa+0x1e4>
10002af6:	9b0d      	ldr	r3, [sp, #52]	@ 0x34
10002af8:	b3bb      	cbz	r3, 10002b6a <_ftoa+0x372>
10002afa:	222d      	movs	r2, #45	@ 0x2d
10002afc:	f105 0358 	add.w	r3, r5, #88	@ 0x58
10002b00:	446b      	add	r3, sp
10002b02:	f803 2c20 	strb.w	r2, [r3, #-32]
10002b06:	3501      	adds	r5, #1
10002b08:	e768      	b.n	100029dc <_ftoa+0x1e4>
10002b0a:	2b20      	cmp	r3, #32
10002b0c:	d0dd      	beq.n	10002aca <_ftoa+0x2d2>
10002b0e:	b3ae      	cbz	r6, 10002b7c <_ftoa+0x384>
10002b10:	9a0c      	ldr	r2, [sp, #48]	@ 0x30
10002b12:	441e      	add	r6, r3
10002b14:	4415      	add	r5, r2
10002b16:	2230      	movs	r2, #48	@ 0x30
10002b18:	e001      	b.n	10002b1e <_ftoa+0x326>
10002b1a:	42b3      	cmp	r3, r6
10002b1c:	d02e      	beq.n	10002b7c <_ftoa+0x384>
10002b1e:	3301      	adds	r3, #1
10002b20:	2b20      	cmp	r3, #32
10002b22:	f805 2f01 	strb.w	r2, [r5, #1]!
10002b26:	d1f8      	bne.n	10002b1a <_ftoa+0x322>
10002b28:	e7cf      	b.n	10002aca <_ftoa+0x2d2>
10002b2a:	461d      	mov	r5, r3
10002b2c:	e6c5      	b.n	100028ba <_ftoa+0xc2>
10002b2e:	bf00      	nop
10002b30:	00000000 	.word	0x00000000
10002b34:	41cdcd65 	.word	0x41cdcd65
10002b38:	00000000 	.word	0x00000000
10002b3c:	c1cdcd65 	.word	0xc1cdcd65
10002b40:	00000000 	.word	0x00000000
10002b44:	412e8480 	.word	0x412e8480
10002b48:	7fefffff 	.word	0x7fefffff
10002b4c:	3fe00000 	.word	0x3fe00000
10002b50:	66666667 	.word	0x66666667
10002b54:	10006074 	.word	0x10006074
10002b58:	1000607c 	.word	0x1000607c
10002b5c:	10006084 	.word	0x10006084
10002b60:	cccccccd 	.word	0xcccccccd
10002b64:	2d20      	cmp	r5, #32
10002b66:	f43f af39 	beq.w	100029dc <_ftoa+0x1e4>
10002b6a:	f01a 0f04 	tst.w	sl, #4
10002b6e:	d10d      	bne.n	10002b8c <_ftoa+0x394>
10002b70:	f01a 0f08 	tst.w	sl, #8
10002b74:	f43f af32 	beq.w	100029dc <_ftoa+0x1e4>
10002b78:	2220      	movs	r2, #32
10002b7a:	e7bf      	b.n	10002afc <_ftoa+0x304>
10002b7c:	212e      	movs	r1, #46	@ 0x2e
10002b7e:	f103 0258 	add.w	r2, r3, #88	@ 0x58
10002b82:	446a      	add	r2, sp
10002b84:	f802 1c20 	strb.w	r1, [r2, #-32]
10002b88:	1c5d      	adds	r5, r3, #1
10002b8a:	e6ec      	b.n	10002966 <_ftoa+0x16e>
10002b8c:	222b      	movs	r2, #43	@ 0x2b
10002b8e:	e7b5      	b.n	10002afc <_ftoa+0x304>
10002b90:	07e3      	lsls	r3, r4, #31
10002b92:	f57f aee8 	bpl.w	10002966 <_ftoa+0x16e>
10002b96:	3401      	adds	r4, #1
10002b98:	e6e5      	b.n	10002966 <_ftoa+0x16e>
10002b9a:	07fa      	lsls	r2, r7, #31
10002b9c:	f57f aec7 	bpl.w	1000292e <_ftoa+0x136>
10002ba0:	e7a0      	b.n	10002ae4 <_ftoa+0x2ec>
10002ba2:	f10b 3bff 	add.w	fp, fp, #4294967295	@ 0xffffffff
10002ba6:	45ab      	cmp	fp, r5
10002ba8:	f63f af09 	bhi.w	100029be <_ftoa+0x1c6>
10002bac:	e7a0      	b.n	10002af0 <_ftoa+0x2f8>
10002bae:	2403      	movs	r4, #3
10002bb0:	e9dd 2306 	ldrd	r2, r3, [sp, #24]
10002bb4:	e9dd 0104 	ldrd	r0, r1, [sp, #16]
10002bb8:	4d0a      	ldr	r5, [pc, #40]	@ (10002be4 <_ftoa+0x3ec>)
10002bba:	f8cd a08c 	str.w	sl, [sp, #140]	@ 0x8c
10002bbe:	f8cd b088 	str.w	fp, [sp, #136]	@ 0x88
10002bc2:	e761      	b.n	10002a88 <_ftoa+0x290>
10002bc4:	4b08      	ldr	r3, [pc, #32]	@ (10002be8 <_ftoa+0x3f0>)
10002bc6:	4626      	mov	r6, r4
10002bc8:	eb03 03c4 	add.w	r3, r3, r4, lsl #3
10002bcc:	ed93 7b00 	vldr	d7, [r3]
10002bd0:	ab0e      	add	r3, sp, #56	@ 0x38
10002bd2:	ed8d 7b08 	vstr	d7, [sp, #32]
10002bd6:	2500      	movs	r5, #0
10002bd8:	930c      	str	r3, [sp, #48]	@ 0x30
10002bda:	e672      	b.n	100028c2 <_ftoa+0xca>
10002bdc:	f1bb 0f00 	cmp.w	fp, #0
10002be0:	d086      	beq.n	10002af0 <_ftoa+0x2f8>
10002be2:	e6e1      	b.n	100029a8 <_ftoa+0x1b0>
10002be4:	10006080 	.word	0x10006080
10002be8:	10006188 	.word	0x10006188

10002bec <_vsnprintf>:
10002bec:	e92d 4ff0 	stmdb	sp!, {r4, r5, r6, r7, r8, r9, sl, fp, lr}
10002bf0:	469a      	mov	sl, r3
10002bf2:	b09b      	sub	sp, #108	@ 0x6c
10002bf4:	9c24      	ldr	r4, [sp, #144]	@ 0x90
10002bf6:	4d96      	ldr	r5, [pc, #600]	@ (10002e50 <_vsnprintf+0x264>)
10002bf8:	940b      	str	r4, [sp, #44]	@ 0x2c
10002bfa:	4c96      	ldr	r4, [pc, #600]	@ (10002e54 <_vsnprintf+0x268>)
10002bfc:	1e0b      	subs	r3, r1, #0
10002bfe:	bf18      	it	ne
10002c00:	4683      	movne	fp, r0
10002c02:	6025      	str	r5, [r4, #0]
10002c04:	f89a 0000 	ldrb.w	r0, [sl]
10002c08:	4c93      	ldr	r4, [pc, #588]	@ (10002e58 <_vsnprintf+0x26c>)
10002c0a:	930a      	str	r3, [sp, #40]	@ 0x28
10002c0c:	bf08      	it	eq
10002c0e:	46a3      	moveq	fp, r4
10002c10:	9209      	str	r2, [sp, #36]	@ 0x24
10002c12:	2800      	cmp	r0, #0
10002c14:	f000 82bc 	beq.w	10003190 <_vsnprintf+0x5a4>
10002c18:	f04f 0900 	mov.w	r9, #0
10002c1c:	e00a      	b.n	10002c34 <_vsnprintf+0x48>
10002c1e:	464a      	mov	r2, r9
10002c20:	9b09      	ldr	r3, [sp, #36]	@ 0x24
10002c22:	990a      	ldr	r1, [sp, #40]	@ 0x28
10002c24:	f109 0901 	add.w	r9, r9, #1
10002c28:	47d8      	blx	fp
10002c2a:	f89a 0000 	ldrb.w	r0, [sl]
10002c2e:	2800      	cmp	r0, #0
10002c30:	f000 80ce 	beq.w	10002dd0 <_vsnprintf+0x1e4>
10002c34:	2825      	cmp	r0, #37	@ 0x25
10002c36:	f10a 0a01 	add.w	sl, sl, #1
10002c3a:	d1f0      	bne.n	10002c1e <_vsnprintf+0x32>
10002c3c:	2300      	movs	r3, #0
10002c3e:	4652      	mov	r2, sl
10002c40:	f812 0b01 	ldrb.w	r0, [r2], #1
10002c44:	f1a0 0120 	sub.w	r1, r0, #32
10002c48:	2910      	cmp	r1, #16
10002c4a:	d80a      	bhi.n	10002c62 <_vsnprintf+0x76>
10002c4c:	e8df f001 	tbb	[pc, r1]
10002c50:	3c090940 	.word	0x3c090940
10002c54:	09090909 	.word	0x09090909
10002c58:	38090909 	.word	0x38090909
10002c5c:	09093409 	.word	0x09093409
10002c60:	30          	.byte	0x30
10002c61:	00          	.byte	0x00
10002c62:	f1a0 0130 	sub.w	r1, r0, #48	@ 0x30
10002c66:	2909      	cmp	r1, #9
10002c68:	f240 808c 	bls.w	10002d84 <_vsnprintf+0x198>
10002c6c:	282a      	cmp	r0, #42	@ 0x2a
10002c6e:	f000 80f5 	beq.w	10002e5c <_vsnprintf+0x270>
10002c72:	2100      	movs	r1, #0
10002c74:	910c      	str	r1, [sp, #48]	@ 0x30
10002c76:	282e      	cmp	r0, #46	@ 0x2e
10002c78:	f000 8099 	beq.w	10002dae <_vsnprintf+0x1c2>
10002c7c:	2700      	movs	r7, #0
10002c7e:	f1a0 0168 	sub.w	r1, r0, #104	@ 0x68
10002c82:	2912      	cmp	r1, #18
10002c84:	d82d      	bhi.n	10002ce2 <_vsnprintf+0xf6>
10002c86:	e8df f011 	tbh	[pc, r1, lsl #1]
10002c8a:	0157      	.short	0x0157
10002c8c:	0151002c 	.word	0x0151002c
10002c90:	0145002c 	.word	0x0145002c
10002c94:	002c002c 	.word	0x002c002c
10002c98:	002c002c 	.word	0x002c002c
10002c9c:	002c002c 	.word	0x002c002c
10002ca0:	0027002c 	.word	0x0027002c
10002ca4:	002c002c 	.word	0x002c002c
10002ca8:	002c002c 	.word	0x002c002c
10002cac:	0027002c 	.word	0x0027002c
10002cb0:	4692      	mov	sl, r2
10002cb2:	f043 0301 	orr.w	r3, r3, #1
10002cb6:	e7c2      	b.n	10002c3e <_vsnprintf+0x52>
10002cb8:	4692      	mov	sl, r2
10002cba:	f043 0302 	orr.w	r3, r3, #2
10002cbe:	e7be      	b.n	10002c3e <_vsnprintf+0x52>
10002cc0:	4692      	mov	sl, r2
10002cc2:	f043 0304 	orr.w	r3, r3, #4
10002cc6:	e7ba      	b.n	10002c3e <_vsnprintf+0x52>
10002cc8:	4692      	mov	sl, r2
10002cca:	f043 0310 	orr.w	r3, r3, #16
10002cce:	e7b6      	b.n	10002c3e <_vsnprintf+0x52>
10002cd0:	4692      	mov	sl, r2
10002cd2:	f043 0308 	orr.w	r3, r3, #8
10002cd6:	e7b2      	b.n	10002c3e <_vsnprintf+0x52>
10002cd8:	f89a 0001 	ldrb.w	r0, [sl, #1]
10002cdc:	f443 7380 	orr.w	r3, r3, #256	@ 0x100
10002ce0:	3201      	adds	r2, #1
10002ce2:	2867      	cmp	r0, #103	@ 0x67
10002ce4:	4692      	mov	sl, r2
10002ce6:	f200 8082 	bhi.w	10002dee <_vsnprintf+0x202>
10002cea:	2824      	cmp	r0, #36	@ 0x24
10002cec:	f240 80c6 	bls.w	10002e7c <_vsnprintf+0x290>
10002cf0:	f1a0 0225 	sub.w	r2, r0, #37	@ 0x25
10002cf4:	2a42      	cmp	r2, #66	@ 0x42
10002cf6:	f200 80c1 	bhi.w	10002e7c <_vsnprintf+0x290>
10002cfa:	e8df f012 	tbh	[pc, r2, lsl #1]
10002cfe:	015f      	.short	0x015f
10002d00:	00bf00bf 	.word	0x00bf00bf
10002d04:	00bf00bf 	.word	0x00bf00bf
10002d08:	00bf00bf 	.word	0x00bf00bf
10002d0c:	00bf00bf 	.word	0x00bf00bf
10002d10:	00bf00bf 	.word	0x00bf00bf
10002d14:	00bf00bf 	.word	0x00bf00bf
10002d18:	00bf00bf 	.word	0x00bf00bf
10002d1c:	00bf00bf 	.word	0x00bf00bf
10002d20:	00bf00bf 	.word	0x00bf00bf
10002d24:	00bf00bf 	.word	0x00bf00bf
10002d28:	00bf00bf 	.word	0x00bf00bf
10002d2c:	00bf00bf 	.word	0x00bf00bf
10002d30:	00bf00bf 	.word	0x00bf00bf
10002d34:	00bf00bf 	.word	0x00bf00bf
10002d38:	00bf00bf 	.word	0x00bf00bf
10002d3c:	012600bf 	.word	0x012600bf
10002d40:	01260145 	.word	0x01260145
10002d44:	00bf00bf 	.word	0x00bf00bf
10002d48:	00bf00bf 	.word	0x00bf00bf
10002d4c:	00bf00bf 	.word	0x00bf00bf
10002d50:	00bf00bf 	.word	0x00bf00bf
10002d54:	00bf00bf 	.word	0x00bf00bf
10002d58:	00bf00bf 	.word	0x00bf00bf
10002d5c:	00bf00bf 	.word	0x00bf00bf
10002d60:	00bf00bf 	.word	0x00bf00bf
10002d64:	00bf01d3 	.word	0x00bf01d3
10002d68:	00bf00bf 	.word	0x00bf00bf
10002d6c:	00bf00bf 	.word	0x00bf00bf
10002d70:	00bf00bf 	.word	0x00bf00bf
10002d74:	00bf00bf 	.word	0x00bf00bf
10002d78:	016701d3 	.word	0x016701d3
10002d7c:	012601d3 	.word	0x012601d3
10002d80:	01260145 	.word	0x01260145
10002d84:	2100      	movs	r1, #0
10002d86:	e000      	b.n	10002d8a <_vsnprintf+0x19e>
10002d88:	3201      	adds	r2, #1
10002d8a:	eb01 0181 	add.w	r1, r1, r1, lsl #2
10002d8e:	eb00 0141 	add.w	r1, r0, r1, lsl #1
10002d92:	7810      	ldrb	r0, [r2, #0]
10002d94:	4692      	mov	sl, r2
10002d96:	f1a0 0430 	sub.w	r4, r0, #48	@ 0x30
10002d9a:	2c09      	cmp	r4, #9
10002d9c:	f1a1 0130 	sub.w	r1, r1, #48	@ 0x30
10002da0:	d9f2      	bls.n	10002d88 <_vsnprintf+0x19c>
10002da2:	282e      	cmp	r0, #46	@ 0x2e
10002da4:	910c      	str	r1, [sp, #48]	@ 0x30
10002da6:	f102 0201 	add.w	r2, r2, #1
10002daa:	f47f af67 	bne.w	10002c7c <_vsnprintf+0x90>
10002dae:	f89a 0001 	ldrb.w	r0, [sl, #1]
10002db2:	4611      	mov	r1, r2
10002db4:	f1a0 0630 	sub.w	r6, r0, #48	@ 0x30
10002db8:	2e09      	cmp	r6, #9
10002dba:	f443 6380 	orr.w	r3, r3, #1024	@ 0x400
10002dbe:	f240 8131 	bls.w	10003024 <_vsnprintf+0x438>
10002dc2:	282a      	cmp	r0, #42	@ 0x2a
10002dc4:	f000 813e 	beq.w	10003044 <_vsnprintf+0x458>
10002dc8:	4692      	mov	sl, r2
10002dca:	2700      	movs	r7, #0
10002dcc:	3201      	adds	r2, #1
10002dce:	e756      	b.n	10002c7e <_vsnprintf+0x92>
10002dd0:	464c      	mov	r4, r9
10002dd2:	9b09      	ldr	r3, [sp, #36]	@ 0x24
10002dd4:	4599      	cmp	r9, r3
10002dd6:	d301      	bcc.n	10002ddc <_vsnprintf+0x1f0>
10002dd8:	f103 39ff 	add.w	r9, r3, #4294967295	@ 0xffffffff
10002ddc:	464a      	mov	r2, r9
10002dde:	2000      	movs	r0, #0
10002de0:	9b09      	ldr	r3, [sp, #36]	@ 0x24
10002de2:	990a      	ldr	r1, [sp, #40]	@ 0x28
10002de4:	47d8      	blx	fp
10002de6:	4620      	mov	r0, r4
10002de8:	b01b      	add	sp, #108	@ 0x6c
10002dea:	e8bd 8ff0 	ldmia.w	sp!, {r4, r5, r6, r7, r8, r9, sl, fp, pc}
10002dee:	f1a0 0269 	sub.w	r2, r0, #105	@ 0x69
10002df2:	b2d2      	uxtb	r2, r2
10002df4:	2a0f      	cmp	r2, #15
10002df6:	d841      	bhi.n	10002e7c <_vsnprintf+0x290>
10002df8:	2601      	movs	r6, #1
10002dfa:	f249 0141 	movw	r1, #36929	@ 0x9041
10002dfe:	4096      	lsls	r6, r2
10002e00:	400e      	ands	r6, r1
10002e02:	f040 8101 	bne.w	10003008 <_vsnprintf+0x41c>
10002e06:	2a0a      	cmp	r2, #10
10002e08:	d03f      	beq.n	10002e8a <_vsnprintf+0x29e>
10002e0a:	2a07      	cmp	r2, #7
10002e0c:	d136      	bne.n	10002e7c <_vsnprintf+0x290>
10002e0e:	9c0b      	ldr	r4, [sp, #44]	@ 0x2c
10002e10:	f854 2b04 	ldr.w	r2, [r4], #4
10002e14:	2a00      	cmp	r2, #0
10002e16:	f000 8128 	beq.w	1000306a <_vsnprintf+0x47e>
10002e1a:	f043 0121 	orr.w	r1, r3, #33	@ 0x21
10002e1e:	f10d 0e48 	add.w	lr, sp, #72	@ 0x48
10002e22:	4670      	mov	r0, lr
10002e24:	e003      	b.n	10002e2e <_vsnprintf+0x242>
10002e26:	2e20      	cmp	r6, #32
10002e28:	f000 8129 	beq.w	1000307e <_vsnprintf+0x492>
10002e2c:	461a      	mov	r2, r3
10002e2e:	f002 050f 	and.w	r5, r2, #15
10002e32:	462b      	mov	r3, r5
10002e34:	2d09      	cmp	r5, #9
10002e36:	bf94      	ite	ls
10002e38:	3330      	addls	r3, #48	@ 0x30
10002e3a:	3337      	addhi	r3, #55	@ 0x37
10002e3c:	2a0f      	cmp	r2, #15
10002e3e:	f800 3b01 	strb.w	r3, [r0], #1
10002e42:	f106 0601 	add.w	r6, r6, #1
10002e46:	ea4f 1312 	mov.w	r3, r2, lsr #4
10002e4a:	d8ec      	bhi.n	10002e26 <_vsnprintf+0x23a>
10002e4c:	e117      	b.n	1000307e <_vsnprintf+0x492>
10002e4e:	bf00      	nop
10002e50:	10002bed 	.word	0x10002bed
10002e54:	20001ea0 	.word	0x20001ea0
10002e58:	10002041 	.word	0x10002041
10002e5c:	9c0b      	ldr	r4, [sp, #44]	@ 0x2c
10002e5e:	f89a 0001 	ldrb.w	r0, [sl, #1]
10002e62:	f854 5b04 	ldr.w	r5, [r4], #4
10002e66:	4692      	mov	sl, r2
10002e68:	2d00      	cmp	r5, #0
10002e6a:	bfbd      	ittte	lt
10002e6c:	4269      	neglt	r1, r5
10002e6e:	f043 0302 	orrlt.w	r3, r3, #2
10002e72:	910c      	strlt	r1, [sp, #48]	@ 0x30
10002e74:	950c      	strge	r5, [sp, #48]	@ 0x30
10002e76:	940b      	str	r4, [sp, #44]	@ 0x2c
10002e78:	3201      	adds	r2, #1
10002e7a:	e6fc      	b.n	10002c76 <_vsnprintf+0x8a>
10002e7c:	464a      	mov	r2, r9
10002e7e:	9b09      	ldr	r3, [sp, #36]	@ 0x24
10002e80:	990a      	ldr	r1, [sp, #40]	@ 0x28
10002e82:	f109 0901 	add.w	r9, r9, #1
10002e86:	47d8      	blx	fp
10002e88:	e6cf      	b.n	10002c2a <_vsnprintf+0x3e>
10002e8a:	990b      	ldr	r1, [sp, #44]	@ 0x2c
10002e8c:	f851 8b04 	ldr.w	r8, [r1], #4
10002e90:	f898 2000 	ldrb.w	r2, [r8]
10002e94:	4610      	mov	r0, r2
10002e96:	2f00      	cmp	r7, #0
10002e98:	f040 80e1 	bne.w	1000305e <_vsnprintf+0x472>
10002e9c:	b172      	cbz	r2, 10002ebc <_vsnprintf+0x2d0>
10002e9e:	f06f 0c01 	mvn.w	ip, #1
10002ea2:	f10c 0c01 	add.w	ip, ip, #1
10002ea6:	4646      	mov	r6, r8
10002ea8:	44c4      	add	ip, r8
10002eaa:	e001      	b.n	10002eb0 <_vsnprintf+0x2c4>
10002eac:	4566      	cmp	r6, ip
10002eae:	d003      	beq.n	10002eb8 <_vsnprintf+0x2cc>
10002eb0:	f816 4f01 	ldrb.w	r4, [r6, #1]!
10002eb4:	2c00      	cmp	r4, #0
10002eb6:	d1f9      	bne.n	10002eac <_vsnprintf+0x2c0>
10002eb8:	eba6 0608 	sub.w	r6, r6, r8
10002ebc:	f413 6c80 	ands.w	ip, r3, #1024	@ 0x400
10002ec0:	d002      	beq.n	10002ec8 <_vsnprintf+0x2dc>
10002ec2:	42be      	cmp	r6, r7
10002ec4:	bf28      	it	cs
10002ec6:	463e      	movcs	r6, r7
10002ec8:	f013 0402 	ands.w	r4, r3, #2
10002ecc:	f000 8187 	beq.w	100031de <_vsnprintf+0x5f2>
10002ed0:	2a00      	cmp	r2, #0
10002ed2:	f000 812b 	beq.w	1000312c <_vsnprintf+0x540>
10002ed6:	f1bc 0f00 	cmp.w	ip, #0
10002eda:	f000 8141 	beq.w	10003160 <_vsnprintf+0x574>
10002ede:	940b      	str	r4, [sp, #44]	@ 0x2c
10002ee0:	960d      	str	r6, [sp, #52]	@ 0x34
10002ee2:	464a      	mov	r2, r9
10002ee4:	e9dd 5409 	ldrd	r5, r4, [sp, #36]	@ 0x24
10002ee8:	460e      	mov	r6, r1
10002eea:	444f      	add	r7, r9
10002eec:	e008      	b.n	10002f00 <_vsnprintf+0x314>
10002eee:	462b      	mov	r3, r5
10002ef0:	4621      	mov	r1, r4
10002ef2:	47d8      	blx	fp
10002ef4:	f818 0f01 	ldrb.w	r0, [r8, #1]!
10002ef8:	f109 0901 	add.w	r9, r9, #1
10002efc:	b110      	cbz	r0, 10002f04 <_vsnprintf+0x318>
10002efe:	464a      	mov	r2, r9
10002f00:	454f      	cmp	r7, r9
10002f02:	d1f4      	bne.n	10002eee <_vsnprintf+0x302>
10002f04:	4631      	mov	r1, r6
10002f06:	9c0b      	ldr	r4, [sp, #44]	@ 0x2c
10002f08:	9e0d      	ldr	r6, [sp, #52]	@ 0x34
10002f0a:	2c00      	cmp	r4, #0
10002f0c:	f040 810e 	bne.w	1000312c <_vsnprintf+0x540>
10002f10:	910b      	str	r1, [sp, #44]	@ 0x2c
10002f12:	e68a      	b.n	10002c2a <_vsnprintf+0x3e>
10002f14:	f89a 0001 	ldrb.w	r0, [sl, #1]
10002f18:	286c      	cmp	r0, #108	@ 0x6c
10002f1a:	f47f aedf 	bne.w	10002cdc <_vsnprintf+0xf0>
10002f1e:	f89a 0002 	ldrb.w	r0, [sl, #2]
10002f22:	f443 7340 	orr.w	r3, r3, #768	@ 0x300
10002f26:	f10a 0203 	add.w	r2, sl, #3
10002f2a:	e6da      	b.n	10002ce2 <_vsnprintf+0xf6>
10002f2c:	f89a 0001 	ldrb.w	r0, [sl, #1]
10002f30:	f443 7300 	orr.w	r3, r3, #512	@ 0x200
10002f34:	3201      	adds	r2, #1
10002f36:	e6d4      	b.n	10002ce2 <_vsnprintf+0xf6>
10002f38:	f89a 0001 	ldrb.w	r0, [sl, #1]
10002f3c:	2868      	cmp	r0, #104	@ 0x68
10002f3e:	f000 8120 	beq.w	10003182 <_vsnprintf+0x596>
10002f42:	f043 0380 	orr.w	r3, r3, #128	@ 0x80
10002f46:	3201      	adds	r2, #1
10002f48:	e6cb      	b.n	10002ce2 <_vsnprintf+0xf6>
10002f4a:	2867      	cmp	r0, #103	@ 0x67
10002f4c:	f000 80e7 	beq.w	1000311e <_vsnprintf+0x532>
10002f50:	2847      	cmp	r0, #71	@ 0x47
10002f52:	f000 8100 	beq.w	10003156 <_vsnprintf+0x56a>
10002f56:	2845      	cmp	r0, #69	@ 0x45
10002f58:	f000 80ff 	beq.w	1000315a <_vsnprintf+0x56e>
10002f5c:	9c0b      	ldr	r4, [sp, #44]	@ 0x2c
10002f5e:	9304      	str	r3, [sp, #16]
10002f60:	9b0c      	ldr	r3, [sp, #48]	@ 0x30
10002f62:	3407      	adds	r4, #7
10002f64:	e9cd 7302 	strd	r7, r3, [sp, #8]
10002f68:	f024 0307 	bic.w	r3, r4, #7
10002f6c:	461c      	mov	r4, r3
10002f6e:	e9dd 3109 	ldrd	r3, r1, [sp, #36]	@ 0x24
10002f72:	e8f4 6702 	ldrd	r6, r7, [r4], #8
10002f76:	464a      	mov	r2, r9
10002f78:	4658      	mov	r0, fp
10002f7a:	e9cd 6700 	strd	r6, r7, [sp]
10002f7e:	940b      	str	r4, [sp, #44]	@ 0x2c
10002f80:	f7ff fa0a 	bl	10002398 <_etoa>
10002f84:	4681      	mov	r9, r0
10002f86:	e650      	b.n	10002c2a <_vsnprintf+0x3e>
10002f88:	2846      	cmp	r0, #70	@ 0x46
10002f8a:	9c0b      	ldr	r4, [sp, #44]	@ 0x2c
10002f8c:	bf08      	it	eq
10002f8e:	f043 0320 	orreq.w	r3, r3, #32
10002f92:	9304      	str	r3, [sp, #16]
10002f94:	9b0c      	ldr	r3, [sp, #48]	@ 0x30
10002f96:	3407      	adds	r4, #7
10002f98:	e9cd 7302 	strd	r7, r3, [sp, #8]
10002f9c:	f024 0307 	bic.w	r3, r4, #7
10002fa0:	461c      	mov	r4, r3
10002fa2:	e9dd 3109 	ldrd	r3, r1, [sp, #36]	@ 0x24
10002fa6:	e8f4 6702 	ldrd	r6, r7, [r4], #8
10002faa:	464a      	mov	r2, r9
10002fac:	4658      	mov	r0, fp
10002fae:	e9cd 6700 	strd	r6, r7, [sp]
10002fb2:	940b      	str	r4, [sp, #44]	@ 0x2c
10002fb4:	f7ff fc20 	bl	100027f8 <_ftoa>
10002fb8:	4681      	mov	r9, r0
10002fba:	e636      	b.n	10002c2a <_vsnprintf+0x3e>
10002fbc:	464a      	mov	r2, r9
10002fbe:	2025      	movs	r0, #37	@ 0x25
10002fc0:	9b09      	ldr	r3, [sp, #36]	@ 0x24
10002fc2:	990a      	ldr	r1, [sp, #40]	@ 0x28
10002fc4:	f109 0901 	add.w	r9, r9, #1
10002fc8:	47d8      	blx	fp
10002fca:	e62e      	b.n	10002c2a <_vsnprintf+0x3e>
10002fcc:	9a0b      	ldr	r2, [sp, #44]	@ 0x2c
10002fce:	079c      	lsls	r4, r3, #30
10002fd0:	f102 0704 	add.w	r7, r2, #4
10002fd4:	f109 0601 	add.w	r6, r9, #1
10002fd8:	f140 80e6 	bpl.w	100031a8 <_vsnprintf+0x5bc>
10002fdc:	7810      	ldrb	r0, [r2, #0]
10002fde:	9b09      	ldr	r3, [sp, #36]	@ 0x24
10002fe0:	464a      	mov	r2, r9
10002fe2:	990a      	ldr	r1, [sp, #40]	@ 0x28
10002fe4:	47d8      	blx	fp
10002fe6:	9b0c      	ldr	r3, [sp, #48]	@ 0x30
10002fe8:	2b01      	cmp	r3, #1
10002fea:	f240 812c 	bls.w	10003246 <_vsnprintf+0x65a>
10002fee:	e9dd 5409 	ldrd	r5, r4, [sp, #36]	@ 0x24
10002ff2:	4499      	add	r9, r3
10002ff4:	4632      	mov	r2, r6
10002ff6:	462b      	mov	r3, r5
10002ff8:	4621      	mov	r1, r4
10002ffa:	2020      	movs	r0, #32
10002ffc:	3601      	adds	r6, #1
10002ffe:	47d8      	blx	fp
10003000:	454e      	cmp	r6, r9
10003002:	d1f7      	bne.n	10002ff4 <_vsnprintf+0x408>
10003004:	970b      	str	r7, [sp, #44]	@ 0x2c
10003006:	e610      	b.n	10002c2a <_vsnprintf+0x3e>
10003008:	286f      	cmp	r0, #111	@ 0x6f
1000300a:	f000 808b 	beq.w	10003124 <_vsnprintf+0x538>
1000300e:	f240 8165 	bls.w	100032dc <_vsnprintf+0x6f0>
10003012:	2878      	cmp	r0, #120	@ 0x78
10003014:	f000 8108 	beq.w	10003228 <_vsnprintf+0x63c>
10003018:	f04f 080a 	mov.w	r8, #10
1000301c:	f023 0310 	bic.w	r3, r3, #16
10003020:	46c4      	mov	ip, r8
10003022:	e047      	b.n	100030b4 <_vsnprintf+0x4c8>
10003024:	2700      	movs	r7, #0
10003026:	eb07 0787 	add.w	r7, r7, r7, lsl #2
1000302a:	eb00 0047 	add.w	r0, r0, r7, lsl #1
1000302e:	f1a0 0730 	sub.w	r7, r0, #48	@ 0x30
10003032:	f811 0f01 	ldrb.w	r0, [r1, #1]!
10003036:	f1a0 0230 	sub.w	r2, r0, #48	@ 0x30
1000303a:	2a09      	cmp	r2, #9
1000303c:	d9f3      	bls.n	10003026 <_vsnprintf+0x43a>
1000303e:	468a      	mov	sl, r1
10003040:	1c4a      	adds	r2, r1, #1
10003042:	e61c      	b.n	10002c7e <_vsnprintf+0x92>
10003044:	9c0b      	ldr	r4, [sp, #44]	@ 0x2c
10003046:	f89a 0002 	ldrb.w	r0, [sl, #2]
1000304a:	f854 7b04 	ldr.w	r7, [r4], #4
1000304e:	f10a 0a02 	add.w	sl, sl, #2
10003052:	f10a 0201 	add.w	r2, sl, #1
10003056:	940b      	str	r4, [sp, #44]	@ 0x2c
10003058:	ea27 77e7 	bic.w	r7, r7, r7, asr #31
1000305c:	e60f      	b.n	10002c7e <_vsnprintf+0x92>
1000305e:	2a00      	cmp	r2, #0
10003060:	f43f af2c 	beq.w	10002ebc <_vsnprintf+0x2d0>
10003064:	f107 3cff 	add.w	ip, r7, #4294967295	@ 0xffffffff
10003068:	e71b      	b.n	10002ea2 <_vsnprintf+0x2b6>
1000306a:	f023 0110 	bic.w	r1, r3, #16
1000306e:	f413 6280 	ands.w	r2, r3, #1024	@ 0x400
10003072:	f041 0121 	orr.w	r1, r1, #33	@ 0x21
10003076:	f43f aed2 	beq.w	10002e1e <_vsnprintf+0x232>
1000307a:	f10d 0e48 	add.w	lr, sp, #72	@ 0x48
1000307e:	2308      	movs	r3, #8
10003080:	2010      	movs	r0, #16
10003082:	9305      	str	r3, [sp, #20]
10003084:	2300      	movs	r3, #0
10003086:	464a      	mov	r2, r9
10003088:	e9cd 3002 	strd	r3, r0, [sp, #8]
1000308c:	9106      	str	r1, [sp, #24]
1000308e:	4658      	mov	r0, fp
10003090:	e9dd 3109 	ldrd	r3, r1, [sp, #36]	@ 0x24
10003094:	e9cd e600 	strd	lr, r6, [sp]
10003098:	9704      	str	r7, [sp, #16]
1000309a:	f7ff f821 	bl	100020e0 <_ntoa_format>
1000309e:	940b      	str	r4, [sp, #44]	@ 0x2c
100030a0:	4681      	mov	r9, r0
100030a2:	e5c2      	b.n	10002c2a <_vsnprintf+0x3e>
100030a4:	2858      	cmp	r0, #88	@ 0x58
100030a6:	d079      	beq.n	1000319c <_vsnprintf+0x5b0>
100030a8:	2862      	cmp	r0, #98	@ 0x62
100030aa:	f040 8251 	bne.w	10003550 <_vsnprintf+0x964>
100030ae:	f04f 0802 	mov.w	r8, #2
100030b2:	46c4      	mov	ip, r8
100030b4:	f413 6080 	ands.w	r0, r3, #1024	@ 0x400
100030b8:	d16d      	bne.n	10003196 <_vsnprintf+0x5aa>
100030ba:	f023 030c 	bic.w	r3, r3, #12
100030be:	f413 7200 	ands.w	r2, r3, #512	@ 0x200
100030c2:	f040 80c2 	bne.w	1000324a <_vsnprintf+0x65e>
100030c6:	990b      	ldr	r1, [sp, #44]	@ 0x2c
100030c8:	3104      	adds	r1, #4
100030ca:	910d      	str	r1, [sp, #52]	@ 0x34
100030cc:	f413 7180 	ands.w	r1, r3, #256	@ 0x100
100030d0:	f040 822e 	bne.w	10003530 <_vsnprintf+0x944>
100030d4:	065e      	lsls	r6, r3, #25
100030d6:	9a0b      	ldr	r2, [sp, #44]	@ 0x2c
100030d8:	f140 80aa 	bpl.w	10003230 <_vsnprintf+0x644>
100030dc:	7812      	ldrb	r2, [r2, #0]
100030de:	2a00      	cmp	r2, #0
100030e0:	f040 80da 	bne.w	10003298 <_vsnprintf+0x6ac>
100030e4:	f023 0310 	bic.w	r3, r3, #16
100030e8:	2800      	cmp	r0, #0
100030ea:	f000 80d5 	beq.w	10003298 <_vsnprintf+0x6ac>
100030ee:	4611      	mov	r1, r2
100030f0:	f10d 0e48 	add.w	lr, sp, #72	@ 0x48
100030f4:	9306      	str	r3, [sp, #24]
100030f6:	9b0c      	ldr	r3, [sp, #48]	@ 0x30
100030f8:	f8cd c00c 	str.w	ip, [sp, #12]
100030fc:	e9cd 7304 	strd	r7, r3, [sp, #16]
10003100:	9101      	str	r1, [sp, #4]
10003102:	2300      	movs	r3, #0
10003104:	464a      	mov	r2, r9
10003106:	9302      	str	r3, [sp, #8]
10003108:	4658      	mov	r0, fp
1000310a:	e9dd 3109 	ldrd	r3, r1, [sp, #36]	@ 0x24
1000310e:	f8cd e000 	str.w	lr, [sp]
10003112:	f7fe ffe5 	bl	100020e0 <_ntoa_format>
10003116:	9b0d      	ldr	r3, [sp, #52]	@ 0x34
10003118:	4681      	mov	r9, r0
1000311a:	930b      	str	r3, [sp, #44]	@ 0x2c
1000311c:	e585      	b.n	10002c2a <_vsnprintf+0x3e>
1000311e:	f443 6300 	orr.w	r3, r3, #2048	@ 0x800
10003122:	e71b      	b.n	10002f5c <_vsnprintf+0x370>
10003124:	f04f 0808 	mov.w	r8, #8
10003128:	46c4      	mov	ip, r8
1000312a:	e7c3      	b.n	100030b4 <_vsnprintf+0x4c8>
1000312c:	9b0c      	ldr	r3, [sp, #48]	@ 0x30
1000312e:	464c      	mov	r4, r9
10003130:	42b3      	cmp	r3, r6
10003132:	f67f aeed 	bls.w	10002f10 <_vsnprintf+0x324>
10003136:	460f      	mov	r7, r1
10003138:	444b      	add	r3, r9
1000313a:	eba3 0906 	sub.w	r9, r3, r6
1000313e:	e9dd 6509 	ldrd	r6, r5, [sp, #36]	@ 0x24
10003142:	4622      	mov	r2, r4
10003144:	4633      	mov	r3, r6
10003146:	4629      	mov	r1, r5
10003148:	2020      	movs	r0, #32
1000314a:	3401      	adds	r4, #1
1000314c:	47d8      	blx	fp
1000314e:	454c      	cmp	r4, r9
10003150:	d1f7      	bne.n	10003142 <_vsnprintf+0x556>
10003152:	4639      	mov	r1, r7
10003154:	e6dc      	b.n	10002f10 <_vsnprintf+0x324>
10003156:	f443 6300 	orr.w	r3, r3, #2048	@ 0x800
1000315a:	f043 0320 	orr.w	r3, r3, #32
1000315e:	e6fd      	b.n	10002f5c <_vsnprintf+0x370>
10003160:	460f      	mov	r7, r1
10003162:	940b      	str	r4, [sp, #44]	@ 0x2c
10003164:	e9dd 5409 	ldrd	r5, r4, [sp, #36]	@ 0x24
10003168:	464a      	mov	r2, r9
1000316a:	462b      	mov	r3, r5
1000316c:	4621      	mov	r1, r4
1000316e:	47d8      	blx	fp
10003170:	f818 0f01 	ldrb.w	r0, [r8, #1]!
10003174:	f109 0901 	add.w	r9, r9, #1
10003178:	2800      	cmp	r0, #0
1000317a:	d1f5      	bne.n	10003168 <_vsnprintf+0x57c>
1000317c:	4639      	mov	r1, r7
1000317e:	9c0b      	ldr	r4, [sp, #44]	@ 0x2c
10003180:	e6c3      	b.n	10002f0a <_vsnprintf+0x31e>
10003182:	f89a 0002 	ldrb.w	r0, [sl, #2]
10003186:	f043 03c0 	orr.w	r3, r3, #192	@ 0xc0
1000318a:	f10a 0203 	add.w	r2, sl, #3
1000318e:	e5a8      	b.n	10002ce2 <_vsnprintf+0xf6>
10003190:	4604      	mov	r4, r0
10003192:	4681      	mov	r9, r0
10003194:	e61d      	b.n	10002dd2 <_vsnprintf+0x1e6>
10003196:	f023 030d 	bic.w	r3, r3, #13
1000319a:	e790      	b.n	100030be <_vsnprintf+0x4d2>
1000319c:	f04f 0810 	mov.w	r8, #16
100031a0:	f043 0320 	orr.w	r3, r3, #32
100031a4:	46c4      	mov	ip, r8
100031a6:	e785      	b.n	100030b4 <_vsnprintf+0x4c8>
100031a8:	9b0c      	ldr	r3, [sp, #48]	@ 0x30
100031aa:	2b01      	cmp	r3, #1
100031ac:	d945      	bls.n	1000323a <_vsnprintf+0x64e>
100031ae:	e9dd 5409 	ldrd	r5, r4, [sp, #36]	@ 0x24
100031b2:	464e      	mov	r6, r9
100031b4:	f109 38ff 	add.w	r8, r9, #4294967295	@ 0xffffffff
100031b8:	4498      	add	r8, r3
100031ba:	4632      	mov	r2, r6
100031bc:	462b      	mov	r3, r5
100031be:	4621      	mov	r1, r4
100031c0:	2020      	movs	r0, #32
100031c2:	3601      	adds	r6, #1
100031c4:	47d8      	blx	fp
100031c6:	4546      	cmp	r6, r8
100031c8:	d1f7      	bne.n	100031ba <_vsnprintf+0x5ce>
100031ca:	9b0c      	ldr	r3, [sp, #48]	@ 0x30
100031cc:	4632      	mov	r2, r6
100031ce:	4499      	add	r9, r3
100031d0:	9b0b      	ldr	r3, [sp, #44]	@ 0x2c
100031d2:	7818      	ldrb	r0, [r3, #0]
100031d4:	e9dd 3109 	ldrd	r3, r1, [sp, #36]	@ 0x24
100031d8:	47d8      	blx	fp
100031da:	970b      	str	r7, [sp, #44]	@ 0x2c
100031dc:	e525      	b.n	10002c2a <_vsnprintf+0x3e>
100031de:	9b0c      	ldr	r3, [sp, #48]	@ 0x30
100031e0:	42b3      	cmp	r3, r6
100031e2:	f240 81ee 	bls.w	100035c2 <_vsnprintf+0x9d6>
100031e6:	e9cd 480d 	strd	r4, r8, [sp, #52]	@ 0x34
100031ea:	e9dd 5409 	ldrd	r5, r4, [sp, #36]	@ 0x24
100031ee:	4688      	mov	r8, r1
100031f0:	444b      	add	r3, r9
100031f2:	1b9e      	subs	r6, r3, r6
100031f4:	f8cd c02c 	str.w	ip, [sp, #44]	@ 0x2c
100031f8:	464a      	mov	r2, r9
100031fa:	462b      	mov	r3, r5
100031fc:	4621      	mov	r1, r4
100031fe:	2020      	movs	r0, #32
10003200:	f109 0901 	add.w	r9, r9, #1
10003204:	47d8      	blx	fp
10003206:	45b1      	cmp	r9, r6
10003208:	d1f6      	bne.n	100031f8 <_vsnprintf+0x60c>
1000320a:	4641      	mov	r1, r8
1000320c:	f8dd 8038 	ldr.w	r8, [sp, #56]	@ 0x38
10003210:	9b0c      	ldr	r3, [sp, #48]	@ 0x30
10003212:	f8dd c02c 	ldr.w	ip, [sp, #44]	@ 0x2c
10003216:	9c0d      	ldr	r4, [sp, #52]	@ 0x34
10003218:	f898 2000 	ldrb.w	r2, [r8]
1000321c:	1c5e      	adds	r6, r3, #1
1000321e:	4610      	mov	r0, r2
10003220:	2a00      	cmp	r2, #0
10003222:	f47f ae58 	bne.w	10002ed6 <_vsnprintf+0x2ea>
10003226:	e673      	b.n	10002f10 <_vsnprintf+0x324>
10003228:	f04f 0810 	mov.w	r8, #16
1000322c:	46c4      	mov	ip, r8
1000322e:	e741      	b.n	100030b4 <_vsnprintf+0x4c8>
10003230:	061d      	lsls	r5, r3, #24
10003232:	bf4c      	ite	mi
10003234:	8812      	ldrhmi	r2, [r2, #0]
10003236:	6812      	ldrpl	r2, [r2, #0]
10003238:	e751      	b.n	100030de <_vsnprintf+0x4f2>
1000323a:	4613      	mov	r3, r2
1000323c:	464a      	mov	r2, r9
1000323e:	7818      	ldrb	r0, [r3, #0]
10003240:	e9dd 3109 	ldrd	r3, r1, [sp, #36]	@ 0x24
10003244:	47d8      	blx	fp
10003246:	46b1      	mov	r9, r6
10003248:	e6dc      	b.n	10003004 <_vsnprintf+0x418>
1000324a:	9c0b      	ldr	r4, [sp, #44]	@ 0x2c
1000324c:	3407      	adds	r4, #7
1000324e:	f024 0407 	bic.w	r4, r4, #7
10003252:	4622      	mov	r2, r4
10003254:	6865      	ldr	r5, [r4, #4]
10003256:	f852 4b08 	ldr.w	r4, [r2], #8
1000325a:	920b      	str	r2, [sp, #44]	@ 0x2c
1000325c:	ea54 0205 	orrs.w	r2, r4, r5
10003260:	f040 812c 	bne.w	100034bc <_vsnprintf+0x8d0>
10003264:	f023 0310 	bic.w	r3, r3, #16
10003268:	2800      	cmp	r0, #0
1000326a:	f000 8127 	beq.w	100034bc <_vsnprintf+0x8d0>
1000326e:	2600      	movs	r6, #0
10003270:	f10d 0e48 	add.w	lr, sp, #72	@ 0x48
10003274:	9306      	str	r3, [sp, #24]
10003276:	9b0c      	ldr	r3, [sp, #48]	@ 0x30
10003278:	464a      	mov	r2, r9
1000327a:	e9cd 7304 	strd	r7, r3, [sp, #16]
1000327e:	2300      	movs	r3, #0
10003280:	e9cd e600 	strd	lr, r6, [sp]
10003284:	f8cd c00c 	str.w	ip, [sp, #12]
10003288:	9302      	str	r3, [sp, #8]
1000328a:	4658      	mov	r0, fp
1000328c:	e9dd 3109 	ldrd	r3, r1, [sp, #36]	@ 0x24
10003290:	f7fe ff26 	bl	100020e0 <_ntoa_format>
10003294:	4681      	mov	r9, r0
10003296:	e4c8      	b.n	10002c2a <_vsnprintf+0x3e>
10003298:	f013 0f20 	tst.w	r3, #32
1000329c:	bf14      	ite	ne
1000329e:	2041      	movne	r0, #65	@ 0x41
100032a0:	2061      	moveq	r0, #97	@ 0x61
100032a2:	f10d 0e48 	add.w	lr, sp, #72	@ 0x48
100032a6:	4676      	mov	r6, lr
100032a8:	f1a0 080a 	sub.w	r8, r0, #10
100032ac:	e003      	b.n	100032b6 <_vsnprintf+0x6ca>
100032ae:	2920      	cmp	r1, #32
100032b0:	f43f af20 	beq.w	100030f4 <_vsnprintf+0x508>
100032b4:	4622      	mov	r2, r4
100032b6:	fbb2 f4fc 	udiv	r4, r2, ip
100032ba:	fb0c 2514 	mls	r5, ip, r4, r2
100032be:	b2e8      	uxtb	r0, r5
100032c0:	2d09      	cmp	r5, #9
100032c2:	f100 0530 	add.w	r5, r0, #48	@ 0x30
100032c6:	bf8a      	itet	hi
100032c8:	4440      	addhi	r0, r8
100032ca:	b2e8      	uxtbls	r0, r5
100032cc:	b2c0      	uxtbhi	r0, r0
100032ce:	4562      	cmp	r2, ip
100032d0:	f806 0b01 	strb.w	r0, [r6], #1
100032d4:	f101 0101 	add.w	r1, r1, #1
100032d8:	d2e9      	bcs.n	100032ae <_vsnprintf+0x6c2>
100032da:	e70b      	b.n	100030f4 <_vsnprintf+0x508>
100032dc:	f023 0210 	bic.w	r2, r3, #16
100032e0:	2869      	cmp	r0, #105	@ 0x69
100032e2:	920d      	str	r2, [sp, #52]	@ 0x34
100032e4:	f040 816f 	bne.w	100035c6 <_vsnprintf+0x9da>
100032e8:	f413 6280 	ands.w	r2, r3, #1024	@ 0x400
100032ec:	d004      	beq.n	100032f8 <_vsnprintf+0x70c>
100032ee:	f44f 6280 	mov.w	r2, #1024	@ 0x400
100032f2:	f023 0311 	bic.w	r3, r3, #17
100032f6:	930d      	str	r3, [sp, #52]	@ 0x34
100032f8:	9b0d      	ldr	r3, [sp, #52]	@ 0x34
100032fa:	f413 7600 	ands.w	r6, r3, #512	@ 0x200
100032fe:	d140      	bne.n	10003382 <_vsnprintf+0x796>
10003300:	9b0b      	ldr	r3, [sp, #44]	@ 0x2c
10003302:	f103 0804 	add.w	r8, r3, #4
10003306:	9b0d      	ldr	r3, [sp, #52]	@ 0x34
10003308:	f413 7080 	ands.w	r0, r3, #256	@ 0x100
1000330c:	f040 8098 	bne.w	10003440 <_vsnprintf+0x854>
10003310:	0659      	lsls	r1, r3, #25
10003312:	f140 80c6 	bpl.w	100034a2 <_vsnprintf+0x8b6>
10003316:	9b0b      	ldr	r3, [sp, #44]	@ 0x2c
10003318:	7819      	ldrb	r1, [r3, #0]
1000331a:	460c      	mov	r4, r1
1000331c:	0fcb      	lsrs	r3, r1, #31
1000331e:	2900      	cmp	r1, #0
10003320:	f000 80b9 	beq.w	10003496 <_vsnprintf+0x8aa>
10003324:	4622      	mov	r2, r4
10003326:	f10d 0e48 	add.w	lr, sp, #72	@ 0x48
1000332a:	4674      	mov	r4, lr
1000332c:	4616      	mov	r6, r2
1000332e:	f8df c2a0 	ldr.w	ip, [pc, #672]	@ 100035d0 <_vsnprintf+0x9e4>
10003332:	e001      	b.n	10003338 <_vsnprintf+0x74c>
10003334:	2820      	cmp	r0, #32
10003336:	d00f      	beq.n	10003358 <_vsnprintf+0x76c>
10003338:	4635      	mov	r5, r6
1000333a:	fbac 2106 	umull	r2, r1, ip, r6
1000333e:	08c9      	lsrs	r1, r1, #3
10003340:	eb01 0281 	add.w	r2, r1, r1, lsl #2
10003344:	eba6 0242 	sub.w	r2, r6, r2, lsl #1
10003348:	3230      	adds	r2, #48	@ 0x30
1000334a:	2d09      	cmp	r5, #9
1000334c:	460e      	mov	r6, r1
1000334e:	f100 0001 	add.w	r0, r0, #1
10003352:	f804 2b01 	strb.w	r2, [r4], #1
10003356:	d8ed      	bhi.n	10003334 <_vsnprintf+0x748>
10003358:	9a0d      	ldr	r2, [sp, #52]	@ 0x34
1000335a:	e9cd 0301 	strd	r0, r3, [sp, #4]
1000335e:	9206      	str	r2, [sp, #24]
10003360:	9a0c      	ldr	r2, [sp, #48]	@ 0x30
10003362:	e9cd 7204 	strd	r7, r2, [sp, #16]
10003366:	230a      	movs	r3, #10
10003368:	464a      	mov	r2, r9
1000336a:	9303      	str	r3, [sp, #12]
1000336c:	4658      	mov	r0, fp
1000336e:	e9dd 3109 	ldrd	r3, r1, [sp, #36]	@ 0x24
10003372:	f8cd e000 	str.w	lr, [sp]
10003376:	f7fe feb3 	bl	100020e0 <_ntoa_format>
1000337a:	f8cd 802c 	str.w	r8, [sp, #44]	@ 0x2c
1000337e:	4681      	mov	r9, r0
10003380:	e453      	b.n	10002c2a <_vsnprintf+0x3e>
10003382:	9c0b      	ldr	r4, [sp, #44]	@ 0x2c
10003384:	3407      	adds	r4, #7
10003386:	f024 0407 	bic.w	r4, r4, #7
1000338a:	4621      	mov	r1, r4
1000338c:	4608      	mov	r0, r1
1000338e:	6863      	ldr	r3, [r4, #4]
10003390:	f850 1b08 	ldr.w	r1, [r0], #8
10003394:	0fdc      	lsrs	r4, r3, #31
10003396:	900b      	str	r0, [sp, #44]	@ 0x2c
10003398:	ea51 0003 	orrs.w	r0, r1, r3
1000339c:	f000 80c3 	beq.w	10003526 <_vsnprintf+0x93a>
100033a0:	460a      	mov	r2, r1
100033a2:	1e19      	subs	r1, r3, #0
100033a4:	db48      	blt.n	10003438 <_vsnprintf+0x84c>
100033a6:	4613      	mov	r3, r2
100033a8:	f10d 0e48 	add.w	lr, sp, #72	@ 0x48
100033ac:	46f4      	mov	ip, lr
100033ae:	2600      	movs	r6, #0
100033b0:	e9cd 940e 	strd	r9, r4, [sp, #56]	@ 0x38
100033b4:	f8df 8218 	ldr.w	r8, [pc, #536]	@ 100035d0 <_vsnprintf+0x9e4>
100033b8:	e001      	b.n	100033be <_vsnprintf+0x7d2>
100033ba:	2e20      	cmp	r6, #32
100033bc:	d02d      	beq.n	1000341a <_vsnprintf+0x82e>
100033be:	185a      	adds	r2, r3, r1
100033c0:	f142 0200 	adc.w	r2, r2, #0
100033c4:	fba8 5902 	umull	r5, r9, r8, r2
100033c8:	f029 0503 	bic.w	r5, r9, #3
100033cc:	eb05 0599 	add.w	r5, r5, r9, lsr #2
100033d0:	1b52      	subs	r2, r2, r5
100033d2:	461c      	mov	r4, r3
100033d4:	1a9b      	subs	r3, r3, r2
100033d6:	f161 0500 	sbc.w	r5, r1, #0
100033da:	4608      	mov	r0, r1
100033dc:	f04f 31cc 	mov.w	r1, #3435973836	@ 0xcccccccc
100033e0:	fb01 f103 	mul.w	r1, r1, r3
100033e4:	fb08 1105 	mla	r1, r8, r5, r1
100033e8:	fba3 5308 	umull	r5, r3, r3, r8
100033ec:	4419      	add	r1, r3
100033ee:	2305      	movs	r3, #5
100033f0:	f005 0901 	and.w	r9, r5, #1
100033f4:	fba9 3903 	umull	r3, r9, r9, r3
100033f8:	189b      	adds	r3, r3, r2
100033fa:	2c0a      	cmp	r4, #10
100033fc:	f103 0330 	add.w	r3, r3, #48	@ 0x30
10003400:	ea4f 0555 	mov.w	r5, r5, lsr #1
10003404:	f170 0000 	sbcs.w	r0, r0, #0
10003408:	f80c 3b01 	strb.w	r3, [ip], #1
1000340c:	f106 0601 	add.w	r6, r6, #1
10003410:	ea45 73c1 	orr.w	r3, r5, r1, lsl #31
10003414:	ea4f 0151 	mov.w	r1, r1, lsr #1
10003418:	d2cf      	bcs.n	100033ba <_vsnprintf+0x7ce>
1000341a:	e9dd 940e 	ldrd	r9, r4, [sp, #56]	@ 0x38
1000341e:	9b0d      	ldr	r3, [sp, #52]	@ 0x34
10003420:	464a      	mov	r2, r9
10003422:	9306      	str	r3, [sp, #24]
10003424:	9b0c      	ldr	r3, [sp, #48]	@ 0x30
10003426:	e9cd 6401 	strd	r6, r4, [sp, #4]
1000342a:	e9cd 7304 	strd	r7, r3, [sp, #16]
1000342e:	230a      	movs	r3, #10
10003430:	f8cd e000 	str.w	lr, [sp]
10003434:	9303      	str	r3, [sp, #12]
10003436:	e728      	b.n	1000328a <_vsnprintf+0x69e>
10003438:	4252      	negs	r2, r2
1000343a:	eb61 0141 	sbc.w	r1, r1, r1, lsl #1
1000343e:	e7b2      	b.n	100033a6 <_vsnprintf+0x7ba>
10003440:	9b0b      	ldr	r3, [sp, #44]	@ 0x2c
10003442:	6819      	ldr	r1, [r3, #0]
10003444:	0fcb      	lsrs	r3, r1, #31
10003446:	2900      	cmp	r1, #0
10003448:	f000 80ab 	beq.w	100035a2 <_vsnprintf+0x9b6>
1000344c:	ea81 72e1 	eor.w	r2, r1, r1, asr #31
10003450:	eba2 72e1 	sub.w	r2, r2, r1, asr #31
10003454:	f10d 0e48 	add.w	lr, sp, #72	@ 0x48
10003458:	4670      	mov	r0, lr
1000345a:	f8df c174 	ldr.w	ip, [pc, #372]	@ 100035d0 <_vsnprintf+0x9e4>
1000345e:	e001      	b.n	10003464 <_vsnprintf+0x878>
10003460:	2e20      	cmp	r6, #32
10003462:	d010      	beq.n	10003486 <_vsnprintf+0x89a>
10003464:	4615      	mov	r5, r2
10003466:	fbac 4102 	umull	r4, r1, ip, r2
1000346a:	08c9      	lsrs	r1, r1, #3
1000346c:	eb01 0481 	add.w	r4, r1, r1, lsl #2
10003470:	eba2 0444 	sub.w	r4, r2, r4, lsl #1
10003474:	f104 0230 	add.w	r2, r4, #48	@ 0x30
10003478:	2d09      	cmp	r5, #9
1000347a:	f800 2b01 	strb.w	r2, [r0], #1
1000347e:	f106 0601 	add.w	r6, r6, #1
10003482:	460a      	mov	r2, r1
10003484:	d8ec      	bhi.n	10003460 <_vsnprintf+0x874>
10003486:	9a0d      	ldr	r2, [sp, #52]	@ 0x34
10003488:	e9cd 6301 	strd	r6, r3, [sp, #4]
1000348c:	9206      	str	r2, [sp, #24]
1000348e:	9a0c      	ldr	r2, [sp, #48]	@ 0x30
10003490:	e9cd 7204 	strd	r7, r2, [sp, #16]
10003494:	e767      	b.n	10003366 <_vsnprintf+0x77a>
10003496:	2a00      	cmp	r2, #0
10003498:	f43f af45 	beq.w	10003326 <_vsnprintf+0x73a>
1000349c:	f10d 0e48 	add.w	lr, sp, #72	@ 0x48
100034a0:	e75a      	b.n	10003358 <_vsnprintf+0x76c>
100034a2:	f013 0f80 	tst.w	r3, #128	@ 0x80
100034a6:	9b0b      	ldr	r3, [sp, #44]	@ 0x2c
100034a8:	f000 8081 	beq.w	100035ae <_vsnprintf+0x9c2>
100034ac:	f9b3 1000 	ldrsh.w	r1, [r3]
100034b0:	ea81 74e1 	eor.w	r4, r1, r1, asr #31
100034b4:	eba4 74e1 	sub.w	r4, r4, r1, asr #31
100034b8:	b2a4      	uxth	r4, r4
100034ba:	e72f      	b.n	1000331c <_vsnprintf+0x730>
100034bc:	f013 0f20 	tst.w	r3, #32
100034c0:	bf14      	ite	ne
100034c2:	2241      	movne	r2, #65	@ 0x41
100034c4:	2261      	moveq	r2, #97	@ 0x61
100034c6:	f10d 0e48 	add.w	lr, sp, #72	@ 0x48
100034ca:	3a0a      	subs	r2, #10
100034cc:	e9cd 970d 	strd	r9, r7, [sp, #52]	@ 0x34
100034d0:	f8cd b044 	str.w	fp, [sp, #68]	@ 0x44
100034d4:	2600      	movs	r6, #0
100034d6:	4677      	mov	r7, lr
100034d8:	46f3      	mov	fp, lr
100034da:	4691      	mov	r9, r2
100034dc:	e9cd 3c0f 	strd	r3, ip, [sp, #60]	@ 0x3c
100034e0:	e003      	b.n	100034ea <_vsnprintf+0x8fe>
100034e2:	2e20      	cmp	r6, #32
100034e4:	d017      	beq.n	10003516 <_vsnprintf+0x92a>
100034e6:	4604      	mov	r4, r0
100034e8:	460d      	mov	r5, r1
100034ea:	4629      	mov	r1, r5
100034ec:	4642      	mov	r2, r8
100034ee:	2300      	movs	r3, #0
100034f0:	4620      	mov	r0, r4
100034f2:	f002 fcf1 	bl	10005ed8 <____aeabi_uldivmod_veneer>
100034f6:	b2d2      	uxtb	r2, r2
100034f8:	2a09      	cmp	r2, #9
100034fa:	f102 0330 	add.w	r3, r2, #48	@ 0x30
100034fe:	bf88      	it	hi
10003500:	eb02 0309 	addhi.w	r3, r2, r9
10003504:	4544      	cmp	r4, r8
10003506:	b2db      	uxtb	r3, r3
10003508:	f175 0500 	sbcs.w	r5, r5, #0
1000350c:	f807 3b01 	strb.w	r3, [r7], #1
10003510:	f106 0601 	add.w	r6, r6, #1
10003514:	d2e5      	bcs.n	100034e2 <_vsnprintf+0x8f6>
10003516:	46de      	mov	lr, fp
10003518:	e9dd 970d 	ldrd	r9, r7, [sp, #52]	@ 0x34
1000351c:	e9dd 3c0f 	ldrd	r3, ip, [sp, #60]	@ 0x3c
10003520:	f8dd b044 	ldr.w	fp, [sp, #68]	@ 0x44
10003524:	e6a6      	b.n	10003274 <_vsnprintf+0x688>
10003526:	2a00      	cmp	r2, #0
10003528:	d147      	bne.n	100035ba <_vsnprintf+0x9ce>
1000352a:	4613      	mov	r3, r2
1000352c:	4611      	mov	r1, r2
1000352e:	e73b      	b.n	100033a8 <_vsnprintf+0x7bc>
10003530:	990b      	ldr	r1, [sp, #44]	@ 0x2c
10003532:	6809      	ldr	r1, [r1, #0]
10003534:	b9a1      	cbnz	r1, 10003560 <_vsnprintf+0x974>
10003536:	f023 0310 	bic.w	r3, r3, #16
1000353a:	b188      	cbz	r0, 10003560 <_vsnprintf+0x974>
1000353c:	f10d 0e48 	add.w	lr, sp, #72	@ 0x48
10003540:	9306      	str	r3, [sp, #24]
10003542:	9b0c      	ldr	r3, [sp, #48]	@ 0x30
10003544:	f8cd c00c 	str.w	ip, [sp, #12]
10003548:	e9cd 7304 	strd	r7, r3, [sp, #16]
1000354c:	9201      	str	r2, [sp, #4]
1000354e:	e5d8      	b.n	10003102 <_vsnprintf+0x516>
10003550:	f413 6280 	ands.w	r2, r3, #1024	@ 0x400
10003554:	f47f aecb 	bne.w	100032ee <_vsnprintf+0x702>
10003558:	f023 0310 	bic.w	r3, r3, #16
1000355c:	930d      	str	r3, [sp, #52]	@ 0x34
1000355e:	e6cb      	b.n	100032f8 <_vsnprintf+0x70c>
10003560:	f013 0f20 	tst.w	r3, #32
10003564:	bf14      	ite	ne
10003566:	2041      	movne	r0, #65	@ 0x41
10003568:	2061      	moveq	r0, #97	@ 0x61
1000356a:	f10d 0e48 	add.w	lr, sp, #72	@ 0x48
1000356e:	4676      	mov	r6, lr
10003570:	f1a0 080a 	sub.w	r8, r0, #10
10003574:	e002      	b.n	1000357c <_vsnprintf+0x990>
10003576:	2a20      	cmp	r2, #32
10003578:	d0e2      	beq.n	10003540 <_vsnprintf+0x954>
1000357a:	4621      	mov	r1, r4
1000357c:	fbb1 f4fc 	udiv	r4, r1, ip
10003580:	fb0c 1514 	mls	r5, ip, r4, r1
10003584:	b2e8      	uxtb	r0, r5
10003586:	2d09      	cmp	r5, #9
10003588:	f100 0530 	add.w	r5, r0, #48	@ 0x30
1000358c:	bf8a      	itet	hi
1000358e:	4440      	addhi	r0, r8
10003590:	b2e8      	uxtbls	r0, r5
10003592:	b2c0      	uxtbhi	r0, r0
10003594:	4561      	cmp	r1, ip
10003596:	f806 0b01 	strb.w	r0, [r6], #1
1000359a:	f102 0201 	add.w	r2, r2, #1
1000359e:	d2ea      	bcs.n	10003576 <_vsnprintf+0x98a>
100035a0:	e7ce      	b.n	10003540 <_vsnprintf+0x954>
100035a2:	2a00      	cmp	r2, #0
100035a4:	f43f af56 	beq.w	10003454 <_vsnprintf+0x868>
100035a8:	f10d 0e48 	add.w	lr, sp, #72	@ 0x48
100035ac:	e76b      	b.n	10003486 <_vsnprintf+0x89a>
100035ae:	6819      	ldr	r1, [r3, #0]
100035b0:	ea81 74e1 	eor.w	r4, r1, r1, asr #31
100035b4:	eba4 74e1 	sub.w	r4, r4, r1, asr #31
100035b8:	e6b0      	b.n	1000331c <_vsnprintf+0x730>
100035ba:	2600      	movs	r6, #0
100035bc:	f10d 0e48 	add.w	lr, sp, #72	@ 0x48
100035c0:	e72d      	b.n	1000341e <_vsnprintf+0x832>
100035c2:	3601      	adds	r6, #1
100035c4:	e62b      	b.n	1000321e <_vsnprintf+0x632>
100035c6:	f04f 080a 	mov.w	r8, #10
100035ca:	4613      	mov	r3, r2
100035cc:	46c4      	mov	ip, r8
100035ce:	e571      	b.n	100030b4 <_vsnprintf+0x4c8>
100035d0:	cccccccd 	.word	0xcccccccd

100035d4 <vfctprintf>:
100035d4:	b570      	push	{r4, r5, r6, lr}
100035d6:	4694      	mov	ip, r2
100035d8:	461e      	mov	r6, r3
100035da:	4605      	mov	r5, r0
100035dc:	460c      	mov	r4, r1
100035de:	b084      	sub	sp, #16
100035e0:	f04f 32ff 	mov.w	r2, #4294967295	@ 0xffffffff
100035e4:	4663      	mov	r3, ip
100035e6:	a902      	add	r1, sp, #8
100035e8:	9600      	str	r6, [sp, #0]
100035ea:	4803      	ldr	r0, [pc, #12]	@ (100035f8 <vfctprintf+0x24>)
100035ec:	e9cd 5402 	strd	r5, r4, [sp, #8]
100035f0:	f7ff fafc 	bl	10002bec <_vsnprintf>
100035f4:	b004      	add	sp, #16
100035f6:	bd70      	pop	{r4, r5, r6, pc}
100035f8:	1000238d 	.word	0x1000238d

100035fc <weak_raw_vprintf>:
100035fc:	b510      	push	{r4, lr}
100035fe:	4b09      	ldr	r3, [pc, #36]	@ (10003624 <weak_raw_vprintf+0x28>)
10003600:	b084      	sub	sp, #16
10003602:	681c      	ldr	r4, [r3, #0]
10003604:	b14c      	cbz	r4, 1000361a <weak_raw_vprintf+0x1e>
10003606:	4603      	mov	r3, r0
10003608:	9100      	str	r1, [sp, #0]
1000360a:	f04f 32ff 	mov.w	r2, #4294967295	@ 0xffffffff
1000360e:	a903      	add	r1, sp, #12
10003610:	4805      	ldr	r0, [pc, #20]	@ (10003628 <weak_raw_vprintf+0x2c>)
10003612:	47a0      	blx	r4
10003614:	2001      	movs	r0, #1
10003616:	b004      	add	sp, #16
10003618:	bd10      	pop	{r4, pc}
1000361a:	f000 f977 	bl	1000390c <__wrap_puts>
1000361e:	4620      	mov	r0, r4
10003620:	b004      	add	sp, #16
10003622:	bd10      	pop	{r4, pc}
10003624:	20001ea0 	.word	0x20001ea0
10003628:	10002385 	.word	0x10002385

1000362c <_exit>:
1000362c:	be00      	bkpt	0x0000
1000362e:	e7fd      	b.n	1000362c <_exit>

10003630 <_fini>:
10003630:	4770      	bx	lr
10003632:	bf00      	nop

10003634 <exit>:
10003634:	b508      	push	{r3, lr}
10003636:	f7ff fff9 	bl	1000362c <_exit>
1000363a:	bf00      	nop

1000363c <runtime_init>:
1000363c:	b538      	push	{r3, r4, r5, lr}
1000363e:	4c06      	ldr	r4, [pc, #24]	@ (10003658 <runtime_init+0x1c>)
10003640:	4d06      	ldr	r5, [pc, #24]	@ (1000365c <runtime_init+0x20>)
10003642:	f7fe f9bb 	bl	100019bc <runtime_run_initializers>
10003646:	42ac      	cmp	r4, r5
10003648:	d204      	bcs.n	10003654 <runtime_init+0x18>
1000364a:	f854 3b04 	ldr.w	r3, [r4], #4
1000364e:	4798      	blx	r3
10003650:	42ac      	cmp	r4, r5
10003652:	d3fa      	bcc.n	1000364a <runtime_init+0xe>
10003654:	bd38      	pop	{r3, r4, r5, pc}
10003656:	bf00      	nop
10003658:	10005f60 	.word	0x10005f60
1000365c:	10005f64 	.word	0x10005f64

10003660 <stdio_out_chars_no_crlf>:
10003660:	6803      	ldr	r3, [r0, #0]
10003662:	4608      	mov	r0, r1
10003664:	4611      	mov	r1, r2
10003666:	4718      	bx	r3

10003668 <stdio_out_chars_crlf>:
10003668:	7d43      	ldrb	r3, [r0, #21]
1000366a:	e92d 47f0 	stmdb	sp!, {r4, r5, r6, r7, r8, r9, sl, lr}
1000366e:	4681      	mov	r9, r0
10003670:	460f      	mov	r7, r1
10003672:	4616      	mov	r6, r2
10003674:	2b00      	cmp	r3, #0
10003676:	d043      	beq.n	10003700 <stdio_out_chars_crlf+0x98>
10003678:	2a00      	cmp	r2, #0
1000367a:	dd3b      	ble.n	100036f4 <stdio_out_chars_crlf+0x8c>
1000367c:	7d03      	ldrb	r3, [r0, #20]
1000367e:	2000      	movs	r0, #0
10003680:	1e4d      	subs	r5, r1, #1
10003682:	4601      	mov	r1, r0
10003684:	f815 2f01 	ldrb.w	r2, [r5, #1]!
10003688:	f8df 8084 	ldr.w	r8, [pc, #132]	@ 10003710 <stdio_out_chars_crlf+0xa8>
1000368c:	2a0a      	cmp	r2, #10
1000368e:	f101 0401 	add.w	r4, r1, #1
10003692:	d00e      	beq.n	100036b2 <stdio_out_chars_crlf+0x4a>
10003694:	42a6      	cmp	r6, r4
10003696:	d01c      	beq.n	100036d2 <stdio_out_chars_crlf+0x6a>
10003698:	782b      	ldrb	r3, [r5, #0]
1000369a:	4621      	mov	r1, r4
1000369c:	f1a3 030d 	sub.w	r3, r3, #13
100036a0:	fab3 f383 	clz	r3, r3
100036a4:	f815 2f01 	ldrb.w	r2, [r5, #1]!
100036a8:	095b      	lsrs	r3, r3, #5
100036aa:	2a0a      	cmp	r2, #10
100036ac:	f101 0401 	add.w	r4, r1, #1
100036b0:	d1f0      	bne.n	10003694 <stdio_out_chars_crlf+0x2c>
100036b2:	2b00      	cmp	r3, #0
100036b4:	d1ee      	bne.n	10003694 <stdio_out_chars_crlf+0x2c>
100036b6:	4281      	cmp	r1, r0
100036b8:	eba1 0100 	sub.w	r1, r1, r0
100036bc:	4438      	add	r0, r7
100036be:	dc1b      	bgt.n	100036f8 <stdio_out_chars_crlf+0x90>
100036c0:	2102      	movs	r1, #2
100036c2:	4640      	mov	r0, r8
100036c4:	f8d9 3000 	ldr.w	r3, [r9]
100036c8:	4798      	blx	r3
100036ca:	42a6      	cmp	r6, r4
100036cc:	d008      	beq.n	100036e0 <stdio_out_chars_crlf+0x78>
100036ce:	4620      	mov	r0, r4
100036d0:	e7e2      	b.n	10003698 <stdio_out_chars_crlf+0x30>
100036d2:	4286      	cmp	r6, r0
100036d4:	dd04      	ble.n	100036e0 <stdio_out_chars_crlf+0x78>
100036d6:	1a31      	subs	r1, r6, r0
100036d8:	f8d9 3000 	ldr.w	r3, [r9]
100036dc:	4438      	add	r0, r7
100036de:	4798      	blx	r3
100036e0:	4437      	add	r7, r6
100036e2:	f817 3c01 	ldrb.w	r3, [r7, #-1]
100036e6:	f1a3 030d 	sub.w	r3, r3, #13
100036ea:	fab3 f383 	clz	r3, r3
100036ee:	095b      	lsrs	r3, r3, #5
100036f0:	f889 3014 	strb.w	r3, [r9, #20]
100036f4:	e8bd 87f0 	ldmia.w	sp!, {r4, r5, r6, r7, r8, r9, sl, pc}
100036f8:	f8d9 3000 	ldr.w	r3, [r9]
100036fc:	4798      	blx	r3
100036fe:	e7df      	b.n	100036c0 <stdio_out_chars_crlf+0x58>
10003700:	4638      	mov	r0, r7
10003702:	f8d9 3000 	ldr.w	r3, [r9]
10003706:	4611      	mov	r1, r2
10003708:	e8bd 47f0 	ldmia.w	sp!, {r4, r5, r6, r7, r8, r9, sl, lr}
1000370c:	4718      	bx	r3
1000370e:	bf00      	nop
10003710:	100061d8 	.word	0x100061d8

10003714 <stdio_buffered_printer>:
10003714:	b5f8      	push	{r3, r4, r5, r6, r7, lr}
10003716:	680b      	ldr	r3, [r1, #0]
10003718:	1c5a      	adds	r2, r3, #1
1000371a:	2a80      	cmp	r2, #128	@ 0x80
1000371c:	440b      	add	r3, r1
1000371e:	600a      	str	r2, [r1, #0]
10003720:	7118      	strb	r0, [r3, #4]
10003722:	d000      	beq.n	10003726 <stdio_buffered_printer+0x12>
10003724:	bdf8      	pop	{r3, r4, r5, r6, r7, pc}
10003726:	4b0d      	ldr	r3, [pc, #52]	@ (1000375c <stdio_buffered_printer+0x48>)
10003728:	460d      	mov	r5, r1
1000372a:	681c      	ldr	r4, [r3, #0]
1000372c:	b19c      	cbz	r4, 10003756 <stdio_buffered_printer+0x42>
1000372e:	4e0c      	ldr	r6, [pc, #48]	@ (10003760 <stdio_buffered_printer+0x4c>)
10003730:	1d0f      	adds	r7, r1, #4
10003732:	e001      	b.n	10003738 <stdio_buffered_printer+0x24>
10003734:	6924      	ldr	r4, [r4, #16]
10003736:	b174      	cbz	r4, 10003756 <stdio_buffered_printer+0x42>
10003738:	6823      	ldr	r3, [r4, #0]
1000373a:	2b00      	cmp	r3, #0
1000373c:	d0fa      	beq.n	10003734 <stdio_buffered_printer+0x20>
1000373e:	6833      	ldr	r3, [r6, #0]
10003740:	b10b      	cbz	r3, 10003746 <stdio_buffered_printer+0x32>
10003742:	42a3      	cmp	r3, r4
10003744:	d1f6      	bne.n	10003734 <stdio_buffered_printer+0x20>
10003746:	4620      	mov	r0, r4
10003748:	4639      	mov	r1, r7
1000374a:	682a      	ldr	r2, [r5, #0]
1000374c:	f7ff ff8c 	bl	10003668 <stdio_out_chars_crlf>
10003750:	6924      	ldr	r4, [r4, #16]
10003752:	2c00      	cmp	r4, #0
10003754:	d1f0      	bne.n	10003738 <stdio_buffered_printer+0x24>
10003756:	2300      	movs	r3, #0
10003758:	602b      	str	r3, [r5, #0]
1000375a:	bdf8      	pop	{r3, r4, r5, r6, r7, pc}
1000375c:	20001a94 	.word	0x20001a94
10003760:	20001a9c 	.word	0x20001a9c

10003764 <stdio_put_string>:
10003764:	e92d 47f0 	stmdb	sp!, {r4, r5, r6, r7, r8, r9, sl, lr}
10003768:	b082      	sub	sp, #8
1000376a:	460d      	mov	r5, r1
1000376c:	4692      	mov	sl, r2
1000376e:	4699      	mov	r9, r3
10003770:	4607      	mov	r7, r0
10003772:	f7fd ff7b 	bl	1000166c <time_us_64>
10003776:	f04f 36ff 	mov.w	r6, #4294967295	@ 0xffffffff
1000377a:	f06f 4400 	mvn.w	r4, #2147483648	@ 0x80000000
1000377e:	4a2f      	ldr	r2, [pc, #188]	@ (1000383c <stdio_put_string+0xd8>)
10003780:	1882      	adds	r2, r0, r2
10003782:	f141 0300 	adc.w	r3, r1, #0
10003786:	4296      	cmp	r6, r2
10003788:	eb74 0103 	sbcs.w	r1, r4, r3
1000378c:	bf3c      	itt	cc
1000378e:	4632      	movcc	r2, r6
10003790:	4623      	movcc	r3, r4
10003792:	482b      	ldr	r0, [pc, #172]	@ (10003840 <stdio_put_string+0xdc>)
10003794:	f002 fba4 	bl	10005ee0 <__mutex_try_enter_block_until_veneer>
10003798:	1c6b      	adds	r3, r5, #1
1000379a:	4680      	mov	r8, r0
1000379c:	d103      	bne.n	100037a6 <stdio_put_string+0x42>
1000379e:	4638      	mov	r0, r7
100037a0:	f002 fb64 	bl	10005e6c <strlen>
100037a4:	4605      	mov	r5, r0
100037a6:	4b27      	ldr	r3, [pc, #156]	@ (10003844 <stdio_put_string+0xe0>)
100037a8:	4e27      	ldr	r6, [pc, #156]	@ (10003848 <stdio_put_string+0xe4>)
100037aa:	681c      	ldr	r4, [r3, #0]
100037ac:	4b27      	ldr	r3, [pc, #156]	@ (1000384c <stdio_put_string+0xe8>)
100037ae:	f1b9 0f00 	cmp.w	r9, #0
100037b2:	bf18      	it	ne
100037b4:	461e      	movne	r6, r3
100037b6:	b1b4      	cbz	r4, 100037e6 <stdio_put_string+0x82>
100037b8:	f1ba 0f00 	cmp.w	sl, #0
100037bc:	d11a      	bne.n	100037f4 <stdio_put_string+0x90>
100037be:	f8df 9090 	ldr.w	r9, [pc, #144]	@ 10003850 <stdio_put_string+0xec>
100037c2:	e001      	b.n	100037c8 <stdio_put_string+0x64>
100037c4:	6924      	ldr	r4, [r4, #16]
100037c6:	b174      	cbz	r4, 100037e6 <stdio_put_string+0x82>
100037c8:	6823      	ldr	r3, [r4, #0]
100037ca:	2b00      	cmp	r3, #0
100037cc:	d0fa      	beq.n	100037c4 <stdio_put_string+0x60>
100037ce:	f8d9 3000 	ldr.w	r3, [r9]
100037d2:	b10b      	cbz	r3, 100037d8 <stdio_put_string+0x74>
100037d4:	429c      	cmp	r4, r3
100037d6:	d1f5      	bne.n	100037c4 <stdio_put_string+0x60>
100037d8:	4620      	mov	r0, r4
100037da:	462a      	mov	r2, r5
100037dc:	4639      	mov	r1, r7
100037de:	47b0      	blx	r6
100037e0:	6924      	ldr	r4, [r4, #16]
100037e2:	2c00      	cmp	r4, #0
100037e4:	d1f0      	bne.n	100037c8 <stdio_put_string+0x64>
100037e6:	f1b8 0f00 	cmp.w	r8, #0
100037ea:	d11f      	bne.n	1000382c <stdio_put_string+0xc8>
100037ec:	4628      	mov	r0, r5
100037ee:	b002      	add	sp, #8
100037f0:	e8bd 87f0 	ldmia.w	sp!, {r4, r5, r6, r7, r8, r9, sl, pc}
100037f4:	f04f 0a0a 	mov.w	sl, #10
100037f8:	f8df 9054 	ldr.w	r9, [pc, #84]	@ 10003850 <stdio_put_string+0xec>
100037fc:	e002      	b.n	10003804 <stdio_put_string+0xa0>
100037fe:	6924      	ldr	r4, [r4, #16]
10003800:	2c00      	cmp	r4, #0
10003802:	d0f0      	beq.n	100037e6 <stdio_put_string+0x82>
10003804:	6823      	ldr	r3, [r4, #0]
10003806:	2b00      	cmp	r3, #0
10003808:	d0f9      	beq.n	100037fe <stdio_put_string+0x9a>
1000380a:	f8d9 3000 	ldr.w	r3, [r9]
1000380e:	b10b      	cbz	r3, 10003814 <stdio_put_string+0xb0>
10003810:	42a3      	cmp	r3, r4
10003812:	d1f4      	bne.n	100037fe <stdio_put_string+0x9a>
10003814:	462a      	mov	r2, r5
10003816:	4639      	mov	r1, r7
10003818:	4620      	mov	r0, r4
1000381a:	47b0      	blx	r6
1000381c:	2201      	movs	r2, #1
1000381e:	4620      	mov	r0, r4
10003820:	f10d 0107 	add.w	r1, sp, #7
10003824:	f88d a007 	strb.w	sl, [sp, #7]
10003828:	47b0      	blx	r6
1000382a:	e7e8      	b.n	100037fe <stdio_put_string+0x9a>
1000382c:	4804      	ldr	r0, [pc, #16]	@ (10003840 <stdio_put_string+0xdc>)
1000382e:	f002 fb6f 	bl	10005f10 <__mutex_exit_veneer>
10003832:	4628      	mov	r0, r5
10003834:	b002      	add	sp, #8
10003836:	e8bd 87f0 	ldmia.w	sp!, {r4, r5, r6, r7, r8, r9, sl, pc}
1000383a:	bf00      	nop
1000383c:	000f4240 	.word	0x000f4240
10003840:	2000158c 	.word	0x2000158c
10003844:	20001a94 	.word	0x20001a94
10003848:	10003661 	.word	0x10003661
1000384c:	10003669 	.word	0x10003669
10003850:	20001a9c 	.word	0x20001a9c

10003854 <stdio_set_driver_enabled>:
10003854:	4a0a      	ldr	r2, [pc, #40]	@ (10003880 <stdio_set_driver_enabled+0x2c>)
10003856:	6813      	ldr	r3, [r2, #0]
10003858:	b14b      	cbz	r3, 1000386e <stdio_set_driver_enabled+0x1a>
1000385a:	4283      	cmp	r3, r0
1000385c:	d102      	bne.n	10003864 <stdio_set_driver_enabled+0x10>
1000385e:	e009      	b.n	10003874 <stdio_set_driver_enabled+0x20>
10003860:	4298      	cmp	r0, r3
10003862:	d007      	beq.n	10003874 <stdio_set_driver_enabled+0x20>
10003864:	f103 0210 	add.w	r2, r3, #16
10003868:	691b      	ldr	r3, [r3, #16]
1000386a:	2b00      	cmp	r3, #0
1000386c:	d1f8      	bne.n	10003860 <stdio_set_driver_enabled+0xc>
1000386e:	b101      	cbz	r1, 10003872 <stdio_set_driver_enabled+0x1e>
10003870:	6010      	str	r0, [r2, #0]
10003872:	4770      	bx	lr
10003874:	2900      	cmp	r1, #0
10003876:	d1fc      	bne.n	10003872 <stdio_set_driver_enabled+0x1e>
10003878:	6903      	ldr	r3, [r0, #16]
1000387a:	6013      	str	r3, [r2, #0]
1000387c:	6101      	str	r1, [r0, #16]
1000387e:	4770      	bx	lr
10003880:	20001a94 	.word	0x20001a94

10003884 <stdio_init_all>:
10003884:	f000 ba6e 	b.w	10003d64 <stdio_usb_init>

10003888 <__wrap_putchar>:
10003888:	b5f0      	push	{r4, r5, r6, r7, lr}
1000388a:	b083      	sub	sp, #12
1000388c:	4606      	mov	r6, r0
1000388e:	f88d 0007 	strb.w	r0, [sp, #7]
10003892:	f7fd feeb 	bl	1000166c <time_us_64>
10003896:	f04f 35ff 	mov.w	r5, #4294967295	@ 0xffffffff
1000389a:	f06f 4400 	mvn.w	r4, #2147483648	@ 0x80000000
1000389e:	4a17      	ldr	r2, [pc, #92]	@ (100038fc <__wrap_putchar+0x74>)
100038a0:	1882      	adds	r2, r0, r2
100038a2:	f141 0300 	adc.w	r3, r1, #0
100038a6:	4295      	cmp	r5, r2
100038a8:	eb74 0103 	sbcs.w	r1, r4, r3
100038ac:	bf3c      	itt	cc
100038ae:	4623      	movcc	r3, r4
100038b0:	462a      	movcc	r2, r5
100038b2:	4813      	ldr	r0, [pc, #76]	@ (10003900 <__wrap_putchar+0x78>)
100038b4:	f002 fb14 	bl	10005ee0 <__mutex_try_enter_block_until_veneer>
100038b8:	4b12      	ldr	r3, [pc, #72]	@ (10003904 <__wrap_putchar+0x7c>)
100038ba:	4607      	mov	r7, r0
100038bc:	681c      	ldr	r4, [r3, #0]
100038be:	b19c      	cbz	r4, 100038e8 <__wrap_putchar+0x60>
100038c0:	4d11      	ldr	r5, [pc, #68]	@ (10003908 <__wrap_putchar+0x80>)
100038c2:	e001      	b.n	100038c8 <__wrap_putchar+0x40>
100038c4:	6924      	ldr	r4, [r4, #16]
100038c6:	b17c      	cbz	r4, 100038e8 <__wrap_putchar+0x60>
100038c8:	6823      	ldr	r3, [r4, #0]
100038ca:	2b00      	cmp	r3, #0
100038cc:	d0fa      	beq.n	100038c4 <__wrap_putchar+0x3c>
100038ce:	682b      	ldr	r3, [r5, #0]
100038d0:	b10b      	cbz	r3, 100038d6 <__wrap_putchar+0x4e>
100038d2:	429c      	cmp	r4, r3
100038d4:	d1f6      	bne.n	100038c4 <__wrap_putchar+0x3c>
100038d6:	4620      	mov	r0, r4
100038d8:	2201      	movs	r2, #1
100038da:	f10d 0107 	add.w	r1, sp, #7
100038de:	f7ff fec3 	bl	10003668 <stdio_out_chars_crlf>
100038e2:	6924      	ldr	r4, [r4, #16]
100038e4:	2c00      	cmp	r4, #0
100038e6:	d1ef      	bne.n	100038c8 <__wrap_putchar+0x40>
100038e8:	b917      	cbnz	r7, 100038f0 <__wrap_putchar+0x68>
100038ea:	4630      	mov	r0, r6
100038ec:	b003      	add	sp, #12
100038ee:	bdf0      	pop	{r4, r5, r6, r7, pc}
100038f0:	4803      	ldr	r0, [pc, #12]	@ (10003900 <__wrap_putchar+0x78>)
100038f2:	f002 fb0d 	bl	10005f10 <__mutex_exit_veneer>
100038f6:	4630      	mov	r0, r6
100038f8:	b003      	add	sp, #12
100038fa:	bdf0      	pop	{r4, r5, r6, r7, pc}
100038fc:	000f4240 	.word	0x000f4240
10003900:	2000158c 	.word	0x2000158c
10003904:	20001a94 	.word	0x20001a94
10003908:	20001a9c 	.word	0x20001a9c

1000390c <__wrap_puts>:
1000390c:	b538      	push	{r3, r4, r5, lr}
1000390e:	4604      	mov	r4, r0
10003910:	f002 faac 	bl	10005e6c <strlen>
10003914:	2301      	movs	r3, #1
10003916:	4605      	mov	r5, r0
10003918:	461a      	mov	r2, r3
1000391a:	4620      	mov	r0, r4
1000391c:	4629      	mov	r1, r5
1000391e:	f7ff ff21 	bl	10003764 <stdio_put_string>
10003922:	4b08      	ldr	r3, [pc, #32]	@ (10003944 <__wrap_puts+0x38>)
10003924:	681c      	ldr	r4, [r3, #0]
10003926:	b12c      	cbz	r4, 10003934 <__wrap_puts+0x28>
10003928:	6863      	ldr	r3, [r4, #4]
1000392a:	b12b      	cbz	r3, 10003938 <__wrap_puts+0x2c>
1000392c:	4798      	blx	r3
1000392e:	6924      	ldr	r4, [r4, #16]
10003930:	2c00      	cmp	r4, #0
10003932:	d1f9      	bne.n	10003928 <__wrap_puts+0x1c>
10003934:	4628      	mov	r0, r5
10003936:	bd38      	pop	{r3, r4, r5, pc}
10003938:	6924      	ldr	r4, [r4, #16]
1000393a:	2c00      	cmp	r4, #0
1000393c:	d1f4      	bne.n	10003928 <__wrap_puts+0x1c>
1000393e:	4628      	mov	r0, r5
10003940:	bd38      	pop	{r3, r4, r5, pc}
10003942:	bf00      	nop
10003944:	20001a94 	.word	0x20001a94

10003948 <__wrap_vprintf>:
10003948:	e92d 41f0 	stmdb	sp!, {r4, r5, r6, r7, r8, lr}
1000394c:	b0a2      	sub	sp, #136	@ 0x88
1000394e:	4604      	mov	r4, r0
10003950:	460d      	mov	r5, r1
10003952:	f7fd fe8b 	bl	1000166c <time_us_64>
10003956:	f04f 37ff 	mov.w	r7, #4294967295	@ 0xffffffff
1000395a:	f06f 4600 	mvn.w	r6, #2147483648	@ 0x80000000
1000395e:	4a27      	ldr	r2, [pc, #156]	@ (100039fc <__wrap_vprintf+0xb4>)
10003960:	1882      	adds	r2, r0, r2
10003962:	f141 0300 	adc.w	r3, r1, #0
10003966:	4297      	cmp	r7, r2
10003968:	eb76 0103 	sbcs.w	r1, r6, r3
1000396c:	bf3c      	itt	cc
1000396e:	463a      	movcc	r2, r7
10003970:	4633      	movcc	r3, r6
10003972:	4823      	ldr	r0, [pc, #140]	@ (10003a00 <__wrap_vprintf+0xb8>)
10003974:	f002 fab4 	bl	10005ee0 <__mutex_try_enter_block_until_veneer>
10003978:	2600      	movs	r6, #0
1000397a:	462b      	mov	r3, r5
1000397c:	4607      	mov	r7, r0
1000397e:	4622      	mov	r2, r4
10003980:	4820      	ldr	r0, [pc, #128]	@ (10003a04 <__wrap_vprintf+0xbc>)
10003982:	a901      	add	r1, sp, #4
10003984:	9601      	str	r6, [sp, #4]
10003986:	f7ff fe25 	bl	100035d4 <vfctprintf>
1000398a:	9b01      	ldr	r3, [sp, #4]
1000398c:	4606      	mov	r6, r0
1000398e:	b97b      	cbnz	r3, 100039b0 <__wrap_vprintf+0x68>
10003990:	4b1d      	ldr	r3, [pc, #116]	@ (10003a08 <__wrap_vprintf+0xc0>)
10003992:	681c      	ldr	r4, [r3, #0]
10003994:	b12c      	cbz	r4, 100039a2 <__wrap_vprintf+0x5a>
10003996:	6863      	ldr	r3, [r4, #4]
10003998:	b143      	cbz	r3, 100039ac <__wrap_vprintf+0x64>
1000399a:	4798      	blx	r3
1000399c:	6924      	ldr	r4, [r4, #16]
1000399e:	2c00      	cmp	r4, #0
100039a0:	d1f9      	bne.n	10003996 <__wrap_vprintf+0x4e>
100039a2:	bb0f      	cbnz	r7, 100039e8 <__wrap_vprintf+0xa0>
100039a4:	4630      	mov	r0, r6
100039a6:	b022      	add	sp, #136	@ 0x88
100039a8:	e8bd 81f0 	ldmia.w	sp!, {r4, r5, r6, r7, r8, pc}
100039ac:	6924      	ldr	r4, [r4, #16]
100039ae:	e7f1      	b.n	10003994 <__wrap_vprintf+0x4c>
100039b0:	f8df 8054 	ldr.w	r8, [pc, #84]	@ 10003a08 <__wrap_vprintf+0xc0>
100039b4:	f8d8 5000 	ldr.w	r5, [r8]
100039b8:	b1ed      	cbz	r5, 100039f6 <__wrap_vprintf+0xae>
100039ba:	4c14      	ldr	r4, [pc, #80]	@ (10003a0c <__wrap_vprintf+0xc4>)
100039bc:	e001      	b.n	100039c2 <__wrap_vprintf+0x7a>
100039be:	692d      	ldr	r5, [r5, #16]
100039c0:	b175      	cbz	r5, 100039e0 <__wrap_vprintf+0x98>
100039c2:	682b      	ldr	r3, [r5, #0]
100039c4:	2b00      	cmp	r3, #0
100039c6:	d0fa      	beq.n	100039be <__wrap_vprintf+0x76>
100039c8:	6823      	ldr	r3, [r4, #0]
100039ca:	b10b      	cbz	r3, 100039d0 <__wrap_vprintf+0x88>
100039cc:	42ab      	cmp	r3, r5
100039ce:	d1f6      	bne.n	100039be <__wrap_vprintf+0x76>
100039d0:	4628      	mov	r0, r5
100039d2:	9a01      	ldr	r2, [sp, #4]
100039d4:	a902      	add	r1, sp, #8
100039d6:	f7ff fe47 	bl	10003668 <stdio_out_chars_crlf>
100039da:	692d      	ldr	r5, [r5, #16]
100039dc:	2d00      	cmp	r5, #0
100039de:	d1f0      	bne.n	100039c2 <__wrap_vprintf+0x7a>
100039e0:	f8d8 4000 	ldr.w	r4, [r8]
100039e4:	9501      	str	r5, [sp, #4]
100039e6:	e7d5      	b.n	10003994 <__wrap_vprintf+0x4c>
100039e8:	4805      	ldr	r0, [pc, #20]	@ (10003a00 <__wrap_vprintf+0xb8>)
100039ea:	f002 fa91 	bl	10005f10 <__mutex_exit_veneer>
100039ee:	4630      	mov	r0, r6
100039f0:	b022      	add	sp, #136	@ 0x88
100039f2:	e8bd 81f0 	ldmia.w	sp!, {r4, r5, r6, r7, r8, pc}
100039f6:	9501      	str	r5, [sp, #4]
100039f8:	e7d3      	b.n	100039a2 <__wrap_vprintf+0x5a>
100039fa:	bf00      	nop
100039fc:	000f4240 	.word	0x000f4240
10003a00:	2000158c 	.word	0x2000158c
10003a04:	10003715 	.word	0x10003715
10003a08:	20001a94 	.word	0x20001a94
10003a0c:	20001a9c 	.word	0x20001a9c

10003a10 <__wrap_printf>:
10003a10:	b40f      	push	{r0, r1, r2, r3}
10003a12:	b500      	push	{lr}
10003a14:	b083      	sub	sp, #12
10003a16:	a904      	add	r1, sp, #16
10003a18:	f851 0b04 	ldr.w	r0, [r1], #4
10003a1c:	9101      	str	r1, [sp, #4]
10003a1e:	f7ff ff93 	bl	10003948 <__wrap_vprintf>
10003a22:	b003      	add	sp, #12
10003a24:	f85d eb04 	ldr.w	lr, [sp], #4
10003a28:	b004      	add	sp, #16
10003a2a:	4770      	bx	lr

10003a2c <stdio_usb_set_chars_available_callback>:
10003a2c:	4a02      	ldr	r2, [pc, #8]	@ (10003a38 <stdio_usb_set_chars_available_callback+0xc>)
10003a2e:	4b03      	ldr	r3, [pc, #12]	@ (10003a3c <stdio_usb_set_chars_available_callback+0x10>)
10003a30:	6010      	str	r0, [r2, #0]
10003a32:	6019      	str	r1, [r3, #0]
10003a34:	4770      	bx	lr
10003a36:	bf00      	nop
10003a38:	20001a34 	.word	0x20001a34
10003a3c:	20001a38 	.word	0x20001a38

10003a40 <timer_task>:
10003a40:	4b18      	ldr	r3, [pc, #96]	@ (10003aa4 <timer_task+0x64>)
10003a42:	b570      	push	{r4, r5, r6, lr}
10003a44:	681a      	ldr	r2, [r3, #0]
10003a46:	2a00      	cmp	r2, #0
10003a48:	d028      	beq.n	10003a9c <timer_task+0x5c>
10003a4a:	f3ef 8110 	mrs	r1, PRIMASK
10003a4e:	b672      	cpsid	i
10003a50:	e8d2 4fcf 	ldaexb	r4, [r2]
10003a54:	2001      	movs	r0, #1
10003a56:	2c00      	cmp	r4, #0
10003a58:	d1fa      	bne.n	10003a50 <timer_task+0x10>
10003a5a:	e8c2 0f44 	strexb	r4, r0, [r2]
10003a5e:	2c00      	cmp	r4, #0
10003a60:	d1f6      	bne.n	10003a50 <timer_task+0x10>
10003a62:	f3bf 8f5f 	dmb	sy
10003a66:	2200      	movs	r2, #0
10003a68:	4c0f      	ldr	r4, [pc, #60]	@ (10003aa8 <timer_task+0x68>)
10003a6a:	6818      	ldr	r0, [r3, #0]
10003a6c:	6059      	str	r1, [r3, #4]
10003a6e:	7022      	strb	r2, [r4, #0]
10003a70:	e8c0 2f8f 	stlb	r2, [r0]
10003a74:	f381 8810 	msr	PRIMASK, r1
10003a78:	2400      	movs	r4, #0
10003a7a:	2500      	movs	r5, #0
10003a7c:	4e0b      	ldr	r6, [pc, #44]	@ (10003aac <timer_task+0x6c>)
10003a7e:	7830      	ldrb	r0, [r6, #0]
10003a80:	f7fc feea 	bl	10000858 <irq_is_enabled>
10003a84:	b920      	cbnz	r0, 10003a90 <timer_task+0x50>
10003a86:	2400      	movs	r4, #0
10003a88:	2500      	movs	r5, #0
10003a8a:	4620      	mov	r0, r4
10003a8c:	4629      	mov	r1, r5
10003a8e:	bd70      	pop	{r4, r5, r6, pc}
10003a90:	7830      	ldrb	r0, [r6, #0]
10003a92:	f7fc fef1 	bl	10000878 <irq_set_pending>
10003a96:	4620      	mov	r0, r4
10003a98:	4629      	mov	r1, r5
10003a9a:	bd70      	pop	{r4, r5, r6, pc}
10003a9c:	f44f 747a 	mov.w	r4, #1000	@ 0x3e8
10003aa0:	2500      	movs	r5, #0
10003aa2:	e7eb      	b.n	10003a7c <timer_task+0x3c>
10003aa4:	20001eac 	.word	0x20001eac
10003aa8:	20001f05 	.word	0x20001f05
10003aac:	20001f03 	.word	0x20001f03

10003ab0 <usb_irq>:
10003ab0:	4b01      	ldr	r3, [pc, #4]	@ (10003ab8 <usb_irq+0x8>)
10003ab2:	7818      	ldrb	r0, [r3, #0]
10003ab4:	f7fc bee0 	b.w	10000878 <irq_set_pending>
10003ab8:	20001f03 	.word	0x20001f03

10003abc <stdio_usb_in_chars>:
10003abc:	b538      	push	{r3, r4, r5, lr}
10003abe:	4604      	mov	r4, r0
10003ac0:	2000      	movs	r0, #0
10003ac2:	460d      	mov	r5, r1
10003ac4:	f001 fb62 	bl	1000518c <tud_cdc_n_connected>
10003ac8:	b3a8      	cbz	r0, 10003b36 <stdio_usb_in_chars+0x7a>
10003aca:	2000      	movs	r0, #0
10003acc:	f001 fb74 	bl	100051b8 <tud_cdc_n_available>
10003ad0:	b388      	cbz	r0, 10003b36 <stdio_usb_in_chars+0x7a>
10003ad2:	f7fd fdcb 	bl	1000166c <time_us_64>
10003ad6:	f04f 3eff 	mov.w	lr, #4294967295	@ 0xffffffff
10003ada:	f06f 4c00 	mvn.w	ip, #2147483648	@ 0x80000000
10003ade:	4a17      	ldr	r2, [pc, #92]	@ (10003b3c <stdio_usb_in_chars+0x80>)
10003ae0:	1882      	adds	r2, r0, r2
10003ae2:	f141 0300 	adc.w	r3, r1, #0
10003ae6:	4596      	cmp	lr, r2
10003ae8:	eb7c 0103 	sbcs.w	r1, ip, r3
10003aec:	bf3c      	itt	cc
10003aee:	4672      	movcc	r2, lr
10003af0:	4663      	movcc	r3, ip
10003af2:	4813      	ldr	r0, [pc, #76]	@ (10003b40 <stdio_usb_in_chars+0x84>)
10003af4:	f002 f9f4 	bl	10005ee0 <__mutex_try_enter_block_until_veneer>
10003af8:	b1e8      	cbz	r0, 10003b36 <stdio_usb_in_chars+0x7a>
10003afa:	2000      	movs	r0, #0
10003afc:	f001 fb46 	bl	1000518c <tud_cdc_n_connected>
10003b00:	b958      	cbnz	r0, 10003b1a <stdio_usb_in_chars+0x5e>
10003b02:	2100      	movs	r1, #0
10003b04:	f04f 30ff 	mov.w	r0, #4294967295	@ 0xffffffff
10003b08:	f000 fd7e 	bl	10004608 <tud_task_ext>
10003b0c:	f06f 0402 	mvn.w	r4, #2
10003b10:	480b      	ldr	r0, [pc, #44]	@ (10003b40 <stdio_usb_in_chars+0x84>)
10003b12:	f002 f9fd 	bl	10005f10 <__mutex_exit_veneer>
10003b16:	4620      	mov	r0, r4
10003b18:	bd38      	pop	{r3, r4, r5, pc}
10003b1a:	2000      	movs	r0, #0
10003b1c:	f001 fb4c 	bl	100051b8 <tud_cdc_n_available>
10003b20:	2800      	cmp	r0, #0
10003b22:	d0ee      	beq.n	10003b02 <stdio_usb_in_chars+0x46>
10003b24:	4621      	mov	r1, r4
10003b26:	462a      	mov	r2, r5
10003b28:	2000      	movs	r0, #0
10003b2a:	f001 fb51 	bl	100051d0 <tud_cdc_n_read>
10003b2e:	4604      	mov	r4, r0
10003b30:	2800      	cmp	r0, #0
10003b32:	d1ed      	bne.n	10003b10 <stdio_usb_in_chars+0x54>
10003b34:	e7ea      	b.n	10003b0c <stdio_usb_in_chars+0x50>
10003b36:	f06f 0402 	mvn.w	r4, #2
10003b3a:	e7ec      	b.n	10003b16 <stdio_usb_in_chars+0x5a>
10003b3c:	000f4240 	.word	0x000f4240
10003b40:	20001ee4 	.word	0x20001ee4

10003b44 <stdio_usb_out_flush>:
10003b44:	b508      	push	{r3, lr}
10003b46:	f7fd fd91 	bl	1000166c <time_us_64>
10003b4a:	f04f 3eff 	mov.w	lr, #4294967295	@ 0xffffffff
10003b4e:	f06f 4c00 	mvn.w	ip, #2147483648	@ 0x80000000
10003b52:	4a0f      	ldr	r2, [pc, #60]	@ (10003b90 <stdio_usb_out_flush+0x4c>)
10003b54:	1882      	adds	r2, r0, r2
10003b56:	f141 0300 	adc.w	r3, r1, #0
10003b5a:	4596      	cmp	lr, r2
10003b5c:	eb7c 0103 	sbcs.w	r1, ip, r3
10003b60:	bf3c      	itt	cc
10003b62:	4672      	movcc	r2, lr
10003b64:	4663      	movcc	r3, ip
10003b66:	480b      	ldr	r0, [pc, #44]	@ (10003b94 <stdio_usb_out_flush+0x50>)
10003b68:	f002 f9ba 	bl	10005ee0 <__mutex_try_enter_block_until_veneer>
10003b6c:	b170      	cbz	r0, 10003b8c <stdio_usb_out_flush+0x48>
10003b6e:	f04f 30ff 	mov.w	r0, #4294967295	@ 0xffffffff
10003b72:	2100      	movs	r1, #0
10003b74:	f000 fd48 	bl	10004608 <tud_task_ext>
10003b78:	2000      	movs	r0, #0
10003b7a:	f001 fb6f 	bl	1000525c <tud_cdc_n_write_flush>
10003b7e:	2800      	cmp	r0, #0
10003b80:	d1f5      	bne.n	10003b6e <stdio_usb_out_flush+0x2a>
10003b82:	e8bd 4008 	ldmia.w	sp!, {r3, lr}
10003b86:	4803      	ldr	r0, [pc, #12]	@ (10003b94 <stdio_usb_out_flush+0x50>)
10003b88:	f002 b9c2 	b.w	10005f10 <__mutex_exit_veneer>
10003b8c:	bd08      	pop	{r3, pc}
10003b8e:	bf00      	nop
10003b90:	000f4240 	.word	0x000f4240
10003b94:	20001ee4 	.word	0x20001ee4

10003b98 <stdio_usb_out_chars>:
10003b98:	e92d 43f8 	stmdb	sp!, {r3, r4, r5, r6, r7, r8, r9, lr}
10003b9c:	4607      	mov	r7, r0
10003b9e:	460e      	mov	r6, r1
10003ba0:	f7fd fd64 	bl	1000166c <time_us_64>
10003ba4:	f04f 35ff 	mov.w	r5, #4294967295	@ 0xffffffff
10003ba8:	f06f 4400 	mvn.w	r4, #2147483648	@ 0x80000000
10003bac:	4a33      	ldr	r2, [pc, #204]	@ (10003c7c <stdio_usb_out_chars+0xe4>)
10003bae:	1882      	adds	r2, r0, r2
10003bb0:	f141 0300 	adc.w	r3, r1, #0
10003bb4:	4295      	cmp	r5, r2
10003bb6:	eb74 0103 	sbcs.w	r1, r4, r3
10003bba:	bf3c      	itt	cc
10003bbc:	462a      	movcc	r2, r5
10003bbe:	4623      	movcc	r3, r4
10003bc0:	482f      	ldr	r0, [pc, #188]	@ (10003c80 <stdio_usb_out_chars+0xe8>)
10003bc2:	f002 f98d 	bl	10005ee0 <__mutex_try_enter_block_until_veneer>
10003bc6:	b908      	cbnz	r0, 10003bcc <stdio_usb_out_chars+0x34>
10003bc8:	e8bd 83f8 	ldmia.w	sp!, {r3, r4, r5, r6, r7, r8, r9, pc}
10003bcc:	2000      	movs	r0, #0
10003bce:	f001 fadd 	bl	1000518c <tud_cdc_n_connected>
10003bd2:	2800      	cmp	r0, #0
10003bd4:	d048      	beq.n	10003c68 <stdio_usb_out_chars+0xd0>
10003bd6:	2e00      	cmp	r6, #0
10003bd8:	dd41      	ble.n	10003c5e <stdio_usb_out_chars+0xc6>
10003bda:	2500      	movs	r5, #0
10003bdc:	f8df 80a4 	ldr.w	r8, [pc, #164]	@ 10003c84 <stdio_usb_out_chars+0xec>
10003be0:	f8df 90a4 	ldr.w	r9, [pc, #164]	@ 10003c88 <stdio_usb_out_chars+0xf0>
10003be4:	e013      	b.n	10003c0e <stdio_usb_out_chars+0x76>
10003be6:	4622      	mov	r2, r4
10003be8:	2000      	movs	r0, #0
10003bea:	f001 fb7d 	bl	100052e8 <tud_cdc_n_write>
10003bee:	2100      	movs	r1, #0
10003bf0:	4604      	mov	r4, r0
10003bf2:	f04f 30ff 	mov.w	r0, #4294967295	@ 0xffffffff
10003bf6:	f000 fd07 	bl	10004608 <tud_task_ext>
10003bfa:	2000      	movs	r0, #0
10003bfc:	f001 fb2e 	bl	1000525c <tud_cdc_n_write_flush>
10003c00:	f7fd fd34 	bl	1000166c <time_us_64>
10003c04:	e9c8 0100 	strd	r0, r1, [r8]
10003c08:	4425      	add	r5, r4
10003c0a:	42ae      	cmp	r6, r5
10003c0c:	dd27      	ble.n	10003c5e <stdio_usb_out_chars+0xc6>
10003c0e:	2000      	movs	r0, #0
10003c10:	f001 fb8c 	bl	1000532c <tud_cdc_n_write_available>
10003c14:	1b74      	subs	r4, r6, r5
10003c16:	4284      	cmp	r4, r0
10003c18:	bfa8      	it	ge
10003c1a:	4604      	movge	r4, r0
10003c1c:	1979      	adds	r1, r7, r5
10003c1e:	2c00      	cmp	r4, #0
10003c20:	d1e1      	bne.n	10003be6 <stdio_usb_out_chars+0x4e>
10003c22:	4621      	mov	r1, r4
10003c24:	f04f 30ff 	mov.w	r0, #4294967295	@ 0xffffffff
10003c28:	f000 fcee 	bl	10004608 <tud_task_ext>
10003c2c:	4620      	mov	r0, r4
10003c2e:	f001 fb15 	bl	1000525c <tud_cdc_n_write_flush>
10003c32:	4620      	mov	r0, r4
10003c34:	f001 faaa 	bl	1000518c <tud_cdc_n_connected>
10003c38:	b188      	cbz	r0, 10003c5e <stdio_usb_out_chars+0xc6>
10003c3a:	4620      	mov	r0, r4
10003c3c:	f001 fb76 	bl	1000532c <tud_cdc_n_write_available>
10003c40:	2800      	cmp	r0, #0
10003c42:	d1e2      	bne.n	10003c0a <stdio_usb_out_chars+0x72>
10003c44:	f7fd fd12 	bl	1000166c <time_us_64>
10003c48:	f8d8 3000 	ldr.w	r3, [r8]
10003c4c:	f8d8 2004 	ldr.w	r2, [r8, #4]
10003c50:	eb13 0309 	adds.w	r3, r3, r9
10003c54:	f142 0200 	adc.w	r2, r2, #0
10003c58:	4283      	cmp	r3, r0
10003c5a:	418a      	sbcs	r2, r1
10003c5c:	d2d5      	bcs.n	10003c0a <stdio_usb_out_chars+0x72>
10003c5e:	4808      	ldr	r0, [pc, #32]	@ (10003c80 <stdio_usb_out_chars+0xe8>)
10003c60:	e8bd 43f8 	ldmia.w	sp!, {r3, r4, r5, r6, r7, r8, r9, lr}
10003c64:	f002 b954 	b.w	10005f10 <__mutex_exit_veneer>
10003c68:	2000      	movs	r0, #0
10003c6a:	2100      	movs	r1, #0
10003c6c:	4b05      	ldr	r3, [pc, #20]	@ (10003c84 <stdio_usb_out_chars+0xec>)
10003c6e:	e9c3 0100 	strd	r0, r1, [r3]
10003c72:	e8bd 43f8 	ldmia.w	sp!, {r3, r4, r5, r6, r7, r8, r9, lr}
10003c76:	4802      	ldr	r0, [pc, #8]	@ (10003c80 <stdio_usb_out_chars+0xe8>)
10003c78:	f002 b94a 	b.w	10005f10 <__mutex_exit_veneer>
10003c7c:	000f4240 	.word	0x000f4240
10003c80:	20001ee4 	.word	0x20001ee4
10003c84:	200017f0 	.word	0x200017f0
10003c88:	0007a120 	.word	0x0007a120

10003c8c <low_priority_worker_irq>:
10003c8c:	b530      	push	{r4, r5, lr}
10003c8e:	2100      	movs	r1, #0
10003c90:	b085      	sub	sp, #20
10003c92:	482e      	ldr	r0, [pc, #184]	@ (10003d4c <low_priority_worker_irq+0xc0>)
10003c94:	f002 f92c 	bl	10005ef0 <__mutex_try_enter_veneer>
10003c98:	b9f0      	cbnz	r0, 10003cd8 <low_priority_worker_irq+0x4c>
10003c9a:	4b2d      	ldr	r3, [pc, #180]	@ (10003d50 <low_priority_worker_irq+0xc4>)
10003c9c:	681a      	ldr	r2, [r3, #0]
10003c9e:	b1ca      	cbz	r2, 10003cd4 <low_priority_worker_irq+0x48>
10003ca0:	f3ef 8110 	mrs	r1, PRIMASK
10003ca4:	b672      	cpsid	i
10003ca6:	e8d2 5fcf 	ldaexb	r5, [r2]
10003caa:	2401      	movs	r4, #1
10003cac:	2d00      	cmp	r5, #0
10003cae:	d1fa      	bne.n	10003ca6 <low_priority_worker_irq+0x1a>
10003cb0:	e8c2 4f45 	strexb	r5, r4, [r2]
10003cb4:	2d00      	cmp	r5, #0
10003cb6:	d1f6      	bne.n	10003ca6 <low_priority_worker_irq+0x1a>
10003cb8:	f3bf 8f5f 	dmb	sy
10003cbc:	4c25      	ldr	r4, [pc, #148]	@ (10003d54 <low_priority_worker_irq+0xc8>)
10003cbe:	681d      	ldr	r5, [r3, #0]
10003cc0:	7822      	ldrb	r2, [r4, #0]
10003cc2:	6059      	str	r1, [r3, #4]
10003cc4:	b2d3      	uxtb	r3, r2
10003cc6:	2201      	movs	r2, #1
10003cc8:	7022      	strb	r2, [r4, #0]
10003cca:	e8c5 0f8f 	stlb	r0, [r5]
10003cce:	f381 8810 	msr	PRIMASK, r1
10003cd2:	b1cb      	cbz	r3, 10003d08 <low_priority_worker_irq+0x7c>
10003cd4:	b005      	add	sp, #20
10003cd6:	bd30      	pop	{r4, r5, pc}
10003cd8:	2100      	movs	r1, #0
10003cda:	f04f 30ff 	mov.w	r0, #4294967295	@ 0xffffffff
10003cde:	f000 fc93 	bl	10004608 <tud_task_ext>
10003ce2:	2000      	movs	r0, #0
10003ce4:	f001 fa68 	bl	100051b8 <tud_cdc_n_available>
10003ce8:	4604      	mov	r4, r0
10003cea:	4818      	ldr	r0, [pc, #96]	@ (10003d4c <low_priority_worker_irq+0xc0>)
10003cec:	f002 f910 	bl	10005f10 <__mutex_exit_veneer>
10003cf0:	2c00      	cmp	r4, #0
10003cf2:	d0ef      	beq.n	10003cd4 <low_priority_worker_irq+0x48>
10003cf4:	4b18      	ldr	r3, [pc, #96]	@ (10003d58 <low_priority_worker_irq+0xcc>)
10003cf6:	681b      	ldr	r3, [r3, #0]
10003cf8:	2b00      	cmp	r3, #0
10003cfa:	d0eb      	beq.n	10003cd4 <low_priority_worker_irq+0x48>
10003cfc:	4a17      	ldr	r2, [pc, #92]	@ (10003d5c <low_priority_worker_irq+0xd0>)
10003cfe:	6810      	ldr	r0, [r2, #0]
10003d00:	b005      	add	sp, #20
10003d02:	e8bd 4030 	ldmia.w	sp!, {r4, r5, lr}
10003d06:	4718      	bx	r3
10003d08:	f7fd fac6 	bl	10001298 <alarm_pool_get_default>
10003d0c:	4604      	mov	r4, r0
10003d0e:	f7fd fcad 	bl	1000166c <time_us_64>
10003d12:	f04f 3cff 	mov.w	ip, #4294967295	@ 0xffffffff
10003d16:	f06f 4500 	mvn.w	r5, #2147483648	@ 0x80000000
10003d1a:	f510 727a 	adds.w	r2, r0, #1000	@ 0x3e8
10003d1e:	f141 0300 	adc.w	r3, r1, #0
10003d22:	4594      	cmp	ip, r2
10003d24:	eb75 0103 	sbcs.w	r1, r5, r3
10003d28:	bf38      	it	cc
10003d2a:	462b      	movcc	r3, r5
10003d2c:	f04f 0100 	mov.w	r1, #0
10003d30:	f04f 0501 	mov.w	r5, #1
10003d34:	4620      	mov	r0, r4
10003d36:	4c0a      	ldr	r4, [pc, #40]	@ (10003d60 <low_priority_worker_irq+0xd4>)
10003d38:	bf38      	it	cc
10003d3a:	4662      	movcc	r2, ip
10003d3c:	e9cd 1501 	strd	r1, r5, [sp, #4]
10003d40:	9400      	str	r4, [sp, #0]
10003d42:	f7fd faad 	bl	100012a0 <alarm_pool_add_alarm_at>
10003d46:	b005      	add	sp, #20
10003d48:	bd30      	pop	{r4, r5, pc}
10003d4a:	bf00      	nop
10003d4c:	20001ee4 	.word	0x20001ee4
10003d50:	20001eac 	.word	0x20001eac
10003d54:	20001f05 	.word	0x20001f05
10003d58:	20001a34 	.word	0x20001a34
10003d5c:	20001a38 	.word	0x20001a38
10003d60:	10003a41 	.word	0x10003a41

10003d64 <stdio_usb_init>:
10003d64:	f04f 4350 	mov.w	r3, #3489660928	@ 0xd0000000
10003d68:	b530      	push	{r4, r5, lr}
10003d6a:	b085      	sub	sp, #20
10003d6c:	681c      	ldr	r4, [r3, #0]
10003d6e:	f7fd fa93 	bl	10001298 <alarm_pool_get_default>
10003d72:	f7fd fba7 	bl	100014c4 <alarm_pool_core_num>
10003d76:	42a0      	cmp	r0, r4
10003d78:	d002      	beq.n	10003d80 <stdio_usb_init+0x1c>
10003d7a:	2000      	movs	r0, #0
10003d7c:	b005      	add	sp, #20
10003d7e:	bd30      	pop	{r4, r5, pc}
10003d80:	2100      	movs	r1, #0
10003d82:	4b2a      	ldr	r3, [pc, #168]	@ (10003e2c <stdio_usb_init+0xc8>)
10003d84:	4608      	mov	r0, r1
10003d86:	781b      	ldrb	r3, [r3, #0]
10003d88:	f001 fc8c 	bl	100056a4 <tusb_rhport_init>
10003d8c:	4828      	ldr	r0, [pc, #160]	@ (10003e30 <stdio_usb_init+0xcc>)
10003d8e:	6803      	ldr	r3, [r0, #0]
10003d90:	2b00      	cmp	r3, #0
10003d92:	d047      	beq.n	10003e24 <stdio_usb_init+0xc0>
10003d94:	2001      	movs	r0, #1
10003d96:	f7fc fffd 	bl	10000d94 <user_irq_claim_unused>
10003d9a:	4603      	mov	r3, r0
10003d9c:	4c25      	ldr	r4, [pc, #148]	@ (10003e34 <stdio_usb_init+0xd0>)
10003d9e:	4926      	ldr	r1, [pc, #152]	@ (10003e38 <stdio_usb_init+0xd4>)
10003da0:	b2c0      	uxtb	r0, r0
10003da2:	7023      	strb	r3, [r4, #0]
10003da4:	f7fc fd84 	bl	100008b0 <irq_set_exclusive_handler>
10003da8:	7820      	ldrb	r0, [r4, #0]
10003daa:	2101      	movs	r1, #1
10003dac:	f7fc fd3e 	bl	1000082c <irq_set_enabled>
10003db0:	200e      	movs	r0, #14
10003db2:	f7fc fd6d 	bl	10000890 <irq_has_shared_handler>
10003db6:	bb40      	cbnz	r0, 10003e0a <stdio_usb_init+0xa6>
10003db8:	4b20      	ldr	r3, [pc, #128]	@ (10003e3c <stdio_usb_init+0xd8>)
10003dba:	2501      	movs	r5, #1
10003dbc:	e9c3 0000 	strd	r0, r0, [r3]
10003dc0:	f7fd fa6a 	bl	10001298 <alarm_pool_get_default>
10003dc4:	4604      	mov	r4, r0
10003dc6:	f7fd fc51 	bl	1000166c <time_us_64>
10003dca:	f04f 3eff 	mov.w	lr, #4294967295	@ 0xffffffff
10003dce:	f06f 4c00 	mvn.w	ip, #2147483648	@ 0x80000000
10003dd2:	f510 727a 	adds.w	r2, r0, #1000	@ 0x3e8
10003dd6:	f141 0300 	adc.w	r3, r1, #0
10003dda:	4596      	cmp	lr, r2
10003ddc:	eb7c 0103 	sbcs.w	r1, ip, r3
10003de0:	f04f 0100 	mov.w	r1, #0
10003de4:	4620      	mov	r0, r4
10003de6:	4c16      	ldr	r4, [pc, #88]	@ (10003e40 <stdio_usb_init+0xdc>)
10003de8:	bf3c      	itt	cc
10003dea:	4672      	movcc	r2, lr
10003dec:	4663      	movcc	r3, ip
10003dee:	e9cd 1501 	strd	r1, r5, [sp, #4]
10003df2:	9400      	str	r4, [sp, #0]
10003df4:	f7fd fa54 	bl	100012a0 <alarm_pool_add_alarm_at>
10003df8:	2800      	cmp	r0, #0
10003dfa:	dbbe      	blt.n	10003d7a <stdio_usb_init+0x16>
10003dfc:	2101      	movs	r1, #1
10003dfe:	4811      	ldr	r0, [pc, #68]	@ (10003e44 <stdio_usb_init+0xe0>)
10003e00:	f7ff fd28 	bl	10003854 <stdio_set_driver_enabled>
10003e04:	2001      	movs	r0, #1
10003e06:	b005      	add	sp, #20
10003e08:	bd30      	pop	{r4, r5, pc}
10003e0a:	2001      	movs	r0, #1
10003e0c:	f7fc fcca 	bl	100007a4 <spin_lock_claim_unused>
10003e10:	4601      	mov	r1, r0
10003e12:	480a      	ldr	r0, [pc, #40]	@ (10003e3c <stdio_usb_init+0xd8>)
10003e14:	f7fd f81a 	bl	10000e4c <critical_section_init_with_lock_num>
10003e18:	2200      	movs	r2, #0
10003e1a:	200e      	movs	r0, #14
10003e1c:	490a      	ldr	r1, [pc, #40]	@ (10003e48 <stdio_usb_init+0xe4>)
10003e1e:	f7fc fd75 	bl	1000090c <irq_add_shared_handler>
10003e22:	e7eb      	b.n	10003dfc <stdio_usb_init+0x98>
10003e24:	f7fc fff6 	bl	10000e14 <mutex_init>
10003e28:	e7b4      	b.n	10003d94 <stdio_usb_init+0x30>
10003e2a:	bf00      	nop
10003e2c:	1000639c 	.word	0x1000639c
10003e30:	20001ee4 	.word	0x20001ee4
10003e34:	20001f03 	.word	0x20001f03
10003e38:	10003c8d 	.word	0x10003c8d
10003e3c:	20001eac 	.word	0x20001eac
10003e40:	10003a41 	.word	0x10003a41
10003e44:	20001554 	.word	0x20001554
10003e48:	10003ab1 	.word	0x10003ab1

10003e4c <tud_descriptor_device_cb>:
10003e4c:	4800      	ldr	r0, [pc, #0]	@ (10003e50 <tud_descriptor_device_cb+0x4>)
10003e4e:	4770      	bx	lr
10003e50:	10006254 	.word	0x10006254

10003e54 <tud_descriptor_configuration_cb>:
10003e54:	4800      	ldr	r0, [pc, #0]	@ (10003e58 <tud_descriptor_configuration_cb+0x4>)
10003e56:	4770      	bx	lr
10003e58:	10006200 	.word	0x10006200

10003e5c <tud_descriptor_string_cb>:
10003e5c:	b538      	push	{r3, r4, r5, lr}
10003e5e:	4b18      	ldr	r3, [pc, #96]	@ (10003ec0 <tud_descriptor_string_cb+0x64>)
10003e60:	4604      	mov	r4, r0
10003e62:	781a      	ldrb	r2, [r3, #0]
10003e64:	b30a      	cbz	r2, 10003eaa <tud_descriptor_string_cb+0x4e>
10003e66:	b944      	cbnz	r4, 10003e7a <tud_descriptor_string_cb+0x1e>
10003e68:	f240 4209 	movw	r2, #1033	@ 0x409
10003e6c:	f44f 7341 	mov.w	r3, #772	@ 0x304
10003e70:	4d14      	ldr	r5, [pc, #80]	@ (10003ec4 <tud_descriptor_string_cb+0x68>)
10003e72:	806a      	strh	r2, [r5, #2]
10003e74:	4813      	ldr	r0, [pc, #76]	@ (10003ec4 <tud_descriptor_string_cb+0x68>)
10003e76:	802b      	strh	r3, [r5, #0]
10003e78:	bd38      	pop	{r3, r4, r5, pc}
10003e7a:	2c05      	cmp	r4, #5
10003e7c:	d81a      	bhi.n	10003eb4 <tud_descriptor_string_cb+0x58>
10003e7e:	4b12      	ldr	r3, [pc, #72]	@ (10003ec8 <tud_descriptor_string_cb+0x6c>)
10003e80:	4d10      	ldr	r5, [pc, #64]	@ (10003ec4 <tud_descriptor_string_cb+0x68>)
10003e82:	f853 1024 	ldr.w	r1, [r3, r4, lsl #2]
10003e86:	4628      	mov	r0, r5
10003e88:	2300      	movs	r3, #0
10003e8a:	3901      	subs	r1, #1
10003e8c:	e003      	b.n	10003e96 <tud_descriptor_string_cb+0x3a>
10003e8e:	2b13      	cmp	r3, #19
10003e90:	f820 2f02 	strh.w	r2, [r0, #2]!
10003e94:	d010      	beq.n	10003eb8 <tud_descriptor_string_cb+0x5c>
10003e96:	f811 2f01 	ldrb.w	r2, [r1, #1]!
10003e9a:	3301      	adds	r3, #1
10003e9c:	b2db      	uxtb	r3, r3
10003e9e:	2a00      	cmp	r2, #0
10003ea0:	d1f5      	bne.n	10003e8e <tud_descriptor_string_cb+0x32>
10003ea2:	005b      	lsls	r3, r3, #1
10003ea4:	f443 7340 	orr.w	r3, r3, #768	@ 0x300
10003ea8:	e7e4      	b.n	10003e74 <tud_descriptor_string_cb+0x18>
10003eaa:	2111      	movs	r1, #17
10003eac:	4618      	mov	r0, r3
10003eae:	f000 f825 	bl	10003efc <pico_get_unique_board_id_string>
10003eb2:	e7d8      	b.n	10003e66 <tud_descriptor_string_cb+0xa>
10003eb4:	2000      	movs	r0, #0
10003eb6:	bd38      	pop	{r3, r4, r5, pc}
10003eb8:	f44f 734a 	mov.w	r3, #808	@ 0x328
10003ebc:	e7da      	b.n	10003e74 <tud_descriptor_string_cb+0x18>
10003ebe:	bf00      	nop
10003ec0:	20001eec 	.word	0x20001eec
10003ec4:	20001a6c 	.word	0x20001a6c
10003ec8:	100061e8 	.word	0x100061e8

10003ecc <_retrieve_unique_id_on_boot>:
10003ecc:	b500      	push	{lr}
10003ece:	f245 3047 	movw	r0, #21319	@ 0x5347
10003ed2:	b08b      	sub	sp, #44	@ 0x2c
10003ed4:	f7fd fd16 	bl	10001904 <rom_func_lookup>
10003ed8:	2201      	movs	r2, #1
10003eda:	4603      	mov	r3, r0
10003edc:	2109      	movs	r1, #9
10003ede:	a801      	add	r0, sp, #4
10003ee0:	4798      	blx	r3
10003ee2:	e9dd 3203 	ldrd	r3, r2, [sp, #12]
10003ee6:	4904      	ldr	r1, [pc, #16]	@ (10003ef8 <_retrieve_unique_id_on_boot+0x2c>)
10003ee8:	ba12      	rev	r2, r2
10003eea:	ba1b      	rev	r3, r3
10003eec:	e9c1 2300 	strd	r2, r3, [r1]
10003ef0:	b00b      	add	sp, #44	@ 0x2c
10003ef2:	f85d fb04 	ldr.w	pc, [sp], #4
10003ef6:	bf00      	nop
10003ef8:	20001edc 	.word	0x20001edc

10003efc <pico_get_unique_board_id_string>:
10003efc:	2901      	cmp	r1, #1
10003efe:	f101 33ff 	add.w	r3, r1, #4294967295	@ 0xffffffff
10003f02:	f000 80b3 	beq.w	1000406c <pico_get_unique_board_id_string+0x170>
10003f06:	495d      	ldr	r1, [pc, #372]	@ (1000407c <pico_get_unique_board_id_string+0x180>)
10003f08:	780a      	ldrb	r2, [r1, #0]
10003f0a:	ea4f 1c12 	mov.w	ip, r2, lsr #4
10003f0e:	2a9f      	cmp	r2, #159	@ 0x9f
10003f10:	bf8c      	ite	hi
10003f12:	f10c 0c37 	addhi.w	ip, ip, #55	@ 0x37
10003f16:	f10c 0c30 	addls.w	ip, ip, #48	@ 0x30
10003f1a:	2b01      	cmp	r3, #1
10003f1c:	f880 c000 	strb.w	ip, [r0]
10003f20:	f000 80a7 	beq.w	10004072 <pico_get_unique_board_id_string+0x176>
10003f24:	f002 020f 	and.w	r2, r2, #15
10003f28:	2a09      	cmp	r2, #9
10003f2a:	bf8c      	ite	hi
10003f2c:	3237      	addhi	r2, #55	@ 0x37
10003f2e:	3230      	addls	r2, #48	@ 0x30
10003f30:	2b02      	cmp	r3, #2
10003f32:	7042      	strb	r2, [r0, #1]
10003f34:	f000 809d 	beq.w	10004072 <pico_get_unique_board_id_string+0x176>
10003f38:	784a      	ldrb	r2, [r1, #1]
10003f3a:	ea4f 1c12 	mov.w	ip, r2, lsr #4
10003f3e:	2a9f      	cmp	r2, #159	@ 0x9f
10003f40:	bf8c      	ite	hi
10003f42:	f10c 0c37 	addhi.w	ip, ip, #55	@ 0x37
10003f46:	f10c 0c30 	addls.w	ip, ip, #48	@ 0x30
10003f4a:	2b03      	cmp	r3, #3
10003f4c:	f880 c002 	strb.w	ip, [r0, #2]
10003f50:	f000 808f 	beq.w	10004072 <pico_get_unique_board_id_string+0x176>
10003f54:	f002 020f 	and.w	r2, r2, #15
10003f58:	2a09      	cmp	r2, #9
10003f5a:	bf8c      	ite	hi
10003f5c:	3237      	addhi	r2, #55	@ 0x37
10003f5e:	3230      	addls	r2, #48	@ 0x30
10003f60:	2b04      	cmp	r3, #4
10003f62:	70c2      	strb	r2, [r0, #3]
10003f64:	f000 8085 	beq.w	10004072 <pico_get_unique_board_id_string+0x176>
10003f68:	788a      	ldrb	r2, [r1, #2]
10003f6a:	ea4f 1c12 	mov.w	ip, r2, lsr #4
10003f6e:	2a9f      	cmp	r2, #159	@ 0x9f
10003f70:	bf8c      	ite	hi
10003f72:	f10c 0c37 	addhi.w	ip, ip, #55	@ 0x37
10003f76:	f10c 0c30 	addls.w	ip, ip, #48	@ 0x30
10003f7a:	2b05      	cmp	r3, #5
10003f7c:	f880 c004 	strb.w	ip, [r0, #4]
10003f80:	d077      	beq.n	10004072 <pico_get_unique_board_id_string+0x176>
10003f82:	f002 020f 	and.w	r2, r2, #15
10003f86:	2a09      	cmp	r2, #9
10003f88:	bf8c      	ite	hi
10003f8a:	3237      	addhi	r2, #55	@ 0x37
10003f8c:	3230      	addls	r2, #48	@ 0x30
10003f8e:	2b06      	cmp	r3, #6
10003f90:	7142      	strb	r2, [r0, #5]
10003f92:	d06e      	beq.n	10004072 <pico_get_unique_board_id_string+0x176>
10003f94:	78ca      	ldrb	r2, [r1, #3]
10003f96:	ea4f 1c12 	mov.w	ip, r2, lsr #4
10003f9a:	2a9f      	cmp	r2, #159	@ 0x9f
10003f9c:	bf8c      	ite	hi
10003f9e:	f10c 0c37 	addhi.w	ip, ip, #55	@ 0x37
10003fa2:	f10c 0c30 	addls.w	ip, ip, #48	@ 0x30
10003fa6:	2b07      	cmp	r3, #7
10003fa8:	f880 c006 	strb.w	ip, [r0, #6]
10003fac:	d061      	beq.n	10004072 <pico_get_unique_board_id_string+0x176>
10003fae:	f002 020f 	and.w	r2, r2, #15
10003fb2:	2a09      	cmp	r2, #9
10003fb4:	bf8c      	ite	hi
10003fb6:	3237      	addhi	r2, #55	@ 0x37
10003fb8:	3230      	addls	r2, #48	@ 0x30
10003fba:	2b08      	cmp	r3, #8
10003fbc:	71c2      	strb	r2, [r0, #7]
10003fbe:	d058      	beq.n	10004072 <pico_get_unique_board_id_string+0x176>
10003fc0:	790a      	ldrb	r2, [r1, #4]
10003fc2:	ea4f 1c12 	mov.w	ip, r2, lsr #4
10003fc6:	2a9f      	cmp	r2, #159	@ 0x9f
10003fc8:	bf8c      	ite	hi
10003fca:	f10c 0c37 	addhi.w	ip, ip, #55	@ 0x37
10003fce:	f10c 0c30 	addls.w	ip, ip, #48	@ 0x30
10003fd2:	2b09      	cmp	r3, #9
10003fd4:	f880 c008 	strb.w	ip, [r0, #8]
10003fd8:	d04b      	beq.n	10004072 <pico_get_unique_board_id_string+0x176>
10003fda:	f002 020f 	and.w	r2, r2, #15
10003fde:	2a09      	cmp	r2, #9
10003fe0:	bf8c      	ite	hi
10003fe2:	3237      	addhi	r2, #55	@ 0x37
10003fe4:	3230      	addls	r2, #48	@ 0x30
10003fe6:	2b0a      	cmp	r3, #10
10003fe8:	7242      	strb	r2, [r0, #9]
10003fea:	d042      	beq.n	10004072 <pico_get_unique_board_id_string+0x176>
10003fec:	794a      	ldrb	r2, [r1, #5]
10003fee:	ea4f 1c12 	mov.w	ip, r2, lsr #4
10003ff2:	2a9f      	cmp	r2, #159	@ 0x9f
10003ff4:	bf8c      	ite	hi
10003ff6:	f10c 0c37 	addhi.w	ip, ip, #55	@ 0x37
10003ffa:	f10c 0c30 	addls.w	ip, ip, #48	@ 0x30
10003ffe:	2b0b      	cmp	r3, #11
10004000:	f880 c00a 	strb.w	ip, [r0, #10]
10004004:	d035      	beq.n	10004072 <pico_get_unique_board_id_string+0x176>
10004006:	f002 020f 	and.w	r2, r2, #15
1000400a:	2a09      	cmp	r2, #9
1000400c:	bf8c      	ite	hi
1000400e:	3237      	addhi	r2, #55	@ 0x37
10004010:	3230      	addls	r2, #48	@ 0x30
10004012:	2b0c      	cmp	r3, #12
10004014:	72c2      	strb	r2, [r0, #11]
10004016:	d02c      	beq.n	10004072 <pico_get_unique_board_id_string+0x176>
10004018:	798a      	ldrb	r2, [r1, #6]
1000401a:	ea4f 1c12 	mov.w	ip, r2, lsr #4
1000401e:	2a9f      	cmp	r2, #159	@ 0x9f
10004020:	bf8c      	ite	hi
10004022:	f10c 0c37 	addhi.w	ip, ip, #55	@ 0x37
10004026:	f10c 0c30 	addls.w	ip, ip, #48	@ 0x30
1000402a:	2b0d      	cmp	r3, #13
1000402c:	f880 c00c 	strb.w	ip, [r0, #12]
10004030:	d01f      	beq.n	10004072 <pico_get_unique_board_id_string+0x176>
10004032:	f002 020f 	and.w	r2, r2, #15
10004036:	2a09      	cmp	r2, #9
10004038:	bf8c      	ite	hi
1000403a:	3237      	addhi	r2, #55	@ 0x37
1000403c:	3230      	addls	r2, #48	@ 0x30
1000403e:	2b0e      	cmp	r3, #14
10004040:	7342      	strb	r2, [r0, #13]
10004042:	d016      	beq.n	10004072 <pico_get_unique_board_id_string+0x176>
10004044:	79ca      	ldrb	r2, [r1, #7]
10004046:	0911      	lsrs	r1, r2, #4
10004048:	2a9f      	cmp	r2, #159	@ 0x9f
1000404a:	bf8c      	ite	hi
1000404c:	3137      	addhi	r1, #55	@ 0x37
1000404e:	3130      	addls	r1, #48	@ 0x30
10004050:	2b0f      	cmp	r3, #15
10004052:	7381      	strb	r1, [r0, #14]
10004054:	d00d      	beq.n	10004072 <pico_get_unique_board_id_string+0x176>
10004056:	f002 020f 	and.w	r2, r2, #15
1000405a:	2a09      	cmp	r2, #9
1000405c:	bf94      	ite	ls
1000405e:	3230      	addls	r2, #48	@ 0x30
10004060:	3237      	addhi	r2, #55	@ 0x37
10004062:	2b10      	cmp	r3, #16
10004064:	73c2      	strb	r2, [r0, #15]
10004066:	bf18      	it	ne
10004068:	3010      	addne	r0, #16
1000406a:	d002      	beq.n	10004072 <pico_get_unique_board_id_string+0x176>
1000406c:	2300      	movs	r3, #0
1000406e:	7003      	strb	r3, [r0, #0]
10004070:	4770      	bx	lr
10004072:	4418      	add	r0, r3
10004074:	2300      	movs	r3, #0
10004076:	7003      	strb	r3, [r0, #0]
10004078:	4770      	bx	lr
1000407a:	bf00      	nop
1000407c:	20001edc 	.word	0x20001edc

10004080 <usb_reset_interface_init>:
10004080:	4770      	bx	lr
10004082:	bf00      	nop

10004084 <usb_reset_interface_reset>:
10004084:	2200      	movs	r2, #0
10004086:	4b01      	ldr	r3, [pc, #4]	@ (1000408c <usb_reset_interface_reset+0x8>)
10004088:	701a      	strb	r2, [r3, #0]
1000408a:	4770      	bx	lr
1000408c:	20001f01 	.word	0x20001f01

10004090 <usb_reset_interface_open>:
10004090:	794b      	ldrb	r3, [r1, #5]
10004092:	2bff      	cmp	r3, #255	@ 0xff
10004094:	d10b      	bne.n	100040ae <usb_reset_interface_open+0x1e>
10004096:	7988      	ldrb	r0, [r1, #6]
10004098:	b948      	cbnz	r0, 100040ae <usb_reset_interface_open+0x1e>
1000409a:	79cb      	ldrb	r3, [r1, #7]
1000409c:	2b01      	cmp	r3, #1
1000409e:	d107      	bne.n	100040b0 <usb_reset_interface_open+0x20>
100040a0:	2a08      	cmp	r2, #8
100040a2:	d905      	bls.n	100040b0 <usb_reset_interface_open+0x20>
100040a4:	4b03      	ldr	r3, [pc, #12]	@ (100040b4 <usb_reset_interface_open+0x24>)
100040a6:	788a      	ldrb	r2, [r1, #2]
100040a8:	2009      	movs	r0, #9
100040aa:	701a      	strb	r2, [r3, #0]
100040ac:	4770      	bx	lr
100040ae:	2000      	movs	r0, #0
100040b0:	4770      	bx	lr
100040b2:	bf00      	nop
100040b4:	20001f01 	.word	0x20001f01

100040b8 <usb_reset_interface_xfer_cb>:
100040b8:	2001      	movs	r0, #1
100040ba:	4770      	bx	lr

100040bc <usb_reset_interface_control_xfer_cb>:
100040bc:	2901      	cmp	r1, #1
100040be:	d001      	beq.n	100040c4 <usb_reset_interface_control_xfer_cb+0x8>
100040c0:	2001      	movs	r0, #1
100040c2:	4770      	bx	lr
100040c4:	b508      	push	{r3, lr}
100040c6:	4b10      	ldr	r3, [pc, #64]	@ (10004108 <usb_reset_interface_control_xfer_cb+0x4c>)
100040c8:	8891      	ldrh	r1, [r2, #4]
100040ca:	781b      	ldrb	r3, [r3, #0]
100040cc:	4299      	cmp	r1, r3
100040ce:	d001      	beq.n	100040d4 <usb_reset_interface_control_xfer_cb+0x18>
100040d0:	2000      	movs	r0, #0
100040d2:	bd08      	pop	{r3, pc}
100040d4:	7853      	ldrb	r3, [r2, #1]
100040d6:	2b01      	cmp	r3, #1
100040d8:	d008      	beq.n	100040ec <usb_reset_interface_control_xfer_cb+0x30>
100040da:	2b02      	cmp	r3, #2
100040dc:	d1f8      	bne.n	100040d0 <usb_reset_interface_control_xfer_cb+0x14>
100040de:	2100      	movs	r1, #0
100040e0:	2264      	movs	r2, #100	@ 0x64
100040e2:	4608      	mov	r0, r1
100040e4:	f7fd fb92 	bl	1000180c <watchdog_reboot>
100040e8:	2001      	movs	r0, #1
100040ea:	bd08      	pop	{r3, pc}
100040ec:	8851      	ldrh	r1, [r2, #2]
100040ee:	f411 7280 	ands.w	r2, r1, #256	@ 0x100
100040f2:	bf1a      	itte	ne
100040f4:	f3c1 12c0 	ubfxne	r2, r1, #7, #1
100040f8:	0a48      	lsrne	r0, r1, #9
100040fa:	f04f 30ff 	moveq.w	r0, #4294967295	@ 0xffffffff
100040fe:	f001 0103 	and.w	r1, r1, #3
10004102:	f7fd fc0b 	bl	1000191c <rom_reset_usb_boot_extra>
10004106:	bf00      	nop
10004108:	20001f01 	.word	0x20001f01

1000410c <tud_descriptor_bos_cb>:
1000410c:	4800      	ldr	r0, [pc, #0]	@ (10004110 <tud_descriptor_bos_cb+0x4>)
1000410e:	4770      	bx	lr
10004110:	10006310 	.word	0x10006310

10004114 <tud_vendor_control_xfer_cb>:
10004114:	2901      	cmp	r1, #1
10004116:	d107      	bne.n	10004128 <tud_vendor_control_xfer_cb+0x14>
10004118:	7853      	ldrb	r3, [r2, #1]
1000411a:	2b01      	cmp	r3, #1
1000411c:	d102      	bne.n	10004124 <tud_vendor_control_xfer_cb+0x10>
1000411e:	8893      	ldrh	r3, [r2, #4]
10004120:	2b07      	cmp	r3, #7
10004122:	d003      	beq.n	1000412c <tud_vendor_control_xfer_cb+0x18>
10004124:	2000      	movs	r0, #0
10004126:	4770      	bx	lr
10004128:	2001      	movs	r0, #1
1000412a:	4770      	bx	lr
1000412c:	4611      	mov	r1, r2
1000412e:	23a6      	movs	r3, #166	@ 0xa6
10004130:	4a01      	ldr	r2, [pc, #4]	@ (10004138 <tud_vendor_control_xfer_cb+0x24>)
10004132:	f000 beff 	b.w	10004f34 <tud_control_xfer>
10004136:	bf00      	nop
10004138:	10006268 	.word	0x10006268

1000413c <usbd_app_driver_get_cb>:
1000413c:	4603      	mov	r3, r0
1000413e:	2201      	movs	r2, #1
10004140:	4801      	ldr	r0, [pc, #4]	@ (10004148 <usbd_app_driver_get_cb+0xc>)
10004142:	701a      	strb	r2, [r3, #0]
10004144:	4770      	bx	lr
10004146:	bf00      	nop
10004148:	10006334 	.word	0x10006334

1000414c <tud_cdc_line_coding_cb>:
1000414c:	b508      	push	{r3, lr}
1000414e:	680b      	ldr	r3, [r1, #0]
10004150:	f5b3 6f96 	cmp.w	r3, #1200	@ 0x4b0
10004154:	d000      	beq.n	10004158 <tud_cdc_line_coding_cb+0xc>
10004156:	bd08      	pop	{r3, pc}
10004158:	2200      	movs	r2, #0
1000415a:	f04f 30ff 	mov.w	r0, #4294967295	@ 0xffffffff
1000415e:	4611      	mov	r1, r2
10004160:	f7fd fbdc 	bl	1000191c <rom_reset_usb_boot_extra>

10004164 <dcd_init>:
10004164:	b570      	push	{r4, r5, r6, lr}
10004166:	f000 f92d 	bl	100043c4 <rp2040_usb_init>
1000416a:	230c      	movs	r3, #12
1000416c:	2640      	movs	r6, #64	@ 0x40
1000416e:	4c1b      	ldr	r4, [pc, #108]	@ (100041dc <dcd_init+0x78>)
10004170:	22ff      	movs	r2, #255	@ 0xff
10004172:	67a3      	str	r3, [r4, #120]	@ 0x78
10004174:	200e      	movs	r0, #14
10004176:	491a      	ldr	r1, [pc, #104]	@ (100041e0 <dcd_init+0x7c>)
10004178:	f7fc fbc8 	bl	1000090c <irq_add_shared_handler>
1000417c:	4b19      	ldr	r3, [pc, #100]	@ (100041e4 <dcd_init+0x80>)
1000417e:	4632      	mov	r2, r6
10004180:	2100      	movs	r1, #0
10004182:	4618      	mov	r0, r3
10004184:	f001 fdaa 	bl	10005cdc <memset>
10004188:	4603      	mov	r3, r0
1000418a:	2100      	movs	r1, #0
1000418c:	2501      	movs	r5, #1
1000418e:	2080      	movs	r0, #128	@ 0x80
10004190:	4a15      	ldr	r2, [pc, #84]	@ (100041e8 <dcd_init+0x84>)
10004192:	8458      	strh	r0, [r3, #34]	@ 0x22
10004194:	609a      	str	r2, [r3, #8]
10004196:	3a84      	subs	r2, #132	@ 0x84
10004198:	705d      	strb	r5, [r3, #1]
1000419a:	831e      	strh	r6, [r3, #24]
1000419c:	871e      	strh	r6, [r3, #56]	@ 0x38
1000419e:	6059      	str	r1, [r3, #4]
100041a0:	f8c2 1084 	str.w	r1, [r2, #132]	@ 0x84
100041a4:	f8c2 1080 	str.w	r1, [r2, #128]	@ 0x80
100041a8:	f502 7280 	add.w	r2, r2, #256	@ 0x100
100041ac:	60da      	str	r2, [r3, #12]
100041ae:	62da      	str	r2, [r3, #44]	@ 0x2c
100041b0:	3a80      	subs	r2, #128	@ 0x80
100041b2:	f883 1021 	strb.w	r1, [r3, #33]	@ 0x21
100041b6:	f883 103b 	strb.w	r1, [r3, #59]	@ 0x3b
100041ba:	6259      	str	r1, [r3, #36]	@ 0x24
100041bc:	629a      	str	r2, [r3, #40]	@ 0x28
100041be:	f04f 5600 	mov.w	r6, #536870912	@ 0x20000000
100041c2:	f001 fe9d 	bl	10005f00 <__reset_non_control_endpoints_veneer>
100041c6:	f44f 3280 	mov.w	r2, #65536	@ 0x10000
100041ca:	4908      	ldr	r1, [pc, #32]	@ (100041ec <dcd_init+0x88>)
100041cc:	4b08      	ldr	r3, [pc, #32]	@ (100041f0 <dcd_init+0x8c>)
100041ce:	6425      	str	r5, [r4, #64]	@ 0x40
100041d0:	4628      	mov	r0, r5
100041d2:	64e6      	str	r6, [r4, #76]	@ 0x4c
100041d4:	f8c4 1090 	str.w	r1, [r4, #144]	@ 0x90
100041d8:	64da      	str	r2, [r3, #76]	@ 0x4c
100041da:	bd70      	pop	{r4, r5, r6, pc}
100041dc:	50110000 	.word	0x50110000
100041e0:	200003dd 	.word	0x200003dd
100041e4:	20001aa0 	.word	0x20001aa0
100041e8:	50100084 	.word	0x50100084
100041ec:	0001d010 	.word	0x0001d010
100041f0:	50112000 	.word	0x50112000

100041f4 <dcd_int_enable>:
100041f4:	2101      	movs	r1, #1
100041f6:	200e      	movs	r0, #14
100041f8:	f7fc bb18 	b.w	1000082c <irq_set_enabled>

100041fc <dcd_set_address>:
100041fc:	2200      	movs	r2, #0
100041fe:	4802      	ldr	r0, [pc, #8]	@ (10004208 <dcd_set_address+0xc>)
10004200:	4611      	mov	r1, r2
10004202:	f000 b8ff 	b.w	10004404 <hw_endpoint_xfer_start>
10004206:	bf00      	nop
10004208:	20001ac0 	.word	0x20001ac0

1000420c <dcd_sof_enable>:
1000420c:	4b04      	ldr	r3, [pc, #16]	@ (10004220 <dcd_sof_enable+0x14>)
1000420e:	7019      	strb	r1, [r3, #0]
10004210:	b121      	cbz	r1, 1000421c <dcd_sof_enable+0x10>
10004212:	f44f 3200 	mov.w	r2, #131072	@ 0x20000
10004216:	4b03      	ldr	r3, [pc, #12]	@ (10004224 <dcd_sof_enable+0x18>)
10004218:	f8c3 2090 	str.w	r2, [r3, #144]	@ 0x90
1000421c:	4770      	bx	lr
1000421e:	bf00      	nop
10004220:	20001efe 	.word	0x20001efe
10004224:	50112000 	.word	0x50112000

10004228 <dcd_edpt0_status_complete>:
10004228:	780b      	ldrb	r3, [r1, #0]
1000422a:	065b      	lsls	r3, r3, #25
1000422c:	d102      	bne.n	10004234 <dcd_edpt0_status_complete+0xc>
1000422e:	784b      	ldrb	r3, [r1, #1]
10004230:	2b05      	cmp	r3, #5
10004232:	d000      	beq.n	10004236 <dcd_edpt0_status_complete+0xe>
10004234:	4770      	bx	lr
10004236:	884b      	ldrh	r3, [r1, #2]
10004238:	4a01      	ldr	r2, [pc, #4]	@ (10004240 <dcd_edpt0_status_complete+0x18>)
1000423a:	b2db      	uxtb	r3, r3
1000423c:	6013      	str	r3, [r2, #0]
1000423e:	4770      	bx	lr
10004240:	50110000 	.word	0x50110000

10004244 <dcd_edpt_open>:
10004244:	78cb      	ldrb	r3, [r1, #3]
10004246:	e92d 41f0 	stmdb	sp!, {r4, r5, r6, r7, r8, lr}
1000424a:	f003 0e03 	and.w	lr, r3, #3
1000424e:	f1be 0f01 	cmp.w	lr, #1
10004252:	f3c3 0001 	ubfx	r0, r3, #0, #2
10004256:	d059      	beq.n	1000430c <dcd_edpt_open+0xc8>
10004258:	2700      	movs	r7, #0
1000425a:	f891 c002 	ldrb.w	ip, [r1, #2]
1000425e:	4c32      	ldr	r4, [pc, #200]	@ (10004328 <dcd_edpt_open+0xe4>)
10004260:	f00c 037f 	and.w	r3, ip, #127	@ 0x7f
10004264:	005e      	lsls	r6, r3, #1
10004266:	8889      	ldrh	r1, [r1, #4]
10004268:	eb06 12dc 	add.w	r2, r6, ip, lsr #7
1000426c:	eb04 1242 	add.w	r2, r4, r2, lsl #5
10004270:	ea4f 15dc 	mov.w	r5, ip, lsr #7
10004274:	76d0      	strb	r0, [r2, #27]
10004276:	f3c1 010a 	ubfx	r1, r1, #0, #11
1000427a:	f085 0001 	eor.w	r0, r5, #1
1000427e:	7050      	strb	r0, [r2, #1]
10004280:	f882 c002 	strb.w	ip, [r2, #2]
10004284:	8311      	strh	r1, [r2, #24]
10004286:	70d7      	strb	r7, [r2, #3]
10004288:	b218      	sxth	r0, r3
1000428a:	00da      	lsls	r2, r3, #3
1000428c:	bb6d      	cbnz	r5, 100042ea <dcd_edpt_open+0xa6>
1000428e:	4827      	ldr	r0, [pc, #156]	@ (1000432c <dcd_edpt_open+0xe8>)
10004290:	3204      	adds	r2, #4
10004292:	eb04 1c83 	add.w	ip, r4, r3, lsl #6
10004296:	eb02 0800 	add.w	r8, r2, r0
1000429a:	f8cc 8008 	str.w	r8, [ip, #8]
1000429e:	5017      	str	r7, [r2, r0]
100042a0:	b36b      	cbz	r3, 100042fe <dcd_edpt_open+0xba>
100042a2:	4a23      	ldr	r2, [pc, #140]	@ (10004330 <dcd_edpt_open+0xec>)
100042a4:	00db      	lsls	r3, r3, #3
100042a6:	441a      	add	r2, r3
100042a8:	f8cc 2004 	str.w	r2, [ip, #4]
100042ac:	4a21      	ldr	r2, [pc, #132]	@ (10004334 <dcd_edpt_open+0xf0>)
100042ae:	313f      	adds	r1, #63	@ 0x3f
100042b0:	6813      	ldr	r3, [r2, #0]
100042b2:	f021 013f 	bic.w	r1, r1, #63	@ 0x3f
100042b6:	f1be 0f02 	cmp.w	lr, #2
100042ba:	bf08      	it	eq
100042bc:	0049      	lsleq	r1, r1, #1
100042be:	481e      	ldr	r0, [pc, #120]	@ (10004338 <dcd_edpt_open+0xf4>)
100042c0:	4419      	add	r1, r3
100042c2:	442e      	add	r6, r5
100042c4:	eb04 1446 	add.w	r4, r4, r6, lsl #5
100042c8:	4281      	cmp	r1, r0
100042ca:	6011      	str	r1, [r2, #0]
100042cc:	60e3      	str	r3, [r4, #12]
100042ce:	d828      	bhi.n	10004322 <dcd_edpt_open+0xde>
100042d0:	f083 43a0 	eor.w	r3, r3, #1342177280	@ 0x50000000
100042d4:	f483 1380 	eor.w	r3, r3, #1048576	@ 0x100000
100042d8:	6862      	ldr	r2, [r4, #4]
100042da:	ea43 638e 	orr.w	r3, r3, lr, lsl #26
100042de:	f043 4300 	orr.w	r3, r3, #2147483648	@ 0x80000000
100042e2:	6013      	str	r3, [r2, #0]
100042e4:	2001      	movs	r0, #1
100042e6:	e8bd 81f0 	ldmia.w	sp!, {r4, r5, r6, r7, r8, pc}
100042ea:	f8df c040 	ldr.w	ip, [pc, #64]	@ 1000432c <dcd_edpt_open+0xe8>
100042ee:	eb04 1883 	add.w	r8, r4, r3, lsl #6
100042f2:	4462      	add	r2, ip
100042f4:	f8c8 2028 	str.w	r2, [r8, #40]	@ 0x28
100042f8:	f84c 7030 	str.w	r7, [ip, r0, lsl #3]
100042fc:	b94b      	cbnz	r3, 10004312 <dcd_edpt_open+0xce>
100042fe:	2300      	movs	r3, #0
10004300:	4a0e      	ldr	r2, [pc, #56]	@ (1000433c <dcd_edpt_open+0xf8>)
10004302:	eb04 1445 	add.w	r4, r4, r5, lsl #5
10004306:	60e2      	str	r2, [r4, #12]
10004308:	6063      	str	r3, [r4, #4]
1000430a:	e7eb      	b.n	100042e4 <dcd_edpt_open+0xa0>
1000430c:	2000      	movs	r0, #0
1000430e:	e8bd 81f0 	ldmia.w	sp!, {r4, r5, r6, r7, r8, pc}
10004312:	00db      	lsls	r3, r3, #3
10004314:	f103 43a0 	add.w	r3, r3, #1342177280	@ 0x50000000
10004318:	f503 1380 	add.w	r3, r3, #1048576	@ 0x100000
1000431c:	f8c8 3024 	str.w	r3, [r8, #36]	@ 0x24
10004320:	e7c4      	b.n	100042ac <dcd_edpt_open+0x68>
10004322:	f7fd fb45 	bl	100019b0 <hard_assertion_failure>
10004326:	bf00      	nop
10004328:	20001aa0 	.word	0x20001aa0
1000432c:	50100080 	.word	0x50100080
10004330:	50100004 	.word	0x50100004
10004334:	20001ea8 	.word	0x20001ea8
10004338:	50100fff 	.word	0x50100fff
1000433c:	50100100 	.word	0x50100100

10004340 <dcd_edpt_close_all>:
10004340:	f001 bdde 	b.w	10005f00 <__reset_non_control_endpoints_veneer>

10004344 <dcd_edpt_xfer>:
10004344:	468c      	mov	ip, r1
10004346:	b508      	push	{r3, lr}
10004348:	4611      	mov	r1, r2
1000434a:	4807      	ldr	r0, [pc, #28]	@ (10004368 <dcd_edpt_xfer+0x24>)
1000434c:	461a      	mov	r2, r3
1000434e:	f00c 037f 	and.w	r3, ip, #127	@ 0x7f
10004352:	ea4f 1cdc 	mov.w	ip, ip, lsr #7
10004356:	eb0c 0c43 	add.w	ip, ip, r3, lsl #1
1000435a:	eb00 104c 	add.w	r0, r0, ip, lsl #5
1000435e:	f000 f851 	bl	10004404 <hw_endpoint_xfer_start>
10004362:	2001      	movs	r0, #1
10004364:	bd08      	pop	{r3, pc}
10004366:	bf00      	nop
10004368:	20001aa0 	.word	0x20001aa0

1000436c <dcd_edpt_stall>:
1000436c:	09cb      	lsrs	r3, r1, #7
1000436e:	f011 017f 	ands.w	r1, r1, #127	@ 0x7f
10004372:	d103      	bne.n	1000437c <dcd_edpt_stall+0x10>
10004374:	4a06      	ldr	r2, [pc, #24]	@ (10004390 <dcd_edpt_stall+0x24>)
10004376:	f1c3 0002 	rsb	r0, r3, #2
1000437a:	6690      	str	r0, [r2, #104]	@ 0x68
1000437c:	4805      	ldr	r0, [pc, #20]	@ (10004394 <dcd_edpt_stall+0x28>)
1000437e:	eb03 0341 	add.w	r3, r3, r1, lsl #1
10004382:	f44f 6200 	mov.w	r2, #2048	@ 0x800
10004386:	2100      	movs	r1, #0
10004388:	eb00 1043 	add.w	r0, r0, r3, lsl #5
1000438c:	f001 bdac 	b.w	10005ee8 <___hw_endpoint_buffer_control_update32_veneer>
10004390:	50112000 	.word	0x50112000
10004394:	20001aa0 	.word	0x20001aa0

10004398 <dcd_edpt_clear_stall>:
10004398:	f011 037f 	ands.w	r3, r1, #127	@ 0x7f
1000439c:	d100      	bne.n	100043a0 <dcd_edpt_clear_stall+0x8>
1000439e:	4770      	bx	lr
100043a0:	2200      	movs	r2, #0
100043a2:	b410      	push	{r4}
100043a4:	09c8      	lsrs	r0, r1, #7
100043a6:	4c06      	ldr	r4, [pc, #24]	@ (100043c0 <dcd_edpt_clear_stall+0x28>)
100043a8:	eb00 0043 	add.w	r0, r0, r3, lsl #1
100043ac:	eb04 1340 	add.w	r3, r4, r0, lsl #5
100043b0:	f46f 6100 	mvn.w	r1, #2048	@ 0x800
100043b4:	4618      	mov	r0, r3
100043b6:	f85d 4b04 	ldr.w	r4, [sp], #4
100043ba:	70da      	strb	r2, [r3, #3]
100043bc:	f001 bd94 	b.w	10005ee8 <___hw_endpoint_buffer_control_update32_veneer>
100043c0:	20001aa0 	.word	0x20001aa0

100043c4 <rp2040_usb_init>:
100043c4:	f04f 5280 	mov.w	r2, #268435456	@ 0x10000000
100043c8:	4809      	ldr	r0, [pc, #36]	@ (100043f0 <rp2040_usb_init+0x2c>)
100043ca:	490a      	ldr	r1, [pc, #40]	@ (100043f4 <rp2040_usb_init+0x30>)
100043cc:	b508      	push	{r3, lr}
100043ce:	4b0a      	ldr	r3, [pc, #40]	@ (100043f8 <rp2040_usb_init+0x34>)
100043d0:	6002      	str	r2, [r0, #0]
100043d2:	600a      	str	r2, [r1, #0]
100043d4:	6899      	ldr	r1, [r3, #8]
100043d6:	43c9      	mvns	r1, r1
100043d8:	f011 5180 	ands.w	r1, r1, #268435456	@ 0x10000000
100043dc:	d1fa      	bne.n	100043d4 <rp2040_usb_init+0x10>
100043de:	f44f 5280 	mov.w	r2, #4096	@ 0x1000
100043e2:	4806      	ldr	r0, [pc, #24]	@ (100043fc <rp2040_usb_init+0x38>)
100043e4:	f001 fc7a 	bl	10005cdc <memset>
100043e8:	2209      	movs	r2, #9
100043ea:	4b05      	ldr	r3, [pc, #20]	@ (10004400 <rp2040_usb_init+0x3c>)
100043ec:	675a      	str	r2, [r3, #116]	@ 0x74
100043ee:	bd08      	pop	{r3, pc}
100043f0:	40022000 	.word	0x40022000
100043f4:	40023000 	.word	0x40023000
100043f8:	40020000 	.word	0x40020000
100043fc:	50100000 	.word	0x50100000
10004400:	50110000 	.word	0x50110000

10004404 <hw_endpoint_xfer_start>:
10004404:	2300      	movs	r3, #0
10004406:	f04f 0c01 	mov.w	ip, #1
1000440a:	b510      	push	{r4, lr}
1000440c:	f880 c01a 	strb.w	ip, [r0, #26]
10004410:	8282      	strh	r2, [r0, #20]
10004412:	82c3      	strh	r3, [r0, #22]
10004414:	6101      	str	r1, [r0, #16]
10004416:	4604      	mov	r4, r0
10004418:	f001 fd7e 	bl	10005f18 <__e15_is_bulkin_ep_veneer>
1000441c:	b120      	cbz	r0, 10004428 <hw_endpoint_xfer_start+0x24>
1000441e:	f44f 3200 	mov.w	r2, #131072	@ 0x20000
10004422:	4b07      	ldr	r3, [pc, #28]	@ (10004440 <hw_endpoint_xfer_start+0x3c>)
10004424:	f8c3 2090 	str.w	r2, [r3, #144]	@ 0x90
10004428:	4620      	mov	r0, r4
1000442a:	f001 fd51 	bl	10005ed0 <__e15_is_critical_frame_period_veneer>
1000442e:	b110      	cbz	r0, 10004436 <hw_endpoint_xfer_start+0x32>
10004430:	2301      	movs	r3, #1
10004432:	7723      	strb	r3, [r4, #28]
10004434:	bd10      	pop	{r4, pc}
10004436:	4620      	mov	r0, r4
10004438:	e8bd 4010 	ldmia.w	sp!, {r4, lr}
1000443c:	f001 bd5c 	b.w	10005ef8 <__hw_endpoint_start_next_buffer_veneer>
10004440:	50112000 	.word	0x50112000

10004444 <configuration_reset>:
10004444:	e92d 41f0 	stmdb	sp!, {r4, r5, r6, r7, r8, lr}
10004448:	f04f 0800 	mov.w	r8, #0
1000444c:	4d1c      	ldr	r5, [pc, #112]	@ (100044c0 <configuration_reset+0x7c>)
1000444e:	4604      	mov	r4, r0
10004450:	4642      	mov	r2, r8
10004452:	782b      	ldrb	r3, [r5, #0]
10004454:	4f1b      	ldr	r7, [pc, #108]	@ (100044c4 <configuration_reset+0x80>)
10004456:	4e1c      	ldr	r6, [pc, #112]	@ (100044c8 <configuration_reset+0x84>)
10004458:	e00d      	b.n	10004476 <configuration_reset+0x32>
1000445a:	6833      	ldr	r3, [r6, #0]
1000445c:	eb13 1342 	adds.w	r3, r3, r2, lsl #5
10004460:	d025      	beq.n	100044ae <configuration_reset+0x6a>
10004462:	68db      	ldr	r3, [r3, #12]
10004464:	4620      	mov	r0, r4
10004466:	4798      	blx	r3
10004468:	f108 0801 	add.w	r8, r8, #1
1000446c:	782b      	ldrb	r3, [r5, #0]
1000446e:	fa5f f288 	uxtb.w	r2, r8
10004472:	4293      	cmp	r3, r2
10004474:	d306      	bcc.n	10004484 <configuration_reset+0x40>
10004476:	4293      	cmp	r3, r2
10004478:	eba2 0303 	sub.w	r3, r2, r3
1000447c:	d8ed      	bhi.n	1000445a <configuration_reset+0x16>
1000447e:	eb07 1343 	add.w	r3, r7, r3, lsl #5
10004482:	e7ee      	b.n	10004462 <configuration_reset+0x1e>
10004484:	4c11      	ldr	r4, [pc, #68]	@ (100044cc <configuration_reset+0x88>)
10004486:	2254      	movs	r2, #84	@ 0x54
10004488:	2100      	movs	r1, #0
1000448a:	4620      	mov	r0, r4
1000448c:	f001 fc26 	bl	10005cdc <memset>
10004490:	f04f 33ff 	mov.w	r3, #4294967295	@ 0xffffffff
10004494:	1d25      	adds	r5, r4, #4
10004496:	6063      	str	r3, [r4, #4]
10004498:	e9c5 3301 	strd	r3, r3, [r5, #4]
1000449c:	60eb      	str	r3, [r5, #12]
1000449e:	f104 0014 	add.w	r0, r4, #20
100044a2:	2220      	movs	r2, #32
100044a4:	e8bd 41f0 	ldmia.w	sp!, {r4, r5, r6, r7, r8, lr}
100044a8:	21ff      	movs	r1, #255	@ 0xff
100044aa:	f001 bc17 	b.w	10005cdc <memset>
100044ae:	f04f 23e0 	mov.w	r3, #3758153728	@ 0xe000e000
100044b2:	f8d3 3df0 	ldr.w	r3, [r3, #3568]	@ 0xdf0
100044b6:	07db      	lsls	r3, r3, #31
100044b8:	d500      	bpl.n	100044bc <configuration_reset+0x78>
100044ba:	be00      	bkpt	0x0000
100044bc:	e8bd 81f0 	ldmia.w	sp!, {r4, r5, r6, r7, r8, pc}
100044c0:	20001efd 	.word	0x20001efd
100044c4:	10006354 	.word	0x10006354
100044c8:	20001808 	.word	0x20001808
100044cc:	20001910 	.word	0x20001910

100044d0 <tud_event_hook_cb>:
100044d0:	4770      	bx	lr
100044d2:	bf00      	nop

100044d4 <tud_sof_cb>:
100044d4:	4770      	bx	lr
100044d6:	bf00      	nop

100044d8 <tud_descriptor_device_qualifier_cb>:
100044d8:	2000      	movs	r0, #0
100044da:	4770      	bx	lr

100044dc <tud_descriptor_other_speed_configuration_cb>:
100044dc:	2000      	movs	r0, #0
100044de:	4770      	bx	lr

100044e0 <tud_mount_cb>:
100044e0:	4770      	bx	lr
100044e2:	bf00      	nop

100044e4 <tud_umount_cb>:
100044e4:	4770      	bx	lr
100044e6:	bf00      	nop

100044e8 <tud_suspend_cb>:
100044e8:	4770      	bx	lr
100044ea:	bf00      	nop

100044ec <tud_resume_cb>:
100044ec:	4770      	bx	lr
100044ee:	bf00      	nop

100044f0 <tud_mounted>:
100044f0:	4b02      	ldr	r3, [pc, #8]	@ (100044fc <tud_mounted+0xc>)
100044f2:	7858      	ldrb	r0, [r3, #1]
100044f4:	3800      	subs	r0, #0
100044f6:	bf18      	it	ne
100044f8:	2001      	movne	r0, #1
100044fa:	4770      	bx	lr
100044fc:	20001910 	.word	0x20001910

10004500 <tud_suspended>:
10004500:	4b02      	ldr	r3, [pc, #8]	@ (1000450c <tud_suspended+0xc>)
10004502:	7818      	ldrb	r0, [r3, #0]
10004504:	f3c0 0080 	ubfx	r0, r0, #2, #1
10004508:	4770      	bx	lr
1000450a:	bf00      	nop
1000450c:	20001910 	.word	0x20001910

10004510 <tud_rhport_init>:
10004510:	e92d 47f0 	stmdb	sp!, {r4, r5, r6, r7, r8, r9, sl, lr}
10004514:	f8df 90e8 	ldr.w	r9, [pc, #232]	@ 10004600 <tud_rhport_init+0xf0>
10004518:	f899 3000 	ldrb.w	r3, [r9]
1000451c:	2bff      	cmp	r3, #255	@ 0xff
1000451e:	d002      	beq.n	10004526 <tud_rhport_init+0x16>
10004520:	2001      	movs	r0, #1
10004522:	e8bd 87f0 	ldmia.w	sp!, {r4, r5, r6, r7, r8, r9, sl, pc}
10004526:	460d      	mov	r5, r1
10004528:	2900      	cmp	r1, #0
1000452a:	d03d      	beq.n	100045a8 <tud_rhport_init+0x98>
1000452c:	2100      	movs	r1, #0
1000452e:	2254      	movs	r2, #84	@ 0x54
10004530:	4606      	mov	r6, r0
10004532:	4829      	ldr	r0, [pc, #164]	@ (100045d8 <tud_rhport_init+0xc8>)
10004534:	f001 fbd2 	bl	10005cdc <memset>
10004538:	2200      	movs	r2, #0
1000453a:	4c28      	ldr	r4, [pc, #160]	@ (100045dc <tud_rhport_init+0xcc>)
1000453c:	4b28      	ldr	r3, [pc, #160]	@ (100045e0 <tud_rhport_init+0xd0>)
1000453e:	4620      	mov	r0, r4
10004540:	701a      	strb	r2, [r3, #0]
10004542:	f7fc fc67 	bl	10000e14 <mutex_init>
10004546:	4b27      	ldr	r3, [pc, #156]	@ (100045e4 <tud_rhport_init+0xd4>)
10004548:	4827      	ldr	r0, [pc, #156]	@ (100045e8 <tud_rhport_init+0xd8>)
1000454a:	601c      	str	r4, [r3, #0]
1000454c:	4c27      	ldr	r4, [pc, #156]	@ (100045ec <tud_rhport_init+0xdc>)
1000454e:	f7fc fc6f 	bl	10000e30 <critical_section_init>
10004552:	4620      	mov	r0, r4
10004554:	f001 fb88 	bl	10005c68 <tu_fifo_clear>
10004558:	4a25      	ldr	r2, [pc, #148]	@ (100045f0 <tud_rhport_init+0xe0>)
1000455a:	4b26      	ldr	r3, [pc, #152]	@ (100045f4 <tud_rhport_init+0xe4>)
1000455c:	6014      	str	r4, [r2, #0]
1000455e:	4c26      	ldr	r4, [pc, #152]	@ (100045f8 <tud_rhport_init+0xe8>)
10004560:	b35b      	cbz	r3, 100045ba <tud_rhport_init+0xaa>
10004562:	4620      	mov	r0, r4
10004564:	f7ff fdea 	bl	1000413c <usbd_app_driver_get_cb>
10004568:	4b24      	ldr	r3, [pc, #144]	@ (100045fc <tud_rhport_init+0xec>)
1000456a:	7822      	ldrb	r2, [r4, #0]
1000456c:	6018      	str	r0, [r3, #0]
1000456e:	f04f 0a00 	mov.w	sl, #0
10004572:	f8df 8090 	ldr.w	r8, [pc, #144]	@ 10004604 <tud_rhport_init+0xf4>
10004576:	4653      	mov	r3, sl
10004578:	4f20      	ldr	r7, [pc, #128]	@ (100045fc <tud_rhport_init+0xec>)
1000457a:	e00d      	b.n	10004598 <tud_rhport_init+0x88>
1000457c:	683a      	ldr	r2, [r7, #0]
1000457e:	eb12 1343 	adds.w	r3, r2, r3, lsl #5
10004582:	d011      	beq.n	100045a8 <tud_rhport_init+0x98>
10004584:	685b      	ldr	r3, [r3, #4]
10004586:	b17b      	cbz	r3, 100045a8 <tud_rhport_init+0x98>
10004588:	4798      	blx	r3
1000458a:	f10a 0a01 	add.w	sl, sl, #1
1000458e:	7822      	ldrb	r2, [r4, #0]
10004590:	fa5f f38a 	uxtb.w	r3, sl
10004594:	429a      	cmp	r2, r3
10004596:	d312      	bcc.n	100045be <tud_rhport_init+0xae>
10004598:	4293      	cmp	r3, r2
1000459a:	d3ef      	bcc.n	1000457c <tud_rhport_init+0x6c>
1000459c:	1a9b      	subs	r3, r3, r2
1000459e:	eb08 1343 	add.w	r3, r8, r3, lsl #5
100045a2:	685b      	ldr	r3, [r3, #4]
100045a4:	2b00      	cmp	r3, #0
100045a6:	d1ef      	bne.n	10004588 <tud_rhport_init+0x78>
100045a8:	f04f 23e0 	mov.w	r3, #3758153728	@ 0xe000e000
100045ac:	f8d3 3df0 	ldr.w	r3, [r3, #3568]	@ 0xdf0
100045b0:	07db      	lsls	r3, r3, #31
100045b2:	d500      	bpl.n	100045b6 <tud_rhport_init+0xa6>
100045b4:	be00      	bkpt	0x0000
100045b6:	2000      	movs	r0, #0
100045b8:	e7b3      	b.n	10004522 <tud_rhport_init+0x12>
100045ba:	7822      	ldrb	r2, [r4, #0]
100045bc:	e7d7      	b.n	1000456e <tud_rhport_init+0x5e>
100045be:	4629      	mov	r1, r5
100045c0:	4630      	mov	r0, r6
100045c2:	f889 6000 	strb.w	r6, [r9]
100045c6:	f7ff fdcd 	bl	10004164 <dcd_init>
100045ca:	2800      	cmp	r0, #0
100045cc:	d0ec      	beq.n	100045a8 <tud_rhport_init+0x98>
100045ce:	4630      	mov	r0, r6
100045d0:	f7ff fe10 	bl	100041f4 <dcd_int_enable>
100045d4:	e7a4      	b.n	10004520 <tud_rhport_init+0x10>
100045d6:	bf00      	nop
100045d8:	20001910 	.word	0x20001910
100045dc:	20001908 	.word	0x20001908
100045e0:	20001eff 	.word	0x20001eff
100045e4:	20001964 	.word	0x20001964
100045e8:	20001580 	.word	0x20001580
100045ec:	2000156c 	.word	0x2000156c
100045f0:	20001968 	.word	0x20001968
100045f4:	1000413d 	.word	0x1000413d
100045f8:	20001efd 	.word	0x20001efd
100045fc:	20001808 	.word	0x20001808
10004600:	20001588 	.word	0x20001588
10004604:	10006354 	.word	0x10006354

10004608 <tud_task_ext>:
10004608:	e92d 4ff0 	stmdb	sp!, {r4, r5, r6, r7, r8, r9, sl, fp, lr}
1000460c:	f8df 92b0 	ldr.w	r9, [pc, #688]	@ 100048c0 <tud_task_ext+0x2b8>
10004610:	b08b      	sub	sp, #44	@ 0x2c
10004612:	f899 3000 	ldrb.w	r3, [r9]
10004616:	2bff      	cmp	r3, #255	@ 0xff
10004618:	f000 80ed 	beq.w	100047f6 <tud_task_ext+0x1ee>
1000461c:	4ca2      	ldr	r4, [pc, #648]	@ (100048a8 <tud_task_ext+0x2a0>)
1000461e:	4da3      	ldr	r5, [pc, #652]	@ (100048ac <tud_task_ext+0x2a4>)
10004620:	f8df a298 	ldr.w	sl, [pc, #664]	@ 100048bc <tud_task_ext+0x2b4>
10004624:	f8df b29c 	ldr.w	fp, [pc, #668]	@ 100048c4 <tud_task_ext+0x2bc>
10004628:	6826      	ldr	r6, [r4, #0]
1000462a:	6973      	ldr	r3, [r6, #20]
1000462c:	f3ef 8210 	mrs	r2, PRIMASK
10004630:	b672      	cpsid	i
10004632:	e8d3 0fcf 	ldaexb	r0, [r3]
10004636:	2101      	movs	r1, #1
10004638:	2800      	cmp	r0, #0
1000463a:	d1fa      	bne.n	10004632 <tud_task_ext+0x2a>
1000463c:	e8c3 1f40 	strexb	r0, r1, [r3]
10004640:	2800      	cmp	r0, #0
10004642:	d1f6      	bne.n	10004632 <tud_task_ext+0x2a>
10004644:	f3bf 8f5f 	dmb	sy
10004648:	61b2      	str	r2, [r6, #24]
1000464a:	4630      	mov	r0, r6
1000464c:	a907      	add	r1, sp, #28
1000464e:	f001 f959 	bl	10005904 <tu_fifo_read>
10004652:	2300      	movs	r3, #0
10004654:	6972      	ldr	r2, [r6, #20]
10004656:	e8c2 3f8f 	stlb	r3, [r2]
1000465a:	69b3      	ldr	r3, [r6, #24]
1000465c:	f383 8810 	msr	PRIMASK, r3
10004660:	2800      	cmp	r0, #0
10004662:	f000 80c8 	beq.w	100047f6 <tud_task_ext+0x1ee>
10004666:	f89d 301d 	ldrb.w	r3, [sp, #29]
1000466a:	3b01      	subs	r3, #1
1000466c:	2b07      	cmp	r3, #7
1000466e:	f200 836b 	bhi.w	10004d48 <tud_task_ext+0x740>
10004672:	e8df f003 	tbb	[pc, r3]
10004676:	afa5      	.short	0xafa5
10004678:	358c9b93 	.word	0x358c9b93
1000467c:	040a      	.short	0x040a
1000467e:	9b08      	ldr	r3, [sp, #32]
10004680:	2b00      	cmp	r3, #0
10004682:	d0d1      	beq.n	10004628 <tud_task_ext+0x20>
10004684:	9809      	ldr	r0, [sp, #36]	@ 0x24
10004686:	4798      	blx	r3
10004688:	e7ce      	b.n	10004628 <tud_task_ext+0x20>
1000468a:	f89d 1020 	ldrb.w	r1, [sp, #32]
1000468e:	f001 067f 	and.w	r6, r1, #127	@ 0x7f
10004692:	eb05 0046 	add.w	r0, r5, r6, lsl #1
10004696:	eb00 10d1 	add.w	r0, r0, r1, lsr #7
1000469a:	f890 3034 	ldrb.w	r3, [r0, #52]	@ 0x34
1000469e:	f023 0301 	bic.w	r3, r3, #1
100046a2:	f880 3034 	strb.w	r3, [r0, #52]	@ 0x34
100046a6:	f890 3034 	ldrb.w	r3, [r0, #52]	@ 0x34
100046aa:	f023 0304 	bic.w	r3, r3, #4
100046ae:	f880 3034 	strb.w	r3, [r0, #52]	@ 0x34
100046b2:	2e00      	cmp	r6, #0
100046b4:	f000 80a2 	beq.w	100047fc <tud_task_ext+0x1f4>
100046b8:	7d02      	ldrb	r2, [r0, #20]
100046ba:	f89a 3000 	ldrb.w	r3, [sl]
100046be:	429a      	cmp	r2, r3
100046c0:	f080 8091 	bcs.w	100047e6 <tud_task_ext+0x1de>
100046c4:	4b7a      	ldr	r3, [pc, #488]	@ (100048b0 <tud_task_ext+0x2a8>)
100046c6:	681b      	ldr	r3, [r3, #0]
100046c8:	eb13 1342 	adds.w	r3, r3, r2, lsl #5
100046cc:	f000 808c 	beq.w	100047e8 <tud_task_ext+0x1e0>
100046d0:	699e      	ldr	r6, [r3, #24]
100046d2:	f89d 2021 	ldrb.w	r2, [sp, #33]	@ 0x21
100046d6:	9b09      	ldr	r3, [sp, #36]	@ 0x24
100046d8:	f89d 001c 	ldrb.w	r0, [sp, #28]
100046dc:	47b0      	blx	r6
100046de:	e7a3      	b.n	10004628 <tud_task_ext+0x20>
100046e0:	f89b 3000 	ldrb.w	r3, [fp]
100046e4:	2b00      	cmp	r3, #0
100046e6:	d07f      	beq.n	100047e8 <tud_task_ext+0x1e0>
100046e8:	f89b 3000 	ldrb.w	r3, [fp]
100046ec:	3b01      	subs	r3, #1
100046ee:	b2db      	uxtb	r3, r3
100046f0:	f88b 3000 	strb.w	r3, [fp]
100046f4:	f89b 3000 	ldrb.w	r3, [fp]
100046f8:	f003 00ff 	and.w	r0, r3, #255	@ 0xff
100046fc:	2b00      	cmp	r3, #0
100046fe:	d193      	bne.n	10004628 <tud_task_ext+0x20>
10004700:	4f6a      	ldr	r7, [pc, #424]	@ (100048ac <tud_task_ext+0x2a4>)
10004702:	f89d 801c 	ldrb.w	r8, [sp, #28]
10004706:	783b      	ldrb	r3, [r7, #0]
10004708:	f043 0301 	orr.w	r3, r3, #1
1000470c:	703b      	strb	r3, [r7, #0]
1000470e:	f897 3034 	ldrb.w	r3, [r7, #52]	@ 0x34
10004712:	f360 0300 	bfi	r3, r0, #0, #1
10004716:	f887 3034 	strb.w	r3, [r7, #52]	@ 0x34
1000471a:	f897 3034 	ldrb.w	r3, [r7, #52]	@ 0x34
1000471e:	f360 0382 	bfi	r3, r0, #2, #1
10004722:	f887 3034 	strb.w	r3, [r7, #52]	@ 0x34
10004726:	f897 3035 	ldrb.w	r3, [r7, #53]	@ 0x35
1000472a:	f360 0300 	bfi	r3, r0, #0, #1
1000472e:	f887 3035 	strb.w	r3, [r7, #53]	@ 0x35
10004732:	f897 3035 	ldrb.w	r3, [r7, #53]	@ 0x35
10004736:	f360 0382 	bfi	r3, r0, #2, #1
1000473a:	f887 3035 	strb.w	r3, [r7, #53]	@ 0x35
1000473e:	f000 fc59 	bl	10004ff4 <usbd_control_set_complete_callback>
10004742:	f89d 3020 	ldrb.w	r3, [sp, #32]
10004746:	f003 0260 	and.w	r2, r3, #96	@ 0x60
1000474a:	2a60      	cmp	r2, #96	@ 0x60
1000474c:	d066      	beq.n	1000481c <tud_task_ext+0x214>
1000474e:	2a40      	cmp	r2, #64	@ 0x40
10004750:	d076      	beq.n	10004840 <tud_task_ext+0x238>
10004752:	f003 031f 	and.w	r3, r3, #31
10004756:	2b01      	cmp	r3, #1
10004758:	f000 80b6 	beq.w	100048c8 <tud_task_ext+0x2c0>
1000475c:	2b02      	cmp	r3, #2
1000475e:	d07b      	beq.n	10004858 <tud_task_ext+0x250>
10004760:	2b00      	cmp	r3, #0
10004762:	d15b      	bne.n	1000481c <tud_task_ext+0x214>
10004764:	2a20      	cmp	r2, #32
10004766:	f000 81db 	beq.w	10004b20 <tud_task_ext+0x518>
1000476a:	2a00      	cmp	r2, #0
1000476c:	d156      	bne.n	1000481c <tud_task_ext+0x214>
1000476e:	f89d 3021 	ldrb.w	r3, [sp, #33]	@ 0x21
10004772:	2b09      	cmp	r3, #9
10004774:	d852      	bhi.n	1000481c <tud_task_ext+0x214>
10004776:	e8df f013 	tbh	[pc, r3, lsl #1]
1000477a:	01a2      	.short	0x01a2
1000477c:	00510194 	.word	0x00510194
10004780:	005101b3 	.word	0x005101b3
10004784:	015d0187 	.word	0x015d0187
10004788:	01520051 	.word	0x01520051
1000478c:	00e5      	.short	0x00e5
1000478e:	782b      	ldrb	r3, [r5, #0]
10004790:	07d9      	lsls	r1, r3, #31
10004792:	f57f af49 	bpl.w	10004628 <tud_task_ext+0x20>
10004796:	f7ff fea9 	bl	100044ec <tud_resume_cb>
1000479a:	e745      	b.n	10004628 <tud_task_ext+0x20>
1000479c:	78eb      	ldrb	r3, [r5, #3]
1000479e:	07da      	lsls	r2, r3, #31
100047a0:	f57f af42 	bpl.w	10004628 <tud_task_ext+0x20>
100047a4:	9808      	ldr	r0, [sp, #32]
100047a6:	f7ff fe95 	bl	100044d4 <tud_sof_cb>
100047aa:	e73d      	b.n	10004628 <tud_task_ext+0x20>
100047ac:	782b      	ldrb	r3, [r5, #0]
100047ae:	07d8      	lsls	r0, r3, #31
100047b0:	f57f af3a 	bpl.w	10004628 <tud_task_ext+0x20>
100047b4:	7828      	ldrb	r0, [r5, #0]
100047b6:	f3c0 00c0 	ubfx	r0, r0, #3, #1
100047ba:	f7ff fe95 	bl	100044e8 <tud_suspend_cb>
100047be:	e733      	b.n	10004628 <tud_task_ext+0x20>
100047c0:	f89d 001c 	ldrb.w	r0, [sp, #28]
100047c4:	f7ff fe3e 	bl	10004444 <configuration_reset>
100047c8:	f000 fc0a 	bl	10004fe0 <usbd_control_reset>
100047cc:	f89d 3020 	ldrb.w	r3, [sp, #32]
100047d0:	70ab      	strb	r3, [r5, #2]
100047d2:	e729      	b.n	10004628 <tud_task_ext+0x20>
100047d4:	f89d 001c 	ldrb.w	r0, [sp, #28]
100047d8:	f7ff fe34 	bl	10004444 <configuration_reset>
100047dc:	f000 fc00 	bl	10004fe0 <usbd_control_reset>
100047e0:	f7ff fe80 	bl	100044e4 <tud_umount_cb>
100047e4:	e720      	b.n	10004628 <tud_task_ext+0x20>
100047e6:	d011      	beq.n	1000480c <tud_task_ext+0x204>
100047e8:	f04f 23e0 	mov.w	r3, #3758153728	@ 0xe000e000
100047ec:	f8d3 3df0 	ldr.w	r3, [r3, #3568]	@ 0xdf0
100047f0:	07dc      	lsls	r4, r3, #31
100047f2:	d500      	bpl.n	100047f6 <tud_task_ext+0x1ee>
100047f4:	be00      	bkpt	0x0000
100047f6:	b00b      	add	sp, #44	@ 0x2c
100047f8:	e8bd 8ff0 	ldmia.w	sp!, {r4, r5, r6, r7, r8, r9, sl, fp, pc}
100047fc:	9b09      	ldr	r3, [sp, #36]	@ 0x24
100047fe:	f89d 2021 	ldrb.w	r2, [sp, #33]	@ 0x21
10004802:	f89d 001c 	ldrb.w	r0, [sp, #28]
10004806:	f000 fc09 	bl	1000501c <usbd_control_xfer_cb>
1000480a:	e70d      	b.n	10004628 <tud_task_ext+0x20>
1000480c:	4b29      	ldr	r3, [pc, #164]	@ (100048b4 <tud_task_ext+0x2ac>)
1000480e:	e75f      	b.n	100046d0 <tud_task_ext+0xc8>
10004810:	f7ff fb20 	bl	10003e54 <tud_descriptor_configuration_cb>
10004814:	4602      	mov	r2, r0
10004816:	2800      	cmp	r0, #0
10004818:	f040 8179 	bne.w	10004b0e <tud_task_ext+0x506>
1000481c:	f04f 23e0 	mov.w	r3, #3758153728	@ 0xe000e000
10004820:	f8d3 3df0 	ldr.w	r3, [r3, #3568]	@ 0xdf0
10004824:	07de      	lsls	r6, r3, #31
10004826:	d500      	bpl.n	1000482a <tud_task_ext+0x222>
10004828:	be00      	bkpt	0x0000
1000482a:	f89d 001c 	ldrb.w	r0, [sp, #28]
1000482e:	2100      	movs	r1, #0
10004830:	f7ff fd9c 	bl	1000436c <dcd_edpt_stall>
10004834:	2180      	movs	r1, #128	@ 0x80
10004836:	f89d 001c 	ldrb.w	r0, [sp, #28]
1000483a:	f7ff fd97 	bl	1000436c <dcd_edpt_stall>
1000483e:	e6f3      	b.n	10004628 <tud_task_ext+0x20>
10004840:	481d      	ldr	r0, [pc, #116]	@ (100048b8 <tud_task_ext+0x2b0>)
10004842:	f000 fbd7 	bl	10004ff4 <usbd_control_set_complete_callback>
10004846:	2101      	movs	r1, #1
10004848:	4640      	mov	r0, r8
1000484a:	aa08      	add	r2, sp, #32
1000484c:	f7ff fc62 	bl	10004114 <tud_vendor_control_xfer_cb>
10004850:	2800      	cmp	r0, #0
10004852:	f47f aee9 	bne.w	10004628 <tud_task_ext+0x20>
10004856:	e7e8      	b.n	1000482a <tud_task_ext+0x222>
10004858:	f89d 1024 	ldrb.w	r1, [sp, #36]	@ 0x24
1000485c:	f011 0f70 	tst.w	r1, #112	@ 0x70
10004860:	d1dc      	bne.n	1000481c <tud_task_ext+0x214>
10004862:	f001 067f 	and.w	r6, r1, #127	@ 0x7f
10004866:	eb07 0046 	add.w	r0, r7, r6, lsl #1
1000486a:	4b14      	ldr	r3, [pc, #80]	@ (100048bc <tud_task_ext+0x2b4>)
1000486c:	eb00 10d1 	add.w	r0, r0, r1, lsr #7
10004870:	781b      	ldrb	r3, [r3, #0]
10004872:	7d00      	ldrb	r0, [r0, #20]
10004874:	0076      	lsls	r6, r6, #1
10004876:	9601      	str	r6, [sp, #4]
10004878:	4298      	cmp	r0, r3
1000487a:	ea4f 16d1 	mov.w	r6, r1, lsr #7
1000487e:	9600      	str	r6, [sp, #0]
10004880:	d34f      	bcc.n	10004922 <tud_task_ext+0x31a>
10004882:	f040 815f 	bne.w	10004b44 <tud_task_ext+0x53c>
10004886:	4e0b      	ldr	r6, [pc, #44]	@ (100048b4 <tud_task_ext+0x2ac>)
10004888:	2a00      	cmp	r2, #0
1000488a:	f000 815f 	beq.w	10004b4c <tud_task_ext+0x544>
1000488e:	6970      	ldr	r0, [r6, #20]
10004890:	f000 fbb0 	bl	10004ff4 <usbd_control_set_complete_callback>
10004894:	2101      	movs	r1, #1
10004896:	4640      	mov	r0, r8
10004898:	6973      	ldr	r3, [r6, #20]
1000489a:	aa08      	add	r2, sp, #32
1000489c:	4798      	blx	r3
1000489e:	2800      	cmp	r0, #0
100048a0:	f47f aec2 	bne.w	10004628 <tud_task_ext+0x20>
100048a4:	e7c1      	b.n	1000482a <tud_task_ext+0x222>
100048a6:	bf00      	nop
100048a8:	20001968 	.word	0x20001968
100048ac:	20001910 	.word	0x20001910
100048b0:	20001808 	.word	0x20001808
100048b4:	10006354 	.word	0x10006354
100048b8:	10004115 	.word	0x10004115
100048bc:	20001efd 	.word	0x20001efd
100048c0:	20001588 	.word	0x20001588
100048c4:	20001eff 	.word	0x20001eff
100048c8:	f89d 3024 	ldrb.w	r3, [sp, #36]	@ 0x24
100048cc:	2b0f      	cmp	r3, #15
100048ce:	d8ac      	bhi.n	1000482a <tud_task_ext+0x222>
100048d0:	4aaa      	ldr	r2, [pc, #680]	@ (10004b7c <tud_task_ext+0x574>)
100048d2:	443b      	add	r3, r7
100048d4:	791b      	ldrb	r3, [r3, #4]
100048d6:	7812      	ldrb	r2, [r2, #0]
100048d8:	4293      	cmp	r3, r2
100048da:	d32d      	bcc.n	10004938 <tud_task_ext+0x330>
100048dc:	d1a5      	bne.n	1000482a <tud_task_ext+0x222>
100048de:	4ea8      	ldr	r6, [pc, #672]	@ (10004b80 <tud_task_ext+0x578>)
100048e0:	6970      	ldr	r0, [r6, #20]
100048e2:	f000 fb87 	bl	10004ff4 <usbd_control_set_complete_callback>
100048e6:	2101      	movs	r1, #1
100048e8:	4640      	mov	r0, r8
100048ea:	6973      	ldr	r3, [r6, #20]
100048ec:	aa08      	add	r2, sp, #32
100048ee:	4798      	blx	r3
100048f0:	2800      	cmp	r0, #0
100048f2:	f47f ae99 	bne.w	10004628 <tud_task_ext+0x20>
100048f6:	f89d 3020 	ldrb.w	r3, [sp, #32]
100048fa:	f013 0660 	ands.w	r6, r3, #96	@ 0x60
100048fe:	d194      	bne.n	1000482a <tud_task_ext+0x222>
10004900:	f89d 3021 	ldrb.w	r3, [sp, #33]	@ 0x21
10004904:	3b0a      	subs	r3, #10
10004906:	2b01      	cmp	r3, #1
10004908:	d88f      	bhi.n	1000482a <tud_task_ext+0x222>
1000490a:	f000 fb73 	bl	10004ff4 <usbd_control_set_complete_callback>
1000490e:	f89d 3021 	ldrb.w	r3, [sp, #33]	@ 0x21
10004912:	2b0a      	cmp	r3, #10
10004914:	f000 81f1 	beq.w	10004cfa <tud_task_ext+0x6f2>
10004918:	4640      	mov	r0, r8
1000491a:	a908      	add	r1, sp, #32
1000491c:	f000 faf0 	bl	10004f00 <tud_control_status>
10004920:	e682      	b.n	10004628 <tud_task_ext+0x20>
10004922:	4b98      	ldr	r3, [pc, #608]	@ (10004b84 <tud_task_ext+0x57c>)
10004924:	681b      	ldr	r3, [r3, #0]
10004926:	eb03 1640 	add.w	r6, r3, r0, lsl #5
1000492a:	2a00      	cmp	r2, #0
1000492c:	f000 810e 	beq.w	10004b4c <tud_task_ext+0x544>
10004930:	2e00      	cmp	r6, #0
10004932:	f43f af7a 	beq.w	1000482a <tud_task_ext+0x222>
10004936:	e7aa      	b.n	1000488e <tud_task_ext+0x286>
10004938:	4a92      	ldr	r2, [pc, #584]	@ (10004b84 <tud_task_ext+0x57c>)
1000493a:	6816      	ldr	r6, [r2, #0]
1000493c:	eb16 1643 	adds.w	r6, r6, r3, lsl #5
10004940:	d1ce      	bne.n	100048e0 <tud_task_ext+0x2d8>
10004942:	e772      	b.n	1000482a <tud_task_ext+0x222>
10004944:	787b      	ldrb	r3, [r7, #1]
10004946:	f89d 6022 	ldrb.w	r6, [sp, #34]	@ 0x22
1000494a:	429e      	cmp	r6, r3
1000494c:	f000 814c 	beq.w	10004be8 <tud_task_ext+0x5e0>
10004950:	787b      	ldrb	r3, [r7, #1]
10004952:	2b00      	cmp	r3, #0
10004954:	f040 81bd 	bne.w	10004cd2 <tud_task_ext+0x6ca>
10004958:	707e      	strb	r6, [r7, #1]
1000495a:	2e00      	cmp	r6, #0
1000495c:	f000 8142 	beq.w	10004be4 <tud_task_ext+0x5dc>
10004960:	1e70      	subs	r0, r6, #1
10004962:	b2c0      	uxtb	r0, r0
10004964:	f7ff fa76 	bl	10003e54 <tud_descriptor_configuration_cb>
10004968:	4603      	mov	r3, r0
1000496a:	2800      	cmp	r0, #0
1000496c:	f000 815e 	beq.w	10004c2c <tud_task_ext+0x624>
10004970:	7842      	ldrb	r2, [r0, #1]
10004972:	2a02      	cmp	r2, #2
10004974:	f040 815a 	bne.w	10004c2c <tud_task_ext+0x624>
10004978:	79c1      	ldrb	r1, [r0, #7]
1000497a:	f103 0609 	add.w	r6, r3, #9
1000497e:	f3c1 1240 	ubfx	r2, r1, #5, #1
10004982:	0112      	lsls	r2, r2, #4
10004984:	f3c1 1180 	ubfx	r1, r1, #6, #1
10004988:	ea42 1241 	orr.w	r2, r2, r1, lsl #5
1000498c:	4631      	mov	r1, r6
1000498e:	7838      	ldrb	r0, [r7, #0]
10004990:	f020 0030 	bic.w	r0, r0, #48	@ 0x30
10004994:	4302      	orrs	r2, r0
10004996:	703a      	strb	r2, [r7, #0]
10004998:	885a      	ldrh	r2, [r3, #2]
1000499a:	f8cd 8008 	str.w	r8, [sp, #8]
1000499e:	189a      	adds	r2, r3, r2
100049a0:	9200      	str	r2, [sp, #0]
100049a2:	9b00      	ldr	r3, [sp, #0]
100049a4:	428b      	cmp	r3, r1
100049a6:	f240 81a3 	bls.w	10004cf0 <tud_task_ext+0x6e8>
100049aa:	784b      	ldrb	r3, [r1, #1]
100049ac:	2b0b      	cmp	r3, #11
100049ae:	f000 81ae 	beq.w	10004d0e <tud_task_ext+0x706>
100049b2:	f04f 0c01 	mov.w	ip, #1
100049b6:	2b04      	cmp	r3, #4
100049b8:	f040 8138 	bne.w	10004c2c <tud_task_ext+0x624>
100049bc:	2300      	movs	r3, #0
100049be:	9a00      	ldr	r2, [sp, #0]
100049c0:	461e      	mov	r6, r3
100049c2:	1a52      	subs	r2, r2, r1
100049c4:	b292      	uxth	r2, r2
100049c6:	9201      	str	r2, [sp, #4]
100049c8:	4a6c      	ldr	r2, [pc, #432]	@ (10004b7c <tud_task_ext+0x574>)
100049ca:	f8cd c00c 	str.w	ip, [sp, #12]
100049ce:	7812      	ldrb	r2, [r2, #0]
100049d0:	e01d      	b.n	10004a0e <tud_task_ext+0x406>
100049d2:	4a6c      	ldr	r2, [pc, #432]	@ (10004b84 <tud_task_ext+0x57c>)
100049d4:	6812      	ldr	r2, [r2, #0]
100049d6:	eb12 1846 	adds.w	r8, r2, r6, lsl #5
100049da:	f000 8127 	beq.w	10004c2c <tud_task_ext+0x624>
100049de:	9a01      	ldr	r2, [sp, #4]
100049e0:	9305      	str	r3, [sp, #20]
100049e2:	9802      	ldr	r0, [sp, #8]
100049e4:	f8d8 3010 	ldr.w	r3, [r8, #16]
100049e8:	9104      	str	r1, [sp, #16]
100049ea:	4798      	blx	r3
100049ec:	9b05      	ldr	r3, [sp, #20]
100049ee:	2808      	cmp	r0, #8
100049f0:	4602      	mov	r2, r0
100049f2:	9904      	ldr	r1, [sp, #16]
100049f4:	f103 0301 	add.w	r3, r3, #1
100049f8:	d903      	bls.n	10004a02 <tud_task_ext+0x3fa>
100049fa:	9801      	ldr	r0, [sp, #4]
100049fc:	4290      	cmp	r0, r2
100049fe:	f080 80f8 	bcs.w	10004bf2 <tud_task_ext+0x5ea>
10004a02:	4a5e      	ldr	r2, [pc, #376]	@ (10004b7c <tud_task_ext+0x574>)
10004a04:	b2de      	uxtb	r6, r3
10004a06:	7812      	ldrb	r2, [r2, #0]
10004a08:	42b2      	cmp	r2, r6
10004a0a:	f0c0 810f 	bcc.w	10004c2c <tud_task_ext+0x624>
10004a0e:	42b2      	cmp	r2, r6
10004a10:	eba6 0202 	sub.w	r2, r6, r2
10004a14:	d8dd      	bhi.n	100049d2 <tud_task_ext+0x3ca>
10004a16:	485a      	ldr	r0, [pc, #360]	@ (10004b80 <tud_task_ext+0x578>)
10004a18:	eb00 1842 	add.w	r8, r0, r2, lsl #5
10004a1c:	e7df      	b.n	100049de <tud_task_ext+0x3d6>
10004a1e:	787b      	ldrb	r3, [r7, #1]
10004a20:	4640      	mov	r0, r8
10004a22:	f88d 301a 	strb.w	r3, [sp, #26]
10004a26:	f10d 021a 	add.w	r2, sp, #26
10004a2a:	2301      	movs	r3, #1
10004a2c:	a908      	add	r1, sp, #32
10004a2e:	f000 fa81 	bl	10004f34 <tud_control_xfer>
10004a32:	e5f9      	b.n	10004628 <tud_task_ext+0x20>
10004a34:	f8bd 0022 	ldrh.w	r0, [sp, #34]	@ 0x22
10004a38:	0a03      	lsrs	r3, r0, #8
10004a3a:	3b01      	subs	r3, #1
10004a3c:	0a02      	lsrs	r2, r0, #8
10004a3e:	b2c0      	uxtb	r0, r0
10004a40:	2b0e      	cmp	r3, #14
10004a42:	f63f aef2 	bhi.w	1000482a <tud_task_ext+0x222>
10004a46:	a101      	add	r1, pc, #4	@ (adr r1, 10004a4c <tud_task_ext+0x444>)
10004a48:	f851 f023 	ldr.w	pc, [r1, r3, lsl #2]
10004a4c:	10004c5d 	.word	0x10004c5d
10004a50:	10004afd 	.word	0x10004afd
10004a54:	10004c99 	.word	0x10004c99
10004a58:	1000482b 	.word	0x1000482b
10004a5c:	1000482b 	.word	0x1000482b
10004a60:	10004c7b 	.word	0x10004c7b
10004a64:	10004afd 	.word	0x10004afd
10004a68:	1000482b 	.word	0x1000482b
10004a6c:	1000482b 	.word	0x1000482b
10004a70:	1000482b 	.word	0x1000482b
10004a74:	1000482b 	.word	0x1000482b
10004a78:	1000482b 	.word	0x1000482b
10004a7c:	1000482b 	.word	0x1000482b
10004a80:	1000482b 	.word	0x1000482b
10004a84:	10004c4f 	.word	0x10004c4f
10004a88:	a808      	add	r0, sp, #32
10004a8a:	f000 fab9 	bl	10005000 <usbd_control_set_request>
10004a8e:	4640      	mov	r0, r8
10004a90:	f89d 1022 	ldrb.w	r1, [sp, #34]	@ 0x22
10004a94:	f7ff fbb2 	bl	100041fc <dcd_set_address>
10004a98:	783b      	ldrb	r3, [r7, #0]
10004a9a:	f043 0302 	orr.w	r3, r3, #2
10004a9e:	703b      	strb	r3, [r7, #0]
10004aa0:	e5c2      	b.n	10004628 <tud_task_ext+0x20>
10004aa2:	f8bd 3022 	ldrh.w	r3, [sp, #34]	@ 0x22
10004aa6:	2b01      	cmp	r3, #1
10004aa8:	f47f aebf 	bne.w	1000482a <tud_task_ext+0x222>
10004aac:	783b      	ldrb	r3, [r7, #0]
10004aae:	4640      	mov	r0, r8
10004ab0:	f023 0308 	bic.w	r3, r3, #8
10004ab4:	a908      	add	r1, sp, #32
10004ab6:	703b      	strb	r3, [r7, #0]
10004ab8:	f000 fa22 	bl	10004f00 <tud_control_status>
10004abc:	e5b4      	b.n	10004628 <tud_task_ext+0x20>
10004abe:	4640      	mov	r0, r8
10004ac0:	783b      	ldrb	r3, [r7, #0]
10004ac2:	089a      	lsrs	r2, r3, #2
10004ac4:	f002 0202 	and.w	r2, r2, #2
10004ac8:	f3c3 1340 	ubfx	r3, r3, #5, #1
10004acc:	4313      	orrs	r3, r2
10004ace:	f8ad 301a 	strh.w	r3, [sp, #26]
10004ad2:	f10d 021a 	add.w	r2, sp, #26
10004ad6:	2302      	movs	r3, #2
10004ad8:	a908      	add	r1, sp, #32
10004ada:	f000 fa2b 	bl	10004f34 <tud_control_xfer>
10004ade:	e5a3      	b.n	10004628 <tud_task_ext+0x20>
10004ae0:	f8bd 3022 	ldrh.w	r3, [sp, #34]	@ 0x22
10004ae4:	2b01      	cmp	r3, #1
10004ae6:	f47f aea0 	bne.w	1000482a <tud_task_ext+0x222>
10004aea:	783b      	ldrb	r3, [r7, #0]
10004aec:	4640      	mov	r0, r8
10004aee:	f043 0308 	orr.w	r3, r3, #8
10004af2:	a908      	add	r1, sp, #32
10004af4:	703b      	strb	r3, [r7, #0]
10004af6:	f000 fa03 	bl	10004f00 <tud_control_status>
10004afa:	e595      	b.n	10004628 <tud_task_ext+0x20>
10004afc:	2a02      	cmp	r2, #2
10004afe:	f43f ae87 	beq.w	10004810 <tud_task_ext+0x208>
10004b02:	f7ff fceb 	bl	100044dc <tud_descriptor_other_speed_configuration_cb>
10004b06:	4602      	mov	r2, r0
10004b08:	2800      	cmp	r0, #0
10004b0a:	f43f ae8e 	beq.w	1000482a <tud_task_ext+0x222>
10004b0e:	4640      	mov	r0, r8
10004b10:	8853      	ldrh	r3, [r2, #2]
10004b12:	a908      	add	r1, sp, #32
10004b14:	f000 fa0e 	bl	10004f34 <tud_control_xfer>
10004b18:	2800      	cmp	r0, #0
10004b1a:	f47f ad85 	bne.w	10004628 <tud_task_ext+0x20>
10004b1e:	e684      	b.n	1000482a <tud_task_ext+0x222>
10004b20:	f89d 3024 	ldrb.w	r3, [sp, #36]	@ 0x24
10004b24:	2b0f      	cmp	r3, #15
10004b26:	f63f ae80 	bhi.w	1000482a <tud_task_ext+0x222>
10004b2a:	4a14      	ldr	r2, [pc, #80]	@ (10004b7c <tud_task_ext+0x574>)
10004b2c:	443b      	add	r3, r7
10004b2e:	791b      	ldrb	r3, [r3, #4]
10004b30:	7812      	ldrb	r2, [r2, #0]
10004b32:	4293      	cmp	r3, r2
10004b34:	d21d      	bcs.n	10004b72 <tud_task_ext+0x56a>
10004b36:	4a13      	ldr	r2, [pc, #76]	@ (10004b84 <tud_task_ext+0x57c>)
10004b38:	6816      	ldr	r6, [r2, #0]
10004b3a:	eb16 1643 	adds.w	r6, r6, r3, lsl #5
10004b3e:	f47f aea6 	bne.w	1000488e <tud_task_ext+0x286>
10004b42:	e672      	b.n	1000482a <tud_task_ext+0x222>
10004b44:	2a00      	cmp	r2, #0
10004b46:	f47f ae70 	bne.w	1000482a <tud_task_ext+0x222>
10004b4a:	2600      	movs	r6, #0
10004b4c:	f89d 2021 	ldrb.w	r2, [sp, #33]	@ 0x21
10004b50:	f002 03fd 	and.w	r3, r2, #253	@ 0xfd
10004b54:	2b01      	cmp	r3, #1
10004b56:	d017      	beq.n	10004b88 <tud_task_ext+0x580>
10004b58:	2a00      	cmp	r2, #0
10004b5a:	f47f ae5f 	bne.w	1000481c <tud_task_ext+0x214>
10004b5e:	9b01      	ldr	r3, [sp, #4]
10004b60:	9a00      	ldr	r2, [sp, #0]
10004b62:	443b      	add	r3, r7
10004b64:	4413      	add	r3, r2
10004b66:	f893 3034 	ldrb.w	r3, [r3, #52]	@ 0x34
10004b6a:	4640      	mov	r0, r8
10004b6c:	f3c3 0340 	ubfx	r3, r3, #1, #1
10004b70:	e7ad      	b.n	10004ace <tud_task_ext+0x4c6>
10004b72:	f47f ae5a 	bne.w	1000482a <tud_task_ext+0x222>
10004b76:	4e02      	ldr	r6, [pc, #8]	@ (10004b80 <tud_task_ext+0x578>)
10004b78:	e689      	b.n	1000488e <tud_task_ext+0x286>
10004b7a:	bf00      	nop
10004b7c:	20001efd 	.word	0x20001efd
10004b80:	10006354 	.word	0x10006354
10004b84:	20001808 	.word	0x20001808
10004b88:	f8bd 3022 	ldrh.w	r3, [sp, #34]	@ 0x22
10004b8c:	b9b3      	cbnz	r3, 10004bbc <tud_task_ext+0x5b4>
10004b8e:	2a01      	cmp	r2, #1
10004b90:	f899 0000 	ldrb.w	r0, [r9]
10004b94:	f000 8088 	beq.w	10004ca8 <tud_task_ext+0x6a0>
10004b98:	f7ff fbe8 	bl	1000436c <dcd_edpt_stall>
10004b9c:	9b01      	ldr	r3, [sp, #4]
10004b9e:	9a00      	ldr	r2, [sp, #0]
10004ba0:	443b      	add	r3, r7
10004ba2:	4413      	add	r3, r2
10004ba4:	f893 2034 	ldrb.w	r2, [r3, #52]	@ 0x34
10004ba8:	f042 0202 	orr.w	r2, r2, #2
10004bac:	f883 2034 	strb.w	r2, [r3, #52]	@ 0x34
10004bb0:	f893 2034 	ldrb.w	r2, [r3, #52]	@ 0x34
10004bb4:	f042 0201 	orr.w	r2, r2, #1
10004bb8:	f883 2034 	strb.w	r2, [r3, #52]	@ 0x34
10004bbc:	2e00      	cmp	r6, #0
10004bbe:	f43f ad33 	beq.w	10004628 <tud_task_ext+0x20>
10004bc2:	6970      	ldr	r0, [r6, #20]
10004bc4:	f000 fa16 	bl	10004ff4 <usbd_control_set_complete_callback>
10004bc8:	6973      	ldr	r3, [r6, #20]
10004bca:	2101      	movs	r1, #1
10004bcc:	aa08      	add	r2, sp, #32
10004bce:	4640      	mov	r0, r8
10004bd0:	4798      	blx	r3
10004bd2:	2000      	movs	r0, #0
10004bd4:	f000 fa0e 	bl	10004ff4 <usbd_control_set_complete_callback>
10004bd8:	f897 3035 	ldrb.w	r3, [r7, #53]	@ 0x35
10004bdc:	07df      	lsls	r7, r3, #31
10004bde:	f53f ad23 	bmi.w	10004628 <tud_task_ext+0x20>
10004be2:	e699      	b.n	10004918 <tud_task_ext+0x310>
10004be4:	f7ff fc7e 	bl	100044e4 <tud_umount_cb>
10004be8:	4640      	mov	r0, r8
10004bea:	a908      	add	r1, sp, #32
10004bec:	f000 f988 	bl	10004f00 <tud_control_status>
10004bf0:	e51a      	b.n	10004628 <tud_task_ext+0x20>
10004bf2:	f8dd c00c 	ldr.w	ip, [sp, #12]
10004bf6:	f1bc 0f01 	cmp.w	ip, #1
10004bfa:	f000 809d 	beq.w	10004d38 <tud_task_ext+0x730>
10004bfe:	f1bc 0f00 	cmp.w	ip, #0
10004c02:	f000 808a 	beq.w	10004d1a <tud_task_ext+0x712>
10004c06:	2300      	movs	r3, #0
10004c08:	f891 8002 	ldrb.w	r8, [r1, #2]
10004c0c:	e004      	b.n	10004c18 <tud_task_ext+0x610>
10004c0e:	7106      	strb	r6, [r0, #4]
10004c10:	b2d8      	uxtb	r0, r3
10004c12:	4584      	cmp	ip, r0
10004c14:	f240 8081 	bls.w	10004d1a <tud_task_ext+0x712>
10004c18:	eb08 0003 	add.w	r0, r8, r3
10004c1c:	fa57 f080 	uxtab	r0, r7, r0
10004c20:	f890 e004 	ldrb.w	lr, [r0, #4]
10004c24:	3301      	adds	r3, #1
10004c26:	f1be 0fff 	cmp.w	lr, #255	@ 0xff
10004c2a:	d0f0      	beq.n	10004c0e <tud_task_ext+0x606>
10004c2c:	f04f 23e0 	mov.w	r3, #3758153728	@ 0xe000e000
10004c30:	f8d3 3df0 	ldr.w	r3, [r3, #3568]	@ 0xdf0
10004c34:	07da      	lsls	r2, r3, #31
10004c36:	d500      	bpl.n	10004c3a <tud_task_ext+0x632>
10004c38:	be00      	bkpt	0x0000
10004c3a:	f04f 23e0 	mov.w	r3, #3758153728	@ 0xe000e000
10004c3e:	f8d3 3df0 	ldr.w	r3, [r3, #3568]	@ 0xdf0
10004c42:	07db      	lsls	r3, r3, #31
10004c44:	d500      	bpl.n	10004c48 <tud_task_ext+0x640>
10004c46:	be00      	bkpt	0x0000
10004c48:	2300      	movs	r3, #0
10004c4a:	707b      	strb	r3, [r7, #1]
10004c4c:	e5ed      	b.n	1000482a <tud_task_ext+0x222>
10004c4e:	f7ff fa5d 	bl	1000410c <tud_descriptor_bos_cb>
10004c52:	4602      	mov	r2, r0
10004c54:	2800      	cmp	r0, #0
10004c56:	f47f af5a 	bne.w	10004b0e <tud_task_ext+0x506>
10004c5a:	e5e6      	b.n	1000482a <tud_task_ext+0x222>
10004c5c:	f7ff f8f6 	bl	10003e4c <tud_descriptor_device_cb>
10004c60:	4602      	mov	r2, r0
10004c62:	2800      	cmp	r0, #0
10004c64:	f43f adda 	beq.w	1000481c <tud_task_ext+0x214>
10004c68:	4640      	mov	r0, r8
10004c6a:	2312      	movs	r3, #18
10004c6c:	a908      	add	r1, sp, #32
10004c6e:	f000 f961 	bl	10004f34 <tud_control_xfer>
10004c72:	2800      	cmp	r0, #0
10004c74:	f47f acd8 	bne.w	10004628 <tud_task_ext+0x20>
10004c78:	e5d7      	b.n	1000482a <tud_task_ext+0x222>
10004c7a:	f7ff fc2d 	bl	100044d8 <tud_descriptor_device_qualifier_cb>
10004c7e:	4602      	mov	r2, r0
10004c80:	2800      	cmp	r0, #0
10004c82:	f43f add2 	beq.w	1000482a <tud_task_ext+0x222>
10004c86:	4640      	mov	r0, r8
10004c88:	7813      	ldrb	r3, [r2, #0]
10004c8a:	a908      	add	r1, sp, #32
10004c8c:	f000 f952 	bl	10004f34 <tud_control_xfer>
10004c90:	2800      	cmp	r0, #0
10004c92:	f47f acc9 	bne.w	10004628 <tud_task_ext+0x20>
10004c96:	e5c8      	b.n	1000482a <tud_task_ext+0x222>
10004c98:	f8bd 1024 	ldrh.w	r1, [sp, #36]	@ 0x24
10004c9c:	f7ff f8de 	bl	10003e5c <tud_descriptor_string_cb>
10004ca0:	4602      	mov	r2, r0
10004ca2:	2800      	cmp	r0, #0
10004ca4:	d1ef      	bne.n	10004c86 <tud_task_ext+0x67e>
10004ca6:	e5c0      	b.n	1000482a <tud_task_ext+0x222>
10004ca8:	9302      	str	r3, [sp, #8]
10004caa:	f7ff fb75 	bl	10004398 <dcd_edpt_clear_stall>
10004cae:	9a01      	ldr	r2, [sp, #4]
10004cb0:	9b00      	ldr	r3, [sp, #0]
10004cb2:	443a      	add	r2, r7
10004cb4:	441a      	add	r2, r3
10004cb6:	f892 1034 	ldrb.w	r1, [r2, #52]	@ 0x34
10004cba:	9b02      	ldr	r3, [sp, #8]
10004cbc:	f363 0141 	bfi	r1, r3, #1, #1
10004cc0:	f882 1034 	strb.w	r1, [r2, #52]	@ 0x34
10004cc4:	f892 1034 	ldrb.w	r1, [r2, #52]	@ 0x34
10004cc8:	f363 0100 	bfi	r1, r3, #0, #1
10004ccc:	f882 1034 	strb.w	r1, [r2, #52]	@ 0x34
10004cd0:	e774      	b.n	10004bbc <tud_task_ext+0x5b4>
10004cd2:	2100      	movs	r1, #0
10004cd4:	4640      	mov	r0, r8
10004cd6:	f7ff fa99 	bl	1000420c <dcd_sof_enable>
10004cda:	4640      	mov	r0, r8
10004cdc:	f7ff fb30 	bl	10004340 <dcd_edpt_close_all>
10004ce0:	78bb      	ldrb	r3, [r7, #2]
10004ce2:	4640      	mov	r0, r8
10004ce4:	9300      	str	r3, [sp, #0]
10004ce6:	f7ff fbad 	bl	10004444 <configuration_reset>
10004cea:	9b00      	ldr	r3, [sp, #0]
10004cec:	70bb      	strb	r3, [r7, #2]
10004cee:	e633      	b.n	10004958 <tud_task_ext+0x350>
10004cf0:	f8dd 8008 	ldr.w	r8, [sp, #8]
10004cf4:	f7ff fbf4 	bl	100044e0 <tud_mount_cb>
10004cf8:	e776      	b.n	10004be8 <tud_task_ext+0x5e0>
10004cfa:	4640      	mov	r0, r8
10004cfc:	2301      	movs	r3, #1
10004cfe:	a908      	add	r1, sp, #32
10004d00:	f10d 021a 	add.w	r2, sp, #26
10004d04:	f88d 601a 	strb.w	r6, [sp, #26]
10004d08:	f000 f914 	bl	10004f34 <tud_control_xfer>
10004d0c:	e48c      	b.n	10004628 <tud_task_ext+0x20>
10004d0e:	780b      	ldrb	r3, [r1, #0]
10004d10:	f891 c003 	ldrb.w	ip, [r1, #3]
10004d14:	4419      	add	r1, r3
10004d16:	784b      	ldrb	r3, [r1, #1]
10004d18:	e64d      	b.n	100049b6 <tud_task_ext+0x3ae>
10004d1a:	4633      	mov	r3, r6
10004d1c:	480f      	ldr	r0, [pc, #60]	@ (10004d5c <tud_task_ext+0x754>)
10004d1e:	9203      	str	r2, [sp, #12]
10004d20:	9101      	str	r1, [sp, #4]
10004d22:	f000 fd67 	bl	100057f4 <tu_edpt_bind_driver>
10004d26:	4b0e      	ldr	r3, [pc, #56]	@ (10004d60 <tud_task_ext+0x758>)
10004d28:	9901      	ldr	r1, [sp, #4]
10004d2a:	781b      	ldrb	r3, [r3, #0]
10004d2c:	9a03      	ldr	r2, [sp, #12]
10004d2e:	42b3      	cmp	r3, r6
10004d30:	4411      	add	r1, r2
10004d32:	f4bf ae36 	bcs.w	100049a2 <tud_task_ext+0x39a>
10004d36:	e779      	b.n	10004c2c <tud_task_ext+0x624>
10004d38:	f8d8 0010 	ldr.w	r0, [r8, #16]
10004d3c:	4b09      	ldr	r3, [pc, #36]	@ (10004d64 <tud_task_ext+0x75c>)
10004d3e:	4298      	cmp	r0, r3
10004d40:	bf08      	it	eq
10004d42:	f04f 0c02 	moveq.w	ip, #2
10004d46:	e75e      	b.n	10004c06 <tud_task_ext+0x5fe>
10004d48:	f04f 23e0 	mov.w	r3, #3758153728	@ 0xe000e000
10004d4c:	f8d3 3df0 	ldr.w	r3, [r3, #3568]	@ 0xdf0
10004d50:	07db      	lsls	r3, r3, #31
10004d52:	f57f ac69 	bpl.w	10004628 <tud_task_ext+0x20>
10004d56:	be00      	bkpt	0x0000
10004d58:	e466      	b.n	10004628 <tud_task_ext+0x20>
10004d5a:	bf00      	nop
10004d5c:	20001924 	.word	0x20001924
10004d60:	20001efd 	.word	0x20001efd
10004d64:	1000542d 	.word	0x1000542d

10004d68 <usbd_open_edpt_pair>:
10004d68:	e92d 4ff8 	stmdb	sp!, {r3, r4, r5, r6, r7, r8, r9, sl, fp, lr}
10004d6c:	f8dd 8028 	ldr.w	r8, [sp, #40]	@ 0x28
10004d70:	2a00      	cmp	r2, #0
10004d72:	d03f      	beq.n	10004df4 <usbd_open_edpt_pair+0x8c>
10004d74:	460c      	mov	r4, r1
10004d76:	461e      	mov	r6, r3
10004d78:	4615      	mov	r5, r2
10004d7a:	f04f 0b00 	mov.w	fp, #0
10004d7e:	4f1f      	ldr	r7, [pc, #124]	@ (10004dfc <usbd_open_edpt_pair+0x94>)
10004d80:	f8df 907c 	ldr.w	r9, [pc, #124]	@ 10004e00 <usbd_open_edpt_pair+0x98>
10004d84:	e017      	b.n	10004db6 <usbd_open_edpt_pair+0x4e>
10004d86:	4620      	mov	r0, r4
10004d88:	f899 1002 	ldrb.w	r1, [r9, #2]
10004d8c:	f000 fd00 	bl	10005790 <tu_edpt_validate>
10004d90:	b1f8      	cbz	r0, 10004dd2 <usbd_open_edpt_pair+0x6a>
10004d92:	4621      	mov	r1, r4
10004d94:	4650      	mov	r0, sl
10004d96:	f7ff fa55 	bl	10004244 <dcd_edpt_open>
10004d9a:	b308      	cbz	r0, 10004de0 <usbd_open_edpt_pair+0x78>
10004d9c:	78a3      	ldrb	r3, [r4, #2]
10004d9e:	f10b 0b01 	add.w	fp, fp, #1
10004da2:	09da      	lsrs	r2, r3, #7
10004da4:	bf16      	itet	ne
10004da6:	9a0b      	ldrne	r2, [sp, #44]	@ 0x2c
10004da8:	f888 3000 	strbeq.w	r3, [r8]
10004dac:	7013      	strbne	r3, [r2, #0]
10004dae:	7823      	ldrb	r3, [r4, #0]
10004db0:	45ab      	cmp	fp, r5
10004db2:	441c      	add	r4, r3
10004db4:	d01e      	beq.n	10004df4 <usbd_open_edpt_pair+0x8c>
10004db6:	7863      	ldrb	r3, [r4, #1]
10004db8:	2b05      	cmp	r3, #5
10004dba:	d111      	bne.n	10004de0 <usbd_open_edpt_pair+0x78>
10004dbc:	78e1      	ldrb	r1, [r4, #3]
10004dbe:	f001 0103 	and.w	r1, r1, #3
10004dc2:	42b1      	cmp	r1, r6
10004dc4:	d10c      	bne.n	10004de0 <usbd_open_edpt_pair+0x78>
10004dc6:	78a3      	ldrb	r3, [r4, #2]
10004dc8:	f897 a000 	ldrb.w	sl, [r7]
10004dcc:	f013 0f70 	tst.w	r3, #112	@ 0x70
10004dd0:	d0d9      	beq.n	10004d86 <usbd_open_edpt_pair+0x1e>
10004dd2:	f04f 23e0 	mov.w	r3, #3758153728	@ 0xe000e000
10004dd6:	f8d3 3df0 	ldr.w	r3, [r3, #3568]	@ 0xdf0
10004dda:	07da      	lsls	r2, r3, #31
10004ddc:	d500      	bpl.n	10004de0 <usbd_open_edpt_pair+0x78>
10004dde:	be00      	bkpt	0x0000
10004de0:	f04f 23e0 	mov.w	r3, #3758153728	@ 0xe000e000
10004de4:	f8d3 3df0 	ldr.w	r3, [r3, #3568]	@ 0xdf0
10004de8:	07db      	lsls	r3, r3, #31
10004dea:	d500      	bpl.n	10004dee <usbd_open_edpt_pair+0x86>
10004dec:	be00      	bkpt	0x0000
10004dee:	2000      	movs	r0, #0
10004df0:	e8bd 8ff8 	ldmia.w	sp!, {r3, r4, r5, r6, r7, r8, r9, sl, fp, pc}
10004df4:	2001      	movs	r0, #1
10004df6:	e8bd 8ff8 	ldmia.w	sp!, {r3, r4, r5, r6, r7, r8, r9, sl, fp, pc}
10004dfa:	bf00      	nop
10004dfc:	20001588 	.word	0x20001588
10004e00:	20001910 	.word	0x20001910

10004e04 <usbd_edpt_open>:
10004e04:	b538      	push	{r3, r4, r5, lr}
10004e06:	4b0e      	ldr	r3, [pc, #56]	@ (10004e40 <usbd_edpt_open+0x3c>)
10004e08:	781d      	ldrb	r5, [r3, #0]
10004e0a:	788b      	ldrb	r3, [r1, #2]
10004e0c:	f013 0f70 	tst.w	r3, #112	@ 0x70
10004e10:	d008      	beq.n	10004e24 <usbd_edpt_open+0x20>
10004e12:	f04f 23e0 	mov.w	r3, #3758153728	@ 0xe000e000
10004e16:	f8d3 3df0 	ldr.w	r3, [r3, #3568]	@ 0xdf0
10004e1a:	07db      	lsls	r3, r3, #31
10004e1c:	d500      	bpl.n	10004e20 <usbd_edpt_open+0x1c>
10004e1e:	be00      	bkpt	0x0000
10004e20:	2000      	movs	r0, #0
10004e22:	bd38      	pop	{r3, r4, r5, pc}
10004e24:	4b07      	ldr	r3, [pc, #28]	@ (10004e44 <usbd_edpt_open+0x40>)
10004e26:	460c      	mov	r4, r1
10004e28:	4608      	mov	r0, r1
10004e2a:	7899      	ldrb	r1, [r3, #2]
10004e2c:	f000 fcb0 	bl	10005790 <tu_edpt_validate>
10004e30:	2800      	cmp	r0, #0
10004e32:	d0ee      	beq.n	10004e12 <usbd_edpt_open+0xe>
10004e34:	4621      	mov	r1, r4
10004e36:	4628      	mov	r0, r5
10004e38:	e8bd 4038 	ldmia.w	sp!, {r3, r4, r5, lr}
10004e3c:	f7ff ba02 	b.w	10004244 <dcd_edpt_open>
10004e40:	20001588 	.word	0x20001588
10004e44:	20001910 	.word	0x20001910

10004e48 <usbd_edpt_claim>:
10004e48:	460b      	mov	r3, r1
10004e4a:	4a06      	ldr	r2, [pc, #24]	@ (10004e64 <usbd_edpt_claim+0x1c>)
10004e4c:	4806      	ldr	r0, [pc, #24]	@ (10004e68 <usbd_edpt_claim+0x20>)
10004e4e:	6811      	ldr	r1, [r2, #0]
10004e50:	09da      	lsrs	r2, r3, #7
10004e52:	3234      	adds	r2, #52	@ 0x34
10004e54:	f003 037f 	and.w	r3, r3, #127	@ 0x7f
10004e58:	eb02 0343 	add.w	r3, r2, r3, lsl #1
10004e5c:	4418      	add	r0, r3
10004e5e:	f000 bc51 	b.w	10005704 <tu_edpt_claim>
10004e62:	bf00      	nop
10004e64:	20001964 	.word	0x20001964
10004e68:	20001910 	.word	0x20001910

10004e6c <usbd_edpt_release>:
10004e6c:	460b      	mov	r3, r1
10004e6e:	4a06      	ldr	r2, [pc, #24]	@ (10004e88 <usbd_edpt_release+0x1c>)
10004e70:	4806      	ldr	r0, [pc, #24]	@ (10004e8c <usbd_edpt_release+0x20>)
10004e72:	6811      	ldr	r1, [r2, #0]
10004e74:	09da      	lsrs	r2, r3, #7
10004e76:	3234      	adds	r2, #52	@ 0x34
10004e78:	f003 037f 	and.w	r3, r3, #127	@ 0x7f
10004e7c:	eb02 0343 	add.w	r3, r2, r3, lsl #1
10004e80:	4418      	add	r0, r3
10004e82:	f000 bc69 	b.w	10005758 <tu_edpt_release>
10004e86:	bf00      	nop
10004e88:	20001964 	.word	0x20001964
10004e8c:	20001910 	.word	0x20001910

10004e90 <usbd_edpt_xfer>:
10004e90:	b510      	push	{r4, lr}
10004e92:	4c19      	ldr	r4, [pc, #100]	@ (10004ef8 <usbd_edpt_xfer+0x68>)
10004e94:	f001 0e7f 	and.w	lr, r1, #127	@ 0x7f
10004e98:	eb04 044e 	add.w	r4, r4, lr, lsl #1
10004e9c:	eb04 14d1 	add.w	r4, r4, r1, lsr #7
10004ea0:	f894 c034 	ldrb.w	ip, [r4, #52]	@ 0x34
10004ea4:	4815      	ldr	r0, [pc, #84]	@ (10004efc <usbd_edpt_xfer+0x6c>)
10004ea6:	f01c 0f01 	tst.w	ip, #1
10004eaa:	f104 0430 	add.w	r4, r4, #48	@ 0x30
10004eae:	7800      	ldrb	r0, [r0, #0]
10004eb0:	d008      	beq.n	10004ec4 <usbd_edpt_xfer+0x34>
10004eb2:	f04f 23e0 	mov.w	r3, #3758153728	@ 0xe000e000
10004eb6:	f8d3 3df0 	ldr.w	r3, [r3, #3568]	@ 0xdf0
10004eba:	07da      	lsls	r2, r3, #31
10004ebc:	d500      	bpl.n	10004ec0 <usbd_edpt_xfer+0x30>
10004ebe:	be00      	bkpt	0x0000
10004ec0:	2000      	movs	r0, #0
10004ec2:	bd10      	pop	{r4, pc}
10004ec4:	f894 c004 	ldrb.w	ip, [r4, #4]
10004ec8:	f04c 0c01 	orr.w	ip, ip, #1
10004ecc:	f884 c004 	strb.w	ip, [r4, #4]
10004ed0:	f7ff fa38 	bl	10004344 <dcd_edpt_xfer>
10004ed4:	2800      	cmp	r0, #0
10004ed6:	d1f4      	bne.n	10004ec2 <usbd_edpt_xfer+0x32>
10004ed8:	f04f 21e0 	mov.w	r1, #3758153728	@ 0xe000e000
10004edc:	7922      	ldrb	r2, [r4, #4]
10004ede:	f360 0200 	bfi	r2, r0, #0, #1
10004ee2:	7122      	strb	r2, [r4, #4]
10004ee4:	7922      	ldrb	r2, [r4, #4]
10004ee6:	f360 0282 	bfi	r2, r0, #2, #1
10004eea:	7122      	strb	r2, [r4, #4]
10004eec:	f8d1 3df0 	ldr.w	r3, [r1, #3568]	@ 0xdf0
10004ef0:	07db      	lsls	r3, r3, #31
10004ef2:	d5e5      	bpl.n	10004ec0 <usbd_edpt_xfer+0x30>
10004ef4:	e7e3      	b.n	10004ebe <usbd_edpt_xfer+0x2e>
10004ef6:	bf00      	nop
10004ef8:	20001910 	.word	0x20001910
10004efc:	20001588 	.word	0x20001588

10004f00 <tud_control_status>:
10004f00:	b530      	push	{r4, r5, lr}
10004f02:	4c0b      	ldr	r4, [pc, #44]	@ (10004f30 <tud_control_status+0x30>)
10004f04:	468c      	mov	ip, r1
10004f06:	46a6      	mov	lr, r4
10004f08:	4605      	mov	r5, r0
10004f0a:	6808      	ldr	r0, [r1, #0]
10004f0c:	6849      	ldr	r1, [r1, #4]
10004f0e:	2300      	movs	r3, #0
10004f10:	e8ae 0003 	stmia.w	lr!, {r0, r1}
10004f14:	f89c 1000 	ldrb.w	r1, [ip]
10004f18:	4628      	mov	r0, r5
10004f1a:	43c9      	mvns	r1, r1
10004f1c:	e9c4 3302 	strd	r3, r3, [r4, #8]
10004f20:	e8bd 4030 	ldmia.w	sp!, {r4, r5, lr}
10004f24:	461a      	mov	r2, r3
10004f26:	f001 0180 	and.w	r1, r1, #128	@ 0x80
10004f2a:	f7ff bfb1 	b.w	10004e90 <usbd_edpt_xfer>
10004f2e:	bf00      	nop
10004f30:	200018d0 	.word	0x200018d0

10004f34 <tud_control_xfer>:
10004f34:	e92d 41f0 	stmdb	sp!, {r4, r5, r6, r7, r8, lr}
10004f38:	4f27      	ldr	r7, [pc, #156]	@ (10004fd8 <tud_control_xfer+0xa4>)
10004f3a:	f04f 0800 	mov.w	r8, #0
10004f3e:	46be      	mov	lr, r7
10004f40:	468c      	mov	ip, r1
10004f42:	4606      	mov	r6, r0
10004f44:	6808      	ldr	r0, [r1, #0]
10004f46:	6849      	ldr	r1, [r1, #4]
10004f48:	60ba      	str	r2, [r7, #8]
10004f4a:	e8ae 0003 	stmia.w	lr!, {r0, r1}
10004f4e:	f8a7 800e 	strh.w	r8, [r7, #14]
10004f52:	4615      	mov	r5, r2
10004f54:	f8bc 2006 	ldrh.w	r2, [ip, #6]
10004f58:	4293      	cmp	r3, r2
10004f5a:	bf28      	it	cs
10004f5c:	4613      	movcs	r3, r2
10004f5e:	81bb      	strh	r3, [r7, #12]
10004f60:	b19a      	cbz	r2, 10004f8a <tud_control_xfer+0x56>
10004f62:	461c      	mov	r4, r3
10004f64:	b32b      	cbz	r3, 10004fb2 <tud_control_xfer+0x7e>
10004f66:	b1dd      	cbz	r5, 10004fa0 <tud_control_xfer+0x6c>
10004f68:	f997 3000 	ldrsb.w	r3, [r7]
10004f6c:	2c40      	cmp	r4, #64	@ 0x40
10004f6e:	bf28      	it	cs
10004f70:	2440      	movcs	r4, #64	@ 0x40
10004f72:	2b00      	cmp	r3, #0
10004f74:	db28      	blt.n	10004fc8 <tud_control_xfer+0x94>
10004f76:	4641      	mov	r1, r8
10004f78:	4623      	mov	r3, r4
10004f7a:	4630      	mov	r0, r6
10004f7c:	4a17      	ldr	r2, [pc, #92]	@ (10004fdc <tud_control_xfer+0xa8>)
10004f7e:	f7ff ff87 	bl	10004e90 <usbd_edpt_xfer>
10004f82:	b168      	cbz	r0, 10004fa0 <tud_control_xfer+0x6c>
10004f84:	2001      	movs	r0, #1
10004f86:	e8bd 81f0 	ldmia.w	sp!, {r4, r5, r6, r7, r8, pc}
10004f8a:	f89c 1000 	ldrb.w	r1, [ip]
10004f8e:	4613      	mov	r3, r2
10004f90:	43c9      	mvns	r1, r1
10004f92:	4630      	mov	r0, r6
10004f94:	f001 0180 	and.w	r1, r1, #128	@ 0x80
10004f98:	f7ff ff7a 	bl	10004e90 <usbd_edpt_xfer>
10004f9c:	2800      	cmp	r0, #0
10004f9e:	d1f1      	bne.n	10004f84 <tud_control_xfer+0x50>
10004fa0:	f04f 23e0 	mov.w	r3, #3758153728	@ 0xe000e000
10004fa4:	f8d3 3df0 	ldr.w	r3, [r3, #3568]	@ 0xdf0
10004fa8:	07db      	lsls	r3, r3, #31
10004faa:	d500      	bpl.n	10004fae <tud_control_xfer+0x7a>
10004fac:	be00      	bkpt	0x0000
10004fae:	2000      	movs	r0, #0
10004fb0:	e7e9      	b.n	10004f86 <tud_control_xfer+0x52>
10004fb2:	461a      	mov	r2, r3
10004fb4:	7839      	ldrb	r1, [r7, #0]
10004fb6:	f001 0180 	and.w	r1, r1, #128	@ 0x80
10004fba:	4623      	mov	r3, r4
10004fbc:	4630      	mov	r0, r6
10004fbe:	f7ff ff67 	bl	10004e90 <usbd_edpt_xfer>
10004fc2:	2800      	cmp	r0, #0
10004fc4:	d1de      	bne.n	10004f84 <tud_control_xfer+0x50>
10004fc6:	e7eb      	b.n	10004fa0 <tud_control_xfer+0x6c>
10004fc8:	4622      	mov	r2, r4
10004fca:	4629      	mov	r1, r5
10004fcc:	4803      	ldr	r0, [pc, #12]	@ (10004fdc <tud_control_xfer+0xa8>)
10004fce:	f000 fed7 	bl	10005d80 <memcpy>
10004fd2:	2180      	movs	r1, #128	@ 0x80
10004fd4:	4a01      	ldr	r2, [pc, #4]	@ (10004fdc <tud_control_xfer+0xa8>)
10004fd6:	e7f0      	b.n	10004fba <tud_control_xfer+0x86>
10004fd8:	200018d0 	.word	0x200018d0
10004fdc:	20001890 	.word	0x20001890

10004fe0 <usbd_control_reset>:
10004fe0:	2200      	movs	r2, #0
10004fe2:	4b03      	ldr	r3, [pc, #12]	@ (10004ff0 <usbd_control_reset+0x10>)
10004fe4:	e9c3 2200 	strd	r2, r2, [r3]
10004fe8:	e9c3 2202 	strd	r2, r2, [r3, #8]
10004fec:	611a      	str	r2, [r3, #16]
10004fee:	4770      	bx	lr
10004ff0:	200018d0 	.word	0x200018d0

10004ff4 <usbd_control_set_complete_callback>:
10004ff4:	4b01      	ldr	r3, [pc, #4]	@ (10004ffc <usbd_control_set_complete_callback+0x8>)
10004ff6:	6118      	str	r0, [r3, #16]
10004ff8:	4770      	bx	lr
10004ffa:	bf00      	nop
10004ffc:	200018d0 	.word	0x200018d0

10005000 <usbd_control_set_request>:
10005000:	b430      	push	{r4, r5}
10005002:	4602      	mov	r2, r0
10005004:	4c04      	ldr	r4, [pc, #16]	@ (10005018 <usbd_control_set_request+0x18>)
10005006:	2500      	movs	r5, #0
10005008:	4623      	mov	r3, r4
1000500a:	6800      	ldr	r0, [r0, #0]
1000500c:	6851      	ldr	r1, [r2, #4]
1000500e:	e9c4 5502 	strd	r5, r5, [r4, #8]
10005012:	bc30      	pop	{r4, r5}
10005014:	c303      	stmia	r3!, {r0, r1}
10005016:	4770      	bx	lr
10005018:	200018d0 	.word	0x200018d0

1000501c <usbd_control_xfer_cb>:
1000501c:	b570      	push	{r4, r5, r6, lr}
1000501e:	4c3c      	ldr	r4, [pc, #240]	@ (10005110 <usbd_control_xfer_cb+0xf4>)
10005020:	09c9      	lsrs	r1, r1, #7
10005022:	7822      	ldrb	r2, [r4, #0]
10005024:	4606      	mov	r6, r0
10005026:	ebb1 1fd2 	cmp.w	r1, r2, lsr #7
1000502a:	461d      	mov	r5, r3
1000502c:	b082      	sub	sp, #8
1000502e:	d017      	beq.n	10005060 <usbd_control_xfer_cb+0x44>
10005030:	b153      	cbz	r3, 10005048 <usbd_control_xfer_cb+0x2c>
10005032:	f04f 23e0 	mov.w	r3, #3758153728	@ 0xe000e000
10005036:	f8d3 3df0 	ldr.w	r3, [r3, #3568]	@ 0xdf0
1000503a:	07db      	lsls	r3, r3, #31
1000503c:	d402      	bmi.n	10005044 <usbd_control_xfer_cb+0x28>
1000503e:	2000      	movs	r0, #0
10005040:	b002      	add	sp, #8
10005042:	bd70      	pop	{r4, r5, r6, pc}
10005044:	be00      	bkpt	0x0000
10005046:	e7fa      	b.n	1000503e <usbd_control_xfer_cb+0x22>
10005048:	4621      	mov	r1, r4
1000504a:	f7ff f8ed 	bl	10004228 <dcd_edpt0_status_complete>
1000504e:	6923      	ldr	r3, [r4, #16]
10005050:	b11b      	cbz	r3, 1000505a <usbd_control_xfer_cb+0x3e>
10005052:	4622      	mov	r2, r4
10005054:	2103      	movs	r1, #3
10005056:	4630      	mov	r0, r6
10005058:	4798      	blx	r3
1000505a:	2001      	movs	r0, #1
1000505c:	b002      	add	sp, #8
1000505e:	bd70      	pop	{r4, r5, r6, pc}
10005060:	f994 3000 	ldrsb.w	r3, [r4]
10005064:	68a0      	ldr	r0, [r4, #8]
10005066:	2b00      	cmp	r3, #0
10005068:	db05      	blt.n	10005076 <usbd_control_xfer_cb+0x5a>
1000506a:	2800      	cmp	r0, #0
1000506c:	d0e7      	beq.n	1000503e <usbd_control_xfer_cb+0x22>
1000506e:	462a      	mov	r2, r5
10005070:	4928      	ldr	r1, [pc, #160]	@ (10005114 <usbd_control_xfer_cb+0xf8>)
10005072:	f000 fe85 	bl	10005d80 <memcpy>
10005076:	89e0      	ldrh	r0, [r4, #14]
10005078:	68a1      	ldr	r1, [r4, #8]
1000507a:	88e3      	ldrh	r3, [r4, #6]
1000507c:	4428      	add	r0, r5
1000507e:	b280      	uxth	r0, r0
10005080:	4429      	add	r1, r5
10005082:	4283      	cmp	r3, r0
10005084:	81e0      	strh	r0, [r4, #14]
10005086:	60a1      	str	r1, [r4, #8]
10005088:	d016      	beq.n	100050b8 <usbd_control_xfer_cb+0x9c>
1000508a:	2d3f      	cmp	r5, #63	@ 0x3f
1000508c:	d914      	bls.n	100050b8 <usbd_control_xfer_cb+0x9c>
1000508e:	89a2      	ldrh	r2, [r4, #12]
10005090:	f994 4000 	ldrsb.w	r4, [r4]
10005094:	1a13      	subs	r3, r2, r0
10005096:	b29b      	uxth	r3, r3
10005098:	2b40      	cmp	r3, #64	@ 0x40
1000509a:	bf28      	it	cs
1000509c:	2340      	movcs	r3, #64	@ 0x40
1000509e:	2c00      	cmp	r4, #0
100050a0:	db26      	blt.n	100050f0 <usbd_control_xfer_cb+0xd4>
100050a2:	4290      	cmp	r0, r2
100050a4:	f04f 0100 	mov.w	r1, #0
100050a8:	d030      	beq.n	1000510c <usbd_control_xfer_cb+0xf0>
100050aa:	4a1a      	ldr	r2, [pc, #104]	@ (10005114 <usbd_control_xfer_cb+0xf8>)
100050ac:	4630      	mov	r0, r6
100050ae:	f7ff feef 	bl	10004e90 <usbd_edpt_xfer>
100050b2:	2800      	cmp	r0, #0
100050b4:	d1d1      	bne.n	1000505a <usbd_control_xfer_cb+0x3e>
100050b6:	e7bc      	b.n	10005032 <usbd_control_xfer_cb+0x16>
100050b8:	6923      	ldr	r3, [r4, #16]
100050ba:	b123      	cbz	r3, 100050c6 <usbd_control_xfer_cb+0xaa>
100050bc:	2102      	movs	r1, #2
100050be:	4630      	mov	r0, r6
100050c0:	4a13      	ldr	r2, [pc, #76]	@ (10005110 <usbd_control_xfer_cb+0xf4>)
100050c2:	4798      	blx	r3
100050c4:	b158      	cbz	r0, 100050de <usbd_control_xfer_cb+0xc2>
100050c6:	7821      	ldrb	r1, [r4, #0]
100050c8:	2300      	movs	r3, #0
100050ca:	43c9      	mvns	r1, r1
100050cc:	4630      	mov	r0, r6
100050ce:	461a      	mov	r2, r3
100050d0:	f001 0180 	and.w	r1, r1, #128	@ 0x80
100050d4:	f7ff fedc 	bl	10004e90 <usbd_edpt_xfer>
100050d8:	2800      	cmp	r0, #0
100050da:	d1be      	bne.n	1000505a <usbd_control_xfer_cb+0x3e>
100050dc:	e7a9      	b.n	10005032 <usbd_control_xfer_cb+0x16>
100050de:	4601      	mov	r1, r0
100050e0:	4630      	mov	r0, r6
100050e2:	f7ff f943 	bl	1000436c <dcd_edpt_stall>
100050e6:	2180      	movs	r1, #128	@ 0x80
100050e8:	4630      	mov	r0, r6
100050ea:	f7ff f93f 	bl	1000436c <dcd_edpt_stall>
100050ee:	e7b4      	b.n	1000505a <usbd_control_xfer_cb+0x3e>
100050f0:	4290      	cmp	r0, r2
100050f2:	d008      	beq.n	10005106 <usbd_control_xfer_cb+0xea>
100050f4:	461a      	mov	r2, r3
100050f6:	4807      	ldr	r0, [pc, #28]	@ (10005114 <usbd_control_xfer_cb+0xf8>)
100050f8:	9301      	str	r3, [sp, #4]
100050fa:	f000 fe41 	bl	10005d80 <memcpy>
100050fe:	2180      	movs	r1, #128	@ 0x80
10005100:	4a04      	ldr	r2, [pc, #16]	@ (10005114 <usbd_control_xfer_cb+0xf8>)
10005102:	9b01      	ldr	r3, [sp, #4]
10005104:	e7d2      	b.n	100050ac <usbd_control_xfer_cb+0x90>
10005106:	2180      	movs	r1, #128	@ 0x80
10005108:	2200      	movs	r2, #0
1000510a:	e7cf      	b.n	100050ac <usbd_control_xfer_cb+0x90>
1000510c:	460a      	mov	r2, r1
1000510e:	e7cd      	b.n	100050ac <usbd_control_xfer_cb+0x90>
10005110:	200018d0 	.word	0x200018d0
10005114:	20001890 	.word	0x20001890

10005118 <_prep_out_transaction.isra.0>:
10005118:	e92d 41f0 	stmdb	sp!, {r4, r5, r6, r7, r8, lr}
1000511c:	4604      	mov	r4, r0
1000511e:	f7ff f9e7 	bl	100044f0 <tud_mounted>
10005122:	b908      	cbnz	r0, 10005128 <_prep_out_transaction.isra.0+0x10>
10005124:	e8bd 81f0 	ldmia.w	sp!, {r4, r5, r6, r7, r8, pc}
10005128:	f7ff f9ea 	bl	10004500 <tud_suspended>
1000512c:	4607      	mov	r7, r0
1000512e:	2800      	cmp	r0, #0
10005130:	d1f8      	bne.n	10005124 <_prep_out_transaction.isra.0+0xc>
10005132:	22c8      	movs	r2, #200	@ 0xc8
10005134:	4b13      	ldr	r3, [pc, #76]	@ (10005184 <_prep_out_transaction.isra.0+0x6c>)
10005136:	fb02 3604 	mla	r6, r2, r4, r3
1000513a:	78f1      	ldrb	r1, [r6, #3]
1000513c:	2900      	cmp	r1, #0
1000513e:	d0f1      	beq.n	10005124 <_prep_out_transaction.isra.0+0xc>
10005140:	f106 0510 	add.w	r5, r6, #16
10005144:	4628      	mov	r0, r5
10005146:	f000 fbcb 	bl	100058e0 <tu_fifo_remaining>
1000514a:	283f      	cmp	r0, #63	@ 0x3f
1000514c:	d9ea      	bls.n	10005124 <_prep_out_transaction.isra.0+0xc>
1000514e:	4638      	mov	r0, r7
10005150:	78f1      	ldrb	r1, [r6, #3]
10005152:	f7ff fe79 	bl	10004e48 <usbd_edpt_claim>
10005156:	2800      	cmp	r0, #0
10005158:	d0e4      	beq.n	10005124 <_prep_out_transaction.isra.0+0xc>
1000515a:	4628      	mov	r0, r5
1000515c:	f000 fbc0 	bl	100058e0 <tu_fifo_remaining>
10005160:	283f      	cmp	r0, #63	@ 0x3f
10005162:	d909      	bls.n	10005178 <_prep_out_transaction.isra.0+0x60>
10005164:	4a08      	ldr	r2, [pc, #32]	@ (10005188 <_prep_out_transaction.isra.0+0x70>)
10005166:	4638      	mov	r0, r7
10005168:	78f1      	ldrb	r1, [r6, #3]
1000516a:	eb02 12c4 	add.w	r2, r2, r4, lsl #7
1000516e:	2340      	movs	r3, #64	@ 0x40
10005170:	e8bd 41f0 	ldmia.w	sp!, {r4, r5, r6, r7, r8, lr}
10005174:	f7ff be8c 	b.w	10004e90 <usbd_edpt_xfer>
10005178:	4638      	mov	r0, r7
1000517a:	78f1      	ldrb	r1, [r6, #3]
1000517c:	e8bd 41f0 	ldmia.w	sp!, {r4, r5, r6, r7, r8, lr}
10005180:	f7ff be74 	b.w	10004e6c <usbd_edpt_release>
10005184:	200015a0 	.word	0x200015a0
10005188:	2000180c 	.word	0x2000180c

1000518c <tud_cdc_n_connected>:
1000518c:	b510      	push	{r4, lr}
1000518e:	4604      	mov	r4, r0
10005190:	f7ff f9ae 	bl	100044f0 <tud_mounted>
10005194:	b908      	cbnz	r0, 1000519a <tud_cdc_n_connected+0xe>
10005196:	2000      	movs	r0, #0
10005198:	bd10      	pop	{r4, pc}
1000519a:	f7ff f9b1 	bl	10004500 <tud_suspended>
1000519e:	2800      	cmp	r0, #0
100051a0:	d1f9      	bne.n	10005196 <tud_cdc_n_connected+0xa>
100051a2:	22c8      	movs	r2, #200	@ 0xc8
100051a4:	4b03      	ldr	r3, [pc, #12]	@ (100051b4 <tud_cdc_n_connected+0x28>)
100051a6:	fb02 3304 	mla	r3, r2, r4, r3
100051aa:	7918      	ldrb	r0, [r3, #4]
100051ac:	f000 0001 	and.w	r0, r0, #1
100051b0:	bd10      	pop	{r4, pc}
100051b2:	bf00      	nop
100051b4:	200015a0 	.word	0x200015a0

100051b8 <tud_cdc_n_available>:
100051b8:	21c8      	movs	r1, #200	@ 0xc8
100051ba:	b508      	push	{r3, lr}
100051bc:	2310      	movs	r3, #16
100051be:	fb01 3000 	mla	r0, r1, r0, r3
100051c2:	4a02      	ldr	r2, [pc, #8]	@ (100051cc <tud_cdc_n_available+0x14>)
100051c4:	4410      	add	r0, r2
100051c6:	f000 fb71 	bl	100058ac <tu_fifo_count>
100051ca:	bd08      	pop	{r3, pc}
100051cc:	200015a0 	.word	0x200015a0

100051d0 <tud_cdc_n_read>:
100051d0:	e92d 43f8 	stmdb	sp!, {r3, r4, r5, r6, r7, r8, r9, lr}
100051d4:	f64f 73ff 	movw	r3, #65535	@ 0xffff
100051d8:	f04f 08c8 	mov.w	r8, #200	@ 0xc8
100051dc:	2410      	movs	r4, #16
100051de:	429a      	cmp	r2, r3
100051e0:	bf28      	it	cs
100051e2:	461a      	movcs	r2, r3
100051e4:	fb18 4400 	smlabb	r4, r8, r0, r4
100051e8:	4f1a      	ldr	r7, [pc, #104]	@ (10005254 <tud_cdc_n_read+0x84>)
100051ea:	4606      	mov	r6, r0
100051ec:	443c      	add	r4, r7
100051ee:	4620      	mov	r0, r4
100051f0:	b292      	uxth	r2, r2
100051f2:	f000 fbd1 	bl	10005998 <tu_fifo_read_n>
100051f6:	4605      	mov	r5, r0
100051f8:	f7ff f97a 	bl	100044f0 <tud_mounted>
100051fc:	b910      	cbnz	r0, 10005204 <tud_cdc_n_read+0x34>
100051fe:	4628      	mov	r0, r5
10005200:	e8bd 83f8 	ldmia.w	sp!, {r3, r4, r5, r6, r7, r8, r9, pc}
10005204:	f7ff f97c 	bl	10004500 <tud_suspended>
10005208:	4681      	mov	r9, r0
1000520a:	2800      	cmp	r0, #0
1000520c:	d1f7      	bne.n	100051fe <tud_cdc_n_read+0x2e>
1000520e:	fb08 7706 	mla	r7, r8, r6, r7
10005212:	78fb      	ldrb	r3, [r7, #3]
10005214:	2b00      	cmp	r3, #0
10005216:	d0f2      	beq.n	100051fe <tud_cdc_n_read+0x2e>
10005218:	4620      	mov	r0, r4
1000521a:	f000 fb61 	bl	100058e0 <tu_fifo_remaining>
1000521e:	283f      	cmp	r0, #63	@ 0x3f
10005220:	d9ed      	bls.n	100051fe <tud_cdc_n_read+0x2e>
10005222:	4648      	mov	r0, r9
10005224:	78f9      	ldrb	r1, [r7, #3]
10005226:	f7ff fe0f 	bl	10004e48 <usbd_edpt_claim>
1000522a:	2800      	cmp	r0, #0
1000522c:	d0e7      	beq.n	100051fe <tud_cdc_n_read+0x2e>
1000522e:	4620      	mov	r0, r4
10005230:	f000 fb56 	bl	100058e0 <tu_fifo_remaining>
10005234:	283f      	cmp	r0, #63	@ 0x3f
10005236:	d908      	bls.n	1000524a <tud_cdc_n_read+0x7a>
10005238:	4a07      	ldr	r2, [pc, #28]	@ (10005258 <tud_cdc_n_read+0x88>)
1000523a:	4648      	mov	r0, r9
1000523c:	2340      	movs	r3, #64	@ 0x40
1000523e:	78f9      	ldrb	r1, [r7, #3]
10005240:	eb02 12c6 	add.w	r2, r2, r6, lsl #7
10005244:	f7ff fe24 	bl	10004e90 <usbd_edpt_xfer>
10005248:	e7d9      	b.n	100051fe <tud_cdc_n_read+0x2e>
1000524a:	4648      	mov	r0, r9
1000524c:	78f9      	ldrb	r1, [r7, #3]
1000524e:	f7ff fe0d 	bl	10004e6c <usbd_edpt_release>
10005252:	e7d4      	b.n	100051fe <tud_cdc_n_read+0x2e>
10005254:	200015a0 	.word	0x200015a0
10005258:	2000180c 	.word	0x2000180c

1000525c <tud_cdc_n_write_flush>:
1000525c:	e92d 41f0 	stmdb	sp!, {r4, r5, r6, r7, r8, lr}
10005260:	4605      	mov	r5, r0
10005262:	f7ff f945 	bl	100044f0 <tud_mounted>
10005266:	b910      	cbnz	r0, 1000526e <tud_cdc_n_write_flush+0x12>
10005268:	2000      	movs	r0, #0
1000526a:	e8bd 81f0 	ldmia.w	sp!, {r4, r5, r6, r7, r8, pc}
1000526e:	f7ff f947 	bl	10004500 <tud_suspended>
10005272:	4606      	mov	r6, r0
10005274:	2800      	cmp	r0, #0
10005276:	d1f7      	bne.n	10005268 <tud_cdc_n_write_flush+0xc>
10005278:	f04f 08c8 	mov.w	r8, #200	@ 0xc8
1000527c:	2424      	movs	r4, #36	@ 0x24
1000527e:	fb18 4405 	smlabb	r4, r8, r5, r4
10005282:	4f17      	ldr	r7, [pc, #92]	@ (100052e0 <tud_cdc_n_write_flush+0x84>)
10005284:	443c      	add	r4, r7
10005286:	4620      	mov	r0, r4
10005288:	f000 fb10 	bl	100058ac <tu_fifo_count>
1000528c:	2800      	cmp	r0, #0
1000528e:	d0eb      	beq.n	10005268 <tud_cdc_n_write_flush+0xc>
10005290:	fb08 7705 	mla	r7, r8, r5, r7
10005294:	4630      	mov	r0, r6
10005296:	78b9      	ldrb	r1, [r7, #2]
10005298:	f7ff fdd6 	bl	10004e48 <usbd_edpt_claim>
1000529c:	2800      	cmp	r0, #0
1000529e:	d0e3      	beq.n	10005268 <tud_cdc_n_write_flush+0xc>
100052a0:	2240      	movs	r2, #64	@ 0x40
100052a2:	4b10      	ldr	r3, [pc, #64]	@ (100052e4 <tud_cdc_n_write_flush+0x88>)
100052a4:	4620      	mov	r0, r4
100052a6:	eb02 14c5 	add.w	r4, r2, r5, lsl #7
100052aa:	441c      	add	r4, r3
100052ac:	4621      	mov	r1, r4
100052ae:	f000 fb73 	bl	10005998 <tu_fifo_read_n>
100052b2:	4605      	mov	r5, r0
100052b4:	b180      	cbz	r0, 100052d8 <tud_cdc_n_write_flush+0x7c>
100052b6:	4603      	mov	r3, r0
100052b8:	4622      	mov	r2, r4
100052ba:	4630      	mov	r0, r6
100052bc:	78b9      	ldrb	r1, [r7, #2]
100052be:	f7ff fde7 	bl	10004e90 <usbd_edpt_xfer>
100052c2:	b938      	cbnz	r0, 100052d4 <tud_cdc_n_write_flush+0x78>
100052c4:	f04f 23e0 	mov.w	r3, #3758153728	@ 0xe000e000
100052c8:	f8d3 3df0 	ldr.w	r3, [r3, #3568]	@ 0xdf0
100052cc:	07db      	lsls	r3, r3, #31
100052ce:	d5cb      	bpl.n	10005268 <tud_cdc_n_write_flush+0xc>
100052d0:	be00      	bkpt	0x0000
100052d2:	e7c9      	b.n	10005268 <tud_cdc_n_write_flush+0xc>
100052d4:	4628      	mov	r0, r5
100052d6:	e7c8      	b.n	1000526a <tud_cdc_n_write_flush+0xe>
100052d8:	78b9      	ldrb	r1, [r7, #2]
100052da:	f7ff fdc7 	bl	10004e6c <usbd_edpt_release>
100052de:	e7c3      	b.n	10005268 <tud_cdc_n_write_flush+0xc>
100052e0:	200015a0 	.word	0x200015a0
100052e4:	2000180c 	.word	0x2000180c

100052e8 <tud_cdc_n_write>:
100052e8:	b538      	push	{r3, r4, r5, lr}
100052ea:	f64f 73ff 	movw	r3, #65535	@ 0xffff
100052ee:	f04f 0c24 	mov.w	ip, #36	@ 0x24
100052f2:	24c8      	movs	r4, #200	@ 0xc8
100052f4:	429a      	cmp	r2, r3
100052f6:	bf28      	it	cs
100052f8:	461a      	movcs	r2, r3
100052fa:	fb14 c400 	smlabb	r4, r4, r0, ip
100052fe:	4b0a      	ldr	r3, [pc, #40]	@ (10005328 <tud_cdc_n_write+0x40>)
10005300:	b292      	uxth	r2, r2
10005302:	441c      	add	r4, r3
10005304:	4605      	mov	r5, r0
10005306:	4620      	mov	r0, r4
10005308:	f000 fc02 	bl	10005b10 <tu_fifo_write_n>
1000530c:	4603      	mov	r3, r0
1000530e:	4620      	mov	r0, r4
10005310:	461c      	mov	r4, r3
10005312:	f000 facb 	bl	100058ac <tu_fifo_count>
10005316:	283f      	cmp	r0, #63	@ 0x3f
10005318:	d801      	bhi.n	1000531e <tud_cdc_n_write+0x36>
1000531a:	4620      	mov	r0, r4
1000531c:	bd38      	pop	{r3, r4, r5, pc}
1000531e:	4628      	mov	r0, r5
10005320:	f7ff ff9c 	bl	1000525c <tud_cdc_n_write_flush>
10005324:	4620      	mov	r0, r4
10005326:	bd38      	pop	{r3, r4, r5, pc}
10005328:	200015a0 	.word	0x200015a0

1000532c <tud_cdc_n_write_available>:
1000532c:	21c8      	movs	r1, #200	@ 0xc8
1000532e:	b508      	push	{r3, lr}
10005330:	2324      	movs	r3, #36	@ 0x24
10005332:	fb01 3000 	mla	r0, r1, r0, r3
10005336:	4a02      	ldr	r2, [pc, #8]	@ (10005340 <tud_cdc_n_write_available+0x14>)
10005338:	4410      	add	r0, r2
1000533a:	f000 fad1 	bl	100058e0 <tu_fifo_remaining>
1000533e:	bd08      	pop	{r3, pc}
10005340:	200015a0 	.word	0x200015a0

10005344 <cdcd_init>:
10005344:	b5f0      	push	{r4, r5, r6, r7, lr}
10005346:	4c19      	ldr	r4, [pc, #100]	@ (100053ac <cdcd_init+0x68>)
10005348:	b083      	sub	sp, #12
1000534a:	22c8      	movs	r2, #200	@ 0xc8
1000534c:	2100      	movs	r1, #0
1000534e:	4620      	mov	r0, r4
10005350:	f000 fcc4 	bl	10005cdc <memset>
10005354:	2500      	movs	r5, #0
10005356:	23ff      	movs	r3, #255	@ 0xff
10005358:	f44f 31e1 	mov.w	r1, #115200	@ 0x1c200
1000535c:	2208      	movs	r2, #8
1000535e:	4814      	ldr	r0, [pc, #80]	@ (100053b0 <cdcd_init+0x6c>)
10005360:	f104 07b8 	add.w	r7, r4, #184	@ 0xb8
10005364:	7005      	strb	r5, [r0, #0]
10005366:	9500      	str	r5, [sp, #0]
10005368:	f104 0010 	add.w	r0, r4, #16
1000536c:	7163      	strb	r3, [r4, #5]
1000536e:	60a1      	str	r1, [r4, #8]
10005370:	73a2      	strb	r2, [r4, #14]
10005372:	f104 0138 	add.w	r1, r4, #56	@ 0x38
10005376:	2301      	movs	r3, #1
10005378:	2240      	movs	r2, #64	@ 0x40
1000537a:	f000 fa67 	bl	1000584c <tu_fifo_config>
1000537e:	2301      	movs	r3, #1
10005380:	2240      	movs	r2, #64	@ 0x40
10005382:	f104 0178 	add.w	r1, r4, #120	@ 0x78
10005386:	9300      	str	r3, [sp, #0]
10005388:	f104 0024 	add.w	r0, r4, #36	@ 0x24
1000538c:	f000 fa5e 	bl	1000584c <tu_fifo_config>
10005390:	f104 06c0 	add.w	r6, r4, #192	@ 0xc0
10005394:	4638      	mov	r0, r7
10005396:	f7fb fd3d 	bl	10000e14 <mutex_init>
1000539a:	4630      	mov	r0, r6
1000539c:	f7fb fd3a 	bl	10000e14 <mutex_init>
100053a0:	e9c4 5707 	strd	r5, r7, [r4, #28]
100053a4:	e9c4 650c 	strd	r6, r5, [r4, #48]	@ 0x30
100053a8:	b003      	add	sp, #12
100053aa:	bdf0      	pop	{r4, r5, r6, r7, pc}
100053ac:	200015a0 	.word	0x200015a0
100053b0:	2000188c 	.word	0x2000188c

100053b4 <cdcd_deinit>:
100053b4:	4b09      	ldr	r3, [pc, #36]	@ (100053dc <cdcd_deinit+0x28>)
100053b6:	6b19      	ldr	r1, [r3, #48]	@ 0x30
100053b8:	b149      	cbz	r1, 100053ce <cdcd_deinit+0x1a>
100053ba:	6a1a      	ldr	r2, [r3, #32]
100053bc:	b112      	cbz	r2, 100053c4 <cdcd_deinit+0x10>
100053be:	2200      	movs	r2, #0
100053c0:	e9c3 2207 	strd	r2, r2, [r3, #28]
100053c4:	2200      	movs	r2, #0
100053c6:	e9c3 220c 	strd	r2, r2, [r3, #48]	@ 0x30
100053ca:	2001      	movs	r0, #1
100053cc:	4770      	bx	lr
100053ce:	6a1a      	ldr	r2, [r3, #32]
100053d0:	2a00      	cmp	r2, #0
100053d2:	d0fa      	beq.n	100053ca <cdcd_deinit+0x16>
100053d4:	2001      	movs	r0, #1
100053d6:	e9c3 1107 	strd	r1, r1, [r3, #28]
100053da:	4770      	bx	lr
100053dc:	200015a0 	.word	0x200015a0

100053e0 <cdcd_reset>:
100053e0:	2200      	movs	r2, #0
100053e2:	b510      	push	{r4, lr}
100053e4:	4c0e      	ldr	r4, [pc, #56]	@ (10005420 <cdcd_reset+0x40>)
100053e6:	480f      	ldr	r0, [pc, #60]	@ (10005424 <cdcd_reset+0x44>)
100053e8:	7823      	ldrb	r3, [r4, #0]
100053ea:	6002      	str	r2, [r0, #0]
100053ec:	7102      	strb	r2, [r0, #4]
100053ee:	07da      	lsls	r2, r3, #31
100053f0:	d507      	bpl.n	10005402 <cdcd_reset+0x22>
100053f2:	079b      	lsls	r3, r3, #30
100053f4:	d50b      	bpl.n	1000540e <cdcd_reset+0x2e>
100053f6:	e8bd 4010 	ldmia.w	sp!, {r4, lr}
100053fa:	2101      	movs	r1, #1
100053fc:	480a      	ldr	r0, [pc, #40]	@ (10005428 <cdcd_reset+0x48>)
100053fe:	f000 bc4f 	b.w	10005ca0 <tu_fifo_set_overwritable>
10005402:	3010      	adds	r0, #16
10005404:	f000 fc30 	bl	10005c68 <tu_fifo_clear>
10005408:	7823      	ldrb	r3, [r4, #0]
1000540a:	079b      	lsls	r3, r3, #30
1000540c:	d4f3      	bmi.n	100053f6 <cdcd_reset+0x16>
1000540e:	4806      	ldr	r0, [pc, #24]	@ (10005428 <cdcd_reset+0x48>)
10005410:	f000 fc2a 	bl	10005c68 <tu_fifo_clear>
10005414:	e8bd 4010 	ldmia.w	sp!, {r4, lr}
10005418:	2101      	movs	r1, #1
1000541a:	4803      	ldr	r0, [pc, #12]	@ (10005428 <cdcd_reset+0x48>)
1000541c:	f000 bc40 	b.w	10005ca0 <tu_fifo_set_overwritable>
10005420:	2000188c 	.word	0x2000188c
10005424:	200015a0 	.word	0x200015a0
10005428:	200015c4 	.word	0x200015c4

1000542c <cdcd_open>:
1000542c:	b5f0      	push	{r4, r5, r6, r7, lr}
1000542e:	794b      	ldrb	r3, [r1, #5]
10005430:	b083      	sub	sp, #12
10005432:	2b02      	cmp	r3, #2
10005434:	d003      	beq.n	1000543e <cdcd_open+0x12>
10005436:	2500      	movs	r5, #0
10005438:	4628      	mov	r0, r5
1000543a:	b003      	add	sp, #12
1000543c:	bdf0      	pop	{r4, r5, r6, r7, pc}
1000543e:	798b      	ldrb	r3, [r1, #6]
10005440:	2b02      	cmp	r3, #2
10005442:	d1f8      	bne.n	10005436 <cdcd_open+0xa>
10005444:	4f26      	ldr	r7, [pc, #152]	@ (100054e0 <cdcd_open+0xb4>)
10005446:	78bb      	ldrb	r3, [r7, #2]
10005448:	b13b      	cbz	r3, 1000545a <cdcd_open+0x2e>
1000544a:	f04f 23e0 	mov.w	r3, #3758153728	@ 0xe000e000
1000544e:	f8d3 3df0 	ldr.w	r3, [r3, #3568]	@ 0xdf0
10005452:	07db      	lsls	r3, r3, #31
10005454:	d5ef      	bpl.n	10005436 <cdcd_open+0xa>
10005456:	be00      	bkpt	0x0000
10005458:	e7ed      	b.n	10005436 <cdcd_open+0xa>
1000545a:	788b      	ldrb	r3, [r1, #2]
1000545c:	4606      	mov	r6, r0
1000545e:	703b      	strb	r3, [r7, #0]
10005460:	780b      	ldrb	r3, [r1, #0]
10005462:	2509      	movs	r5, #9
10005464:	18cc      	adds	r4, r1, r3
10005466:	7861      	ldrb	r1, [r4, #1]
10005468:	2924      	cmp	r1, #36	@ 0x24
1000546a:	d10b      	bne.n	10005484 <cdcd_open+0x58>
1000546c:	2a08      	cmp	r2, #8
1000546e:	d802      	bhi.n	10005476 <cdcd_open+0x4a>
10005470:	e00f      	b.n	10005492 <cdcd_open+0x66>
10005472:	42aa      	cmp	r2, r5
10005474:	d30d      	bcc.n	10005492 <cdcd_open+0x66>
10005476:	7823      	ldrb	r3, [r4, #0]
10005478:	441c      	add	r4, r3
1000547a:	7861      	ldrb	r1, [r4, #1]
1000547c:	442b      	add	r3, r5
1000547e:	2924      	cmp	r1, #36	@ 0x24
10005480:	b29d      	uxth	r5, r3
10005482:	d0f6      	beq.n	10005472 <cdcd_open+0x46>
10005484:	2905      	cmp	r1, #5
10005486:	d00a      	beq.n	1000549e <cdcd_open+0x72>
10005488:	2904      	cmp	r1, #4
1000548a:	d102      	bne.n	10005492 <cdcd_open+0x66>
1000548c:	7963      	ldrb	r3, [r4, #5]
1000548e:	2b0a      	cmp	r3, #10
10005490:	d013      	beq.n	100054ba <cdcd_open+0x8e>
10005492:	2000      	movs	r0, #0
10005494:	f7ff fe40 	bl	10005118 <_prep_out_transaction.isra.0>
10005498:	4628      	mov	r0, r5
1000549a:	b003      	add	sp, #12
1000549c:	bdf0      	pop	{r4, r5, r6, r7, pc}
1000549e:	4621      	mov	r1, r4
100054a0:	4630      	mov	r0, r6
100054a2:	f7ff fcaf 	bl	10004e04 <usbd_edpt_open>
100054a6:	2800      	cmp	r0, #0
100054a8:	d0cf      	beq.n	1000544a <cdcd_open+0x1e>
100054aa:	78a3      	ldrb	r3, [r4, #2]
100054ac:	707b      	strb	r3, [r7, #1]
100054ae:	7823      	ldrb	r3, [r4, #0]
100054b0:	441c      	add	r4, r3
100054b2:	442b      	add	r3, r5
100054b4:	7861      	ldrb	r1, [r4, #1]
100054b6:	b29d      	uxth	r5, r3
100054b8:	e7e6      	b.n	10005488 <cdcd_open+0x5c>
100054ba:	4b0a      	ldr	r3, [pc, #40]	@ (100054e4 <cdcd_open+0xb8>)
100054bc:	7827      	ldrb	r7, [r4, #0]
100054be:	9301      	str	r3, [sp, #4]
100054c0:	3301      	adds	r3, #1
100054c2:	9300      	str	r3, [sp, #0]
100054c4:	2302      	movs	r3, #2
100054c6:	4630      	mov	r0, r6
100054c8:	461a      	mov	r2, r3
100054ca:	19e1      	adds	r1, r4, r7
100054cc:	f7ff fc4c 	bl	10004d68 <usbd_open_edpt_pair>
100054d0:	2800      	cmp	r0, #0
100054d2:	d0ba      	beq.n	1000544a <cdcd_open+0x1e>
100054d4:	350e      	adds	r5, #14
100054d6:	fa17 f585 	uxtah	r5, r7, r5
100054da:	b2ad      	uxth	r5, r5
100054dc:	e7d9      	b.n	10005492 <cdcd_open+0x66>
100054de:	bf00      	nop
100054e0:	200015a0 	.word	0x200015a0
100054e4:	200015a2 	.word	0x200015a2

100054e8 <cdcd_control_xfer_cb>:
100054e8:	7813      	ldrb	r3, [r2, #0]
100054ea:	f003 0360 	and.w	r3, r3, #96	@ 0x60
100054ee:	2b20      	cmp	r3, #32
100054f0:	d108      	bne.n	10005504 <cdcd_control_xfer_cb+0x1c>
100054f2:	b570      	push	{r4, r5, r6, lr}
100054f4:	4c26      	ldr	r4, [pc, #152]	@ (10005590 <cdcd_control_xfer_cb+0xa8>)
100054f6:	8893      	ldrh	r3, [r2, #4]
100054f8:	f894 c000 	ldrb.w	ip, [r4]
100054fc:	459c      	cmp	ip, r3
100054fe:	d003      	beq.n	10005508 <cdcd_control_xfer_cb+0x20>
10005500:	2000      	movs	r0, #0
10005502:	bd70      	pop	{r4, r5, r6, pc}
10005504:	2000      	movs	r0, #0
10005506:	4770      	bx	lr
10005508:	7853      	ldrb	r3, [r2, #1]
1000550a:	3b20      	subs	r3, #32
1000550c:	2b03      	cmp	r3, #3
1000550e:	d8f7      	bhi.n	10005500 <cdcd_control_xfer_cb+0x18>
10005510:	e8df f003 	tbb	[pc, r3]
10005514:	020d2327 	.word	0x020d2327
10005518:	2901      	cmp	r1, #1
1000551a:	d02e      	beq.n	1000557a <cdcd_control_xfer_cb+0x92>
1000551c:	2903      	cmp	r1, #3
1000551e:	d11e      	bne.n	1000555e <cdcd_control_xfer_cb+0x76>
10005520:	4b1c      	ldr	r3, [pc, #112]	@ (10005594 <cdcd_control_xfer_cb+0xac>)
10005522:	b1e3      	cbz	r3, 1000555e <cdcd_control_xfer_cb+0x76>
10005524:	2000      	movs	r0, #0
10005526:	8851      	ldrh	r1, [r2, #2]
10005528:	f3af 8000 	nop.w
1000552c:	e017      	b.n	1000555e <cdcd_control_xfer_cb+0x76>
1000552e:	2901      	cmp	r1, #1
10005530:	d023      	beq.n	1000557a <cdcd_control_xfer_cb+0x92>
10005532:	2903      	cmp	r1, #3
10005534:	d113      	bne.n	1000555e <cdcd_control_xfer_cb+0x76>
10005536:	8855      	ldrh	r5, [r2, #2]
10005538:	4817      	ldr	r0, [pc, #92]	@ (10005598 <cdcd_control_xfer_cb+0xb0>)
1000553a:	f005 0601 	and.w	r6, r5, #1
1000553e:	f086 0101 	eor.w	r1, r6, #1
10005542:	7125      	strb	r5, [r4, #4]
10005544:	f000 fbac 	bl	10005ca0 <tu_fifo_set_overwritable>
10005548:	4b14      	ldr	r3, [pc, #80]	@ (1000559c <cdcd_control_xfer_cb+0xb4>)
1000554a:	b143      	cbz	r3, 1000555e <cdcd_control_xfer_cb+0x76>
1000554c:	4631      	mov	r1, r6
1000554e:	2000      	movs	r0, #0
10005550:	f3c5 0240 	ubfx	r2, r5, #1, #1
10005554:	f3af 8000 	nop.w
10005558:	e001      	b.n	1000555e <cdcd_control_xfer_cb+0x76>
1000555a:	2901      	cmp	r1, #1
1000555c:	d011      	beq.n	10005582 <cdcd_control_xfer_cb+0x9a>
1000555e:	2001      	movs	r0, #1
10005560:	bd70      	pop	{r4, r5, r6, pc}
10005562:	2901      	cmp	r1, #1
10005564:	d00d      	beq.n	10005582 <cdcd_control_xfer_cb+0x9a>
10005566:	2903      	cmp	r1, #3
10005568:	d1f9      	bne.n	1000555e <cdcd_control_xfer_cb+0x76>
1000556a:	4b0d      	ldr	r3, [pc, #52]	@ (100055a0 <cdcd_control_xfer_cb+0xb8>)
1000556c:	2b00      	cmp	r3, #0
1000556e:	d0f6      	beq.n	1000555e <cdcd_control_xfer_cb+0x76>
10005570:	2000      	movs	r0, #0
10005572:	490c      	ldr	r1, [pc, #48]	@ (100055a4 <cdcd_control_xfer_cb+0xbc>)
10005574:	f7fe fdea 	bl	1000414c <tud_cdc_line_coding_cb>
10005578:	e7f1      	b.n	1000555e <cdcd_control_xfer_cb+0x76>
1000557a:	4611      	mov	r1, r2
1000557c:	f7ff fcc0 	bl	10004f00 <tud_control_status>
10005580:	e7ed      	b.n	1000555e <cdcd_control_xfer_cb+0x76>
10005582:	4611      	mov	r1, r2
10005584:	2307      	movs	r3, #7
10005586:	4a07      	ldr	r2, [pc, #28]	@ (100055a4 <cdcd_control_xfer_cb+0xbc>)
10005588:	f7ff fcd4 	bl	10004f34 <tud_control_xfer>
1000558c:	e7e7      	b.n	1000555e <cdcd_control_xfer_cb+0x76>
1000558e:	bf00      	nop
10005590:	200015a0 	.word	0x200015a0
10005594:	00000000 	.word	0x00000000
10005598:	200015c4 	.word	0x200015c4
1000559c:	00000000 	.word	0x00000000
100055a0:	1000414d 	.word	0x1000414d
100055a4:	200015a8 	.word	0x200015a8

100055a8 <cdcd_xfer_cb>:
100055a8:	e92d 47f0 	stmdb	sp!, {r4, r5, r6, r7, r8, r9, sl, lr}
100055ac:	4f36      	ldr	r7, [pc, #216]	@ (10005688 <cdcd_xfer_cb+0xe0>)
100055ae:	460c      	mov	r4, r1
100055b0:	78fa      	ldrb	r2, [r7, #3]
100055b2:	4606      	mov	r6, r0
100055b4:	428a      	cmp	r2, r1
100055b6:	461d      	mov	r5, r3
100055b8:	f897 c002 	ldrb.w	ip, [r7, #2]
100055bc:	d03c      	beq.n	10005638 <cdcd_xfer_cb+0x90>
100055be:	458c      	cmp	ip, r1
100055c0:	d013      	beq.n	100055ea <cdcd_xfer_cb+0x42>
100055c2:	f04f 23e0 	mov.w	r3, #3758153728	@ 0xe000e000
100055c6:	f8d3 3df0 	ldr.w	r3, [r3, #3568]	@ 0xdf0
100055ca:	07db      	lsls	r3, r3, #31
100055cc:	d500      	bpl.n	100055d0 <cdcd_xfer_cb+0x28>
100055ce:	be00      	bkpt	0x0000
100055d0:	2000      	movs	r0, #0
100055d2:	e8bd 87f0 	ldmia.w	sp!, {r4, r5, r6, r7, r8, r9, sl, pc}
100055d6:	4b2d      	ldr	r3, [pc, #180]	@ (1000568c <cdcd_xfer_cb+0xe4>)
100055d8:	b123      	cbz	r3, 100055e4 <cdcd_xfer_cb+0x3c>
100055da:	482d      	ldr	r0, [pc, #180]	@ (10005690 <cdcd_xfer_cb+0xe8>)
100055dc:	f000 f976 	bl	100058cc <tu_fifo_empty>
100055e0:	2800      	cmp	r0, #0
100055e2:	d04e      	beq.n	10005682 <cdcd_xfer_cb+0xda>
100055e4:	2000      	movs	r0, #0
100055e6:	f7ff fd97 	bl	10005118 <_prep_out_transaction.isra.0>
100055ea:	78bb      	ldrb	r3, [r7, #2]
100055ec:	42a3      	cmp	r3, r4
100055ee:	d002      	beq.n	100055f6 <cdcd_xfer_cb+0x4e>
100055f0:	2001      	movs	r0, #1
100055f2:	e8bd 87f0 	ldmia.w	sp!, {r4, r5, r6, r7, r8, r9, sl, pc}
100055f6:	4b27      	ldr	r3, [pc, #156]	@ (10005694 <cdcd_xfer_cb+0xec>)
100055f8:	b113      	cbz	r3, 10005600 <cdcd_xfer_cb+0x58>
100055fa:	2000      	movs	r0, #0
100055fc:	f3af 8000 	nop.w
10005600:	2000      	movs	r0, #0
10005602:	f7ff fe2b 	bl	1000525c <tud_cdc_n_write_flush>
10005606:	2800      	cmp	r0, #0
10005608:	d1f2      	bne.n	100055f0 <cdcd_xfer_cb+0x48>
1000560a:	4823      	ldr	r0, [pc, #140]	@ (10005698 <cdcd_xfer_cb+0xf0>)
1000560c:	f000 f94e 	bl	100058ac <tu_fifo_count>
10005610:	2800      	cmp	r0, #0
10005612:	d1ed      	bne.n	100055f0 <cdcd_xfer_cb+0x48>
10005614:	2d00      	cmp	r5, #0
10005616:	d0eb      	beq.n	100055f0 <cdcd_xfer_cb+0x48>
10005618:	f015 053f 	ands.w	r5, r5, #63	@ 0x3f
1000561c:	d1e8      	bne.n	100055f0 <cdcd_xfer_cb+0x48>
1000561e:	4630      	mov	r0, r6
10005620:	78b9      	ldrb	r1, [r7, #2]
10005622:	f7ff fc11 	bl	10004e48 <usbd_edpt_claim>
10005626:	2800      	cmp	r0, #0
10005628:	d0e2      	beq.n	100055f0 <cdcd_xfer_cb+0x48>
1000562a:	462b      	mov	r3, r5
1000562c:	462a      	mov	r2, r5
1000562e:	4630      	mov	r0, r6
10005630:	78b9      	ldrb	r1, [r7, #2]
10005632:	f7ff fc2d 	bl	10004e90 <usbd_edpt_xfer>
10005636:	e7db      	b.n	100055f0 <cdcd_xfer_cb+0x48>
10005638:	f8df 8064 	ldr.w	r8, [pc, #100]	@ 100056a0 <cdcd_xfer_cb+0xf8>
1000563c:	b29a      	uxth	r2, r3
1000563e:	4641      	mov	r1, r8
10005640:	f107 0010 	add.w	r0, r7, #16
10005644:	f000 fa64 	bl	10005b10 <tu_fifo_write_n>
10005648:	4b14      	ldr	r3, [pc, #80]	@ (1000569c <cdcd_xfer_cb+0xf4>)
1000564a:	2b00      	cmp	r3, #0
1000564c:	d0c3      	beq.n	100055d6 <cdcd_xfer_cb+0x2e>
1000564e:	797b      	ldrb	r3, [r7, #5]
10005650:	2bff      	cmp	r3, #255	@ 0xff
10005652:	d0c0      	beq.n	100055d6 <cdcd_xfer_cb+0x2e>
10005654:	2d00      	cmp	r5, #0
10005656:	d0be      	beq.n	100055d6 <cdcd_xfer_cb+0x2e>
10005658:	f107 0910 	add.w	r9, r7, #16
1000565c:	eb08 0a05 	add.w	sl, r8, r5
10005660:	e002      	b.n	10005668 <cdcd_xfer_cb+0xc0>
10005662:	45c2      	cmp	sl, r8
10005664:	d0b7      	beq.n	100055d6 <cdcd_xfer_cb+0x2e>
10005666:	797b      	ldrb	r3, [r7, #5]
10005668:	f818 2b01 	ldrb.w	r2, [r8], #1
1000566c:	429a      	cmp	r2, r3
1000566e:	d1f8      	bne.n	10005662 <cdcd_xfer_cb+0xba>
10005670:	4648      	mov	r0, r9
10005672:	f000 f92b 	bl	100058cc <tu_fifo_empty>
10005676:	2800      	cmp	r0, #0
10005678:	d1f3      	bne.n	10005662 <cdcd_xfer_cb+0xba>
1000567a:	7979      	ldrb	r1, [r7, #5]
1000567c:	f3af 8000 	nop.w
10005680:	e7ef      	b.n	10005662 <cdcd_xfer_cb+0xba>
10005682:	f3af 8000 	nop.w
10005686:	e7ad      	b.n	100055e4 <cdcd_xfer_cb+0x3c>
10005688:	200015a0 	.word	0x200015a0
1000568c:	00000000 	.word	0x00000000
10005690:	200015b0 	.word	0x200015b0
10005694:	00000000 	.word	0x00000000
10005698:	200015c4 	.word	0x200015c4
1000569c:	00000000 	.word	0x00000000
100056a0:	2000180c 	.word	0x2000180c

100056a4 <tusb_rhport_init>:
100056a4:	b510      	push	{r4, lr}
100056a6:	b082      	sub	sp, #8
100056a8:	b1b9      	cbz	r1, 100056da <tusb_rhport_init+0x36>
100056aa:	2801      	cmp	r0, #1
100056ac:	d80c      	bhi.n	100056c8 <tusb_rhport_init+0x24>
100056ae:	780b      	ldrb	r3, [r1, #0]
100056b0:	b153      	cbz	r3, 100056c8 <tusb_rhport_init+0x24>
100056b2:	4c13      	ldr	r4, [pc, #76]	@ (10005700 <tusb_rhport_init+0x5c>)
100056b4:	2b01      	cmp	r3, #1
100056b6:	5423      	strb	r3, [r4, r0]
100056b8:	d002      	beq.n	100056c0 <tusb_rhport_init+0x1c>
100056ba:	2001      	movs	r0, #1
100056bc:	b002      	add	sp, #8
100056be:	bd10      	pop	{r4, pc}
100056c0:	f7fe ff26 	bl	10004510 <tud_rhport_init>
100056c4:	2800      	cmp	r0, #0
100056c6:	d1f8      	bne.n	100056ba <tusb_rhport_init+0x16>
100056c8:	f04f 23e0 	mov.w	r3, #3758153728	@ 0xe000e000
100056cc:	f8d3 3df0 	ldr.w	r3, [r3, #3568]	@ 0xdf0
100056d0:	07db      	lsls	r3, r3, #31
100056d2:	d500      	bpl.n	100056d6 <tusb_rhport_init+0x32>
100056d4:	be00      	bkpt	0x0000
100056d6:	2000      	movs	r0, #0
100056d8:	e7f0      	b.n	100056bc <tusb_rhport_init+0x18>
100056da:	2401      	movs	r4, #1
100056dc:	4608      	mov	r0, r1
100056de:	a901      	add	r1, sp, #4
100056e0:	f8ad 4004 	strh.w	r4, [sp, #4]
100056e4:	f7fe ff14 	bl	10004510 <tud_rhport_init>
100056e8:	b938      	cbnz	r0, 100056fa <tusb_rhport_init+0x56>
100056ea:	f04f 23e0 	mov.w	r3, #3758153728	@ 0xe000e000
100056ee:	f8d3 3df0 	ldr.w	r3, [r3, #3568]	@ 0xdf0
100056f2:	07da      	lsls	r2, r3, #31
100056f4:	d5e2      	bpl.n	100056bc <tusb_rhport_init+0x18>
100056f6:	be00      	bkpt	0x0000
100056f8:	e7e0      	b.n	100056bc <tusb_rhport_init+0x18>
100056fa:	4b01      	ldr	r3, [pc, #4]	@ (10005700 <tusb_rhport_init+0x5c>)
100056fc:	701c      	strb	r4, [r3, #0]
100056fe:	e7dd      	b.n	100056bc <tusb_rhport_init+0x18>
10005700:	20001904 	.word	0x20001904

10005704 <tu_edpt_claim>:
10005704:	b5f8      	push	{r3, r4, r5, r6, r7, lr}
10005706:	7803      	ldrb	r3, [r0, #0]
10005708:	f013 0401 	ands.w	r4, r3, #1
1000570c:	d11a      	bne.n	10005744 <tu_edpt_claim+0x40>
1000570e:	7803      	ldrb	r3, [r0, #0]
10005710:	4605      	mov	r5, r0
10005712:	075a      	lsls	r2, r3, #29
10005714:	f3c3 0780 	ubfx	r7, r3, #2, #1
10005718:	d501      	bpl.n	1000571e <tu_edpt_claim+0x1a>
1000571a:	4620      	mov	r0, r4
1000571c:	bdf8      	pop	{r3, r4, r5, r6, r7, pc}
1000571e:	460e      	mov	r6, r1
10005720:	f04f 31ff 	mov.w	r1, #4294967295	@ 0xffffffff
10005724:	4630      	mov	r0, r6
10005726:	f000 fbef 	bl	10005f08 <__mutex_enter_timeout_ms_veneer>
1000572a:	782b      	ldrb	r3, [r5, #0]
1000572c:	f013 0401 	ands.w	r4, r3, #1
10005730:	d10b      	bne.n	1000574a <tu_edpt_claim+0x46>
10005732:	782b      	ldrb	r3, [r5, #0]
10005734:	075b      	lsls	r3, r3, #29
10005736:	d409      	bmi.n	1000574c <tu_edpt_claim+0x48>
10005738:	782b      	ldrb	r3, [r5, #0]
1000573a:	2401      	movs	r4, #1
1000573c:	f043 0304 	orr.w	r3, r3, #4
10005740:	702b      	strb	r3, [r5, #0]
10005742:	e003      	b.n	1000574c <tu_edpt_claim+0x48>
10005744:	2400      	movs	r4, #0
10005746:	4620      	mov	r0, r4
10005748:	bdf8      	pop	{r3, r4, r5, r6, r7, pc}
1000574a:	463c      	mov	r4, r7
1000574c:	4630      	mov	r0, r6
1000574e:	f000 fbdf 	bl	10005f10 <__mutex_exit_veneer>
10005752:	4620      	mov	r0, r4
10005754:	bdf8      	pop	{r3, r4, r5, r6, r7, pc}
10005756:	bf00      	nop

10005758 <tu_edpt_release>:
10005758:	b570      	push	{r4, r5, r6, lr}
1000575a:	460c      	mov	r4, r1
1000575c:	4605      	mov	r5, r0
1000575e:	f04f 31ff 	mov.w	r1, #4294967295	@ 0xffffffff
10005762:	4620      	mov	r0, r4
10005764:	f000 fbd0 	bl	10005f08 <__mutex_enter_timeout_ms_veneer>
10005768:	782b      	ldrb	r3, [r5, #0]
1000576a:	f3c3 0680 	ubfx	r6, r3, #2, #1
1000576e:	075b      	lsls	r3, r3, #29
10005770:	d508      	bpl.n	10005784 <tu_edpt_release+0x2c>
10005772:	782b      	ldrb	r3, [r5, #0]
10005774:	f013 0301 	ands.w	r3, r3, #1
10005778:	bf11      	iteee	ne
1000577a:	2600      	movne	r6, #0
1000577c:	782a      	ldrbeq	r2, [r5, #0]
1000577e:	f363 0282 	bfieq	r2, r3, #2, #1
10005782:	702a      	strbeq	r2, [r5, #0]
10005784:	4620      	mov	r0, r4
10005786:	f000 fbc3 	bl	10005f10 <__mutex_exit_veneer>
1000578a:	4630      	mov	r0, r6
1000578c:	bd70      	pop	{r4, r5, r6, pc}
1000578e:	bf00      	nop

10005790 <tu_edpt_validate>:
10005790:	78c3      	ldrb	r3, [r0, #3]
10005792:	8882      	ldrh	r2, [r0, #4]
10005794:	f003 0003 	and.w	r0, r3, #3
10005798:	2802      	cmp	r0, #2
1000579a:	f3c2 020a 	ubfx	r2, r2, #0, #11
1000579e:	d01f      	beq.n	100057e0 <tu_edpt_validate+0x50>
100057a0:	2803      	cmp	r0, #3
100057a2:	d003      	beq.n	100057ac <tu_edpt_validate+0x1c>
100057a4:	2801      	cmp	r0, #1
100057a6:	d00a      	beq.n	100057be <tu_edpt_validate+0x2e>
100057a8:	2000      	movs	r0, #0
100057aa:	4770      	bx	lr
100057ac:	2902      	cmp	r1, #2
100057ae:	bf14      	ite	ne
100057b0:	2340      	movne	r3, #64	@ 0x40
100057b2:	f44f 6380 	moveq.w	r3, #1024	@ 0x400
100057b6:	4293      	cmp	r3, r2
100057b8:	d309      	bcc.n	100057ce <tu_edpt_validate+0x3e>
100057ba:	2001      	movs	r0, #1
100057bc:	4770      	bx	lr
100057be:	2902      	cmp	r1, #2
100057c0:	f240 33ff 	movw	r3, #1023	@ 0x3ff
100057c4:	bf08      	it	eq
100057c6:	f44f 6380 	moveq.w	r3, #1024	@ 0x400
100057ca:	4293      	cmp	r3, r2
100057cc:	d2f6      	bcs.n	100057bc <tu_edpt_validate+0x2c>
100057ce:	f04f 23e0 	mov.w	r3, #3758153728	@ 0xe000e000
100057d2:	f8d3 3df0 	ldr.w	r3, [r3, #3568]	@ 0xdf0
100057d6:	07db      	lsls	r3, r3, #31
100057d8:	d5e6      	bpl.n	100057a8 <tu_edpt_validate+0x18>
100057da:	be00      	bkpt	0x0000
100057dc:	2000      	movs	r0, #0
100057de:	4770      	bx	lr
100057e0:	2902      	cmp	r1, #2
100057e2:	d002      	beq.n	100057ea <tu_edpt_validate+0x5a>
100057e4:	2a40      	cmp	r2, #64	@ 0x40
100057e6:	d9e8      	bls.n	100057ba <tu_edpt_validate+0x2a>
100057e8:	e7f1      	b.n	100057ce <tu_edpt_validate+0x3e>
100057ea:	f5b2 7f00 	cmp.w	r2, #512	@ 0x200
100057ee:	d0e4      	beq.n	100057ba <tu_edpt_validate+0x2a>
100057f0:	e7ed      	b.n	100057ce <tu_edpt_validate+0x3e>
100057f2:	bf00      	nop

100057f4 <tu_edpt_bind_driver>:
100057f4:	440a      	add	r2, r1
100057f6:	4291      	cmp	r1, r2
100057f8:	d226      	bcs.n	10005848 <tu_edpt_bind_driver+0x54>
100057fa:	f891 c001 	ldrb.w	ip, [r1, #1]
100057fe:	f1bc 0f05 	cmp.w	ip, #5
10005802:	d005      	beq.n	10005810 <tu_edpt_bind_driver+0x1c>
10005804:	f891 c000 	ldrb.w	ip, [r1]
10005808:	4461      	add	r1, ip
1000580a:	428a      	cmp	r2, r1
1000580c:	d8f5      	bhi.n	100057fa <tu_edpt_bind_driver+0x6>
1000580e:	4770      	bx	lr
10005810:	b500      	push	{lr}
10005812:	f891 c002 	ldrb.w	ip, [r1, #2]
10005816:	f00c 0e7f 	and.w	lr, ip, #127	@ 0x7f
1000581a:	eb00 0e4e 	add.w	lr, r0, lr, lsl #1
1000581e:	ea4f 1cdc 	mov.w	ip, ip, lsr #7
10005822:	f80e 300c 	strb.w	r3, [lr, ip]
10005826:	f891 c000 	ldrb.w	ip, [r1]
1000582a:	4461      	add	r1, ip
1000582c:	428a      	cmp	r2, r1
1000582e:	d909      	bls.n	10005844 <tu_edpt_bind_driver+0x50>
10005830:	f891 c001 	ldrb.w	ip, [r1, #1]
10005834:	f1bc 0f05 	cmp.w	ip, #5
10005838:	d0eb      	beq.n	10005812 <tu_edpt_bind_driver+0x1e>
1000583a:	f891 c000 	ldrb.w	ip, [r1]
1000583e:	4461      	add	r1, ip
10005840:	428a      	cmp	r2, r1
10005842:	d8f5      	bhi.n	10005830 <tu_edpt_bind_driver+0x3c>
10005844:	f85d fb04 	ldr.w	pc, [sp], #4
10005848:	4770      	bx	lr
1000584a:	bf00      	nop

1000584c <tu_fifo_config>:
1000584c:	e92d 41f0 	stmdb	sp!, {r4, r5, r6, r7, r8, lr}
10005850:	f5b2 4f00 	cmp.w	r2, #32768	@ 0x8000
10005854:	f89d 8018 	ldrb.w	r8, [sp, #24]
10005858:	d824      	bhi.n	100058a4 <tu_fifo_config+0x58>
1000585a:	4604      	mov	r4, r0
1000585c:	68c0      	ldr	r0, [r0, #12]
1000585e:	4617      	mov	r7, r2
10005860:	460e      	mov	r6, r1
10005862:	461d      	mov	r5, r3
10005864:	b118      	cbz	r0, 1000586e <tu_fifo_config+0x22>
10005866:	f04f 31ff 	mov.w	r1, #4294967295	@ 0xffffffff
1000586a:	f000 fb4d 	bl	10005f08 <__mutex_enter_timeout_ms_veneer>
1000586e:	6920      	ldr	r0, [r4, #16]
10005870:	b118      	cbz	r0, 1000587a <tu_fifo_config+0x2e>
10005872:	f04f 31ff 	mov.w	r1, #4294967295	@ 0xffffffff
10005876:	f000 fb47 	bl	10005f08 <__mutex_enter_timeout_ms_veneer>
1000587a:	2200      	movs	r2, #0
1000587c:	f3c5 030e 	ubfx	r3, r5, #0, #15
10005880:	68e0      	ldr	r0, [r4, #12]
10005882:	ea43 33c8 	orr.w	r3, r3, r8, lsl #15
10005886:	8162      	strh	r2, [r4, #10]
10005888:	6026      	str	r6, [r4, #0]
1000588a:	80a7      	strh	r7, [r4, #4]
1000588c:	80e3      	strh	r3, [r4, #6]
1000588e:	8122      	strh	r2, [r4, #8]
10005890:	b108      	cbz	r0, 10005896 <tu_fifo_config+0x4a>
10005892:	f000 fb3d 	bl	10005f10 <__mutex_exit_veneer>
10005896:	6920      	ldr	r0, [r4, #16]
10005898:	b108      	cbz	r0, 1000589e <tu_fifo_config+0x52>
1000589a:	f000 fb39 	bl	10005f10 <__mutex_exit_veneer>
1000589e:	2001      	movs	r0, #1
100058a0:	e8bd 81f0 	ldmia.w	sp!, {r4, r5, r6, r7, r8, pc}
100058a4:	2000      	movs	r0, #0
100058a6:	e8bd 81f0 	ldmia.w	sp!, {r4, r5, r6, r7, r8, pc}
100058aa:	bf00      	nop

100058ac <tu_fifo_count>:
100058ac:	8903      	ldrh	r3, [r0, #8]
100058ae:	8942      	ldrh	r2, [r0, #10]
100058b0:	b29b      	uxth	r3, r3
100058b2:	b292      	uxth	r2, r2
100058b4:	8880      	ldrh	r0, [r0, #4]
100058b6:	4293      	cmp	r3, r2
100058b8:	bf36      	itet	cc
100058ba:	ebc2 0240 	rsbcc	r2, r2, r0, lsl #1
100058be:	1a9b      	subcs	r3, r3, r2
100058c0:	189b      	addcc	r3, r3, r2
100058c2:	b29b      	uxth	r3, r3
100058c4:	4298      	cmp	r0, r3
100058c6:	bf28      	it	cs
100058c8:	4618      	movcs	r0, r3
100058ca:	4770      	bx	lr

100058cc <tu_fifo_empty>:
100058cc:	8902      	ldrh	r2, [r0, #8]
100058ce:	8943      	ldrh	r3, [r0, #10]
100058d0:	b290      	uxth	r0, r2
100058d2:	b29b      	uxth	r3, r3
100058d4:	1ac0      	subs	r0, r0, r3
100058d6:	fab0 f080 	clz	r0, r0
100058da:	0940      	lsrs	r0, r0, #5
100058dc:	4770      	bx	lr
100058de:	bf00      	nop

100058e0 <tu_fifo_remaining>:
100058e0:	8903      	ldrh	r3, [r0, #8]
100058e2:	8942      	ldrh	r2, [r0, #10]
100058e4:	b29b      	uxth	r3, r3
100058e6:	8880      	ldrh	r0, [r0, #4]
100058e8:	b292      	uxth	r2, r2
100058ea:	4293      	cmp	r3, r2
100058ec:	bf36      	itet	cc
100058ee:	ebc2 0240 	rsbcc	r2, r2, r0, lsl #1
100058f2:	1a9b      	subcs	r3, r3, r2
100058f4:	189b      	addcc	r3, r3, r2
100058f6:	b29b      	uxth	r3, r3
100058f8:	4298      	cmp	r0, r3
100058fa:	bf86      	itte	hi
100058fc:	1ac0      	subhi	r0, r0, r3
100058fe:	b280      	uxthhi	r0, r0
10005900:	2000      	movls	r0, #0
10005902:	4770      	bx	lr

10005904 <tu_fifo_read>:
10005904:	b538      	push	{r3, r4, r5, lr}
10005906:	4604      	mov	r4, r0
10005908:	6900      	ldr	r0, [r0, #16]
1000590a:	460d      	mov	r5, r1
1000590c:	b118      	cbz	r0, 10005916 <tu_fifo_read+0x12>
1000590e:	f04f 31ff 	mov.w	r1, #4294967295	@ 0xffffffff
10005912:	f000 faf9 	bl	10005f08 <__mutex_enter_timeout_ms_veneer>
10005916:	8921      	ldrh	r1, [r4, #8]
10005918:	8963      	ldrh	r3, [r4, #10]
1000591a:	b289      	uxth	r1, r1
1000591c:	b29b      	uxth	r3, r3
1000591e:	88a2      	ldrh	r2, [r4, #4]
10005920:	4299      	cmp	r1, r3
10005922:	bf36      	itet	cc
10005924:	ebc3 0042 	rsbcc	r0, r3, r2, lsl #1
10005928:	1ac8      	subcs	r0, r1, r3
1000592a:	1840      	addcc	r0, r0, r1
1000592c:	b280      	uxth	r0, r0
1000592e:	b350      	cbz	r0, 10005986 <tu_fifo_read+0x82>
10005930:	4282      	cmp	r2, r0
10005932:	d209      	bcs.n	10005948 <tu_fifo_read+0x44>
10005934:	4291      	cmp	r1, r2
10005936:	bf2c      	ite	cs
10005938:	1a89      	subcs	r1, r1, r2
1000593a:	1889      	addcc	r1, r1, r2
1000593c:	b28b      	uxth	r3, r1
1000593e:	429a      	cmp	r2, r3
10005940:	8163      	strh	r3, [r4, #10]
10005942:	d803      	bhi.n	1000594c <tu_fifo_read+0x48>
10005944:	1a9b      	subs	r3, r3, r2
10005946:	b29b      	uxth	r3, r3
10005948:	429a      	cmp	r2, r3
1000594a:	d9fb      	bls.n	10005944 <tu_fifo_read+0x40>
1000594c:	88e2      	ldrh	r2, [r4, #6]
1000594e:	6821      	ldr	r1, [r4, #0]
10005950:	f3c2 020e 	ubfx	r2, r2, #0, #15
10005954:	fb02 1103 	mla	r1, r2, r3, r1
10005958:	4628      	mov	r0, r5
1000595a:	f000 fa11 	bl	10005d80 <memcpy>
1000595e:	8961      	ldrh	r1, [r4, #10]
10005960:	2501      	movs	r5, #1
10005962:	b289      	uxth	r1, r1
10005964:	1c4b      	adds	r3, r1, #1
10005966:	b29b      	uxth	r3, r3
10005968:	4299      	cmp	r1, r3
1000596a:	88a2      	ldrh	r2, [r4, #4]
1000596c:	d90e      	bls.n	1000598c <tu_fifo_read+0x88>
1000596e:	2300      	movs	r3, #0
10005970:	fa02 f105 	lsl.w	r1, r2, r5
10005974:	1a5b      	subs	r3, r3, r1
10005976:	b29b      	uxth	r3, r3
10005978:	6920      	ldr	r0, [r4, #16]
1000597a:	8163      	strh	r3, [r4, #10]
1000597c:	b108      	cbz	r0, 10005982 <tu_fifo_read+0x7e>
1000597e:	f000 fac7 	bl	10005f10 <__mutex_exit_veneer>
10005982:	4628      	mov	r0, r5
10005984:	bd38      	pop	{r3, r4, r5, pc}
10005986:	4605      	mov	r5, r0
10005988:	8963      	ldrh	r3, [r4, #10]
1000598a:	b29b      	uxth	r3, r3
1000598c:	ebb3 0f42 	cmp.w	r3, r2, lsl #1
10005990:	ea4f 0142 	mov.w	r1, r2, lsl #1
10005994:	dbf0      	blt.n	10005978 <tu_fifo_read+0x74>
10005996:	e7ed      	b.n	10005974 <tu_fifo_read+0x70>

10005998 <tu_fifo_read_n>:
10005998:	e92d 47f0 	stmdb	sp!, {r4, r5, r6, r7, r8, r9, sl, lr}
1000599c:	4606      	mov	r6, r0
1000599e:	6900      	ldr	r0, [r0, #16]
100059a0:	4688      	mov	r8, r1
100059a2:	4691      	mov	r9, r2
100059a4:	b118      	cbz	r0, 100059ae <tu_fifo_read_n+0x16>
100059a6:	f04f 31ff 	mov.w	r1, #4294967295	@ 0xffffffff
100059aa:	f000 faad 	bl	10005f08 <__mutex_enter_timeout_ms_veneer>
100059ae:	8933      	ldrh	r3, [r6, #8]
100059b0:	8974      	ldrh	r4, [r6, #10]
100059b2:	b29b      	uxth	r3, r3
100059b4:	b2a4      	uxth	r4, r4
100059b6:	88b5      	ldrh	r5, [r6, #4]
100059b8:	42a3      	cmp	r3, r4
100059ba:	bf36      	itet	cc
100059bc:	ebc4 0745 	rsbcc	r7, r4, r5, lsl #1
100059c0:	1b1f      	subcs	r7, r3, r4
100059c2:	18ff      	addcc	r7, r7, r3
100059c4:	b2bf      	uxth	r7, r7
100059c6:	2f00      	cmp	r7, #0
100059c8:	d04a      	beq.n	10005a60 <tu_fifo_read_n+0xc8>
100059ca:	42bd      	cmp	r5, r7
100059cc:	d340      	bcc.n	10005a50 <tu_fifo_read_n+0xb8>
100059ce:	45b9      	cmp	r9, r7
100059d0:	bf28      	it	cs
100059d2:	46b9      	movcs	r9, r7
100059d4:	42a5      	cmp	r5, r4
100059d6:	fa1f f789 	uxth.w	r7, r9
100059da:	d803      	bhi.n	100059e4 <tu_fifo_read_n+0x4c>
100059dc:	1b64      	subs	r4, r4, r5
100059de:	b2a4      	uxth	r4, r4
100059e0:	42a5      	cmp	r5, r4
100059e2:	d9fb      	bls.n	100059dc <tu_fifo_read_n+0x44>
100059e4:	f8b6 a006 	ldrh.w	sl, [r6, #6]
100059e8:	1b2b      	subs	r3, r5, r4
100059ea:	6831      	ldr	r1, [r6, #0]
100059ec:	b29b      	uxth	r3, r3
100059ee:	f3ca 020e 	ubfx	r2, sl, #0, #15
100059f2:	429f      	cmp	r7, r3
100059f4:	4692      	mov	sl, r2
100059f6:	fb02 1104 	mla	r1, r2, r4, r1
100059fa:	d923      	bls.n	10005a44 <tu_fifo_read_n+0xac>
100059fc:	fb13 f302 	smulbb	r3, r3, r2
10005a00:	fa1f f983 	uxth.w	r9, r3
10005a04:	464a      	mov	r2, r9
10005a06:	4640      	mov	r0, r8
10005a08:	1b7d      	subs	r5, r7, r5
10005a0a:	f000 f9b9 	bl	10005d80 <memcpy>
10005a0e:	1962      	adds	r2, r4, r5
10005a10:	fb12 f20a 	smulbb	r2, r2, sl
10005a14:	6831      	ldr	r1, [r6, #0]
10005a16:	eb08 0009 	add.w	r0, r8, r9
10005a1a:	b292      	uxth	r2, r2
10005a1c:	f000 f9b0 	bl	10005d80 <memcpy>
10005a20:	8972      	ldrh	r2, [r6, #10]
10005a22:	88b5      	ldrh	r5, [r6, #4]
10005a24:	b292      	uxth	r2, r2
10005a26:	19d3      	adds	r3, r2, r7
10005a28:	b29b      	uxth	r3, r3
10005a2a:	429a      	cmp	r2, r3
10005a2c:	d91a      	bls.n	10005a64 <tu_fifo_read_n+0xcc>
10005a2e:	006a      	lsls	r2, r5, #1
10005a30:	1a9b      	subs	r3, r3, r2
10005a32:	b29b      	uxth	r3, r3
10005a34:	6930      	ldr	r0, [r6, #16]
10005a36:	8173      	strh	r3, [r6, #10]
10005a38:	b108      	cbz	r0, 10005a3e <tu_fifo_read_n+0xa6>
10005a3a:	f000 fa69 	bl	10005f10 <__mutex_exit_veneer>
10005a3e:	4638      	mov	r0, r7
10005a40:	e8bd 87f0 	ldmia.w	sp!, {r4, r5, r6, r7, r8, r9, sl, pc}
10005a44:	4640      	mov	r0, r8
10005a46:	fb07 f202 	mul.w	r2, r7, r2
10005a4a:	f000 f999 	bl	10005d80 <memcpy>
10005a4e:	e7e7      	b.n	10005a20 <tu_fifo_read_n+0x88>
10005a50:	42ab      	cmp	r3, r5
10005a52:	bf2c      	ite	cs
10005a54:	1b5b      	subcs	r3, r3, r5
10005a56:	195b      	addcc	r3, r3, r5
10005a58:	b29c      	uxth	r4, r3
10005a5a:	462f      	mov	r7, r5
10005a5c:	8174      	strh	r4, [r6, #10]
10005a5e:	e7b6      	b.n	100059ce <tu_fifo_read_n+0x36>
10005a60:	8973      	ldrh	r3, [r6, #10]
10005a62:	b29b      	uxth	r3, r3
10005a64:	ebb3 0f45 	cmp.w	r3, r5, lsl #1
10005a68:	ea4f 0245 	mov.w	r2, r5, lsl #1
10005a6c:	dbe2      	blt.n	10005a34 <tu_fifo_read_n+0x9c>
10005a6e:	e7df      	b.n	10005a30 <tu_fifo_read_n+0x98>

10005a70 <tu_fifo_write>:
10005a70:	b5f8      	push	{r3, r4, r5, r6, r7, lr}
10005a72:	4604      	mov	r4, r0
10005a74:	68c0      	ldr	r0, [r0, #12]
10005a76:	460e      	mov	r6, r1
10005a78:	b118      	cbz	r0, 10005a82 <tu_fifo_write+0x12>
10005a7a:	f04f 31ff 	mov.w	r1, #4294967295	@ 0xffffffff
10005a7e:	f000 fa43 	bl	10005f08 <__mutex_enter_timeout_ms_veneer>
10005a82:	8925      	ldrh	r5, [r4, #8]
10005a84:	8923      	ldrh	r3, [r4, #8]
10005a86:	8961      	ldrh	r1, [r4, #10]
10005a88:	b29b      	uxth	r3, r3
10005a8a:	b289      	uxth	r1, r1
10005a8c:	88a2      	ldrh	r2, [r4, #4]
10005a8e:	428b      	cmp	r3, r1
10005a90:	bf36      	itet	cc
10005a92:	ebc1 0142 	rsbcc	r1, r1, r2, lsl #1
10005a96:	1a5b      	subcs	r3, r3, r1
10005a98:	185b      	addcc	r3, r3, r1
10005a9a:	b29b      	uxth	r3, r3
10005a9c:	429a      	cmp	r2, r3
10005a9e:	b2ad      	uxth	r5, r5
10005aa0:	d808      	bhi.n	10005ab4 <tu_fifo_write+0x44>
10005aa2:	79e7      	ldrb	r7, [r4, #7]
10005aa4:	09ff      	lsrs	r7, r7, #7
10005aa6:	d105      	bne.n	10005ab4 <tu_fifo_write+0x44>
10005aa8:	68e0      	ldr	r0, [r4, #12]
10005aaa:	b108      	cbz	r0, 10005ab0 <tu_fifo_write+0x40>
10005aac:	f000 fa30 	bl	10005f10 <__mutex_exit_veneer>
10005ab0:	4638      	mov	r0, r7
10005ab2:	bdf8      	pop	{r3, r4, r5, r6, r7, pc}
10005ab4:	4295      	cmp	r5, r2
10005ab6:	d319      	bcc.n	10005aec <tu_fifo_write+0x7c>
10005ab8:	462b      	mov	r3, r5
10005aba:	1a9b      	subs	r3, r3, r2
10005abc:	b29b      	uxth	r3, r3
10005abe:	4293      	cmp	r3, r2
10005ac0:	d2fb      	bcs.n	10005aba <tu_fifo_write+0x4a>
10005ac2:	88e2      	ldrh	r2, [r4, #6]
10005ac4:	6820      	ldr	r0, [r4, #0]
10005ac6:	f3c2 020e 	ubfx	r2, r2, #0, #15
10005aca:	fb02 0003 	mla	r0, r2, r3, r0
10005ace:	4631      	mov	r1, r6
10005ad0:	f000 f956 	bl	10005d80 <memcpy>
10005ad4:	1c6b      	adds	r3, r5, #1
10005ad6:	b29b      	uxth	r3, r3
10005ad8:	429d      	cmp	r5, r3
10005ada:	88a2      	ldrh	r2, [r4, #4]
10005adc:	d912      	bls.n	10005b04 <tu_fifo_write+0x94>
10005ade:	2300      	movs	r3, #0
10005ae0:	0051      	lsls	r1, r2, #1
10005ae2:	1a5b      	subs	r3, r3, r1
10005ae4:	b29b      	uxth	r3, r3
10005ae6:	2701      	movs	r7, #1
10005ae8:	8123      	strh	r3, [r4, #8]
10005aea:	e7dd      	b.n	10005aa8 <tu_fifo_write+0x38>
10005aec:	88e2      	ldrh	r2, [r4, #6]
10005aee:	6820      	ldr	r0, [r4, #0]
10005af0:	f3c2 020e 	ubfx	r2, r2, #0, #15
10005af4:	fb05 0002 	mla	r0, r5, r2, r0
10005af8:	4631      	mov	r1, r6
10005afa:	f000 f941 	bl	10005d80 <memcpy>
10005afe:	3501      	adds	r5, #1
10005b00:	88a2      	ldrh	r2, [r4, #4]
10005b02:	b2ab      	uxth	r3, r5
10005b04:	ebb3 0f42 	cmp.w	r3, r2, lsl #1
10005b08:	ea4f 0142 	mov.w	r1, r2, lsl #1
10005b0c:	dbeb      	blt.n	10005ae6 <tu_fifo_write+0x76>
10005b0e:	e7e8      	b.n	10005ae2 <tu_fifo_write+0x72>

10005b10 <tu_fifo_write_n>:
10005b10:	e92d 4ff0 	stmdb	sp!, {r4, r5, r6, r7, r8, r9, sl, fp, lr}
10005b14:	4616      	mov	r6, r2
10005b16:	b083      	sub	sp, #12
10005b18:	2a00      	cmp	r2, #0
10005b1a:	d04c      	beq.n	10005bb6 <tu_fifo_write_n+0xa6>
10005b1c:	4605      	mov	r5, r0
10005b1e:	68c0      	ldr	r0, [r0, #12]
10005b20:	4688      	mov	r8, r1
10005b22:	b118      	cbz	r0, 10005b2c <tu_fifo_write_n+0x1c>
10005b24:	f04f 31ff 	mov.w	r1, #4294967295	@ 0xffffffff
10005b28:	f000 f9ee 	bl	10005f08 <__mutex_enter_timeout_ms_veneer>
10005b2c:	79ea      	ldrb	r2, [r5, #7]
10005b2e:	892f      	ldrh	r7, [r5, #8]
10005b30:	8969      	ldrh	r1, [r5, #10]
10005b32:	09d2      	lsrs	r2, r2, #7
10005b34:	88ab      	ldrh	r3, [r5, #4]
10005b36:	b2bf      	uxth	r7, r7
10005b38:	b289      	uxth	r1, r1
10005b3a:	d140      	bne.n	10005bbe <tu_fifo_write_n+0xae>
10005b3c:	428f      	cmp	r7, r1
10005b3e:	bf36      	itet	cc
10005b40:	ebc1 0143 	rsbcc	r1, r1, r3, lsl #1
10005b44:	1a79      	subcs	r1, r7, r1
10005b46:	19c9      	addcc	r1, r1, r7
10005b48:	b289      	uxth	r1, r1
10005b4a:	4299      	cmp	r1, r3
10005b4c:	d241      	bcs.n	10005bd2 <tu_fifo_write_n+0xc2>
10005b4e:	1a59      	subs	r1, r3, r1
10005b50:	b289      	uxth	r1, r1
10005b52:	428e      	cmp	r6, r1
10005b54:	bf28      	it	cs
10005b56:	460e      	movcs	r6, r1
10005b58:	f8b5 a006 	ldrh.w	sl, [r5, #6]
10005b5c:	eb07 0906 	add.w	r9, r7, r6
10005b60:	eba6 0b03 	sub.w	fp, r6, r3
10005b64:	f3ca 0a0e 	ubfx	sl, sl, #0, #15
10005b68:	fa1f f989 	uxth.w	r9, r9
10005b6c:	fa1f fb8b 	uxth.w	fp, fp
10005b70:	429f      	cmp	r7, r3
10005b72:	463c      	mov	r4, r7
10005b74:	d303      	bcc.n	10005b7e <tu_fifo_write_n+0x6e>
10005b76:	1ae4      	subs	r4, r4, r3
10005b78:	b2a4      	uxth	r4, r4
10005b7a:	429c      	cmp	r4, r3
10005b7c:	d2fb      	bcs.n	10005b76 <tu_fifo_write_n+0x66>
10005b7e:	1b1b      	subs	r3, r3, r4
10005b80:	6828      	ldr	r0, [r5, #0]
10005b82:	b29b      	uxth	r3, r3
10005b84:	42b3      	cmp	r3, r6
10005b86:	fb0a 0004 	mla	r0, sl, r4, r0
10005b8a:	d34b      	bcc.n	10005c24 <tu_fifo_write_n+0x114>
10005b8c:	4641      	mov	r1, r8
10005b8e:	fb0a f206 	mul.w	r2, sl, r6
10005b92:	f000 f8f5 	bl	10005d80 <memcpy>
10005b96:	88aa      	ldrh	r2, [r5, #4]
10005b98:	454f      	cmp	r7, r9
10005b9a:	ea4f 0342 	mov.w	r3, r2, lsl #1
10005b9e:	d802      	bhi.n	10005ba6 <tu_fifo_write_n+0x96>
10005ba0:	ebb9 0f42 	cmp.w	r9, r2, lsl #1
10005ba4:	db03      	blt.n	10005bae <tu_fifo_write_n+0x9e>
10005ba6:	eba9 0303 	sub.w	r3, r9, r3
10005baa:	fa1f f983 	uxth.w	r9, r3
10005bae:	68e8      	ldr	r0, [r5, #12]
10005bb0:	f8a5 9008 	strh.w	r9, [r5, #8]
10005bb4:	b988      	cbnz	r0, 10005bda <tu_fifo_write_n+0xca>
10005bb6:	4630      	mov	r0, r6
10005bb8:	b003      	add	sp, #12
10005bba:	e8bd 8ff0 	ldmia.w	sp!, {r4, r5, r6, r7, r8, r9, sl, fp, pc}
10005bbe:	f8b5 a006 	ldrh.w	sl, [r5, #6]
10005bc2:	429e      	cmp	r6, r3
10005bc4:	f3ca 0a0e 	ubfx	sl, sl, #0, #15
10005bc8:	d30d      	bcc.n	10005be6 <tu_fifo_write_n+0xd6>
10005bca:	2b00      	cmp	r3, #0
10005bcc:	d13f      	bne.n	10005c4e <tu_fifo_write_n+0x13e>
10005bce:	461e      	mov	r6, r3
10005bd0:	e000      	b.n	10005bd4 <tu_fifo_write_n+0xc4>
10005bd2:	2600      	movs	r6, #0
10005bd4:	68e8      	ldr	r0, [r5, #12]
10005bd6:	2800      	cmp	r0, #0
10005bd8:	d0ed      	beq.n	10005bb6 <tu_fifo_write_n+0xa6>
10005bda:	f000 f999 	bl	10005f10 <__mutex_exit_veneer>
10005bde:	4630      	mov	r0, r6
10005be0:	b003      	add	sp, #12
10005be2:	e8bd 8ff0 	ldmia.w	sp!, {r4, r5, r6, r7, r8, r9, sl, fp, pc}
10005be6:	428f      	cmp	r7, r1
10005be8:	bf36      	itet	cc
10005bea:	ebc1 0243 	rsbcc	r2, r1, r3, lsl #1
10005bee:	1a7a      	subcs	r2, r7, r1
10005bf0:	19d2      	addcc	r2, r2, r7
10005bf2:	b292      	uxth	r2, r2
10005bf4:	0058      	lsls	r0, r3, #1
10005bf6:	4432      	add	r2, r6
10005bf8:	eba6 0b03 	sub.w	fp, r6, r3
10005bfc:	4282      	cmp	r2, r0
10005bfe:	fa1f fb8b 	uxth.w	fp, fp
10005c02:	db0a      	blt.n	10005c1a <tu_fifo_write_n+0x10a>
10005c04:	eb01 0903 	add.w	r9, r1, r3
10005c08:	fa1f f989 	uxth.w	r9, r9
10005c0c:	eba9 0706 	sub.w	r7, r9, r6
10005c10:	b2bf      	uxth	r7, r7
10005c12:	42b9      	cmp	r1, r7
10005c14:	d918      	bls.n	10005c48 <tu_fifo_write_n+0x138>
10005c16:	1a38      	subs	r0, r7, r0
10005c18:	b287      	uxth	r7, r0
10005c1a:	eb06 0907 	add.w	r9, r6, r7
10005c1e:	fa1f f989 	uxth.w	r9, r9
10005c22:	e7a5      	b.n	10005b70 <tu_fifo_write_n+0x60>
10005c24:	fb13 f30a 	smulbb	r3, r3, sl
10005c28:	445c      	add	r4, fp
10005c2a:	fb14 f40a 	smulbb	r4, r4, sl
10005c2e:	b29a      	uxth	r2, r3
10005c30:	4641      	mov	r1, r8
10005c32:	9201      	str	r2, [sp, #4]
10005c34:	f000 f8a4 	bl	10005d80 <memcpy>
10005c38:	9a01      	ldr	r2, [sp, #4]
10005c3a:	6828      	ldr	r0, [r5, #0]
10005c3c:	eb08 0102 	add.w	r1, r8, r2
10005c40:	b2a2      	uxth	r2, r4
10005c42:	f000 f89d 	bl	10005d80 <memcpy>
10005c46:	e7a6      	b.n	10005b96 <tu_fifo_write_n+0x86>
10005c48:	42b8      	cmp	r0, r7
10005c4a:	dc91      	bgt.n	10005b70 <tu_fifo_write_n+0x60>
10005c4c:	e7e3      	b.n	10005c16 <tu_fifo_write_n+0x106>
10005c4e:	1af6      	subs	r6, r6, r3
10005c50:	eb01 0903 	add.w	r9, r1, r3
10005c54:	fb0a 8806 	mla	r8, sl, r6, r8
10005c58:	460f      	mov	r7, r1
10005c5a:	461e      	mov	r6, r3
10005c5c:	f04f 0b00 	mov.w	fp, #0
10005c60:	fa1f f989 	uxth.w	r9, r9
10005c64:	e784      	b.n	10005b70 <tu_fifo_write_n+0x60>
10005c66:	bf00      	nop

10005c68 <tu_fifo_clear>:
10005c68:	b510      	push	{r4, lr}
10005c6a:	4604      	mov	r4, r0
10005c6c:	68c0      	ldr	r0, [r0, #12]
10005c6e:	b118      	cbz	r0, 10005c78 <tu_fifo_clear+0x10>
10005c70:	f04f 31ff 	mov.w	r1, #4294967295	@ 0xffffffff
10005c74:	f000 f948 	bl	10005f08 <__mutex_enter_timeout_ms_veneer>
10005c78:	6920      	ldr	r0, [r4, #16]
10005c7a:	b118      	cbz	r0, 10005c84 <tu_fifo_clear+0x1c>
10005c7c:	f04f 31ff 	mov.w	r1, #4294967295	@ 0xffffffff
10005c80:	f000 f942 	bl	10005f08 <__mutex_enter_timeout_ms_veneer>
10005c84:	2300      	movs	r3, #0
10005c86:	68e0      	ldr	r0, [r4, #12]
10005c88:	8163      	strh	r3, [r4, #10]
10005c8a:	8123      	strh	r3, [r4, #8]
10005c8c:	b108      	cbz	r0, 10005c92 <tu_fifo_clear+0x2a>
10005c8e:	f000 f93f 	bl	10005f10 <__mutex_exit_veneer>
10005c92:	6920      	ldr	r0, [r4, #16]
10005c94:	b108      	cbz	r0, 10005c9a <tu_fifo_clear+0x32>
10005c96:	f000 f93b 	bl	10005f10 <__mutex_exit_veneer>
10005c9a:	2001      	movs	r0, #1
10005c9c:	bd10      	pop	{r4, pc}
10005c9e:	bf00      	nop

10005ca0 <tu_fifo_set_overwritable>:
10005ca0:	b538      	push	{r3, r4, r5, lr}
10005ca2:	4604      	mov	r4, r0
10005ca4:	68c0      	ldr	r0, [r0, #12]
10005ca6:	460d      	mov	r5, r1
10005ca8:	b118      	cbz	r0, 10005cb2 <tu_fifo_set_overwritable+0x12>
10005caa:	f04f 31ff 	mov.w	r1, #4294967295	@ 0xffffffff
10005cae:	f000 f92b 	bl	10005f08 <__mutex_enter_timeout_ms_veneer>
10005cb2:	6920      	ldr	r0, [r4, #16]
10005cb4:	b118      	cbz	r0, 10005cbe <tu_fifo_set_overwritable+0x1e>
10005cb6:	f04f 31ff 	mov.w	r1, #4294967295	@ 0xffffffff
10005cba:	f000 f925 	bl	10005f08 <__mutex_enter_timeout_ms_veneer>
10005cbe:	79e3      	ldrb	r3, [r4, #7]
10005cc0:	68e0      	ldr	r0, [r4, #12]
10005cc2:	f365 13c7 	bfi	r3, r5, #7, #1
10005cc6:	71e3      	strb	r3, [r4, #7]
10005cc8:	b108      	cbz	r0, 10005cce <tu_fifo_set_overwritable+0x2e>
10005cca:	f000 f921 	bl	10005f10 <__mutex_exit_veneer>
10005cce:	6920      	ldr	r0, [r4, #16]
10005cd0:	b108      	cbz	r0, 10005cd6 <tu_fifo_set_overwritable+0x36>
10005cd2:	f000 f91d 	bl	10005f10 <__mutex_exit_veneer>
10005cd6:	2001      	movs	r0, #1
10005cd8:	bd38      	pop	{r3, r4, r5, pc}
10005cda:	bf00      	nop

10005cdc <memset>:
10005cdc:	b570      	push	{r4, r5, r6, lr}
10005cde:	0786      	lsls	r6, r0, #30
10005ce0:	d047      	beq.n	10005d72 <memset+0x96>
10005ce2:	1e54      	subs	r4, r2, #1
10005ce4:	2a00      	cmp	r2, #0
10005ce6:	d03e      	beq.n	10005d66 <memset+0x8a>
10005ce8:	b2ca      	uxtb	r2, r1
10005cea:	4603      	mov	r3, r0
10005cec:	e001      	b.n	10005cf2 <memset+0x16>
10005cee:	3c01      	subs	r4, #1
10005cf0:	d339      	bcc.n	10005d66 <memset+0x8a>
10005cf2:	f803 2b01 	strb.w	r2, [r3], #1
10005cf6:	079d      	lsls	r5, r3, #30
10005cf8:	d1f9      	bne.n	10005cee <memset+0x12>
10005cfa:	2c03      	cmp	r4, #3
10005cfc:	d92c      	bls.n	10005d58 <memset+0x7c>
10005cfe:	b2cd      	uxtb	r5, r1
10005d00:	2c0f      	cmp	r4, #15
10005d02:	eb05 2505 	add.w	r5, r5, r5, lsl #8
10005d06:	eb05 4505 	add.w	r5, r5, r5, lsl #16
10005d0a:	d935      	bls.n	10005d78 <memset+0x9c>
10005d0c:	f1a4 0c10 	sub.w	ip, r4, #16
10005d10:	f103 0e10 	add.w	lr, r3, #16
10005d14:	461a      	mov	r2, r3
10005d16:	f02c 060f 	bic.w	r6, ip, #15
10005d1a:	ea4f 1c1c 	mov.w	ip, ip, lsr #4
10005d1e:	44b6      	add	lr, r6
10005d20:	e9c2 5500 	strd	r5, r5, [r2]
10005d24:	e9c2 5502 	strd	r5, r5, [r2, #8]
10005d28:	3210      	adds	r2, #16
10005d2a:	4572      	cmp	r2, lr
10005d2c:	d1f8      	bne.n	10005d20 <memset+0x44>
10005d2e:	f10c 0201 	add.w	r2, ip, #1
10005d32:	f014 0f0c 	tst.w	r4, #12
10005d36:	f004 0c0f 	and.w	ip, r4, #15
10005d3a:	eb03 1202 	add.w	r2, r3, r2, lsl #4
10005d3e:	d013      	beq.n	10005d68 <memset+0x8c>
10005d40:	f1ac 0304 	sub.w	r3, ip, #4
10005d44:	f023 0303 	bic.w	r3, r3, #3
10005d48:	3304      	adds	r3, #4
10005d4a:	4413      	add	r3, r2
10005d4c:	f842 5b04 	str.w	r5, [r2], #4
10005d50:	4293      	cmp	r3, r2
10005d52:	d1fb      	bne.n	10005d4c <memset+0x70>
10005d54:	f00c 0403 	and.w	r4, ip, #3
10005d58:	b12c      	cbz	r4, 10005d66 <memset+0x8a>
10005d5a:	b2c9      	uxtb	r1, r1
10005d5c:	441c      	add	r4, r3
10005d5e:	f803 1b01 	strb.w	r1, [r3], #1
10005d62:	42a3      	cmp	r3, r4
10005d64:	d1fb      	bne.n	10005d5e <memset+0x82>
10005d66:	bd70      	pop	{r4, r5, r6, pc}
10005d68:	4664      	mov	r4, ip
10005d6a:	4613      	mov	r3, r2
10005d6c:	2c00      	cmp	r4, #0
10005d6e:	d1f4      	bne.n	10005d5a <memset+0x7e>
10005d70:	e7f9      	b.n	10005d66 <memset+0x8a>
10005d72:	4603      	mov	r3, r0
10005d74:	4614      	mov	r4, r2
10005d76:	e7c0      	b.n	10005cfa <memset+0x1e>
10005d78:	461a      	mov	r2, r3
10005d7a:	46a4      	mov	ip, r4
10005d7c:	e7e0      	b.n	10005d40 <memset+0x64>
10005d7e:	bf00      	nop

10005d80 <memcpy>:
10005d80:	4684      	mov	ip, r0
10005d82:	ea41 0300 	orr.w	r3, r1, r0
10005d86:	f013 0303 	ands.w	r3, r3, #3
10005d8a:	d149      	bne.n	10005e20 <memcpy+0xa0>
10005d8c:	3a40      	subs	r2, #64	@ 0x40
10005d8e:	d323      	bcc.n	10005dd8 <memcpy+0x58>
10005d90:	680b      	ldr	r3, [r1, #0]
10005d92:	6003      	str	r3, [r0, #0]
10005d94:	684b      	ldr	r3, [r1, #4]
10005d96:	6043      	str	r3, [r0, #4]
10005d98:	688b      	ldr	r3, [r1, #8]
10005d9a:	6083      	str	r3, [r0, #8]
10005d9c:	68cb      	ldr	r3, [r1, #12]
10005d9e:	60c3      	str	r3, [r0, #12]
10005da0:	690b      	ldr	r3, [r1, #16]
10005da2:	6103      	str	r3, [r0, #16]
10005da4:	694b      	ldr	r3, [r1, #20]
10005da6:	6143      	str	r3, [r0, #20]
10005da8:	698b      	ldr	r3, [r1, #24]
10005daa:	6183      	str	r3, [r0, #24]
10005dac:	69cb      	ldr	r3, [r1, #28]
10005dae:	61c3      	str	r3, [r0, #28]
10005db0:	6a0b      	ldr	r3, [r1, #32]
10005db2:	6203      	str	r3, [r0, #32]
10005db4:	6a4b      	ldr	r3, [r1, #36]	@ 0x24
10005db6:	6243      	str	r3, [r0, #36]	@ 0x24
10005db8:	6a8b      	ldr	r3, [r1, #40]	@ 0x28
10005dba:	6283      	str	r3, [r0, #40]	@ 0x28
10005dbc:	6acb      	ldr	r3, [r1, #44]	@ 0x2c
10005dbe:	62c3      	str	r3, [r0, #44]	@ 0x2c
10005dc0:	6b0b      	ldr	r3, [r1, #48]	@ 0x30
10005dc2:	6303      	str	r3, [r0, #48]	@ 0x30
10005dc4:	6b4b      	ldr	r3, [r1, #52]	@ 0x34
10005dc6:	6343      	str	r3, [r0, #52]	@ 0x34
10005dc8:	6b8b      	ldr	r3, [r1, #56]	@ 0x38
10005dca:	6383      	str	r3, [r0, #56]	@ 0x38
10005dcc:	6bcb      	ldr	r3, [r1, #60]	@ 0x3c
10005dce:	63c3      	str	r3, [r0, #60]	@ 0x3c
10005dd0:	3040      	adds	r0, #64	@ 0x40
10005dd2:	3140      	adds	r1, #64	@ 0x40
10005dd4:	3a40      	subs	r2, #64	@ 0x40
10005dd6:	d2db      	bcs.n	10005d90 <memcpy+0x10>
10005dd8:	3230      	adds	r2, #48	@ 0x30
10005dda:	d30b      	bcc.n	10005df4 <memcpy+0x74>
10005ddc:	680b      	ldr	r3, [r1, #0]
10005dde:	6003      	str	r3, [r0, #0]
10005de0:	684b      	ldr	r3, [r1, #4]
10005de2:	6043      	str	r3, [r0, #4]
10005de4:	688b      	ldr	r3, [r1, #8]
10005de6:	6083      	str	r3, [r0, #8]
10005de8:	68cb      	ldr	r3, [r1, #12]
10005dea:	60c3      	str	r3, [r0, #12]
10005dec:	3010      	adds	r0, #16
10005dee:	3110      	adds	r1, #16
10005df0:	3a10      	subs	r2, #16
10005df2:	d2f3      	bcs.n	10005ddc <memcpy+0x5c>
10005df4:	320c      	adds	r2, #12
10005df6:	d305      	bcc.n	10005e04 <memcpy+0x84>
10005df8:	f851 3b04 	ldr.w	r3, [r1], #4
10005dfc:	f840 3b04 	str.w	r3, [r0], #4
10005e00:	3a04      	subs	r2, #4
10005e02:	d2f9      	bcs.n	10005df8 <memcpy+0x78>
10005e04:	3204      	adds	r2, #4
10005e06:	d008      	beq.n	10005e1a <memcpy+0x9a>
10005e08:	07d2      	lsls	r2, r2, #31
10005e0a:	bf1c      	itt	ne
10005e0c:	f811 3b01 	ldrbne.w	r3, [r1], #1
10005e10:	f800 3b01 	strbne.w	r3, [r0], #1
10005e14:	d301      	bcc.n	10005e1a <memcpy+0x9a>
10005e16:	880b      	ldrh	r3, [r1, #0]
10005e18:	8003      	strh	r3, [r0, #0]
10005e1a:	4660      	mov	r0, ip
10005e1c:	4770      	bx	lr
10005e1e:	bf00      	nop
10005e20:	2a08      	cmp	r2, #8
10005e22:	d313      	bcc.n	10005e4c <memcpy+0xcc>
10005e24:	078b      	lsls	r3, r1, #30
10005e26:	d0b1      	beq.n	10005d8c <memcpy+0xc>
10005e28:	f010 0303 	ands.w	r3, r0, #3
10005e2c:	d0ae      	beq.n	10005d8c <memcpy+0xc>
10005e2e:	f1c3 0304 	rsb	r3, r3, #4
10005e32:	1ad2      	subs	r2, r2, r3
10005e34:	07db      	lsls	r3, r3, #31
10005e36:	bf1c      	itt	ne
10005e38:	f811 3b01 	ldrbne.w	r3, [r1], #1
10005e3c:	f800 3b01 	strbne.w	r3, [r0], #1
10005e40:	d3a4      	bcc.n	10005d8c <memcpy+0xc>
10005e42:	f831 3b02 	ldrh.w	r3, [r1], #2
10005e46:	f820 3b02 	strh.w	r3, [r0], #2
10005e4a:	e79f      	b.n	10005d8c <memcpy+0xc>
10005e4c:	3a04      	subs	r2, #4
10005e4e:	d3d9      	bcc.n	10005e04 <memcpy+0x84>
10005e50:	3a01      	subs	r2, #1
10005e52:	f811 3b01 	ldrb.w	r3, [r1], #1
10005e56:	f800 3b01 	strb.w	r3, [r0], #1
10005e5a:	d2f9      	bcs.n	10005e50 <memcpy+0xd0>
10005e5c:	780b      	ldrb	r3, [r1, #0]
10005e5e:	7003      	strb	r3, [r0, #0]
10005e60:	784b      	ldrb	r3, [r1, #1]
10005e62:	7043      	strb	r3, [r0, #1]
10005e64:	788b      	ldrb	r3, [r1, #2]
10005e66:	7083      	strb	r3, [r0, #2]
10005e68:	4660      	mov	r0, ip
10005e6a:	4770      	bx	lr

10005e6c <strlen>:
10005e6c:	f020 0103 	bic.w	r1, r0, #3
10005e70:	f010 0003 	ands.w	r0, r0, #3
10005e74:	f1c0 0000 	rsb	r0, r0, #0
10005e78:	f851 3b04 	ldr.w	r3, [r1], #4
10005e7c:	f100 0c04 	add.w	ip, r0, #4
10005e80:	ea4f 0ccc 	mov.w	ip, ip, lsl #3
10005e84:	f06f 0200 	mvn.w	r2, #0
10005e88:	bf1c      	itt	ne
10005e8a:	fa22 f20c 	lsrne.w	r2, r2, ip
10005e8e:	4313      	orrne	r3, r2
10005e90:	f04f 0c01 	mov.w	ip, #1
10005e94:	ea4c 2c0c 	orr.w	ip, ip, ip, lsl #8
10005e98:	ea4c 4c0c 	orr.w	ip, ip, ip, lsl #16
10005e9c:	eba3 020c 	sub.w	r2, r3, ip
10005ea0:	ea22 0203 	bic.w	r2, r2, r3
10005ea4:	ea12 12cc 	ands.w	r2, r2, ip, lsl #7
10005ea8:	bf04      	itt	eq
10005eaa:	f851 3b04 	ldreq.w	r3, [r1], #4
10005eae:	3004      	addeq	r0, #4
10005eb0:	d0f4      	beq.n	10005e9c <strlen+0x30>
10005eb2:	f1c2 0100 	rsb	r1, r2, #0
10005eb6:	ea02 0201 	and.w	r2, r2, r1
10005eba:	fab2 f282 	clz	r2, r2
10005ebe:	f1c2 021f 	rsb	r2, r2, #31
10005ec2:	eb00 00d2 	add.w	r0, r0, r2, lsr #3
10005ec6:	4770      	bx	lr

10005ec8 <____aeabi_f2d_veneer>:
10005ec8:	f85f f000 	ldr.w	pc, [pc]	@ 10005ecc <____aeabi_f2d_veneer+0x4>
10005ecc:	200010c1 	.word	0x200010c1

10005ed0 <__e15_is_critical_frame_period_veneer>:
10005ed0:	f85f f000 	ldr.w	pc, [pc]	@ 10005ed4 <__e15_is_critical_frame_period_veneer+0x4>
10005ed4:	20000ac9 	.word	0x20000ac9

10005ed8 <____aeabi_uldivmod_veneer>:
10005ed8:	f85f f000 	ldr.w	pc, [pc]	@ 10005edc <____aeabi_uldivmod_veneer+0x4>
10005edc:	20001171 	.word	0x20001171

10005ee0 <__mutex_try_enter_block_until_veneer>:
10005ee0:	f85f f000 	ldr.w	pc, [pc]	@ 10005ee4 <__mutex_try_enter_block_until_veneer+0x4>
10005ee4:	200001f9 	.word	0x200001f9

10005ee8 <___hw_endpoint_buffer_control_update32_veneer>:
10005ee8:	f85f f000 	ldr.w	pc, [pc]	@ 10005eec <___hw_endpoint_buffer_control_update32_veneer+0x4>
10005eec:	20000afd 	.word	0x20000afd

10005ef0 <__mutex_try_enter_veneer>:
10005ef0:	f85f f000 	ldr.w	pc, [pc]	@ 10005ef4 <__mutex_try_enter_veneer+0x4>
10005ef4:	20000111 	.word	0x20000111

10005ef8 <__hw_endpoint_start_next_buffer_veneer>:
10005ef8:	f85f f000 	ldr.w	pc, [pc]	@ 10005efc <__hw_endpoint_start_next_buffer_veneer+0x4>
10005efc:	20000b41 	.word	0x20000b41

10005f00 <__reset_non_control_endpoints_veneer>:
10005f00:	f85f f000 	ldr.w	pc, [pc]	@ 10005f04 <__reset_non_control_endpoints_veneer+0x4>
10005f04:	200002e5 	.word	0x200002e5

10005f08 <__mutex_enter_timeout_ms_veneer>:
10005f08:	f85f f000 	ldr.w	pc, [pc]	@ 10005f0c <__mutex_enter_timeout_ms_veneer+0x4>
10005f0c:	20000265 	.word	0x20000265

10005f10 <__mutex_exit_veneer>:
10005f10:	f85f f000 	ldr.w	pc, [pc]	@ 10005f14 <__mutex_exit_veneer+0x4>
10005f14:	2000029d 	.word	0x2000029d

10005f18 <__e15_is_bulkin_ep_veneer>:
10005f18:	f85f f000 	ldr.w	pc, [pc]	@ 10005f1c <__e15_is_bulkin_ep_veneer+0x4>
10005f1c:	20000aa1 	.word	0x20000aa1

10005f20 <__pre_init_runtime_init_bootrom_reset>:
10005f20:	10001a69                                i...

10005f24 <__pre_init_runtime_init_early_resets>:
10005f24:	100019dd                                ....

10005f28 <__pre_init_runtime_init_usb_power_down>:
10005f28:	10001a11                                ....

10005f2c <__pre_init_runtime_init_clocks>:
10005f2c:	10001af9                                ....

10005f30 <__pre_init_runtime_init_post_clock_resets>:
10005f30:	10001a49                                I...

10005f34 <__pre_init_runtime_init_boot_locks_reset>:
10005f34:	10001961                                a...

10005f38 <__pre_init_runtime_init_spin_locks_reset>:
10005f38:	10001a91                                ....

10005f3c <__pre_init_runtime_init_bootrom_locking_enable>:
10005f3c:	1000194d                                M...

10005f40 <__pre_init_runtime_init_mutex>:
10005f40:	10000dc9                                ....

10005f44 <__pre_init_runtime_init_install_ram_vector_table>:
10005f44:	10001a95                                ....

10005f48 <__pre_init_runtime_init_default_alarm_pool>:
10005f48:	100011ad                                ....

10005f4c <__pre_init_first_per_core_initializer>:
10005f4c:	100019ad                                ....

10005f50 <__pre_init_runtime_init_per_core_bootrom_reset>:
10005f50:	10001a7d                                }...

10005f54 <__pre_init_runtime_init_per_core_enable_coprocessors>:
10005f54:	10001a2d                                -...

10005f58 <__pre_init_spinlock_set_extexclall>:
10005f58:	100007c5                                ....

10005f5c <__pre_init_runtime_init_per_core_irq_priorities>:
10005f5c:	100007ed                                ....

10005f60 <__init_array_start>:
10005f60:	10003ecd 	.word	0x10003ecd

Disassembly of section .data:

20000110 <mutex_try_enter>:
20000110:	4603      	mov	r3, r0
20000112:	b500      	push	{lr}
20000114:	6802      	ldr	r2, [r0, #0]
20000116:	f3ef 8c10 	mrs	ip, PRIMASK
2000011a:	b672      	cpsid	i
2000011c:	e8d2 efcf 	ldaexb	lr, [r2]
20000120:	2001      	movs	r0, #1
20000122:	f1be 0f00 	cmp.w	lr, #0
20000126:	d1f9      	bne.n	2000011c <mutex_try_enter+0xc>
20000128:	e8c2 0f4e 	strexb	lr, r0, [r2]
2000012c:	f1be 0f00 	cmp.w	lr, #0
20000130:	d1f4      	bne.n	2000011c <mutex_try_enter+0xc>
20000132:	f3bf 8f5f 	dmb	sy
20000136:	f993 2004 	ldrsb.w	r2, [r3, #4]
2000013a:	2a00      	cmp	r2, #0
2000013c:	db0a      	blt.n	20000154 <mutex_try_enter+0x44>
2000013e:	b101      	cbz	r1, 20000142 <mutex_try_enter+0x32>
20000140:	600a      	str	r2, [r1, #0]
20000142:	2000      	movs	r0, #0
20000144:	2200      	movs	r2, #0
20000146:	681b      	ldr	r3, [r3, #0]
20000148:	e8c3 2f8f 	stlb	r2, [r3]
2000014c:	f38c 8810 	msr	PRIMASK, ip
20000150:	f85d fb04 	ldr.w	pc, [sp], #4
20000154:	f04f 4250 	mov.w	r2, #3489660928	@ 0xd0000000
20000158:	6812      	ldr	r2, [r2, #0]
2000015a:	2001      	movs	r0, #1
2000015c:	711a      	strb	r2, [r3, #4]
2000015e:	e7f1      	b.n	20000144 <mutex_try_enter+0x34>

20000160 <mutex_enter_block_until>:
20000160:	f04f 4150 	mov.w	r1, #3489660928	@ 0xd0000000
20000164:	e92d 47f0 	stmdb	sp!, {r4, r5, r6, r7, r8, r9, sl, lr}
20000168:	f04f 0800 	mov.w	r8, #0
2000016c:	4604      	mov	r4, r0
2000016e:	4691      	mov	r9, r2
20000170:	469a      	mov	sl, r3
20000172:	4d1f      	ldr	r5, [pc, #124]	@ (200001f0 <mutex_enter_block_until+0x90>)
20000174:	4e1f      	ldr	r6, [pc, #124]	@ (200001f4 <mutex_enter_block_until+0x94>)
20000176:	680f      	ldr	r7, [r1, #0]
20000178:	6820      	ldr	r0, [r4, #0]
2000017a:	f3ef 8310 	mrs	r3, PRIMASK
2000017e:	b672      	cpsid	i
20000180:	e8d0 1fcf 	ldaexb	r1, [r0]
20000184:	2201      	movs	r2, #1
20000186:	2900      	cmp	r1, #0
20000188:	d1fa      	bne.n	20000180 <mutex_enter_block_until+0x20>
2000018a:	e8c0 2f41 	strexb	r1, r2, [r0]
2000018e:	2900      	cmp	r1, #0
20000190:	d1f6      	bne.n	20000180 <mutex_enter_block_until+0x20>
20000192:	f3bf 8f5f 	dmb	sy
20000196:	f994 2004 	ldrsb.w	r2, [r4, #4]
2000019a:	2a00      	cmp	r2, #0
2000019c:	db1e      	blt.n	200001dc <mutex_enter_block_until+0x7c>
2000019e:	f895 c000 	ldrb.w	ip, [r5]
200001a2:	6822      	ldr	r2, [r4, #0]
200001a4:	fa5f fc8c 	uxtb.w	ip, ip
200001a8:	e8c2 8f8f 	stlb	r8, [r2]
200001ac:	bf20      	wfe
200001ae:	f383 8810 	msr	PRIMASK, r3
200001b2:	782b      	ldrb	r3, [r5, #0]
200001b4:	4563      	cmp	r3, ip
200001b6:	d00a      	beq.n	200001ce <mutex_enter_block_until+0x6e>
200001b8:	6a73      	ldr	r3, [r6, #36]	@ 0x24
200001ba:	459a      	cmp	sl, r3
200001bc:	d8dc      	bhi.n	20000178 <mutex_enter_block_until+0x18>
200001be:	6ab2      	ldr	r2, [r6, #40]	@ 0x28
200001c0:	454a      	cmp	r2, r9
200001c2:	d201      	bcs.n	200001c8 <mutex_enter_block_until+0x68>
200001c4:	459a      	cmp	sl, r3
200001c6:	d0d7      	beq.n	20000178 <mutex_enter_block_until+0x18>
200001c8:	2000      	movs	r0, #0
200001ca:	e8bd 87f0 	ldmia.w	sp!, {r4, r5, r6, r7, r8, r9, sl, pc}
200001ce:	4648      	mov	r0, r9
200001d0:	4651      	mov	r1, sl
200001d2:	f001 f971 	bl	200014b8 <__best_effort_wfe_or_timeout_veneer>
200001d6:	2800      	cmp	r0, #0
200001d8:	d0ce      	beq.n	20000178 <mutex_enter_block_until+0x18>
200001da:	e7f5      	b.n	200001c8 <mutex_enter_block_until+0x68>
200001dc:	2200      	movs	r2, #0
200001de:	6821      	ldr	r1, [r4, #0]
200001e0:	7127      	strb	r7, [r4, #4]
200001e2:	e8c1 2f8f 	stlb	r2, [r1]
200001e6:	f383 8810 	msr	PRIMASK, r3
200001ea:	2001      	movs	r0, #1
200001ec:	e8bd 87f0 	ldmia.w	sp!, {r4, r5, r6, r7, r8, r9, sl, pc}
200001f0:	20001f02 	.word	0x20001f02
200001f4:	400b0000 	.word	0x400b0000

200001f8 <mutex_try_enter_block_until>:
200001f8:	b530      	push	{r4, r5, lr}
200001fa:	4601      	mov	r1, r0
200001fc:	6804      	ldr	r4, [r0, #0]
200001fe:	f3ef 8c10 	mrs	ip, PRIMASK
20000202:	b672      	cpsid	i
20000204:	e8d4 efcf 	ldaexb	lr, [r4]
20000208:	2501      	movs	r5, #1
2000020a:	f1be 0f00 	cmp.w	lr, #0
2000020e:	d1f9      	bne.n	20000204 <mutex_try_enter_block_until+0xc>
20000210:	e8c4 5f4e 	strexb	lr, r5, [r4]
20000214:	f1be 0f00 	cmp.w	lr, #0
20000218:	d1f4      	bne.n	20000204 <mutex_try_enter_block_until+0xc>
2000021a:	f3bf 8f5f 	dmb	sy
2000021e:	f990 4004 	ldrsb.w	r4, [r0, #4]
20000222:	2c00      	cmp	r4, #0
20000224:	db11      	blt.n	2000024a <mutex_try_enter_block_until+0x52>
20000226:	2100      	movs	r1, #0
20000228:	6805      	ldr	r5, [r0, #0]
2000022a:	e8c5 1f8f 	stlb	r1, [r5]
2000022e:	f38c 8810 	msr	PRIMASK, ip
20000232:	f04f 4c50 	mov.w	ip, #3489660928	@ 0xd0000000
20000236:	f99c c000 	ldrsb.w	ip, [ip]
2000023a:	45a4      	cmp	ip, r4
2000023c:	d101      	bne.n	20000242 <mutex_try_enter_block_until+0x4a>
2000023e:	4608      	mov	r0, r1
20000240:	bd30      	pop	{r4, r5, pc}
20000242:	e8bd 4030 	ldmia.w	sp!, {r4, r5, lr}
20000246:	f7ff bf8b 	b.w	20000160 <mutex_enter_block_until>
2000024a:	f04f 4050 	mov.w	r0, #3489660928	@ 0xd0000000
2000024e:	6800      	ldr	r0, [r0, #0]
20000250:	2300      	movs	r3, #0
20000252:	680a      	ldr	r2, [r1, #0]
20000254:	7108      	strb	r0, [r1, #4]
20000256:	e8c2 3f8f 	stlb	r3, [r2]
2000025a:	f38c 8810 	msr	PRIMASK, ip
2000025e:	2001      	movs	r0, #1
20000260:	bd30      	pop	{r4, r5, pc}
20000262:	bf00      	nop

20000264 <mutex_enter_timeout_ms>:
20000264:	b570      	push	{r4, r5, r6, lr}
20000266:	4605      	mov	r5, r0
20000268:	460c      	mov	r4, r1
2000026a:	f001 f931 	bl	200014d0 <__time_us_64_veneer>
2000026e:	4602      	mov	r2, r0
20000270:	460b      	mov	r3, r1
20000272:	f44f 707a 	mov.w	r0, #1000	@ 0x3e8
20000276:	f04f 3eff 	mov.w	lr, #4294967295	@ 0xffffffff
2000027a:	f06f 4c00 	mvn.w	ip, #2147483648	@ 0x80000000
2000027e:	fbe4 2300 	umlal	r2, r3, r4, r0
20000282:	4596      	cmp	lr, r2
20000284:	eb7c 0103 	sbcs.w	r1, ip, r3
20000288:	bf38      	it	cc
2000028a:	4672      	movcc	r2, lr
2000028c:	4628      	mov	r0, r5
2000028e:	e8bd 4070 	ldmia.w	sp!, {r4, r5, r6, lr}
20000292:	bf38      	it	cc
20000294:	4663      	movcc	r3, ip
20000296:	f7ff bf63 	b.w	20000160 <mutex_enter_block_until>
2000029a:	bf00      	nop

2000029c <mutex_exit>:
2000029c:	6803      	ldr	r3, [r0, #0]
2000029e:	f3ef 8110 	mrs	r1, PRIMASK
200002a2:	b672      	cpsid	i
200002a4:	e8d3 cfcf 	ldaexb	ip, [r3]
200002a8:	2201      	movs	r2, #1
200002aa:	f1bc 0f00 	cmp.w	ip, #0
200002ae:	d1f9      	bne.n	200002a4 <mutex_exit+0x8>
200002b0:	e8c3 2f4c 	strexb	ip, r2, [r3]
200002b4:	f1bc 0f00 	cmp.w	ip, #0
200002b8:	d1f4      	bne.n	200002a4 <mutex_exit+0x8>
200002ba:	f3bf 8f5f 	dmb	sy
200002be:	f04f 0cff 	mov.w	ip, #255	@ 0xff
200002c2:	4a07      	ldr	r2, [pc, #28]	@ (200002e0 <mutex_exit+0x44>)
200002c4:	f880 c004 	strb.w	ip, [r0, #4]
200002c8:	7813      	ldrb	r3, [r2, #0]
200002ca:	3301      	adds	r3, #1
200002cc:	b2db      	uxtb	r3, r3
200002ce:	7013      	strb	r3, [r2, #0]
200002d0:	2300      	movs	r3, #0
200002d2:	6802      	ldr	r2, [r0, #0]
200002d4:	e8c2 3f8f 	stlb	r3, [r2]
200002d8:	f381 8810 	msr	PRIMASK, r1
200002dc:	bf40      	sev
200002de:	4770      	bx	lr
200002e0:	20001f02 	.word	0x20001f02

200002e4 <reset_non_control_endpoints>:
200002e4:	2100      	movs	r1, #0
200002e6:	b508      	push	{r3, lr}
200002e8:	4b13      	ldr	r3, [pc, #76]	@ (20000338 <reset_non_control_endpoints+0x54>)
200002ea:	f44f 7270 	mov.w	r2, #960	@ 0x3c0
200002ee:	6099      	str	r1, [r3, #8]
200002f0:	4812      	ldr	r0, [pc, #72]	@ (2000033c <reset_non_control_endpoints+0x58>)
200002f2:	60d9      	str	r1, [r3, #12]
200002f4:	6119      	str	r1, [r3, #16]
200002f6:	6159      	str	r1, [r3, #20]
200002f8:	6199      	str	r1, [r3, #24]
200002fa:	61d9      	str	r1, [r3, #28]
200002fc:	6219      	str	r1, [r3, #32]
200002fe:	6259      	str	r1, [r3, #36]	@ 0x24
20000300:	6299      	str	r1, [r3, #40]	@ 0x28
20000302:	62d9      	str	r1, [r3, #44]	@ 0x2c
20000304:	6319      	str	r1, [r3, #48]	@ 0x30
20000306:	6359      	str	r1, [r3, #52]	@ 0x34
20000308:	6399      	str	r1, [r3, #56]	@ 0x38
2000030a:	63d9      	str	r1, [r3, #60]	@ 0x3c
2000030c:	6419      	str	r1, [r3, #64]	@ 0x40
2000030e:	6459      	str	r1, [r3, #68]	@ 0x44
20000310:	6499      	str	r1, [r3, #72]	@ 0x48
20000312:	64d9      	str	r1, [r3, #76]	@ 0x4c
20000314:	6519      	str	r1, [r3, #80]	@ 0x50
20000316:	6559      	str	r1, [r3, #84]	@ 0x54
20000318:	6599      	str	r1, [r3, #88]	@ 0x58
2000031a:	65d9      	str	r1, [r3, #92]	@ 0x5c
2000031c:	6619      	str	r1, [r3, #96]	@ 0x60
2000031e:	6659      	str	r1, [r3, #100]	@ 0x64
20000320:	6699      	str	r1, [r3, #104]	@ 0x68
20000322:	66d9      	str	r1, [r3, #108]	@ 0x6c
20000324:	6719      	str	r1, [r3, #112]	@ 0x70
20000326:	6759      	str	r1, [r3, #116]	@ 0x74
20000328:	6799      	str	r1, [r3, #120]	@ 0x78
2000032a:	67d9      	str	r1, [r3, #124]	@ 0x7c
2000032c:	f001 f8bc 	bl	200014a8 <__memset_veneer>
20000330:	4b03      	ldr	r3, [pc, #12]	@ (20000340 <reset_non_control_endpoints+0x5c>)
20000332:	4a04      	ldr	r2, [pc, #16]	@ (20000344 <reset_non_control_endpoints+0x60>)
20000334:	601a      	str	r2, [r3, #0]
20000336:	bd08      	pop	{r3, pc}
20000338:	50100000 	.word	0x50100000
2000033c:	20001ae0 	.word	0x20001ae0
20000340:	20001ea8 	.word	0x20001ea8
20000344:	50100180 	.word	0x50100180

20000348 <hw_handle_buff_status>:
20000348:	e92d 4ff0 	stmdb	sp!, {r4, r5, r6, r7, r8, r9, sl, fp, lr}
2000034c:	4b20      	ldr	r3, [pc, #128]	@ (200003d0 <hw_handle_buff_status+0x88>)
2000034e:	b085      	sub	sp, #20
20000350:	6d9e      	ldr	r6, [r3, #88]	@ 0x58
20000352:	b30e      	cbz	r6, 20000398 <hw_handle_buff_status+0x50>
20000354:	2400      	movs	r4, #0
20000356:	2501      	movs	r5, #1
20000358:	4f1e      	ldr	r7, [pc, #120]	@ (200003d4 <hw_handle_buff_status+0x8c>)
2000035a:	e001      	b.n	20000360 <hw_handle_buff_status+0x18>
2000035c:	2c20      	cmp	r4, #32
2000035e:	d01b      	beq.n	20000398 <hw_handle_buff_status+0x50>
20000360:	ea06 0305 	and.w	r3, r6, r5
20000364:	1c62      	adds	r2, r4, #1
20000366:	4621      	mov	r1, r4
20000368:	46aa      	mov	sl, r5
2000036a:	b2d4      	uxtb	r4, r2
2000036c:	006d      	lsls	r5, r5, #1
2000036e:	2b00      	cmp	r3, #0
20000370:	d0f4      	beq.n	2000035c <hw_handle_buff_status+0x14>
20000372:	2302      	movs	r3, #2
20000374:	f004 0801 	and.w	r8, r4, #1
20000378:	ea4f 0951 	mov.w	r9, r1, lsr #1
2000037c:	fb13 8b09 	smlabb	fp, r3, r9, r8
20000380:	4b15      	ldr	r3, [pc, #84]	@ (200003d8 <hw_handle_buff_status+0x90>)
20000382:	eb07 1b4b 	add.w	fp, r7, fp, lsl #5
20000386:	4658      	mov	r0, fp
20000388:	f8c3 a058 	str.w	sl, [r3, #88]	@ 0x58
2000038c:	f000 fc0a 	bl	20000ba4 <hw_endpoint_xfer_continue>
20000390:	b928      	cbnz	r0, 2000039e <hw_handle_buff_status+0x56>
20000392:	ea36 060a 	bics.w	r6, r6, sl
20000396:	d1e1      	bne.n	2000035c <hw_handle_buff_status+0x14>
20000398:	b005      	add	sp, #20
2000039a:	e8bd 8ff0 	ldmia.w	sp!, {r4, r5, r6, r7, r8, r9, sl, fp, pc}
2000039e:	f44f 62e0 	mov.w	r2, #1792	@ 0x700
200003a2:	f8ad 2004 	strh.w	r2, [sp, #4]
200003a6:	2200      	movs	r2, #0
200003a8:	eb08 0349 	add.w	r3, r8, r9, lsl #1
200003ac:	eb07 1343 	add.w	r3, r7, r3, lsl #5
200003b0:	f88d 2009 	strb.w	r2, [sp, #9]
200003b4:	789a      	ldrb	r2, [r3, #2]
200003b6:	8adb      	ldrh	r3, [r3, #22]
200003b8:	a801      	add	r0, sp, #4
200003ba:	2101      	movs	r1, #1
200003bc:	f88d 2008 	strb.w	r2, [sp, #8]
200003c0:	9303      	str	r3, [sp, #12]
200003c2:	f000 fc0d 	bl	20000be0 <dcd_event_handler>
200003c6:	4658      	mov	r0, fp
200003c8:	f000 fb92 	bl	20000af0 <hw_endpoint_reset_transfer>
200003cc:	e7e1      	b.n	20000392 <hw_handle_buff_status+0x4a>
200003ce:	bf00      	nop
200003d0:	50110000 	.word	0x50110000
200003d4:	20001aa0 	.word	0x20001aa0
200003d8:	50113000 	.word	0x50113000

200003dc <dcd_rp2040_irq>:
200003dc:	b5f0      	push	{r4, r5, r6, r7, lr}
200003de:	4bb2      	ldr	r3, [pc, #712]	@ (200006a8 <dcd_rp2040_irq+0x2cc>)
200003e0:	b085      	sub	sp, #20
200003e2:	f8d3 5098 	ldr.w	r5, [r3, #152]	@ 0x98
200003e6:	f415 3600 	ands.w	r6, r5, #131072	@ 0x20000
200003ea:	d074      	beq.n	200004d6 <dcd_rp2040_irq+0xfa>
200003ec:	4baf      	ldr	r3, [pc, #700]	@ (200006ac <dcd_rp2040_irq+0x2d0>)
200003ee:	4cb0      	ldr	r4, [pc, #704]	@ (200006b0 <dcd_rp2040_irq+0x2d4>)
200003f0:	6a99      	ldr	r1, [r3, #40]	@ 0x28
200003f2:	f894 303b 	ldrb.w	r3, [r4, #59]	@ 0x3b
200003f6:	4aaf      	ldr	r2, [pc, #700]	@ (200006b4 <dcd_rp2040_irq+0x2d8>)
200003f8:	2b02      	cmp	r3, #2
200003fa:	6011      	str	r1, [r2, #0]
200003fc:	f000 80f9 	beq.w	200005f2 <dcd_rp2040_irq+0x216>
20000400:	2600      	movs	r6, #0
20000402:	f894 307b 	ldrb.w	r3, [r4, #123]	@ 0x7b
20000406:	2b02      	cmp	r3, #2
20000408:	f000 81d4 	beq.w	200007b4 <dcd_rp2040_irq+0x3d8>
2000040c:	f894 30bb 	ldrb.w	r3, [r4, #187]	@ 0xbb
20000410:	2b02      	cmp	r3, #2
20000412:	f000 81c5 	beq.w	200007a0 <dcd_rp2040_irq+0x3c4>
20000416:	f894 30fb 	ldrb.w	r3, [r4, #251]	@ 0xfb
2000041a:	2b02      	cmp	r3, #2
2000041c:	f000 81b6 	beq.w	2000078c <dcd_rp2040_irq+0x3b0>
20000420:	f894 313b 	ldrb.w	r3, [r4, #315]	@ 0x13b
20000424:	2b02      	cmp	r3, #2
20000426:	f000 81a6 	beq.w	20000776 <dcd_rp2040_irq+0x39a>
2000042a:	f894 317b 	ldrb.w	r3, [r4, #379]	@ 0x17b
2000042e:	2b02      	cmp	r3, #2
20000430:	f000 8196 	beq.w	20000760 <dcd_rp2040_irq+0x384>
20000434:	f894 31bb 	ldrb.w	r3, [r4, #443]	@ 0x1bb
20000438:	2b02      	cmp	r3, #2
2000043a:	f000 8186 	beq.w	2000074a <dcd_rp2040_irq+0x36e>
2000043e:	f894 31fb 	ldrb.w	r3, [r4, #507]	@ 0x1fb
20000442:	2b02      	cmp	r3, #2
20000444:	f000 8176 	beq.w	20000734 <dcd_rp2040_irq+0x358>
20000448:	f894 323b 	ldrb.w	r3, [r4, #571]	@ 0x23b
2000044c:	2b02      	cmp	r3, #2
2000044e:	f000 8165 	beq.w	2000071c <dcd_rp2040_irq+0x340>
20000452:	f894 327b 	ldrb.w	r3, [r4, #635]	@ 0x27b
20000456:	2b02      	cmp	r3, #2
20000458:	f000 8154 	beq.w	20000704 <dcd_rp2040_irq+0x328>
2000045c:	f894 32bb 	ldrb.w	r3, [r4, #699]	@ 0x2bb
20000460:	2b02      	cmp	r3, #2
20000462:	f000 8143 	beq.w	200006ec <dcd_rp2040_irq+0x310>
20000466:	f894 32fb 	ldrb.w	r3, [r4, #763]	@ 0x2fb
2000046a:	2b02      	cmp	r3, #2
2000046c:	f000 8132 	beq.w	200006d4 <dcd_rp2040_irq+0x2f8>
20000470:	f894 333b 	ldrb.w	r3, [r4, #827]	@ 0x33b
20000474:	2b02      	cmp	r3, #2
20000476:	f000 810a 	beq.w	2000068e <dcd_rp2040_irq+0x2b2>
2000047a:	f894 337b 	ldrb.w	r3, [r4, #891]	@ 0x37b
2000047e:	2b02      	cmp	r3, #2
20000480:	f000 80c9 	beq.w	20000616 <dcd_rp2040_irq+0x23a>
20000484:	f894 33bb 	ldrb.w	r3, [r4, #955]	@ 0x3bb
20000488:	2b02      	cmp	r3, #2
2000048a:	f000 80ec 	beq.w	20000666 <dcd_rp2040_irq+0x28a>
2000048e:	f894 33fb 	ldrb.w	r3, [r4, #1019]	@ 0x3fb
20000492:	2b02      	cmp	r3, #2
20000494:	f000 80d6 	beq.w	20000644 <dcd_rp2040_irq+0x268>
20000498:	b93e      	cbnz	r6, 200004aa <dcd_rp2040_irq+0xce>
2000049a:	4b87      	ldr	r3, [pc, #540]	@ (200006b8 <dcd_rp2040_irq+0x2dc>)
2000049c:	781b      	ldrb	r3, [r3, #0]
2000049e:	b923      	cbnz	r3, 200004aa <dcd_rp2040_irq+0xce>
200004a0:	f44f 3200 	mov.w	r2, #131072	@ 0x20000
200004a4:	4b85      	ldr	r3, [pc, #532]	@ (200006bc <dcd_rp2040_irq+0x2e0>)
200004a6:	f8c3 2090 	str.w	r2, [r3, #144]	@ 0x90
200004aa:	f44f 7240 	mov.w	r2, #768	@ 0x300
200004ae:	4b7e      	ldr	r3, [pc, #504]	@ (200006a8 <dcd_rp2040_irq+0x2cc>)
200004b0:	2101      	movs	r1, #1
200004b2:	6c9b      	ldr	r3, [r3, #72]	@ 0x48
200004b4:	a801      	add	r0, sp, #4
200004b6:	f3c3 030a 	ubfx	r3, r3, #0, #11
200004ba:	f8ad 2004 	strh.w	r2, [sp, #4]
200004be:	9302      	str	r3, [sp, #8]
200004c0:	f000 fb8e 	bl	20000be0 <dcd_event_handler>
200004c4:	06ea      	lsls	r2, r5, #27
200004c6:	f44f 3600 	mov.w	r6, #131072	@ 0x20000
200004ca:	4c7d      	ldr	r4, [pc, #500]	@ (200006c0 <dcd_rp2040_irq+0x2e4>)
200004cc:	d507      	bpl.n	200004de <dcd_rp2040_irq+0x102>
200004ce:	f7ff ff3b 	bl	20000348 <hw_handle_buff_status>
200004d2:	4626      	mov	r6, r4
200004d4:	e003      	b.n	200004de <dcd_rp2040_irq+0x102>
200004d6:	06ea      	lsls	r2, r5, #27
200004d8:	f04f 0410 	mov.w	r4, #16
200004dc:	d4f7      	bmi.n	200004ce <dcd_rp2040_irq+0xf2>
200004de:	03eb      	lsls	r3, r5, #15
200004e0:	d532      	bpl.n	20000548 <dcd_rp2040_irq+0x16c>
200004e2:	4c73      	ldr	r4, [pc, #460]	@ (200006b0 <dcd_rp2040_irq+0x2d4>)
200004e4:	f446 3680 	orr.w	r6, r6, #65536	@ 0x10000
200004e8:	7ea3      	ldrb	r3, [r4, #26]
200004ea:	b19b      	cbz	r3, 20000514 <dcd_rp2040_irq+0x138>
200004ec:	2102      	movs	r1, #2
200004ee:	4b75      	ldr	r3, [pc, #468]	@ (200006c4 <dcd_rp2040_irq+0x2e8>)
200004f0:	4a6d      	ldr	r2, [pc, #436]	@ (200006a8 <dcd_rp2040_irq+0x2cc>)
200004f2:	6619      	str	r1, [r3, #96]	@ 0x60
200004f4:	6e53      	ldr	r3, [r2, #100]	@ 0x64
200004f6:	079f      	lsls	r7, r3, #30
200004f8:	d5fc      	bpl.n	200004f4 <dcd_rp2040_irq+0x118>
200004fa:	f44f 5240 	mov.w	r2, #12288	@ 0x3000
200004fe:	2100      	movs	r1, #0
20000500:	486b      	ldr	r0, [pc, #428]	@ (200006b0 <dcd_rp2040_irq+0x2d4>)
20000502:	f000 fafb 	bl	20000afc <_hw_endpoint_buffer_control_update32>
20000506:	486a      	ldr	r0, [pc, #424]	@ (200006b0 <dcd_rp2040_irq+0x2d4>)
20000508:	f000 faf2 	bl	20000af0 <hw_endpoint_reset_transfer>
2000050c:	2202      	movs	r2, #2
2000050e:	4b6b      	ldr	r3, [pc, #428]	@ (200006bc <dcd_rp2040_irq+0x2e0>)
20000510:	665a      	str	r2, [r3, #100]	@ 0x64
20000512:	661a      	str	r2, [r3, #96]	@ 0x60
20000514:	2301      	movs	r3, #1
20000516:	f894 203a 	ldrb.w	r2, [r4, #58]	@ 0x3a
2000051a:	70e3      	strb	r3, [r4, #3]
2000051c:	b9fa      	cbnz	r2, 2000055e <dcd_rp2040_irq+0x182>
2000051e:	2301      	movs	r3, #1
20000520:	f44f 61c0 	mov.w	r1, #1536	@ 0x600
20000524:	4a68      	ldr	r2, [pc, #416]	@ (200006c8 <dcd_rp2040_irq+0x2ec>)
20000526:	f884 3023 	strb.w	r3, [r4, #35]	@ 0x23
2000052a:	f8ad 1004 	strh.w	r1, [sp, #4]
2000052e:	e892 0003 	ldmia.w	r2, {r0, r1}
20000532:	aa04      	add	r2, sp, #16
20000534:	e902 0003 	stmdb	r2, {r0, r1}
20000538:	4619      	mov	r1, r3
2000053a:	a801      	add	r0, sp, #4
2000053c:	f000 fb50 	bl	20000be0 <dcd_event_handler>
20000540:	f44f 3200 	mov.w	r2, #131072	@ 0x20000
20000544:	4b5d      	ldr	r3, [pc, #372]	@ (200006bc <dcd_rp2040_irq+0x2e0>)
20000546:	651a      	str	r2, [r3, #80]	@ 0x50
20000548:	04e9      	lsls	r1, r5, #19
2000054a:	d41d      	bmi.n	20000588 <dcd_rp2040_irq+0x1ac>
2000054c:	046a      	lsls	r2, r5, #17
2000054e:	d432      	bmi.n	200005b6 <dcd_rp2040_irq+0x1da>
20000550:	042b      	lsls	r3, r5, #16
20000552:	d43f      	bmi.n	200005d4 <dcd_rp2040_irq+0x1f8>
20000554:	42ae      	cmp	r6, r5
20000556:	f040 81a5 	bne.w	200008a4 <dcd_rp2040_irq+0x4c8>
2000055a:	b005      	add	sp, #20
2000055c:	bdf0      	pop	{r4, r5, r6, r7, pc}
2000055e:	4a59      	ldr	r2, [pc, #356]	@ (200006c4 <dcd_rp2040_irq+0x2e8>)
20000560:	6613      	str	r3, [r2, #96]	@ 0x60
20000562:	f5a2 5200 	sub.w	r2, r2, #8192	@ 0x2000
20000566:	6e53      	ldr	r3, [r2, #100]	@ 0x64
20000568:	07d8      	lsls	r0, r3, #31
2000056a:	d5fc      	bpl.n	20000566 <dcd_rp2040_irq+0x18a>
2000056c:	f44f 5240 	mov.w	r2, #12288	@ 0x3000
20000570:	2100      	movs	r1, #0
20000572:	4856      	ldr	r0, [pc, #344]	@ (200006cc <dcd_rp2040_irq+0x2f0>)
20000574:	f000 fac2 	bl	20000afc <_hw_endpoint_buffer_control_update32>
20000578:	4854      	ldr	r0, [pc, #336]	@ (200006cc <dcd_rp2040_irq+0x2f0>)
2000057a:	f000 fab9 	bl	20000af0 <hw_endpoint_reset_transfer>
2000057e:	2201      	movs	r2, #1
20000580:	4b4e      	ldr	r3, [pc, #312]	@ (200006bc <dcd_rp2040_irq+0x2e0>)
20000582:	665a      	str	r2, [r3, #100]	@ 0x64
20000584:	661a      	str	r2, [r3, #96]	@ 0x60
20000586:	e7ca      	b.n	2000051e <dcd_rp2040_irq+0x142>
20000588:	2400      	movs	r4, #0
2000058a:	4b47      	ldr	r3, [pc, #284]	@ (200006a8 <dcd_rp2040_irq+0x2cc>)
2000058c:	f446 5680 	orr.w	r6, r6, #4096	@ 0x1000
20000590:	601c      	str	r4, [r3, #0]
20000592:	f7ff fea7 	bl	200002e4 <reset_non_control_endpoints>
20000596:	f44f 7380 	mov.w	r3, #256	@ 0x100
2000059a:	2101      	movs	r1, #1
2000059c:	a801      	add	r0, sp, #4
2000059e:	f8ad 3004 	strh.w	r3, [sp, #4]
200005a2:	f88d 4008 	strb.w	r4, [sp, #8]
200005a6:	f000 fb1b 	bl	20000be0 <dcd_event_handler>
200005aa:	f44f 2200 	mov.w	r2, #524288	@ 0x80000
200005ae:	4b43      	ldr	r3, [pc, #268]	@ (200006bc <dcd_rp2040_irq+0x2e0>)
200005b0:	651a      	str	r2, [r3, #80]	@ 0x50
200005b2:	046a      	lsls	r2, r5, #17
200005b4:	d5cc      	bpl.n	20000550 <dcd_rp2040_irq+0x174>
200005b6:	f44f 6380 	mov.w	r3, #1024	@ 0x400
200005ba:	2101      	movs	r1, #1
200005bc:	a801      	add	r0, sp, #4
200005be:	f8ad 3004 	strh.w	r3, [sp, #4]
200005c2:	f000 fb0d 	bl	20000be0 <dcd_event_handler>
200005c6:	2210      	movs	r2, #16
200005c8:	4b3c      	ldr	r3, [pc, #240]	@ (200006bc <dcd_rp2040_irq+0x2e0>)
200005ca:	f446 4680 	orr.w	r6, r6, #16384	@ 0x4000
200005ce:	651a      	str	r2, [r3, #80]	@ 0x50
200005d0:	042b      	lsls	r3, r5, #16
200005d2:	d5bf      	bpl.n	20000554 <dcd_rp2040_irq+0x178>
200005d4:	f44f 63a0 	mov.w	r3, #1280	@ 0x500
200005d8:	2101      	movs	r1, #1
200005da:	a801      	add	r0, sp, #4
200005dc:	f8ad 3004 	strh.w	r3, [sp, #4]
200005e0:	f000 fafe 	bl	20000be0 <dcd_event_handler>
200005e4:	f44f 6200 	mov.w	r2, #2048	@ 0x800
200005e8:	4b34      	ldr	r3, [pc, #208]	@ (200006bc <dcd_rp2040_irq+0x2e0>)
200005ea:	f446 4600 	orr.w	r6, r6, #32768	@ 0x8000
200005ee:	651a      	str	r2, [r3, #80]	@ 0x50
200005f0:	e7b0      	b.n	20000554 <dcd_rp2040_irq+0x178>
200005f2:	f894 603a 	ldrb.w	r6, [r4, #58]	@ 0x3a
200005f6:	2e00      	cmp	r6, #0
200005f8:	f43f af03 	beq.w	20000402 <dcd_rp2040_irq+0x26>
200005fc:	f894 303c 	ldrb.w	r3, [r4, #60]	@ 0x3c
20000600:	2b00      	cmp	r3, #0
20000602:	f43f aefe 	beq.w	20000402 <dcd_rp2040_irq+0x26>
20000606:	2300      	movs	r3, #0
20000608:	f104 0020 	add.w	r0, r4, #32
2000060c:	f884 303c 	strb.w	r3, [r4, #60]	@ 0x3c
20000610:	f000 fa96 	bl	20000b40 <hw_endpoint_start_next_buffer>
20000614:	e6f5      	b.n	20000402 <dcd_rp2040_irq+0x26>
20000616:	f894 737a 	ldrb.w	r7, [r4, #890]	@ 0x37a
2000061a:	2f00      	cmp	r7, #0
2000061c:	f43f af32 	beq.w	20000484 <dcd_rp2040_irq+0xa8>
20000620:	f894 337c 	ldrb.w	r3, [r4, #892]	@ 0x37c
20000624:	2b00      	cmp	r3, #0
20000626:	f040 8136 	bne.w	20000896 <dcd_rp2040_irq+0x4ba>
2000062a:	f894 33bb 	ldrb.w	r3, [r4, #955]	@ 0x3bb
2000062e:	2b02      	cmp	r3, #2
20000630:	d123      	bne.n	2000067a <dcd_rp2040_irq+0x29e>
20000632:	f894 33ba 	ldrb.w	r3, [r4, #954]	@ 0x3ba
20000636:	b9db      	cbnz	r3, 20000670 <dcd_rp2040_irq+0x294>
20000638:	f894 33fb 	ldrb.w	r3, [r4, #1019]	@ 0x3fb
2000063c:	2b02      	cmp	r3, #2
2000063e:	f47f af34 	bne.w	200004aa <dcd_rp2040_irq+0xce>
20000642:	463e      	mov	r6, r7
20000644:	f894 33fa 	ldrb.w	r3, [r4, #1018]	@ 0x3fa
20000648:	2b00      	cmp	r3, #0
2000064a:	f43f af25 	beq.w	20000498 <dcd_rp2040_irq+0xbc>
2000064e:	f894 33fc 	ldrb.w	r3, [r4, #1020]	@ 0x3fc
20000652:	2b00      	cmp	r3, #0
20000654:	f43f af29 	beq.w	200004aa <dcd_rp2040_irq+0xce>
20000658:	2300      	movs	r3, #0
2000065a:	481d      	ldr	r0, [pc, #116]	@ (200006d0 <dcd_rp2040_irq+0x2f4>)
2000065c:	f884 33fc 	strb.w	r3, [r4, #1020]	@ 0x3fc
20000660:	f000 fa6e 	bl	20000b40 <hw_endpoint_start_next_buffer>
20000664:	e721      	b.n	200004aa <dcd_rp2040_irq+0xce>
20000666:	f894 33ba 	ldrb.w	r3, [r4, #954]	@ 0x3ba
2000066a:	2b00      	cmp	r3, #0
2000066c:	f43f af0f 	beq.w	2000048e <dcd_rp2040_irq+0xb2>
20000670:	f894 33bc 	ldrb.w	r3, [r4, #956]	@ 0x3bc
20000674:	2b00      	cmp	r3, #0
20000676:	f040 80a7 	bne.w	200007c8 <dcd_rp2040_irq+0x3ec>
2000067a:	f894 33fb 	ldrb.w	r3, [r4, #1019]	@ 0x3fb
2000067e:	2b02      	cmp	r3, #2
20000680:	f47f af13 	bne.w	200004aa <dcd_rp2040_irq+0xce>
20000684:	f894 33fa 	ldrb.w	r3, [r4, #1018]	@ 0x3fa
20000688:	2b00      	cmp	r3, #0
2000068a:	d1e0      	bne.n	2000064e <dcd_rp2040_irq+0x272>
2000068c:	e70d      	b.n	200004aa <dcd_rp2040_irq+0xce>
2000068e:	f894 733a 	ldrb.w	r7, [r4, #826]	@ 0x33a
20000692:	2f00      	cmp	r7, #0
20000694:	f43f aef1 	beq.w	2000047a <dcd_rp2040_irq+0x9e>
20000698:	f894 333c 	ldrb.w	r3, [r4, #828]	@ 0x33c
2000069c:	2b00      	cmp	r3, #0
2000069e:	f040 80f2 	bne.w	20000886 <dcd_rp2040_irq+0x4aa>
200006a2:	463e      	mov	r6, r7
200006a4:	e6e9      	b.n	2000047a <dcd_rp2040_irq+0x9e>
200006a6:	bf00      	nop
200006a8:	50110000 	.word	0x50110000
200006ac:	400b0000 	.word	0x400b0000
200006b0:	20001aa0 	.word	0x20001aa0
200006b4:	20001a98 	.word	0x20001a98
200006b8:	20001efe 	.word	0x20001efe
200006bc:	50113000 	.word	0x50113000
200006c0:	00020010 	.word	0x00020010
200006c4:	50112000 	.word	0x50112000
200006c8:	50100000 	.word	0x50100000
200006cc:	20001ac0 	.word	0x20001ac0
200006d0:	20001e80 	.word	0x20001e80
200006d4:	f894 72fa 	ldrb.w	r7, [r4, #762]	@ 0x2fa
200006d8:	2f00      	cmp	r7, #0
200006da:	f43f aec9 	beq.w	20000470 <dcd_rp2040_irq+0x94>
200006de:	f894 32fc 	ldrb.w	r3, [r4, #764]	@ 0x2fc
200006e2:	2b00      	cmp	r3, #0
200006e4:	f040 80c7 	bne.w	20000876 <dcd_rp2040_irq+0x49a>
200006e8:	463e      	mov	r6, r7
200006ea:	e6c1      	b.n	20000470 <dcd_rp2040_irq+0x94>
200006ec:	f894 72ba 	ldrb.w	r7, [r4, #698]	@ 0x2ba
200006f0:	2f00      	cmp	r7, #0
200006f2:	f43f aeb8 	beq.w	20000466 <dcd_rp2040_irq+0x8a>
200006f6:	f894 32bc 	ldrb.w	r3, [r4, #700]	@ 0x2bc
200006fa:	2b00      	cmp	r3, #0
200006fc:	f040 80b3 	bne.w	20000866 <dcd_rp2040_irq+0x48a>
20000700:	463e      	mov	r6, r7
20000702:	e6b0      	b.n	20000466 <dcd_rp2040_irq+0x8a>
20000704:	f894 727a 	ldrb.w	r7, [r4, #634]	@ 0x27a
20000708:	2f00      	cmp	r7, #0
2000070a:	f43f aea7 	beq.w	2000045c <dcd_rp2040_irq+0x80>
2000070e:	f894 327c 	ldrb.w	r3, [r4, #636]	@ 0x27c
20000712:	2b00      	cmp	r3, #0
20000714:	f040 809f 	bne.w	20000856 <dcd_rp2040_irq+0x47a>
20000718:	463e      	mov	r6, r7
2000071a:	e69f      	b.n	2000045c <dcd_rp2040_irq+0x80>
2000071c:	f894 723a 	ldrb.w	r7, [r4, #570]	@ 0x23a
20000720:	2f00      	cmp	r7, #0
20000722:	f43f ae96 	beq.w	20000452 <dcd_rp2040_irq+0x76>
20000726:	f894 323c 	ldrb.w	r3, [r4, #572]	@ 0x23c
2000072a:	2b00      	cmp	r3, #0
2000072c:	f040 808b 	bne.w	20000846 <dcd_rp2040_irq+0x46a>
20000730:	463e      	mov	r6, r7
20000732:	e68e      	b.n	20000452 <dcd_rp2040_irq+0x76>
20000734:	f894 71fa 	ldrb.w	r7, [r4, #506]	@ 0x1fa
20000738:	2f00      	cmp	r7, #0
2000073a:	f43f ae85 	beq.w	20000448 <dcd_rp2040_irq+0x6c>
2000073e:	f894 31fc 	ldrb.w	r3, [r4, #508]	@ 0x1fc
20000742:	2b00      	cmp	r3, #0
20000744:	d177      	bne.n	20000836 <dcd_rp2040_irq+0x45a>
20000746:	463e      	mov	r6, r7
20000748:	e67e      	b.n	20000448 <dcd_rp2040_irq+0x6c>
2000074a:	f894 71ba 	ldrb.w	r7, [r4, #442]	@ 0x1ba
2000074e:	2f00      	cmp	r7, #0
20000750:	f43f ae75 	beq.w	2000043e <dcd_rp2040_irq+0x62>
20000754:	f894 31bc 	ldrb.w	r3, [r4, #444]	@ 0x1bc
20000758:	2b00      	cmp	r3, #0
2000075a:	d164      	bne.n	20000826 <dcd_rp2040_irq+0x44a>
2000075c:	463e      	mov	r6, r7
2000075e:	e66e      	b.n	2000043e <dcd_rp2040_irq+0x62>
20000760:	f894 717a 	ldrb.w	r7, [r4, #378]	@ 0x17a
20000764:	2f00      	cmp	r7, #0
20000766:	f43f ae65 	beq.w	20000434 <dcd_rp2040_irq+0x58>
2000076a:	f894 317c 	ldrb.w	r3, [r4, #380]	@ 0x17c
2000076e:	2b00      	cmp	r3, #0
20000770:	d151      	bne.n	20000816 <dcd_rp2040_irq+0x43a>
20000772:	463e      	mov	r6, r7
20000774:	e65e      	b.n	20000434 <dcd_rp2040_irq+0x58>
20000776:	f894 713a 	ldrb.w	r7, [r4, #314]	@ 0x13a
2000077a:	2f00      	cmp	r7, #0
2000077c:	f43f ae55 	beq.w	2000042a <dcd_rp2040_irq+0x4e>
20000780:	f894 313c 	ldrb.w	r3, [r4, #316]	@ 0x13c
20000784:	2b00      	cmp	r3, #0
20000786:	d13e      	bne.n	20000806 <dcd_rp2040_irq+0x42a>
20000788:	463e      	mov	r6, r7
2000078a:	e64e      	b.n	2000042a <dcd_rp2040_irq+0x4e>
2000078c:	f894 70fa 	ldrb.w	r7, [r4, #250]	@ 0xfa
20000790:	2f00      	cmp	r7, #0
20000792:	f43f ae45 	beq.w	20000420 <dcd_rp2040_irq+0x44>
20000796:	f894 30fc 	ldrb.w	r3, [r4, #252]	@ 0xfc
2000079a:	bb63      	cbnz	r3, 200007f6 <dcd_rp2040_irq+0x41a>
2000079c:	463e      	mov	r6, r7
2000079e:	e63f      	b.n	20000420 <dcd_rp2040_irq+0x44>
200007a0:	f894 70ba 	ldrb.w	r7, [r4, #186]	@ 0xba
200007a4:	2f00      	cmp	r7, #0
200007a6:	f43f ae36 	beq.w	20000416 <dcd_rp2040_irq+0x3a>
200007aa:	f894 30bc 	ldrb.w	r3, [r4, #188]	@ 0xbc
200007ae:	b9d3      	cbnz	r3, 200007e6 <dcd_rp2040_irq+0x40a>
200007b0:	463e      	mov	r6, r7
200007b2:	e630      	b.n	20000416 <dcd_rp2040_irq+0x3a>
200007b4:	f894 707a 	ldrb.w	r7, [r4, #122]	@ 0x7a
200007b8:	2f00      	cmp	r7, #0
200007ba:	f43f ae27 	beq.w	2000040c <dcd_rp2040_irq+0x30>
200007be:	f894 307c 	ldrb.w	r3, [r4, #124]	@ 0x7c
200007c2:	b943      	cbnz	r3, 200007d6 <dcd_rp2040_irq+0x3fa>
200007c4:	463e      	mov	r6, r7
200007c6:	e621      	b.n	2000040c <dcd_rp2040_irq+0x30>
200007c8:	2300      	movs	r3, #0
200007ca:	4839      	ldr	r0, [pc, #228]	@ (200008b0 <dcd_rp2040_irq+0x4d4>)
200007cc:	f884 33bc 	strb.w	r3, [r4, #956]	@ 0x3bc
200007d0:	f000 f9b6 	bl	20000b40 <hw_endpoint_start_next_buffer>
200007d4:	e751      	b.n	2000067a <dcd_rp2040_irq+0x29e>
200007d6:	2300      	movs	r3, #0
200007d8:	4836      	ldr	r0, [pc, #216]	@ (200008b4 <dcd_rp2040_irq+0x4d8>)
200007da:	f884 307c 	strb.w	r3, [r4, #124]	@ 0x7c
200007de:	463e      	mov	r6, r7
200007e0:	f000 f9ae 	bl	20000b40 <hw_endpoint_start_next_buffer>
200007e4:	e612      	b.n	2000040c <dcd_rp2040_irq+0x30>
200007e6:	2300      	movs	r3, #0
200007e8:	4833      	ldr	r0, [pc, #204]	@ (200008b8 <dcd_rp2040_irq+0x4dc>)
200007ea:	f884 30bc 	strb.w	r3, [r4, #188]	@ 0xbc
200007ee:	463e      	mov	r6, r7
200007f0:	f000 f9a6 	bl	20000b40 <hw_endpoint_start_next_buffer>
200007f4:	e60f      	b.n	20000416 <dcd_rp2040_irq+0x3a>
200007f6:	2300      	movs	r3, #0
200007f8:	4830      	ldr	r0, [pc, #192]	@ (200008bc <dcd_rp2040_irq+0x4e0>)
200007fa:	f884 30fc 	strb.w	r3, [r4, #252]	@ 0xfc
200007fe:	463e      	mov	r6, r7
20000800:	f000 f99e 	bl	20000b40 <hw_endpoint_start_next_buffer>
20000804:	e60c      	b.n	20000420 <dcd_rp2040_irq+0x44>
20000806:	2300      	movs	r3, #0
20000808:	482d      	ldr	r0, [pc, #180]	@ (200008c0 <dcd_rp2040_irq+0x4e4>)
2000080a:	f884 313c 	strb.w	r3, [r4, #316]	@ 0x13c
2000080e:	463e      	mov	r6, r7
20000810:	f000 f996 	bl	20000b40 <hw_endpoint_start_next_buffer>
20000814:	e609      	b.n	2000042a <dcd_rp2040_irq+0x4e>
20000816:	2300      	movs	r3, #0
20000818:	482a      	ldr	r0, [pc, #168]	@ (200008c4 <dcd_rp2040_irq+0x4e8>)
2000081a:	f884 317c 	strb.w	r3, [r4, #380]	@ 0x17c
2000081e:	463e      	mov	r6, r7
20000820:	f000 f98e 	bl	20000b40 <hw_endpoint_start_next_buffer>
20000824:	e606      	b.n	20000434 <dcd_rp2040_irq+0x58>
20000826:	2300      	movs	r3, #0
20000828:	4827      	ldr	r0, [pc, #156]	@ (200008c8 <dcd_rp2040_irq+0x4ec>)
2000082a:	f884 31bc 	strb.w	r3, [r4, #444]	@ 0x1bc
2000082e:	463e      	mov	r6, r7
20000830:	f000 f986 	bl	20000b40 <hw_endpoint_start_next_buffer>
20000834:	e603      	b.n	2000043e <dcd_rp2040_irq+0x62>
20000836:	2300      	movs	r3, #0
20000838:	4824      	ldr	r0, [pc, #144]	@ (200008cc <dcd_rp2040_irq+0x4f0>)
2000083a:	f884 31fc 	strb.w	r3, [r4, #508]	@ 0x1fc
2000083e:	463e      	mov	r6, r7
20000840:	f000 f97e 	bl	20000b40 <hw_endpoint_start_next_buffer>
20000844:	e600      	b.n	20000448 <dcd_rp2040_irq+0x6c>
20000846:	2300      	movs	r3, #0
20000848:	4821      	ldr	r0, [pc, #132]	@ (200008d0 <dcd_rp2040_irq+0x4f4>)
2000084a:	f884 323c 	strb.w	r3, [r4, #572]	@ 0x23c
2000084e:	463e      	mov	r6, r7
20000850:	f000 f976 	bl	20000b40 <hw_endpoint_start_next_buffer>
20000854:	e5fd      	b.n	20000452 <dcd_rp2040_irq+0x76>
20000856:	2300      	movs	r3, #0
20000858:	481e      	ldr	r0, [pc, #120]	@ (200008d4 <dcd_rp2040_irq+0x4f8>)
2000085a:	f884 327c 	strb.w	r3, [r4, #636]	@ 0x27c
2000085e:	463e      	mov	r6, r7
20000860:	f000 f96e 	bl	20000b40 <hw_endpoint_start_next_buffer>
20000864:	e5fa      	b.n	2000045c <dcd_rp2040_irq+0x80>
20000866:	2300      	movs	r3, #0
20000868:	481b      	ldr	r0, [pc, #108]	@ (200008d8 <dcd_rp2040_irq+0x4fc>)
2000086a:	f884 32bc 	strb.w	r3, [r4, #700]	@ 0x2bc
2000086e:	463e      	mov	r6, r7
20000870:	f000 f966 	bl	20000b40 <hw_endpoint_start_next_buffer>
20000874:	e5f7      	b.n	20000466 <dcd_rp2040_irq+0x8a>
20000876:	2300      	movs	r3, #0
20000878:	4818      	ldr	r0, [pc, #96]	@ (200008dc <dcd_rp2040_irq+0x500>)
2000087a:	f884 32fc 	strb.w	r3, [r4, #764]	@ 0x2fc
2000087e:	463e      	mov	r6, r7
20000880:	f000 f95e 	bl	20000b40 <hw_endpoint_start_next_buffer>
20000884:	e5f4      	b.n	20000470 <dcd_rp2040_irq+0x94>
20000886:	2300      	movs	r3, #0
20000888:	4815      	ldr	r0, [pc, #84]	@ (200008e0 <dcd_rp2040_irq+0x504>)
2000088a:	f884 333c 	strb.w	r3, [r4, #828]	@ 0x33c
2000088e:	463e      	mov	r6, r7
20000890:	f000 f956 	bl	20000b40 <hw_endpoint_start_next_buffer>
20000894:	e5f1      	b.n	2000047a <dcd_rp2040_irq+0x9e>
20000896:	2300      	movs	r3, #0
20000898:	4812      	ldr	r0, [pc, #72]	@ (200008e4 <dcd_rp2040_irq+0x508>)
2000089a:	f884 337c 	strb.w	r3, [r4, #892]	@ 0x37c
2000089e:	f000 f94f 	bl	20000b40 <hw_endpoint_start_next_buffer>
200008a2:	e6c2      	b.n	2000062a <dcd_rp2040_irq+0x24e>
200008a4:	4810      	ldr	r0, [pc, #64]	@ (200008e8 <dcd_rp2040_irq+0x50c>)
200008a6:	ea86 0105 	eor.w	r1, r6, r5
200008aa:	f000 fe09 	bl	200014c0 <__panic_veneer>
200008ae:	bf00      	nop
200008b0:	20001e40 	.word	0x20001e40
200008b4:	20001b00 	.word	0x20001b00
200008b8:	20001b40 	.word	0x20001b40
200008bc:	20001b80 	.word	0x20001b80
200008c0:	20001bc0 	.word	0x20001bc0
200008c4:	20001c00 	.word	0x20001c00
200008c8:	20001c40 	.word	0x20001c40
200008cc:	20001c80 	.word	0x20001c80
200008d0:	20001cc0 	.word	0x20001cc0
200008d4:	20001d00 	.word	0x20001d00
200008d8:	20001d40 	.word	0x20001d40
200008dc:	20001d80 	.word	0x20001d80
200008e0:	20001dc0 	.word	0x20001dc0
200008e4:	20001e00 	.word	0x20001e00
200008e8:	100060cc 	.word	0x100060cc

200008ec <prepare_ep_buffer>:
200008ec:	e92d 43f0 	stmdb	sp!, {r4, r5, r6, r7, r8, r9, lr}
200008f0:	8a82      	ldrh	r2, [r0, #20]
200008f2:	8b04      	ldrh	r4, [r0, #24]
200008f4:	4603      	mov	r3, r0
200008f6:	4294      	cmp	r4, r2
200008f8:	78c0      	ldrb	r0, [r0, #3]
200008fa:	bf28      	it	cs
200008fc:	4614      	movcs	r4, r2
200008fe:	1e05      	subs	r5, r0, #0
20000900:	bf18      	it	ne
20000902:	2501      	movne	r5, #1
20000904:	f080 0001 	eor.w	r0, r0, #1
20000908:	1b12      	subs	r2, r2, r4
2000090a:	785e      	ldrb	r6, [r3, #1]
2000090c:	70d8      	strb	r0, [r3, #3]
2000090e:	b292      	uxth	r2, r2
20000910:	f444 6080 	orr.w	r0, r4, #1024	@ 0x400
20000914:	829a      	strh	r2, [r3, #20]
20000916:	ea40 3045 	orr.w	r0, r0, r5, lsl #13
2000091a:	bb06      	cbnz	r6, 2000095e <prepare_ep_buffer+0x72>
2000091c:	68dd      	ldr	r5, [r3, #12]
2000091e:	f104 38ff 	add.w	r8, r4, #4294967295	@ 0xffffffff
20000922:	eb05 1c81 	add.w	ip, r5, r1, lsl #6
20000926:	691d      	ldr	r5, [r3, #16]
20000928:	b1ac      	cbz	r4, 20000956 <prepare_ep_buffer+0x6a>
2000092a:	f1b8 0f05 	cmp.w	r8, #5
2000092e:	f105 0201 	add.w	r2, r5, #1
20000932:	d903      	bls.n	2000093c <prepare_ep_buffer+0x50>
20000934:	ebac 0702 	sub.w	r7, ip, r2
20000938:	2f02      	cmp	r7, #2
2000093a:	d817      	bhi.n	2000096c <prepare_ep_buffer+0x80>
2000093c:	f10c 3cff 	add.w	ip, ip, #4294967295	@ 0xffffffff
20000940:	4425      	add	r5, r4
20000942:	e000      	b.n	20000946 <prepare_ep_buffer+0x5a>
20000944:	3201      	adds	r2, #1
20000946:	f812 6c01 	ldrb.w	r6, [r2, #-1]
2000094a:	42aa      	cmp	r2, r5
2000094c:	f80c 6f01 	strb.w	r6, [ip, #1]!
20000950:	d1f8      	bne.n	20000944 <prepare_ep_buffer+0x58>
20000952:	691d      	ldr	r5, [r3, #16]
20000954:	8a9a      	ldrh	r2, [r3, #20]
20000956:	4425      	add	r5, r4
20000958:	611d      	str	r5, [r3, #16]
2000095a:	f440 4000 	orr.w	r0, r0, #32768	@ 0x8000
2000095e:	b90a      	cbnz	r2, 20000964 <prepare_ep_buffer+0x78>
20000960:	f440 4080 	orr.w	r0, r0, #16384	@ 0x4000
20000964:	b101      	cbz	r1, 20000968 <prepare_ep_buffer+0x7c>
20000966:	0400      	lsls	r0, r0, #16
20000968:	e8bd 83f0 	ldmia.w	sp!, {r4, r5, r6, r7, r8, r9, pc}
2000096c:	462f      	mov	r7, r5
2000096e:	46e6      	mov	lr, ip
20000970:	4632      	mov	r2, r6
20000972:	1f26      	subs	r6, r4, #4
20000974:	08b6      	lsrs	r6, r6, #2
20000976:	3601      	adds	r6, #1
20000978:	f857 9b04 	ldr.w	r9, [r7], #4
2000097c:	3201      	adds	r2, #1
2000097e:	4296      	cmp	r6, r2
20000980:	f84e 9b04 	str.w	r9, [lr], #4
20000984:	d8f8      	bhi.n	20000978 <prepare_ep_buffer+0x8c>
20000986:	ebb4 0f86 	cmp.w	r4, r6, lsl #2
2000098a:	eba8 0286 	sub.w	r2, r8, r6, lsl #2
2000098e:	eb05 0e86 	add.w	lr, r5, r6, lsl #2
20000992:	eb0c 0786 	add.w	r7, ip, r6, lsl #2
20000996:	d0dc      	beq.n	20000952 <prepare_ep_buffer+0x66>
20000998:	f815 5026 	ldrb.w	r5, [r5, r6, lsl #2]
2000099c:	f80c 5026 	strb.w	r5, [ip, r6, lsl #2]
200009a0:	2a00      	cmp	r2, #0
200009a2:	d0d6      	beq.n	20000952 <prepare_ep_buffer+0x66>
200009a4:	f89e 5001 	ldrb.w	r5, [lr, #1]
200009a8:	2a01      	cmp	r2, #1
200009aa:	707d      	strb	r5, [r7, #1]
200009ac:	d0d1      	beq.n	20000952 <prepare_ep_buffer+0x66>
200009ae:	f89e 2002 	ldrb.w	r2, [lr, #2]
200009b2:	70ba      	strb	r2, [r7, #2]
200009b4:	691d      	ldr	r5, [r3, #16]
200009b6:	8a9a      	ldrh	r2, [r3, #20]
200009b8:	e7cd      	b.n	20000956 <prepare_ep_buffer+0x6a>
200009ba:	bf00      	nop

200009bc <sync_ep_buffer>:
200009bc:	6883      	ldr	r3, [r0, #8]
200009be:	4602      	mov	r2, r0
200009c0:	6818      	ldr	r0, [r3, #0]
200009c2:	b101      	cbz	r1, 200009c6 <sync_ep_buffer+0xa>
200009c4:	0c00      	lsrs	r0, r0, #16
200009c6:	7853      	ldrb	r3, [r2, #1]
200009c8:	f3c0 0009 	ubfx	r0, r0, #0, #10
200009cc:	b313      	cbz	r3, 20000a14 <sync_ep_buffer+0x58>
200009ce:	b5f0      	push	{r4, r5, r6, r7, lr}
200009d0:	e9d2 5403 	ldrd	r5, r4, [r2, #12]
200009d4:	018f      	lsls	r7, r1, #6
200009d6:	eb05 1381 	add.w	r3, r5, r1, lsl #6
200009da:	1e46      	subs	r6, r0, #1
200009dc:	b178      	cbz	r0, 200009fe <sync_ep_buffer+0x42>
200009de:	2e05      	cmp	r6, #5
200009e0:	d904      	bls.n	200009ec <sync_ep_buffer+0x30>
200009e2:	3701      	adds	r7, #1
200009e4:	443d      	add	r5, r7
200009e6:	1b65      	subs	r5, r4, r5
200009e8:	2d02      	cmp	r5, #2
200009ea:	d81c      	bhi.n	20000a26 <sync_ep_buffer+0x6a>
200009ec:	1e61      	subs	r1, r4, #1
200009ee:	181d      	adds	r5, r3, r0
200009f0:	f813 4b01 	ldrb.w	r4, [r3], #1
200009f4:	429d      	cmp	r5, r3
200009f6:	f801 4f01 	strb.w	r4, [r1, #1]!
200009fa:	d1f9      	bne.n	200009f0 <sync_ep_buffer+0x34>
200009fc:	6914      	ldr	r4, [r2, #16]
200009fe:	8ad3      	ldrh	r3, [r2, #22]
20000a00:	4404      	add	r4, r0
20000a02:	4403      	add	r3, r0
20000a04:	82d3      	strh	r3, [r2, #22]
20000a06:	8b13      	ldrh	r3, [r2, #24]
20000a08:	6114      	str	r4, [r2, #16]
20000a0a:	4283      	cmp	r3, r0
20000a0c:	bf84      	itt	hi
20000a0e:	2300      	movhi	r3, #0
20000a10:	8293      	strhhi	r3, [r2, #20]
20000a12:	bdf0      	pop	{r4, r5, r6, r7, pc}
20000a14:	8ad3      	ldrh	r3, [r2, #22]
20000a16:	4403      	add	r3, r0
20000a18:	82d3      	strh	r3, [r2, #22]
20000a1a:	8b13      	ldrh	r3, [r2, #24]
20000a1c:	4283      	cmp	r3, r0
20000a1e:	bf84      	itt	hi
20000a20:	2300      	movhi	r3, #0
20000a22:	8293      	strhhi	r3, [r2, #20]
20000a24:	4770      	bx	lr
20000a26:	469e      	mov	lr, r3
20000a28:	4625      	mov	r5, r4
20000a2a:	2100      	movs	r1, #0
20000a2c:	f1a0 0c04 	sub.w	ip, r0, #4
20000a30:	ea4f 0c9c 	mov.w	ip, ip, lsr #2
20000a34:	f10c 0c01 	add.w	ip, ip, #1
20000a38:	f85e 7b04 	ldr.w	r7, [lr], #4
20000a3c:	3101      	adds	r1, #1
20000a3e:	4561      	cmp	r1, ip
20000a40:	f845 7b04 	str.w	r7, [r5], #4
20000a44:	d3f8      	bcc.n	20000a38 <sync_ep_buffer+0x7c>
20000a46:	ebb0 0f8c 	cmp.w	r0, ip, lsl #2
20000a4a:	eba6 068c 	sub.w	r6, r6, ip, lsl #2
20000a4e:	eb03 058c 	add.w	r5, r3, ip, lsl #2
20000a52:	eb04 018c 	add.w	r1, r4, ip, lsl #2
20000a56:	d0d1      	beq.n	200009fc <sync_ep_buffer+0x40>
20000a58:	f813 302c 	ldrb.w	r3, [r3, ip, lsl #2]
20000a5c:	f804 302c 	strb.w	r3, [r4, ip, lsl #2]
20000a60:	2e00      	cmp	r6, #0
20000a62:	d0cb      	beq.n	200009fc <sync_ep_buffer+0x40>
20000a64:	786b      	ldrb	r3, [r5, #1]
20000a66:	2e01      	cmp	r6, #1
20000a68:	704b      	strb	r3, [r1, #1]
20000a6a:	d0c7      	beq.n	200009fc <sync_ep_buffer+0x40>
20000a6c:	78ab      	ldrb	r3, [r5, #2]
20000a6e:	708b      	strb	r3, [r1, #2]
20000a70:	6914      	ldr	r4, [r2, #16]
20000a72:	e7c4      	b.n	200009fe <sync_ep_buffer+0x42>

20000a74 <_hw_endpoint_xfer_sync>:
20000a74:	b510      	push	{r4, lr}
20000a76:	4604      	mov	r4, r0
20000a78:	6883      	ldr	r3, [r0, #8]
20000a7a:	2100      	movs	r1, #0
20000a7c:	681b      	ldr	r3, [r3, #0]
20000a7e:	f7ff ff9d 	bl	200009bc <sync_ep_buffer>
20000a82:	6863      	ldr	r3, [r4, #4]
20000a84:	681b      	ldr	r3, [r3, #0]
20000a86:	005b      	lsls	r3, r3, #1
20000a88:	d502      	bpl.n	20000a90 <_hw_endpoint_xfer_sync+0x1c>
20000a8a:	8b23      	ldrh	r3, [r4, #24]
20000a8c:	4283      	cmp	r3, r0
20000a8e:	d000      	beq.n	20000a92 <_hw_endpoint_xfer_sync+0x1e>
20000a90:	bd10      	pop	{r4, pc}
20000a92:	4620      	mov	r0, r4
20000a94:	e8bd 4010 	ldmia.w	sp!, {r4, lr}
20000a98:	2101      	movs	r1, #1
20000a9a:	f7ff bf8f 	b.w	200009bc <sync_ep_buffer>
20000a9e:	bf00      	nop

20000aa0 <e15_is_bulkin_ep>:
20000aa0:	4b08      	ldr	r3, [pc, #32]	@ (20000ac4 <e15_is_bulkin_ep+0x24>)
20000aa2:	6c1b      	ldr	r3, [r3, #64]	@ 0x40
20000aa4:	f013 0302 	ands.w	r3, r3, #2
20000aa8:	d102      	bne.n	20000ab0 <e15_is_bulkin_ep+0x10>
20000aaa:	7882      	ldrb	r2, [r0, #2]
20000aac:	09d2      	lsrs	r2, r2, #7
20000aae:	d101      	bne.n	20000ab4 <e15_is_bulkin_ep+0x14>
20000ab0:	2000      	movs	r0, #0
20000ab2:	4770      	bx	lr
20000ab4:	7ec0      	ldrb	r0, [r0, #27]
20000ab6:	f1a0 0002 	sub.w	r0, r0, #2
20000aba:	fab0 f080 	clz	r0, r0
20000abe:	0940      	lsrs	r0, r0, #5
20000ac0:	4770      	bx	lr
20000ac2:	bf00      	nop
20000ac4:	50110000 	.word	0x50110000

20000ac8 <e15_is_critical_frame_period>:
20000ac8:	b508      	push	{r3, lr}
20000aca:	f7ff ffe9 	bl	20000aa0 <e15_is_bulkin_ep>
20000ace:	b150      	cbz	r0, 20000ae6 <e15_is_critical_frame_period+0x1e>
20000ad0:	4a05      	ldr	r2, [pc, #20]	@ (20000ae8 <e15_is_critical_frame_period+0x20>)
20000ad2:	4b06      	ldr	r3, [pc, #24]	@ (20000aec <e15_is_critical_frame_period+0x24>)
20000ad4:	6a90      	ldr	r0, [r2, #40]	@ 0x28
20000ad6:	681b      	ldr	r3, [r3, #0]
20000ad8:	f5a0 7048 	sub.w	r0, r0, #800	@ 0x320
20000adc:	1ac0      	subs	r0, r0, r3
20000ade:	28c6      	cmp	r0, #198	@ 0xc6
20000ae0:	bf8c      	ite	hi
20000ae2:	2000      	movhi	r0, #0
20000ae4:	2001      	movls	r0, #1
20000ae6:	bd08      	pop	{r3, pc}
20000ae8:	400b0000 	.word	0x400b0000
20000aec:	20001a98 	.word	0x20001a98

20000af0 <hw_endpoint_reset_transfer>:
20000af0:	2300      	movs	r3, #0
20000af2:	e9c0 3304 	strd	r3, r3, [r0, #16]
20000af6:	7683      	strb	r3, [r0, #26]
20000af8:	4770      	bx	lr
20000afa:	bf00      	nop

20000afc <_hw_endpoint_buffer_control_update32>:
20000afc:	b510      	push	{r4, lr}
20000afe:	6883      	ldr	r3, [r0, #8]
20000b00:	b109      	cbz	r1, 20000b06 <_hw_endpoint_buffer_control_update32+0xa>
20000b02:	681c      	ldr	r4, [r3, #0]
20000b04:	4021      	ands	r1, r4
20000b06:	b182      	cbz	r2, 20000b2a <_hw_endpoint_buffer_control_update32+0x2e>
20000b08:	4311      	orrs	r1, r2
20000b0a:	0552      	lsls	r2, r2, #21
20000b0c:	d50d      	bpl.n	20000b2a <_hw_endpoint_buffer_control_update32+0x2e>
20000b0e:	681a      	ldr	r2, [r3, #0]
20000b10:	0554      	lsls	r4, r2, #21
20000b12:	d40c      	bmi.n	20000b2e <_hw_endpoint_buffer_control_update32+0x32>
20000b14:	4a08      	ldr	r2, [pc, #32]	@ (20000b38 <_hw_endpoint_buffer_control_update32+0x3c>)
20000b16:	f421 6480 	bic.w	r4, r1, #1024	@ 0x400
20000b1a:	601c      	str	r4, [r3, #0]
20000b1c:	6c12      	ldr	r2, [r2, #64]	@ 0x40
20000b1e:	0792      	lsls	r2, r2, #30
20000b20:	d403      	bmi.n	20000b2a <_hw_endpoint_buffer_control_update32+0x2e>
20000b22:	230c      	movs	r3, #12
20000b24:	3b03      	subs	r3, #3
20000b26:	d2fd      	bcs.n	20000b24 <_hw_endpoint_buffer_control_update32+0x28>
20000b28:	6883      	ldr	r3, [r0, #8]
20000b2a:	6019      	str	r1, [r3, #0]
20000b2c:	bd10      	pop	{r4, pc}
20000b2e:	7881      	ldrb	r1, [r0, #2]
20000b30:	4802      	ldr	r0, [pc, #8]	@ (20000b3c <_hw_endpoint_buffer_control_update32+0x40>)
20000b32:	f000 fcc5 	bl	200014c0 <__panic_veneer>
20000b36:	bf00      	nop
20000b38:	50110000 	.word	0x50110000
20000b3c:	100060e0 	.word	0x100060e0

20000b40 <hw_endpoint_start_next_buffer>:
20000b40:	b530      	push	{r4, r5, lr}
20000b42:	6843      	ldr	r3, [r0, #4]
20000b44:	2100      	movs	r1, #0
20000b46:	b083      	sub	sp, #12
20000b48:	4604      	mov	r4, r0
20000b4a:	681d      	ldr	r5, [r3, #0]
20000b4c:	f7ff fece 	bl	200008ec <prepare_ep_buffer>
20000b50:	4b13      	ldr	r3, [pc, #76]	@ (20000ba0 <hw_endpoint_start_next_buffer+0x60>)
20000b52:	f440 5280 	orr.w	r2, r0, #4096	@ 0x1000
20000b56:	6c1b      	ldr	r3, [r3, #64]	@ 0x40
20000b58:	f013 0f02 	tst.w	r3, #2
20000b5c:	78a3      	ldrb	r3, [r4, #2]
20000b5e:	d00e      	beq.n	20000b7e <hw_endpoint_start_next_buffer+0x3e>
20000b60:	065b      	lsls	r3, r3, #25
20000b62:	d00e      	beq.n	20000b82 <hw_endpoint_start_next_buffer+0x42>
20000b64:	f025 45a0 	bic.w	r5, r5, #1342177280	@ 0x50000000
20000b68:	f045 5500 	orr.w	r5, r5, #536870912	@ 0x20000000
20000b6c:	2100      	movs	r1, #0
20000b6e:	4620      	mov	r0, r4
20000b70:	6863      	ldr	r3, [r4, #4]
20000b72:	601d      	str	r5, [r3, #0]
20000b74:	b003      	add	sp, #12
20000b76:	e8bd 4030 	ldmia.w	sp!, {r4, r5, lr}
20000b7a:	f7ff bfbf 	b.w	20000afc <_hw_endpoint_buffer_control_update32>
20000b7e:	09db      	lsrs	r3, r3, #7
20000b80:	d0f0      	beq.n	20000b64 <hw_endpoint_start_next_buffer+0x24>
20000b82:	8aa3      	ldrh	r3, [r4, #20]
20000b84:	2b00      	cmp	r3, #0
20000b86:	d0ed      	beq.n	20000b64 <hw_endpoint_start_next_buffer+0x24>
20000b88:	2101      	movs	r1, #1
20000b8a:	4620      	mov	r0, r4
20000b8c:	9201      	str	r2, [sp, #4]
20000b8e:	f7ff fead 	bl	200008ec <prepare_ep_buffer>
20000b92:	9a01      	ldr	r2, [sp, #4]
20000b94:	f025 5500 	bic.w	r5, r5, #536870912	@ 0x20000000
20000b98:	4302      	orrs	r2, r0
20000b9a:	f045 45a0 	orr.w	r5, r5, #1342177280	@ 0x50000000
20000b9e:	e7e5      	b.n	20000b6c <hw_endpoint_start_next_buffer+0x2c>
20000ba0:	50110000 	.word	0x50110000

20000ba4 <hw_endpoint_xfer_continue>:
20000ba4:	b538      	push	{r3, r4, r5, lr}
20000ba6:	7e85      	ldrb	r5, [r0, #26]
20000ba8:	4604      	mov	r4, r0
20000baa:	b195      	cbz	r5, 20000bd2 <hw_endpoint_xfer_continue+0x2e>
20000bac:	f7ff ff62 	bl	20000a74 <_hw_endpoint_xfer_sync>
20000bb0:	8aa3      	ldrh	r3, [r4, #20]
20000bb2:	b90b      	cbnz	r3, 20000bb8 <hw_endpoint_xfer_continue+0x14>
20000bb4:	4628      	mov	r0, r5
20000bb6:	bd38      	pop	{r3, r4, r5, pc}
20000bb8:	4620      	mov	r0, r4
20000bba:	f7ff ff85 	bl	20000ac8 <e15_is_critical_frame_period>
20000bbe:	b120      	cbz	r0, 20000bca <hw_endpoint_xfer_continue+0x26>
20000bc0:	2301      	movs	r3, #1
20000bc2:	7723      	strb	r3, [r4, #28]
20000bc4:	2500      	movs	r5, #0
20000bc6:	4628      	mov	r0, r5
20000bc8:	bd38      	pop	{r3, r4, r5, pc}
20000bca:	4620      	mov	r0, r4
20000bcc:	f7ff ffb8 	bl	20000b40 <hw_endpoint_start_next_buffer>
20000bd0:	e7f8      	b.n	20000bc4 <hw_endpoint_xfer_continue+0x20>
20000bd2:	7881      	ldrb	r1, [r0, #2]
20000bd4:	4801      	ldr	r0, [pc, #4]	@ (20000bdc <hw_endpoint_xfer_continue+0x38>)
20000bd6:	f000 fc73 	bl	200014c0 <__panic_veneer>
20000bda:	bf00      	nop
20000bdc:	10006100 	.word	0x10006100

20000be0 <dcd_event_handler>:
20000be0:	e92d 43f0 	stmdb	sp!, {r4, r5, r6, r7, r8, r9, lr}
20000be4:	7843      	ldrb	r3, [r0, #1]
20000be6:	4604      	mov	r4, r0
20000be8:	3b02      	subs	r3, #2
20000bea:	460d      	mov	r5, r1
20000bec:	b085      	sub	sp, #20
20000bee:	2b04      	cmp	r3, #4
20000bf0:	d813      	bhi.n	20000c1a <dcd_event_handler+0x3a>
20000bf2:	e8df f003 	tbb	[pc, r3]
20000bf6:	4803      	.short	0x4803
20000bf8:	7067      	.short	0x7067
20000bfa:	42          	.byte	0x42
20000bfb:	00          	.byte	0x00
20000bfc:	2100      	movs	r1, #0
20000bfe:	4b78      	ldr	r3, [pc, #480]	@ (20000de0 <dcd_event_handler+0x200>)
20000c00:	781a      	ldrb	r2, [r3, #0]
20000c02:	f022 0201 	bic.w	r2, r2, #1
20000c06:	701a      	strb	r2, [r3, #0]
20000c08:	781a      	ldrb	r2, [r3, #0]
20000c0a:	f022 0202 	bic.w	r2, r2, #2
20000c0e:	701a      	strb	r2, [r3, #0]
20000c10:	7059      	strb	r1, [r3, #1]
20000c12:	781a      	ldrb	r2, [r3, #0]
20000c14:	f361 0282 	bfi	r2, r1, #2, #1
20000c18:	701a      	strb	r2, [r3, #0]
20000c1a:	4b72      	ldr	r3, [pc, #456]	@ (20000de4 <dcd_event_handler+0x204>)
20000c1c:	681e      	ldr	r6, [r3, #0]
20000c1e:	6973      	ldr	r3, [r6, #20]
20000c20:	f3ef 8210 	mrs	r2, PRIMASK
20000c24:	b672      	cpsid	i
20000c26:	e8d3 0fcf 	ldaexb	r0, [r3]
20000c2a:	2101      	movs	r1, #1
20000c2c:	2800      	cmp	r0, #0
20000c2e:	d1fa      	bne.n	20000c26 <dcd_event_handler+0x46>
20000c30:	e8c3 1f40 	strexb	r0, r1, [r3]
20000c34:	2800      	cmp	r0, #0
20000c36:	d1f6      	bne.n	20000c26 <dcd_event_handler+0x46>
20000c38:	f3bf 8f5f 	dmb	sy
20000c3c:	61b2      	str	r2, [r6, #24]
20000c3e:	4621      	mov	r1, r4
20000c40:	4630      	mov	r0, r6
20000c42:	f000 fc35 	bl	200014b0 <__tu_fifo_write_veneer>
20000c46:	2300      	movs	r3, #0
20000c48:	6972      	ldr	r2, [r6, #20]
20000c4a:	e8c2 3f8f 	stlb	r3, [r2]
20000c4e:	69b3      	ldr	r3, [r6, #24]
20000c50:	f383 8810 	msr	PRIMASK, r3
20000c54:	b948      	cbnz	r0, 20000c6a <dcd_event_handler+0x8a>
20000c56:	f04f 23e0 	mov.w	r3, #3758153728	@ 0xe000e000
20000c5a:	f8d3 3df0 	ldr.w	r3, [r3, #3568]	@ 0xdf0
20000c5e:	07db      	lsls	r3, r3, #31
20000c60:	d508      	bpl.n	20000c74 <dcd_event_handler+0x94>
20000c62:	be00      	bkpt	0x0000
20000c64:	b005      	add	sp, #20
20000c66:	e8bd 83f0 	ldmia.w	sp!, {r4, r5, r6, r7, r8, r9, pc}
20000c6a:	462a      	mov	r2, r5
20000c6c:	7861      	ldrb	r1, [r4, #1]
20000c6e:	7820      	ldrb	r0, [r4, #0]
20000c70:	f000 fc2a 	bl	200014c8 <__tud_event_hook_cb_veneer>
20000c74:	b005      	add	sp, #20
20000c76:	e8bd 83f0 	ldmia.w	sp!, {r4, r5, r6, r7, r8, r9, pc}
20000c7a:	4a5b      	ldr	r2, [pc, #364]	@ (20000de8 <dcd_event_handler+0x208>)
20000c7c:	7813      	ldrb	r3, [r2, #0]
20000c7e:	3301      	adds	r3, #1
20000c80:	b2db      	uxtb	r3, r3
20000c82:	7013      	strb	r3, [r2, #0]
20000c84:	e7c9      	b.n	20000c1a <dcd_event_handler+0x3a>
20000c86:	f04f 0900 	mov.w	r9, #0
20000c8a:	4e58      	ldr	r6, [pc, #352]	@ (20000dec <dcd_event_handler+0x20c>)
20000c8c:	464b      	mov	r3, r9
20000c8e:	7831      	ldrb	r1, [r6, #0]
20000c90:	f8df 8160 	ldr.w	r8, [pc, #352]	@ 20000df4 <dcd_event_handler+0x214>
20000c94:	4f56      	ldr	r7, [pc, #344]	@ (20000df0 <dcd_event_handler+0x210>)
20000c96:	e00f      	b.n	20000cb8 <dcd_event_handler+0xd8>
20000c98:	683a      	ldr	r2, [r7, #0]
20000c9a:	eb12 1343 	adds.w	r3, r2, r3, lsl #5
20000c9e:	d005      	beq.n	20000cac <dcd_event_handler+0xcc>
20000ca0:	69db      	ldr	r3, [r3, #28]
20000ca2:	b11b      	cbz	r3, 20000cac <dcd_event_handler+0xcc>
20000ca4:	6861      	ldr	r1, [r4, #4]
20000ca6:	7820      	ldrb	r0, [r4, #0]
20000ca8:	4798      	blx	r3
20000caa:	7831      	ldrb	r1, [r6, #0]
20000cac:	f109 0901 	add.w	r9, r9, #1
20000cb0:	fa5f f389 	uxtb.w	r3, r9
20000cb4:	428b      	cmp	r3, r1
20000cb6:	d817      	bhi.n	20000ce8 <dcd_event_handler+0x108>
20000cb8:	4299      	cmp	r1, r3
20000cba:	d8ed      	bhi.n	20000c98 <dcd_event_handler+0xb8>
20000cbc:	1a5b      	subs	r3, r3, r1
20000cbe:	eb08 1343 	add.w	r3, r8, r3, lsl #5
20000cc2:	e7ed      	b.n	20000ca0 <dcd_event_handler+0xc0>
20000cc4:	4b46      	ldr	r3, [pc, #280]	@ (20000de0 <dcd_event_handler+0x200>)
20000cc6:	781a      	ldrb	r2, [r3, #0]
20000cc8:	07d7      	lsls	r7, r2, #31
20000cca:	d5d3      	bpl.n	20000c74 <dcd_event_handler+0x94>
20000ccc:	781a      	ldrb	r2, [r3, #0]
20000cce:	f042 0204 	orr.w	r2, r2, #4
20000cd2:	701a      	strb	r2, [r3, #0]
20000cd4:	e7a1      	b.n	20000c1a <dcd_event_handler+0x3a>
20000cd6:	4b42      	ldr	r3, [pc, #264]	@ (20000de0 <dcd_event_handler+0x200>)
20000cd8:	781a      	ldrb	r2, [r3, #0]
20000cda:	07d6      	lsls	r6, r2, #31
20000cdc:	d5ca      	bpl.n	20000c74 <dcd_event_handler+0x94>
20000cde:	781a      	ldrb	r2, [r3, #0]
20000ce0:	f022 0204 	bic.w	r2, r2, #4
20000ce4:	701a      	strb	r2, [r3, #0]
20000ce6:	e798      	b.n	20000c1a <dcd_event_handler+0x3a>
20000ce8:	4e3d      	ldr	r6, [pc, #244]	@ (20000de0 <dcd_event_handler+0x200>)
20000cea:	7833      	ldrb	r3, [r6, #0]
20000cec:	0758      	lsls	r0, r3, #29
20000cee:	d437      	bmi.n	20000d60 <dcd_event_handler+0x180>
20000cf0:	78f3      	ldrb	r3, [r6, #3]
20000cf2:	07da      	lsls	r2, r3, #31
20000cf4:	d5be      	bpl.n	20000c74 <dcd_event_handler+0x94>
20000cf6:	2303      	movs	r3, #3
20000cf8:	2700      	movs	r7, #0
20000cfa:	4a3a      	ldr	r2, [pc, #232]	@ (20000de4 <dcd_event_handler+0x204>)
20000cfc:	7821      	ldrb	r1, [r4, #0]
20000cfe:	6816      	ldr	r6, [r2, #0]
20000d00:	6862      	ldr	r2, [r4, #4]
20000d02:	f88d 1004 	strb.w	r1, [sp, #4]
20000d06:	f88d 3005 	strb.w	r3, [sp, #5]
20000d0a:	6973      	ldr	r3, [r6, #20]
20000d0c:	f8cd 7006 	str.w	r7, [sp, #6]
20000d10:	f8cd 700a 	str.w	r7, [sp, #10]
20000d14:	f8ad 700e 	strh.w	r7, [sp, #14]
20000d18:	9202      	str	r2, [sp, #8]
20000d1a:	f3ef 8210 	mrs	r2, PRIMASK
20000d1e:	b672      	cpsid	i
20000d20:	e8d3 0fcf 	ldaexb	r0, [r3]
20000d24:	2101      	movs	r1, #1
20000d26:	2800      	cmp	r0, #0
20000d28:	d1fa      	bne.n	20000d20 <dcd_event_handler+0x140>
20000d2a:	e8c3 1f40 	strexb	r0, r1, [r3]
20000d2e:	2800      	cmp	r0, #0
20000d30:	d1f6      	bne.n	20000d20 <dcd_event_handler+0x140>
20000d32:	f3bf 8f5f 	dmb	sy
20000d36:	4630      	mov	r0, r6
20000d38:	61b2      	str	r2, [r6, #24]
20000d3a:	a901      	add	r1, sp, #4
20000d3c:	f000 fbb8 	bl	200014b0 <__tu_fifo_write_veneer>
20000d40:	6973      	ldr	r3, [r6, #20]
20000d42:	e8c3 7f8f 	stlb	r7, [r3]
20000d46:	69b3      	ldr	r3, [r6, #24]
20000d48:	f383 8810 	msr	PRIMASK, r3
20000d4c:	2800      	cmp	r0, #0
20000d4e:	d082      	beq.n	20000c56 <dcd_event_handler+0x76>
20000d50:	462a      	mov	r2, r5
20000d52:	f89d 1005 	ldrb.w	r1, [sp, #5]
20000d56:	f89d 0004 	ldrb.w	r0, [sp, #4]
20000d5a:	f000 fbb5 	bl	200014c8 <__tud_event_hook_cb_veneer>
20000d5e:	e789      	b.n	20000c74 <dcd_event_handler+0x94>
20000d60:	7833      	ldrb	r3, [r6, #0]
20000d62:	f04f 0800 	mov.w	r8, #0
20000d66:	f023 0304 	bic.w	r3, r3, #4
20000d6a:	7033      	strb	r3, [r6, #0]
20000d6c:	2305      	movs	r3, #5
20000d6e:	4a1d      	ldr	r2, [pc, #116]	@ (20000de4 <dcd_event_handler+0x204>)
20000d70:	f88d 3005 	strb.w	r3, [sp, #5]
20000d74:	6817      	ldr	r7, [r2, #0]
20000d76:	7822      	ldrb	r2, [r4, #0]
20000d78:	f8ad 800e 	strh.w	r8, [sp, #14]
20000d7c:	f88d 2004 	strb.w	r2, [sp, #4]
20000d80:	697b      	ldr	r3, [r7, #20]
20000d82:	f8cd 8006 	str.w	r8, [sp, #6]
20000d86:	f8cd 800a 	str.w	r8, [sp, #10]
20000d8a:	f3ef 8210 	mrs	r2, PRIMASK
20000d8e:	b672      	cpsid	i
20000d90:	e8d3 0fcf 	ldaexb	r0, [r3]
20000d94:	2101      	movs	r1, #1
20000d96:	2800      	cmp	r0, #0
20000d98:	d1fa      	bne.n	20000d90 <dcd_event_handler+0x1b0>
20000d9a:	e8c3 1f40 	strexb	r0, r1, [r3]
20000d9e:	2800      	cmp	r0, #0
20000da0:	d1f6      	bne.n	20000d90 <dcd_event_handler+0x1b0>
20000da2:	f3bf 8f5f 	dmb	sy
20000da6:	4638      	mov	r0, r7
20000da8:	61ba      	str	r2, [r7, #24]
20000daa:	a901      	add	r1, sp, #4
20000dac:	f000 fb80 	bl	200014b0 <__tu_fifo_write_veneer>
20000db0:	697b      	ldr	r3, [r7, #20]
20000db2:	e8c3 8f8f 	stlb	r8, [r3]
20000db6:	69bb      	ldr	r3, [r7, #24]
20000db8:	f383 8810 	msr	PRIMASK, r3
20000dbc:	b938      	cbnz	r0, 20000dce <dcd_event_handler+0x1ee>
20000dbe:	f04f 23e0 	mov.w	r3, #3758153728	@ 0xe000e000
20000dc2:	f8d3 3df0 	ldr.w	r3, [r3, #3568]	@ 0xdf0
20000dc6:	07d9      	lsls	r1, r3, #31
20000dc8:	d592      	bpl.n	20000cf0 <dcd_event_handler+0x110>
20000dca:	be00      	bkpt	0x0000
20000dcc:	e790      	b.n	20000cf0 <dcd_event_handler+0x110>
20000dce:	462a      	mov	r2, r5
20000dd0:	f89d 1005 	ldrb.w	r1, [sp, #5]
20000dd4:	f89d 0004 	ldrb.w	r0, [sp, #4]
20000dd8:	f000 fb76 	bl	200014c8 <__tud_event_hook_cb_veneer>
20000ddc:	e788      	b.n	20000cf0 <dcd_event_handler+0x110>
20000dde:	bf00      	nop
20000de0:	20001910 	.word	0x20001910
20000de4:	20001968 	.word	0x20001968
20000de8:	20001eff 	.word	0x20001eff
20000dec:	20001efd 	.word	0x20001efd
20000df0:	20001808 	.word	0x20001808
20000df4:	10006354 	.word	0x10006354

20000df8 <__aeabi_drsub>:
20000df8:	f081 4100 	eor.w	r1, r1, #2147483648	@ 0x80000000
20000dfc:	e002      	b.n	20000e04 <__adddf3>
20000dfe:	bf00      	nop

20000e00 <__aeabi_dsub>:
20000e00:	f083 4300 	eor.w	r3, r3, #2147483648	@ 0x80000000

20000e04 <__adddf3>:
20000e04:	b530      	push	{r4, r5, lr}
20000e06:	ea4f 0441 	mov.w	r4, r1, lsl #1
20000e0a:	ea4f 0543 	mov.w	r5, r3, lsl #1
20000e0e:	ea94 0f05 	teq	r4, r5
20000e12:	bf08      	it	eq
20000e14:	ea90 0f02 	teqeq	r0, r2
20000e18:	bf1f      	itttt	ne
20000e1a:	ea54 0c00 	orrsne.w	ip, r4, r0
20000e1e:	ea55 0c02 	orrsne.w	ip, r5, r2
20000e22:	ea7f 5c64 	mvnsne.w	ip, r4, asr #21
20000e26:	ea7f 5c65 	mvnsne.w	ip, r5, asr #21
20000e2a:	f000 80e2 	beq.w	20000ff2 <__adddf3+0x1ee>
20000e2e:	ea4f 5454 	mov.w	r4, r4, lsr #21
20000e32:	ebd4 5555 	rsbs	r5, r4, r5, lsr #21
20000e36:	bfb8      	it	lt
20000e38:	426d      	neglt	r5, r5
20000e3a:	dd0c      	ble.n	20000e56 <__adddf3+0x52>
20000e3c:	442c      	add	r4, r5
20000e3e:	ea80 0202 	eor.w	r2, r0, r2
20000e42:	ea81 0303 	eor.w	r3, r1, r3
20000e46:	ea82 0000 	eor.w	r0, r2, r0
20000e4a:	ea83 0101 	eor.w	r1, r3, r1
20000e4e:	ea80 0202 	eor.w	r2, r0, r2
20000e52:	ea81 0303 	eor.w	r3, r1, r3
20000e56:	2d36      	cmp	r5, #54	@ 0x36
20000e58:	bf88      	it	hi
20000e5a:	bd30      	pophi	{r4, r5, pc}
20000e5c:	f011 4f00 	tst.w	r1, #2147483648	@ 0x80000000
20000e60:	ea4f 3101 	mov.w	r1, r1, lsl #12
20000e64:	f44f 1c80 	mov.w	ip, #1048576	@ 0x100000
20000e68:	ea4c 3111 	orr.w	r1, ip, r1, lsr #12
20000e6c:	d002      	beq.n	20000e74 <__adddf3+0x70>
20000e6e:	4240      	negs	r0, r0
20000e70:	eb61 0141 	sbc.w	r1, r1, r1, lsl #1
20000e74:	f013 4f00 	tst.w	r3, #2147483648	@ 0x80000000
20000e78:	ea4f 3303 	mov.w	r3, r3, lsl #12
20000e7c:	ea4c 3313 	orr.w	r3, ip, r3, lsr #12
20000e80:	d002      	beq.n	20000e88 <__adddf3+0x84>
20000e82:	4252      	negs	r2, r2
20000e84:	eb63 0343 	sbc.w	r3, r3, r3, lsl #1
20000e88:	ea94 0f05 	teq	r4, r5
20000e8c:	f000 80a7 	beq.w	20000fde <__adddf3+0x1da>
20000e90:	f1a4 0401 	sub.w	r4, r4, #1
20000e94:	f1d5 0e20 	rsbs	lr, r5, #32
20000e98:	db0d      	blt.n	20000eb6 <__adddf3+0xb2>
20000e9a:	fa02 fc0e 	lsl.w	ip, r2, lr
20000e9e:	fa22 f205 	lsr.w	r2, r2, r5
20000ea2:	1880      	adds	r0, r0, r2
20000ea4:	f141 0100 	adc.w	r1, r1, #0
20000ea8:	fa03 f20e 	lsl.w	r2, r3, lr
20000eac:	1880      	adds	r0, r0, r2
20000eae:	fa43 f305 	asr.w	r3, r3, r5
20000eb2:	4159      	adcs	r1, r3
20000eb4:	e00e      	b.n	20000ed4 <__adddf3+0xd0>
20000eb6:	f1a5 0520 	sub.w	r5, r5, #32
20000eba:	f10e 0e20 	add.w	lr, lr, #32
20000ebe:	2a01      	cmp	r2, #1
20000ec0:	fa03 fc0e 	lsl.w	ip, r3, lr
20000ec4:	bf28      	it	cs
20000ec6:	f04c 0c02 	orrcs.w	ip, ip, #2
20000eca:	fa43 f305 	asr.w	r3, r3, r5
20000ece:	18c0      	adds	r0, r0, r3
20000ed0:	eb51 71e3 	adcs.w	r1, r1, r3, asr #31
20000ed4:	f001 4500 	and.w	r5, r1, #2147483648	@ 0x80000000
20000ed8:	d507      	bpl.n	20000eea <__adddf3+0xe6>
20000eda:	f04f 0e00 	mov.w	lr, #0
20000ede:	f1dc 0c00 	rsbs	ip, ip, #0
20000ee2:	eb7e 0000 	sbcs.w	r0, lr, r0
20000ee6:	eb6e 0101 	sbc.w	r1, lr, r1
20000eea:	f5b1 1f80 	cmp.w	r1, #1048576	@ 0x100000
20000eee:	d31b      	bcc.n	20000f28 <__adddf3+0x124>
20000ef0:	f5b1 1f00 	cmp.w	r1, #2097152	@ 0x200000
20000ef4:	d30c      	bcc.n	20000f10 <__adddf3+0x10c>
20000ef6:	0849      	lsrs	r1, r1, #1
20000ef8:	ea5f 0030 	movs.w	r0, r0, rrx
20000efc:	ea4f 0c3c 	mov.w	ip, ip, rrx
20000f00:	f104 0401 	add.w	r4, r4, #1
20000f04:	ea4f 5244 	mov.w	r2, r4, lsl #21
20000f08:	f512 0f80 	cmn.w	r2, #4194304	@ 0x400000
20000f0c:	f080 809a 	bcs.w	20001044 <__adddf3+0x240>
20000f10:	f1bc 4f00 	cmp.w	ip, #2147483648	@ 0x80000000
20000f14:	bf08      	it	eq
20000f16:	ea5f 0c50 	movseq.w	ip, r0, lsr #1
20000f1a:	f150 0000 	adcs.w	r0, r0, #0
20000f1e:	eb41 5104 	adc.w	r1, r1, r4, lsl #20
20000f22:	ea41 0105 	orr.w	r1, r1, r5
20000f26:	bd30      	pop	{r4, r5, pc}
20000f28:	ea5f 0c4c 	movs.w	ip, ip, lsl #1
20000f2c:	4140      	adcs	r0, r0
20000f2e:	eb41 0101 	adc.w	r1, r1, r1
20000f32:	3c01      	subs	r4, #1
20000f34:	bf28      	it	cs
20000f36:	f5b1 1f80 	cmpcs.w	r1, #1048576	@ 0x100000
20000f3a:	d2e9      	bcs.n	20000f10 <__adddf3+0x10c>
20000f3c:	f091 0f00 	teq	r1, #0
20000f40:	bf04      	itt	eq
20000f42:	4601      	moveq	r1, r0
20000f44:	2000      	moveq	r0, #0
20000f46:	fab1 f381 	clz	r3, r1
20000f4a:	bf08      	it	eq
20000f4c:	3320      	addeq	r3, #32
20000f4e:	f1a3 030b 	sub.w	r3, r3, #11
20000f52:	f1b3 0220 	subs.w	r2, r3, #32
20000f56:	da0c      	bge.n	20000f72 <__adddf3+0x16e>
20000f58:	320c      	adds	r2, #12
20000f5a:	dd08      	ble.n	20000f6e <__adddf3+0x16a>
20000f5c:	f102 0c14 	add.w	ip, r2, #20
20000f60:	f1c2 020c 	rsb	r2, r2, #12
20000f64:	fa01 f00c 	lsl.w	r0, r1, ip
20000f68:	fa21 f102 	lsr.w	r1, r1, r2
20000f6c:	e00c      	b.n	20000f88 <__adddf3+0x184>
20000f6e:	f102 0214 	add.w	r2, r2, #20
20000f72:	bfd8      	it	le
20000f74:	f1c2 0c20 	rsble	ip, r2, #32
20000f78:	fa01 f102 	lsl.w	r1, r1, r2
20000f7c:	fa20 fc0c 	lsr.w	ip, r0, ip
20000f80:	bfdc      	itt	le
20000f82:	ea41 010c 	orrle.w	r1, r1, ip
20000f86:	4090      	lslle	r0, r2
20000f88:	1ae4      	subs	r4, r4, r3
20000f8a:	bfa2      	ittt	ge
20000f8c:	eb01 5104 	addge.w	r1, r1, r4, lsl #20
20000f90:	4329      	orrge	r1, r5
20000f92:	bd30      	popge	{r4, r5, pc}
20000f94:	ea6f 0404 	mvn.w	r4, r4
20000f98:	3c1f      	subs	r4, #31
20000f9a:	da1c      	bge.n	20000fd6 <__adddf3+0x1d2>
20000f9c:	340c      	adds	r4, #12
20000f9e:	dc0e      	bgt.n	20000fbe <__adddf3+0x1ba>
20000fa0:	f104 0414 	add.w	r4, r4, #20
20000fa4:	f1c4 0220 	rsb	r2, r4, #32
20000fa8:	fa20 f004 	lsr.w	r0, r0, r4
20000fac:	fa01 f302 	lsl.w	r3, r1, r2
20000fb0:	ea40 0003 	orr.w	r0, r0, r3
20000fb4:	fa21 f304 	lsr.w	r3, r1, r4
20000fb8:	ea45 0103 	orr.w	r1, r5, r3
20000fbc:	bd30      	pop	{r4, r5, pc}
20000fbe:	f1c4 040c 	rsb	r4, r4, #12
20000fc2:	f1c4 0220 	rsb	r2, r4, #32
20000fc6:	fa20 f002 	lsr.w	r0, r0, r2
20000fca:	fa01 f304 	lsl.w	r3, r1, r4
20000fce:	ea40 0003 	orr.w	r0, r0, r3
20000fd2:	4629      	mov	r1, r5
20000fd4:	bd30      	pop	{r4, r5, pc}
20000fd6:	fa21 f004 	lsr.w	r0, r1, r4
20000fda:	4629      	mov	r1, r5
20000fdc:	bd30      	pop	{r4, r5, pc}
20000fde:	f094 0f00 	teq	r4, #0
20000fe2:	f483 1380 	eor.w	r3, r3, #1048576	@ 0x100000
20000fe6:	bf06      	itte	eq
20000fe8:	f481 1180 	eoreq.w	r1, r1, #1048576	@ 0x100000
20000fec:	3401      	addeq	r4, #1
20000fee:	3d01      	subne	r5, #1
20000ff0:	e74e      	b.n	20000e90 <__adddf3+0x8c>
20000ff2:	ea7f 5c64 	mvns.w	ip, r4, asr #21
20000ff6:	bf18      	it	ne
20000ff8:	ea7f 5c65 	mvnsne.w	ip, r5, asr #21
20000ffc:	d029      	beq.n	20001052 <__adddf3+0x24e>
20000ffe:	ea94 0f05 	teq	r4, r5
20001002:	bf08      	it	eq
20001004:	ea90 0f02 	teqeq	r0, r2
20001008:	d005      	beq.n	20001016 <__adddf3+0x212>
2000100a:	ea54 0c00 	orrs.w	ip, r4, r0
2000100e:	bf04      	itt	eq
20001010:	4619      	moveq	r1, r3
20001012:	4610      	moveq	r0, r2
20001014:	bd30      	pop	{r4, r5, pc}
20001016:	ea91 0f03 	teq	r1, r3
2000101a:	bf1e      	ittt	ne
2000101c:	2100      	movne	r1, #0
2000101e:	2000      	movne	r0, #0
20001020:	bd30      	popne	{r4, r5, pc}
20001022:	ea5f 5c54 	movs.w	ip, r4, lsr #21
20001026:	d105      	bne.n	20001034 <__adddf3+0x230>
20001028:	0040      	lsls	r0, r0, #1
2000102a:	4149      	adcs	r1, r1
2000102c:	bf28      	it	cs
2000102e:	f041 4100 	orrcs.w	r1, r1, #2147483648	@ 0x80000000
20001032:	bd30      	pop	{r4, r5, pc}
20001034:	f514 0480 	adds.w	r4, r4, #4194304	@ 0x400000
20001038:	bf3c      	itt	cc
2000103a:	f501 1180 	addcc.w	r1, r1, #1048576	@ 0x100000
2000103e:	bd30      	popcc	{r4, r5, pc}
20001040:	f001 4500 	and.w	r5, r1, #2147483648	@ 0x80000000
20001044:	f045 41fe 	orr.w	r1, r5, #2130706432	@ 0x7f000000
20001048:	f441 0170 	orr.w	r1, r1, #15728640	@ 0xf00000
2000104c:	f04f 0000 	mov.w	r0, #0
20001050:	bd30      	pop	{r4, r5, pc}
20001052:	ea7f 5c64 	mvns.w	ip, r4, asr #21
20001056:	bf1a      	itte	ne
20001058:	4619      	movne	r1, r3
2000105a:	4610      	movne	r0, r2
2000105c:	ea7f 5c65 	mvnseq.w	ip, r5, asr #21
20001060:	bf1c      	itt	ne
20001062:	460b      	movne	r3, r1
20001064:	4602      	movne	r2, r0
20001066:	ea50 3401 	orrs.w	r4, r0, r1, lsl #12
2000106a:	bf06      	itte	eq
2000106c:	ea52 3503 	orrseq.w	r5, r2, r3, lsl #12
20001070:	ea91 0f03 	teqeq	r1, r3
20001074:	f441 2100 	orrne.w	r1, r1, #524288	@ 0x80000
20001078:	bd30      	pop	{r4, r5, pc}
2000107a:	bf00      	nop

2000107c <__aeabi_ui2d>:
2000107c:	f090 0f00 	teq	r0, #0
20001080:	bf04      	itt	eq
20001082:	2100      	moveq	r1, #0
20001084:	4770      	bxeq	lr
20001086:	b530      	push	{r4, r5, lr}
20001088:	f44f 6480 	mov.w	r4, #1024	@ 0x400
2000108c:	f104 0432 	add.w	r4, r4, #50	@ 0x32
20001090:	f04f 0500 	mov.w	r5, #0
20001094:	f04f 0100 	mov.w	r1, #0
20001098:	e750      	b.n	20000f3c <__adddf3+0x138>
2000109a:	bf00      	nop

2000109c <__aeabi_i2d>:
2000109c:	f090 0f00 	teq	r0, #0
200010a0:	bf04      	itt	eq
200010a2:	2100      	moveq	r1, #0
200010a4:	4770      	bxeq	lr
200010a6:	b530      	push	{r4, r5, lr}
200010a8:	f44f 6480 	mov.w	r4, #1024	@ 0x400
200010ac:	f104 0432 	add.w	r4, r4, #50	@ 0x32
200010b0:	f010 4500 	ands.w	r5, r0, #2147483648	@ 0x80000000
200010b4:	bf48      	it	mi
200010b6:	4240      	negmi	r0, r0
200010b8:	f04f 0100 	mov.w	r1, #0
200010bc:	e73e      	b.n	20000f3c <__adddf3+0x138>
200010be:	bf00      	nop

200010c0 <__aeabi_f2d>:
200010c0:	0042      	lsls	r2, r0, #1
200010c2:	ea4f 01e2 	mov.w	r1, r2, asr #3
200010c6:	ea4f 0131 	mov.w	r1, r1, rrx
200010ca:	ea4f 7002 	mov.w	r0, r2, lsl #28
200010ce:	bf1f      	itttt	ne
200010d0:	f012 437f 	andsne.w	r3, r2, #4278190080	@ 0xff000000
200010d4:	f093 4f7f 	teqne	r3, #4278190080	@ 0xff000000
200010d8:	f081 5160 	eorne.w	r1, r1, #939524096	@ 0x38000000
200010dc:	4770      	bxne	lr
200010de:	f032 427f 	bics.w	r2, r2, #4278190080	@ 0xff000000
200010e2:	bf08      	it	eq
200010e4:	4770      	bxeq	lr
200010e6:	f093 4f7f 	teq	r3, #4278190080	@ 0xff000000
200010ea:	bf04      	itt	eq
200010ec:	f441 2100 	orreq.w	r1, r1, #524288	@ 0x80000
200010f0:	4770      	bxeq	lr
200010f2:	b530      	push	{r4, r5, lr}
200010f4:	f44f 7460 	mov.w	r4, #896	@ 0x380
200010f8:	f001 4500 	and.w	r5, r1, #2147483648	@ 0x80000000
200010fc:	f021 4100 	bic.w	r1, r1, #2147483648	@ 0x80000000
20001100:	e71c      	b.n	20000f3c <__adddf3+0x138>
20001102:	bf00      	nop

20001104 <__aeabi_ul2d>:
20001104:	ea50 0201 	orrs.w	r2, r0, r1
20001108:	bf08      	it	eq
2000110a:	4770      	bxeq	lr
2000110c:	b530      	push	{r4, r5, lr}
2000110e:	f04f 0500 	mov.w	r5, #0
20001112:	e00a      	b.n	2000112a <__aeabi_l2d+0x16>

20001114 <__aeabi_l2d>:
20001114:	ea50 0201 	orrs.w	r2, r0, r1
20001118:	bf08      	it	eq
2000111a:	4770      	bxeq	lr
2000111c:	b530      	push	{r4, r5, lr}
2000111e:	f011 4500 	ands.w	r5, r1, #2147483648	@ 0x80000000
20001122:	d502      	bpl.n	2000112a <__aeabi_l2d+0x16>
20001124:	4240      	negs	r0, r0
20001126:	eb61 0141 	sbc.w	r1, r1, r1, lsl #1
2000112a:	f44f 6480 	mov.w	r4, #1024	@ 0x400
2000112e:	f104 0432 	add.w	r4, r4, #50	@ 0x32
20001132:	ea5f 5c91 	movs.w	ip, r1, lsr #22
20001136:	f43f aed8 	beq.w	20000eea <__adddf3+0xe6>
2000113a:	f04f 0203 	mov.w	r2, #3
2000113e:	ea5f 0cdc 	movs.w	ip, ip, lsr #3
20001142:	bf18      	it	ne
20001144:	3203      	addne	r2, #3
20001146:	ea5f 0cdc 	movs.w	ip, ip, lsr #3
2000114a:	bf18      	it	ne
2000114c:	3203      	addne	r2, #3
2000114e:	eb02 02dc 	add.w	r2, r2, ip, lsr #3
20001152:	f1c2 0320 	rsb	r3, r2, #32
20001156:	fa00 fc03 	lsl.w	ip, r0, r3
2000115a:	fa20 f002 	lsr.w	r0, r0, r2
2000115e:	fa01 fe03 	lsl.w	lr, r1, r3
20001162:	ea40 000e 	orr.w	r0, r0, lr
20001166:	fa21 f102 	lsr.w	r1, r1, r2
2000116a:	4414      	add	r4, r2
2000116c:	e6bd      	b.n	20000eea <__adddf3+0xe6>
2000116e:	bf00      	nop

20001170 <__aeabi_uldivmod>:
20001170:	b953      	cbnz	r3, 20001188 <__aeabi_uldivmod+0x18>
20001172:	b94a      	cbnz	r2, 20001188 <__aeabi_uldivmod+0x18>
20001174:	2900      	cmp	r1, #0
20001176:	bf08      	it	eq
20001178:	2800      	cmpeq	r0, #0
2000117a:	bf1c      	itt	ne
2000117c:	f04f 31ff 	movne.w	r1, #4294967295	@ 0xffffffff
20001180:	f04f 30ff 	movne.w	r0, #4294967295	@ 0xffffffff
20001184:	f000 b98c 	b.w	200014a0 <__aeabi_idiv0>
20001188:	f1ad 0c08 	sub.w	ip, sp, #8
2000118c:	e96d ce04 	strd	ip, lr, [sp, #-16]!
20001190:	f000 f806 	bl	200011a0 <__udivmoddi4>
20001194:	f8dd e004 	ldr.w	lr, [sp, #4]
20001198:	e9dd 2302 	ldrd	r2, r3, [sp, #8]
2000119c:	b004      	add	sp, #16
2000119e:	4770      	bx	lr

200011a0 <__udivmoddi4>:
200011a0:	e92d 4ff0 	stmdb	sp!, {r4, r5, r6, r7, r8, r9, sl, fp, lr}
200011a4:	9d09      	ldr	r5, [sp, #36]	@ 0x24
200011a6:	460e      	mov	r6, r1
200011a8:	4604      	mov	r4, r0
200011aa:	460f      	mov	r7, r1
200011ac:	2b00      	cmp	r3, #0
200011ae:	d147      	bne.n	20001240 <__udivmoddi4+0xa0>
200011b0:	428a      	cmp	r2, r1
200011b2:	4694      	mov	ip, r2
200011b4:	fab2 f382 	clz	r3, r2
200011b8:	d95a      	bls.n	20001270 <__udivmoddi4+0xd0>
200011ba:	b143      	cbz	r3, 200011ce <__udivmoddi4+0x2e>
200011bc:	fa02 fc03 	lsl.w	ip, r2, r3
200011c0:	f1c3 0220 	rsb	r2, r3, #32
200011c4:	409f      	lsls	r7, r3
200011c6:	409c      	lsls	r4, r3
200011c8:	fa20 f202 	lsr.w	r2, r0, r2
200011cc:	4317      	orrs	r7, r2
200011ce:	ea4f 461c 	mov.w	r6, ip, lsr #16
200011d2:	fa1f fe8c 	uxth.w	lr, ip
200011d6:	0c22      	lsrs	r2, r4, #16
200011d8:	fbb7 f1f6 	udiv	r1, r7, r6
200011dc:	fb06 7711 	mls	r7, r6, r1, r7
200011e0:	fb01 f00e 	mul.w	r0, r1, lr
200011e4:	ea42 4207 	orr.w	r2, r2, r7, lsl #16
200011e8:	4290      	cmp	r0, r2
200011ea:	d908      	bls.n	200011fe <__udivmoddi4+0x5e>
200011ec:	eb1c 0202 	adds.w	r2, ip, r2
200011f0:	f101 37ff 	add.w	r7, r1, #4294967295	@ 0xffffffff
200011f4:	d202      	bcs.n	200011fc <__udivmoddi4+0x5c>
200011f6:	4290      	cmp	r0, r2
200011f8:	f200 813c 	bhi.w	20001474 <__udivmoddi4+0x2d4>
200011fc:	4639      	mov	r1, r7
200011fe:	1a12      	subs	r2, r2, r0
20001200:	b2a4      	uxth	r4, r4
20001202:	fbb2 f0f6 	udiv	r0, r2, r6
20001206:	fb06 2210 	mls	r2, r6, r0, r2
2000120a:	fb00 fe0e 	mul.w	lr, r0, lr
2000120e:	ea44 4402 	orr.w	r4, r4, r2, lsl #16
20001212:	45a6      	cmp	lr, r4
20001214:	d908      	bls.n	20001228 <__udivmoddi4+0x88>
20001216:	eb1c 0404 	adds.w	r4, ip, r4
2000121a:	f100 32ff 	add.w	r2, r0, #4294967295	@ 0xffffffff
2000121e:	d202      	bcs.n	20001226 <__udivmoddi4+0x86>
20001220:	45a6      	cmp	lr, r4
20001222:	f200 812a 	bhi.w	2000147a <__udivmoddi4+0x2da>
20001226:	4610      	mov	r0, r2
20001228:	ea40 4001 	orr.w	r0, r0, r1, lsl #16
2000122c:	eba4 040e 	sub.w	r4, r4, lr
20001230:	2100      	movs	r1, #0
20001232:	b11d      	cbz	r5, 2000123c <__udivmoddi4+0x9c>
20001234:	40dc      	lsrs	r4, r3
20001236:	2300      	movs	r3, #0
20001238:	e9c5 4300 	strd	r4, r3, [r5]
2000123c:	e8bd 8ff0 	ldmia.w	sp!, {r4, r5, r6, r7, r8, r9, sl, fp, pc}
20001240:	428b      	cmp	r3, r1
20001242:	d905      	bls.n	20001250 <__udivmoddi4+0xb0>
20001244:	b10d      	cbz	r5, 2000124a <__udivmoddi4+0xaa>
20001246:	e9c5 0100 	strd	r0, r1, [r5]
2000124a:	2100      	movs	r1, #0
2000124c:	4608      	mov	r0, r1
2000124e:	e7f5      	b.n	2000123c <__udivmoddi4+0x9c>
20001250:	fab3 f183 	clz	r1, r3
20001254:	2900      	cmp	r1, #0
20001256:	d14f      	bne.n	200012f8 <__udivmoddi4+0x158>
20001258:	42b3      	cmp	r3, r6
2000125a:	f0c0 8102 	bcc.w	20001462 <__udivmoddi4+0x2c2>
2000125e:	4282      	cmp	r2, r0
20001260:	f240 80ff 	bls.w	20001462 <__udivmoddi4+0x2c2>
20001264:	4608      	mov	r0, r1
20001266:	2d00      	cmp	r5, #0
20001268:	d0e8      	beq.n	2000123c <__udivmoddi4+0x9c>
2000126a:	e9c5 4700 	strd	r4, r7, [r5]
2000126e:	e7e5      	b.n	2000123c <__udivmoddi4+0x9c>
20001270:	2b00      	cmp	r3, #0
20001272:	f040 80af 	bne.w	200013d4 <__udivmoddi4+0x234>
20001276:	1a8a      	subs	r2, r1, r2
20001278:	ea4f 4e1c 	mov.w	lr, ip, lsr #16
2000127c:	fa1f f78c 	uxth.w	r7, ip
20001280:	2101      	movs	r1, #1
20001282:	fbb2 f6fe 	udiv	r6, r2, lr
20001286:	fb0e 2016 	mls	r0, lr, r6, r2
2000128a:	0c22      	lsrs	r2, r4, #16
2000128c:	ea42 4200 	orr.w	r2, r2, r0, lsl #16
20001290:	fb07 f006 	mul.w	r0, r7, r6
20001294:	4290      	cmp	r0, r2
20001296:	d90f      	bls.n	200012b8 <__udivmoddi4+0x118>
20001298:	eb1c 0202 	adds.w	r2, ip, r2
2000129c:	f106 38ff 	add.w	r8, r6, #4294967295	@ 0xffffffff
200012a0:	bf2c      	ite	cs
200012a2:	f04f 0901 	movcs.w	r9, #1
200012a6:	f04f 0900 	movcc.w	r9, #0
200012aa:	4290      	cmp	r0, r2
200012ac:	d903      	bls.n	200012b6 <__udivmoddi4+0x116>
200012ae:	f1b9 0f00 	cmp.w	r9, #0
200012b2:	f000 80dc 	beq.w	2000146e <__udivmoddi4+0x2ce>
200012b6:	4646      	mov	r6, r8
200012b8:	1a12      	subs	r2, r2, r0
200012ba:	b2a4      	uxth	r4, r4
200012bc:	fbb2 f0fe 	udiv	r0, r2, lr
200012c0:	fb0e 2210 	mls	r2, lr, r0, r2
200012c4:	fb00 f707 	mul.w	r7, r0, r7
200012c8:	ea44 4402 	orr.w	r4, r4, r2, lsl #16
200012cc:	42a7      	cmp	r7, r4
200012ce:	d90f      	bls.n	200012f0 <__udivmoddi4+0x150>
200012d0:	eb1c 0404 	adds.w	r4, ip, r4
200012d4:	f100 32ff 	add.w	r2, r0, #4294967295	@ 0xffffffff
200012d8:	bf2c      	ite	cs
200012da:	f04f 0e01 	movcs.w	lr, #1
200012de:	f04f 0e00 	movcc.w	lr, #0
200012e2:	42a7      	cmp	r7, r4
200012e4:	d903      	bls.n	200012ee <__udivmoddi4+0x14e>
200012e6:	f1be 0f00 	cmp.w	lr, #0
200012ea:	f000 80c9 	beq.w	20001480 <__udivmoddi4+0x2e0>
200012ee:	4610      	mov	r0, r2
200012f0:	1be4      	subs	r4, r4, r7
200012f2:	ea40 4006 	orr.w	r0, r0, r6, lsl #16
200012f6:	e79c      	b.n	20001232 <__udivmoddi4+0x92>
200012f8:	f1c1 0420 	rsb	r4, r1, #32
200012fc:	408b      	lsls	r3, r1
200012fe:	fa06 fc01 	lsl.w	ip, r6, r1
20001302:	fa00 fe01 	lsl.w	lr, r0, r1
20001306:	fa22 f704 	lsr.w	r7, r2, r4
2000130a:	40e6      	lsrs	r6, r4
2000130c:	408a      	lsls	r2, r1
2000130e:	431f      	orrs	r7, r3
20001310:	fa20 f304 	lsr.w	r3, r0, r4
20001314:	ea4f 4817 	mov.w	r8, r7, lsr #16
20001318:	ea43 030c 	orr.w	r3, r3, ip
2000131c:	fa1f fc87 	uxth.w	ip, r7
20001320:	ea4f 4913 	mov.w	r9, r3, lsr #16
20001324:	fbb6 f0f8 	udiv	r0, r6, r8
20001328:	fb08 6610 	mls	r6, r8, r0, r6
2000132c:	ea49 4606 	orr.w	r6, r9, r6, lsl #16
20001330:	fb00 f90c 	mul.w	r9, r0, ip
20001334:	45b1      	cmp	r9, r6
20001336:	d90e      	bls.n	20001356 <__udivmoddi4+0x1b6>
20001338:	19be      	adds	r6, r7, r6
2000133a:	f100 3aff 	add.w	sl, r0, #4294967295	@ 0xffffffff
2000133e:	bf2c      	ite	cs
20001340:	f04f 0b01 	movcs.w	fp, #1
20001344:	f04f 0b00 	movcc.w	fp, #0
20001348:	45b1      	cmp	r9, r6
2000134a:	d903      	bls.n	20001354 <__udivmoddi4+0x1b4>
2000134c:	f1bb 0f00 	cmp.w	fp, #0
20001350:	f000 80a2 	beq.w	20001498 <__udivmoddi4+0x2f8>
20001354:	4650      	mov	r0, sl
20001356:	eba6 0609 	sub.w	r6, r6, r9
2000135a:	fa1f f983 	uxth.w	r9, r3
2000135e:	fbb6 f3f8 	udiv	r3, r6, r8
20001362:	fb08 6613 	mls	r6, r8, r3, r6
20001366:	fb03 fc0c 	mul.w	ip, r3, ip
2000136a:	ea49 4606 	orr.w	r6, r9, r6, lsl #16
2000136e:	45b4      	cmp	ip, r6
20001370:	d90e      	bls.n	20001390 <__udivmoddi4+0x1f0>
20001372:	19be      	adds	r6, r7, r6
20001374:	f103 38ff 	add.w	r8, r3, #4294967295	@ 0xffffffff
20001378:	bf2c      	ite	cs
2000137a:	f04f 0901 	movcs.w	r9, #1
2000137e:	f04f 0900 	movcc.w	r9, #0
20001382:	45b4      	cmp	ip, r6
20001384:	d903      	bls.n	2000138e <__udivmoddi4+0x1ee>
20001386:	f1b9 0f00 	cmp.w	r9, #0
2000138a:	f000 8082 	beq.w	20001492 <__udivmoddi4+0x2f2>
2000138e:	4643      	mov	r3, r8
20001390:	ea43 4000 	orr.w	r0, r3, r0, lsl #16
20001394:	eba6 060c 	sub.w	r6, r6, ip
20001398:	fba0 8c02 	umull	r8, ip, r0, r2
2000139c:	4566      	cmp	r6, ip
2000139e:	4643      	mov	r3, r8
200013a0:	46e1      	mov	r9, ip
200013a2:	d302      	bcc.n	200013aa <__udivmoddi4+0x20a>
200013a4:	d107      	bne.n	200013b6 <__udivmoddi4+0x216>
200013a6:	45c6      	cmp	lr, r8
200013a8:	d205      	bcs.n	200013b6 <__udivmoddi4+0x216>
200013aa:	ebb8 0302 	subs.w	r3, r8, r2
200013ae:	eb6c 0c07 	sbc.w	ip, ip, r7
200013b2:	3801      	subs	r0, #1
200013b4:	46e1      	mov	r9, ip
200013b6:	b15d      	cbz	r5, 200013d0 <__udivmoddi4+0x230>
200013b8:	ebbe 0203 	subs.w	r2, lr, r3
200013bc:	eb66 0609 	sbc.w	r6, r6, r9
200013c0:	fa06 f404 	lsl.w	r4, r6, r4
200013c4:	fa22 f301 	lsr.w	r3, r2, r1
200013c8:	40ce      	lsrs	r6, r1
200013ca:	431c      	orrs	r4, r3
200013cc:	e9c5 4600 	strd	r4, r6, [r5]
200013d0:	2100      	movs	r1, #0
200013d2:	e733      	b.n	2000123c <__udivmoddi4+0x9c>
200013d4:	fa02 fc03 	lsl.w	ip, r2, r3
200013d8:	f1c3 0220 	rsb	r2, r3, #32
200013dc:	4099      	lsls	r1, r3
200013de:	409c      	lsls	r4, r3
200013e0:	40d6      	lsrs	r6, r2
200013e2:	ea4f 4e1c 	mov.w	lr, ip, lsr #16
200013e6:	fa20 f202 	lsr.w	r2, r0, r2
200013ea:	fa1f f78c 	uxth.w	r7, ip
200013ee:	fbb6 f0fe 	udiv	r0, r6, lr
200013f2:	430a      	orrs	r2, r1
200013f4:	fb0e 6610 	mls	r6, lr, r0, r6
200013f8:	0c11      	lsrs	r1, r2, #16
200013fa:	ea41 4106 	orr.w	r1, r1, r6, lsl #16
200013fe:	fb00 f607 	mul.w	r6, r0, r7
20001402:	428e      	cmp	r6, r1
20001404:	d90e      	bls.n	20001424 <__udivmoddi4+0x284>
20001406:	eb1c 0101 	adds.w	r1, ip, r1
2000140a:	f100 38ff 	add.w	r8, r0, #4294967295	@ 0xffffffff
2000140e:	bf2c      	ite	cs
20001410:	f04f 0901 	movcs.w	r9, #1
20001414:	f04f 0900 	movcc.w	r9, #0
20001418:	428e      	cmp	r6, r1
2000141a:	d902      	bls.n	20001422 <__udivmoddi4+0x282>
2000141c:	f1b9 0f00 	cmp.w	r9, #0
20001420:	d034      	beq.n	2000148c <__udivmoddi4+0x2ec>
20001422:	4640      	mov	r0, r8
20001424:	1b89      	subs	r1, r1, r6
20001426:	b292      	uxth	r2, r2
20001428:	fbb1 f6fe 	udiv	r6, r1, lr
2000142c:	fb0e 1116 	mls	r1, lr, r6, r1
20001430:	ea42 4201 	orr.w	r2, r2, r1, lsl #16
20001434:	fb06 f107 	mul.w	r1, r6, r7
20001438:	4291      	cmp	r1, r2
2000143a:	d90e      	bls.n	2000145a <__udivmoddi4+0x2ba>
2000143c:	eb1c 0202 	adds.w	r2, ip, r2
20001440:	f106 38ff 	add.w	r8, r6, #4294967295	@ 0xffffffff
20001444:	bf2c      	ite	cs
20001446:	f04f 0901 	movcs.w	r9, #1
2000144a:	f04f 0900 	movcc.w	r9, #0
2000144e:	4291      	cmp	r1, r2
20001450:	d902      	bls.n	20001458 <__udivmoddi4+0x2b8>
20001452:	f1b9 0f00 	cmp.w	r9, #0
20001456:	d016      	beq.n	20001486 <__udivmoddi4+0x2e6>
20001458:	4646      	mov	r6, r8
2000145a:	1a52      	subs	r2, r2, r1
2000145c:	ea46 4100 	orr.w	r1, r6, r0, lsl #16
20001460:	e70f      	b.n	20001282 <__udivmoddi4+0xe2>
20001462:	1a84      	subs	r4, r0, r2
20001464:	eb66 0203 	sbc.w	r2, r6, r3
20001468:	2001      	movs	r0, #1
2000146a:	4617      	mov	r7, r2
2000146c:	e6fb      	b.n	20001266 <__udivmoddi4+0xc6>
2000146e:	3e02      	subs	r6, #2
20001470:	4462      	add	r2, ip
20001472:	e721      	b.n	200012b8 <__udivmoddi4+0x118>
20001474:	3902      	subs	r1, #2
20001476:	4462      	add	r2, ip
20001478:	e6c1      	b.n	200011fe <__udivmoddi4+0x5e>
2000147a:	4464      	add	r4, ip
2000147c:	3802      	subs	r0, #2
2000147e:	e6d3      	b.n	20001228 <__udivmoddi4+0x88>
20001480:	4464      	add	r4, ip
20001482:	3802      	subs	r0, #2
20001484:	e734      	b.n	200012f0 <__udivmoddi4+0x150>
20001486:	3e02      	subs	r6, #2
20001488:	4462      	add	r2, ip
2000148a:	e7e6      	b.n	2000145a <__udivmoddi4+0x2ba>
2000148c:	3802      	subs	r0, #2
2000148e:	4461      	add	r1, ip
20001490:	e7c8      	b.n	20001424 <__udivmoddi4+0x284>
20001492:	3b02      	subs	r3, #2
20001494:	443e      	add	r6, r7
20001496:	e77b      	b.n	20001390 <__udivmoddi4+0x1f0>
20001498:	3802      	subs	r0, #2
2000149a:	443e      	add	r6, r7
2000149c:	e75b      	b.n	20001356 <__udivmoddi4+0x1b6>
2000149e:	bf00      	nop

200014a0 <__aeabi_idiv0>:
200014a0:	4770      	bx	lr
200014a2:	bf00      	nop
200014a4:	0000      	movs	r0, r0
	...

200014a8 <__memset_veneer>:
200014a8:	f85f f000 	ldr.w	pc, [pc]	@ 200014ac <__memset_veneer+0x4>
200014ac:	10005cdd 	.word	0x10005cdd

200014b0 <__tu_fifo_write_veneer>:
200014b0:	f85f f000 	ldr.w	pc, [pc]	@ 200014b4 <__tu_fifo_write_veneer+0x4>
200014b4:	10005a71 	.word	0x10005a71

200014b8 <__best_effort_wfe_or_timeout_veneer>:
200014b8:	f85f f000 	ldr.w	pc, [pc]	@ 200014bc <__best_effort_wfe_or_timeout_veneer+0x4>
200014bc:	1000156d 	.word	0x1000156d

200014c0 <__panic_veneer>:
200014c0:	f85f f000 	ldr.w	pc, [pc]	@ 200014c4 <__panic_veneer+0x4>
200014c4:	10000669 	.word	0x10000669

200014c8 <__tud_event_hook_cb_veneer>:
200014c8:	f85f f000 	ldr.w	pc, [pc]	@ 200014cc <__tud_event_hook_cb_veneer+0x4>
200014cc:	100044d1 	.word	0x100044d1

200014d0 <__time_us_64_veneer>:
200014d0:	f85f f000 	ldr.w	pc, [pc]	@ 200014d4 <__time_us_64_veneer+0x4>
200014d4:	1000166d 	.word	0x1000166d

200014d8 <striped_spin_lock_num>:
200014d8:	00000010                                ....

200014dc <irq_handler_chain_slots>:
200014dc:	00000000 	.word	0x00000000
200014e0:	00010000 	.word	0x00010000
	...
200014ec:	00020000 	.word	0x00020000
	...
200014f8:	00030000 	.word	0x00030000
	...
20001504:	00040000 	.word	0x00040000
	...
20001510:	00050000 	.word	0x00050000
	...
2000151c:	00ff0000 	.word	0x00ff0000
20001520:	00000000 	.word	0x00000000

20001524 <irq_handler_chain_first_slot>:
20001524:	b501      	push	{r0, lr}
20001526:	6848      	ldr	r0, [r1, #4]
20001528:	3101      	adds	r1, #1
2000152a:	468e      	mov	lr, r1
2000152c:	4700      	bx	r0

2000152e <irq_handler_chain_remove_tail>:
2000152e:	4670      	mov	r0, lr
20001530:	3809      	subs	r0, #9
20001532:	4901      	ldr	r1, [pc, #4]	@ (20001538 <irq_handler_chain_remove_tail+0xa>)
20001534:	4788      	blx	r1
20001536:	bd01      	pop	{r0, pc}
20001538:	10000cc1 	.word	0x10000cc1

2000153c <default_alarm_pool>:
	...
20001550:	20001670                                p.. 

20001554 <stdio_usb>:
20001554:	10003b99 10003b45 10003abd 10003a2d     .;..E;...:..-:..
20001564:	00000000 00000100                       ........

2000156c <_usbd_qdef>:
2000156c:	2000196c 000c0010 00000000 00000000     l.. ............
	...

20001588 <_usbd_rhport>:
20001588:	000000ff                                ....

2000158c <print_mutex>:
	...
